{"shared_labels": 12, "perf": [0.09684735536575317, 0.9733182787895203], "metrics": {"Label_0": {"Optimal Threshold": 0.04567340016365051, "Accuracy": 0.897680763983629, "Sensitivity": 0.8837209302325582, "Specificity": 0.8995363214837713, "AUC": 0.9554293519283994}, "Label_1": {"Optimal Threshold": 0.04464633762836456, "Accuracy": 0.9413369713506139, "Sensitivity": 0.9305555555555556, "Specificity": 0.9425113464447806, "AUC": 0.9839048579593208}, "Label_2": {"Optimal Threshold": 0.13654999434947968, "Accuracy": 0.9004092769440655, "Sensitivity": 0.9338842975206612, "Specificity": 0.8839103869653768, "AUC": 0.965090639780512}, "Label_3": {"Optimal Threshold": 0.13314290344715118, "Accuracy": 0.9099590723055935, "Sensitivity": 0.9399141630901288, "Specificity": 0.896, "AUC": 0.9698454935622317}, "Label_4": {"Optimal Threshold": 0.032661322504282, "Accuracy": 0.9522510231923602, "Sensitivity": 0.9090909090909091, "Specificity": 0.9529085872576177, "AUC": 0.9668849156383782}, "Label_5": {"Optimal Threshold": 0.0012894647661596537, "Accuracy": 0.6971350613915416, "Sensitivity": 1.0, "Specificity": 0.6954732510288066, "AUC": 0.8727709190672154}, "Label_6": {"Optimal Threshold": 0.1446787714958191, "Accuracy": 0.9890859481582538, "Sensitivity": 1.0, "Specificity": 0.9890560875512996, "AUC": 0.993844049247606}, "Label_7": {"Optimal Threshold": 0.07275361567735672, "Accuracy": 0.9536152796725784, "Sensitivity": 0.9649122807017544, "Specificity": 0.9526627218934911, "AUC": 0.9869199626284646}, "Label_8": {"Optimal Threshold": 0.01986547000706196, "Accuracy": 0.931787175989086, "Sensitivity": 1.0, "Specificity": 0.9314128943758574, "AUC": 0.9794238683127573}, "Label_9": {"Optimal Threshold": 0.03413286805152893, "Accuracy": 0.8813096862210096, "Sensitivity": 1.0, "Specificity": 0.8765957446808511, "AUC": 0.9738601823708206}, "Label_10": {"Optimal Threshold": 0.012759655714035034, "Accuracy": 0.7653478854024557, "Sensitivity": 0.8666666666666667, "Specificity": 0.7632311977715878, "AUC": 0.8677808727948004}, "Label_11": {"Optimal Threshold": 0.052263204008340836, "Accuracy": 0.965893587994543, "Sensitivity": 0.9444444444444444, "Specificity": 0.9664335664335665, "AUC": 0.9857031857031857}, "Label_12": {"Optimal Threshold": 0.09703914821147919, "Accuracy": 0.8717598908594816, "Sensitivity": 0.8166666666666667, "Specificity": 0.8766716196136701, "AUC": 0.9148340762753839}, "Overall": {"Accuracy": 0.8967362787280931, "Sensitivity": 0.937681224151488, "Specificity": 0.8943387481154368, "AUC": 0.9550994134822365}}, "label_names": [[2, 5, 11, 8, 3, 9, 0, 1, 7, 6, 12, 4, 10], [2, 5, 11, 8, 3, 9, 0, 1, 7, 6, 12, 4]]}