{"shared_labels": 12, "perf": [0.0890602245926857, 0.9742416143417358], "metrics": {"Label_0": {"Optimal Threshold": 0.11208514869213104, "Accuracy": 0.9263301500682128, "Sensitivity": 0.8695652173913043, "Specificity": 0.9322289156626506, "AUC": 0.9674131307840055}, "Label_1": {"Optimal Threshold": 0.06799861043691635, "Accuracy": 0.9413369713506139, "Sensitivity": 0.9655172413793104, "Specificity": 0.9392592592592592, "AUC": 0.986743295019157}, "Label_2": {"Optimal Threshold": 0.1136549636721611, "Accuracy": 0.9195088676671214, "Sensitivity": 0.9385964912280702, "Specificity": 0.9108910891089109, "AUC": 0.9735626194198367}, "Label_3": {"Optimal Threshold": 0.17181521654129028, "Accuracy": 0.9290586630286494, "Sensitivity": 0.9276018099547512, "Specificity": 0.9296875, "AUC": 0.9764034219457014}, "Label_4": {"Optimal Threshold": 0.00681770034134388, "Accuracy": 0.8744884038199181, "Sensitivity": 0.8571428571428571, "Specificity": 0.8746556473829201, "AUC": 0.9399842581660763}, "Label_5": {"Optimal Threshold": 0.04671216383576393, "Accuracy": 0.9686221009549796, "Sensitivity": 0.8, "Specificity": 0.9697802197802198, "AUC": 0.9414835164835166}, "Label_6": {"Optimal Threshold": 0.010254704393446445, "Accuracy": 0.9017735334242838, "Sensitivity": 1.0, "Specificity": 0.9002770083102493, "AUC": 0.9775875094434651}, "Label_7": {"Optimal Threshold": 0.08200579136610031, "Accuracy": 0.9631650750341064, "Sensitivity": 1.0, "Specificity": 0.9597615499254843, "AUC": 0.9932935916542474}, "Label_8": {"Optimal Threshold": 0.002901667496189475, "Accuracy": 0.8021828103683493, "Sensitivity": 1.0, "Specificity": 0.801641586867305, "AUC": 0.829001367989056}, "Label_9": {"Optimal Threshold": 0.025145476683974266, "Accuracy": 0.8717598908594816, "Sensitivity": 0.875, "Specificity": 0.8716119828815977, "AUC": 0.9397289586305277}, "Label_10": {"Optimal Threshold": 0.013278627768158913, "Accuracy": 0.800818553888131, "Sensitivity": 0.8888888888888888, "Specificity": 0.7986013986013986, "AUC": 0.8993006993006992}, "Label_11": {"Optimal Threshold": 0.02071566879749298, "Accuracy": 0.9345156889495225, "Sensitivity": 0.9444444444444444, "Specificity": 0.9342657342657342, "AUC": 0.9771561771561771}, "Label_12": {"Optimal Threshold": 0.1038929894566536, "Accuracy": 0.8321964529331515, "Sensitivity": 0.9215686274509803, "Specificity": 0.8255131964809385, "AUC": 0.9465815651773906}, "Overall": {"Accuracy": 0.897365935565117, "Sensitivity": 0.9221788906062005, "Specificity": 0.8960134683482053, "AUC": 0.9498646239361429}}, "label_names": [[4, 6, 0, 11, 8, 3, 5, 1, 2, 10, 12, 7, 9], [4, 6, 0, 11, 8, 3, 5, 1, 2, 10, 12, 7]]}