{"shared_labels": 10, "perf": [0.08700522780418396, 0.9783592820167542], "metrics": {"Label_0": {"Optimal Threshold": 0.035629648715257645, "Accuracy": 0.8840381991814461, "Sensitivity": 0.9080459770114943, "Specificity": 0.8808049535603715, "AUC": 0.9580441977153838}, "Label_1": {"Optimal Threshold": 0.08513748645782471, "Accuracy": 0.9536152796725784, "Sensitivity": 0.9264705882352942, "Specificity": 0.956390977443609, "AUC": 0.9809818664307828}, "Label_2": {"Optimal Threshold": 0.14046384394168854, "Accuracy": 0.9140518417462483, "Sensitivity": 0.944206008583691, "Specificity": 0.9, "AUC": 0.9757510729613734}, "Label_3": {"Optimal Threshold": 0.18655487895011902, "Accuracy": 0.9085948158253752, "Sensitivity": 0.9279279279279279, "Specificity": 0.9001956947162426, "AUC": 0.9710512861197793}, "Label_4": {"Optimal Threshold": 0.002516077598556876, "Accuracy": 0.8281036834924966, "Sensitivity": 1.0, "Specificity": 0.8266850068775791, "AUC": 0.9683631361760661}, "Label_5": {"Optimal Threshold": 0.00215256679803133, "Accuracy": 0.8376534788540245, "Sensitivity": 1.0, "Specificity": 0.8367626886145405, "AUC": 0.9393004115226338}, "Label_6": {"Optimal Threshold": 0.04912029579281807, "Accuracy": 0.9618008185538881, "Sensitivity": 1.0, "Specificity": 0.9614855570839065, "AUC": 0.9883081155433288}, "Label_7": {"Optimal Threshold": 0.19616365432739258, "Accuracy": 0.9809004092769441, "Sensitivity": 0.9402985074626866, "Specificity": 0.984984984984985, "AUC": 0.9910358119313343}, "Label_8": {"Optimal Threshold": 0.05101107060909271, "Accuracy": 0.9781718963165075, "Sensitivity": 1.0, "Specificity": 0.977961432506887, "AUC": 0.9913419913419914}, "Label_9": {"Optimal Threshold": 0.05640489235520363, "Accuracy": 0.9331514324693042, "Sensitivity": 0.96, "Specificity": 0.9322033898305084, "AUC": 0.9821468926553673}, "Label_10": {"Optimal Threshold": 0.022368520498275757, "Accuracy": 0.8826739427012278, "Sensitivity": 0.8461538461538461, "Specificity": 0.8833333333333333, "AUC": 0.9263888888888888}, "Label_11": {"Optimal Threshold": 0.017300013452768326, "Accuracy": 0.937244201909959, "Sensitivity": 1.0, "Specificity": 0.9358437935843794, "AUC": 0.9824790794979079}, "Label_12": {"Optimal Threshold": 0.18041327595710754, "Accuracy": 0.8703956343792633, "Sensitivity": 0.8301886792452831, "Specificity": 0.8735294117647059, "AUC": 0.9153440621531631}, "Overall": {"Accuracy": 0.9131073564907125, "Sensitivity": 0.9448685795861711, "Specificity": 0.9115524018693114, "AUC": 0.9669643702260001}}, "label_names": [[8, 11, 2, 10, 9, 7, 4, 1, 0, 6, 3, 12], [8, 11, 2, 10, 9, 7, 4, 1, 0, 6, 5]]}