{"shared_labels": 10, "perf": [0.0882967859506607, 0.9777598977088928], "metrics": {"Label_0": {"Optimal Threshold": 0.05294978991150856, "Accuracy": 0.8813096862210096, "Sensitivity": 0.927536231884058, "Specificity": 0.8765060240963856, "AUC": 0.965950759559979}, "Label_1": {"Optimal Threshold": 0.06529687345027924, "Accuracy": 0.9331514324693042, "Sensitivity": 0.9482758620689655, "Specificity": 0.9318518518518518, "AUC": 0.9874840357598977}, "Label_2": {"Optimal Threshold": 0.5297844409942627, "Accuracy": 0.931787175989086, "Sensitivity": 0.9078947368421053, "Specificity": 0.9425742574257425, "AUC": 0.9731978461003994}, "Label_3": {"Optimal Threshold": 0.4164030849933624, "Accuracy": 0.9331514324693042, "Sensitivity": 0.9230769230769231, "Specificity": 0.9375, "AUC": 0.9755991940045249}, "Label_4": {"Optimal Threshold": 0.02760625071823597, "Accuracy": 0.9495225102319236, "Sensitivity": 0.8571428571428571, "Specificity": 0.9504132231404959, "AUC": 0.9582841401023219}, "Label_5": {"Optimal Threshold": 0.04170707240700722, "Accuracy": 0.9549795361527967, "Sensitivity": 0.8, "Specificity": 0.9560439560439561, "AUC": 0.9324175824175824}, "Label_6": {"Optimal Threshold": 0.008401473052799702, "Accuracy": 0.8744884038199181, "Sensitivity": 1.0, "Specificity": 0.8725761772853186, "AUC": 0.9721732561067741}, "Label_7": {"Optimal Threshold": 0.1318819671869278, "Accuracy": 0.965893587994543, "Sensitivity": 1.0, "Specificity": 0.96274217585693, "AUC": 0.9920917263593096}, "Label_8": {"Optimal Threshold": 0.002025268506258726, "Accuracy": 0.834924965893588, "Sensitivity": 1.0, "Specificity": 0.8344733242134063, "AUC": 0.8652530779753762}, "Label_9": {"Optimal Threshold": 0.009543155319988728, "Accuracy": 0.8840381991814461, "Sensitivity": 0.96875, "Specificity": 0.8801711840228246, "AUC": 0.9519882310984309}, "Label_10": {"Optimal Threshold": 0.007115739397704601, "Accuracy": 0.6862210095497954, "Sensitivity": 1.0, "Specificity": 0.6783216783216783, "AUC": 0.9066822066822067}, "Label_11": {"Optimal Threshold": 0.04906949773430824, "Accuracy": 0.9618008185538881, "Sensitivity": 0.9444444444444444, "Specificity": 0.9622377622377623, "AUC": 0.9821289821289821}, "Label_12": {"Optimal Threshold": 0.06294236332178116, "Accuracy": 0.7830832196452933, "Sensitivity": 0.8823529411764706, "Specificity": 0.7756598240469208, "AUC": 0.8982519694094646}, "Overall": {"Accuracy": 0.8903347675516844, "Sensitivity": 0.9353441535873711, "Specificity": 0.8893131875802518, "AUC": 0.9508848467465577}}, "label_names": [[9, 4, 11, 2, 3, 1, 6, 10, 8, 5, 12, 7], [9, 4, 11, 2, 3, 1, 6, 10, 8, 5, 0]]}