{"shared_labels": 8, "perf": [0.09310968965291977, 0.9765675663948059], "metrics": {"Label_0": {"Optimal Threshold": 0.04670562222599983, "Accuracy": 0.9072305593451568, "Sensitivity": 0.9382716049382716, "Specificity": 0.9033742331288344, "AUC": 0.9672233583276528}, "Label_1": {"Optimal Threshold": 0.10820747166872025, "Accuracy": 0.9454297407912687, "Sensitivity": 0.9459459459459459, "Specificity": 0.9453717754172989, "AUC": 0.9705942664971496}, "Label_2": {"Optimal Threshold": 0.48771119117736816, "Accuracy": 0.922237380627558, "Sensitivity": 0.9098360655737705, "Specificity": 0.9284253578732107, "AUC": 0.9767172885447049}, "Label_3": {"Optimal Threshold": 0.4258403182029724, "Accuracy": 0.9304229195088677, "Sensitivity": 0.9221311475409836, "Specificity": 0.934560327198364, "AUC": 0.9804636427637534}, "Label_4": {"Optimal Threshold": 0.035363029688596725, "Accuracy": 0.9413369713506139, "Sensitivity": 1.0, "Specificity": 0.9406896551724138, "AUC": 0.9889655172413793}, "Label_5": {"Optimal Threshold": 0.021562600508332253, "Accuracy": 0.937244201909959, "Sensitivity": 1.0, "Specificity": 0.9365517241379311, "AUC": 0.9770689655172413}, "Label_6": {"Optimal Threshold": 0.004890645854175091, "Accuracy": 0.8130968622100955, "Sensitivity": 1.0, "Specificity": 0.8110344827586207, "AUC": 0.9343103448275862}, "Label_7": {"Optimal Threshold": 0.08671748638153076, "Accuracy": 0.9536152796725784, "Sensitivity": 0.9696969696969697, "Specificity": 0.952023988005997, "AUC": 0.9901640089046386}, "Label_8": {"Optimal Threshold": 0.04504813998937607, "Accuracy": 0.9672578444747613, "Sensitivity": 1.0, "Specificity": 0.967032967032967, "AUC": 0.987087912087912}, "Label_9": {"Optimal Threshold": 0.058362506330013275, "Accuracy": 0.9345156889495225, "Sensitivity": 0.9459459459459459, "Specificity": 0.9339080459770115, "AUC": 0.9744097545821684}, "Label_10": {"Optimal Threshold": 0.005898907780647278, "Accuracy": 0.6766712141882674, "Sensitivity": 1.0, "Specificity": 0.6680672268907563, "AUC": 0.901592215833702}, "Label_11": {"Optimal Threshold": 0.009053163230419159, "Accuracy": 0.888130968622101, "Sensitivity": 0.9629629629629629, "Specificity": 0.8852691218130312, "AUC": 0.9652712202287272}, "Label_12": {"Optimal Threshold": 0.07089551538228989, "Accuracy": 0.7953615279672579, "Sensitivity": 0.7857142857142857, "Specificity": 0.7959479015918958, "AUC": 0.875060299083454}, "Overall": {"Accuracy": 0.8932731661244622, "Sensitivity": 0.952346532947626, "Specificity": 0.8924812928460255, "AUC": 0.9606868303415439}}, "label_names": [[4, 0, 7, 8, 2, 11, 5, 10, 6, 12, 3], [4, 0, 7, 8, 2, 11, 5, 10, 9, 1]]}