{"shared_labels": 8, "perf": [0.08645682036876678, 0.977234423160553], "metrics": {"Label_0": {"Optimal Threshold": 0.14922109246253967, "Accuracy": 0.9413369713506139, "Sensitivity": 0.8695652173913043, "Specificity": 0.9487951807228916, "AUC": 0.9700323031255457}, "Label_1": {"Optimal Threshold": 0.11460418999195099, "Accuracy": 0.9590723055934516, "Sensitivity": 0.9482758620689655, "Specificity": 0.96, "AUC": 0.9880715197956578}, "Label_2": {"Optimal Threshold": 0.2910962700843811, "Accuracy": 0.9208731241473397, "Sensitivity": 0.9210526315789473, "Specificity": 0.9207920792079208, "AUC": 0.9705315268368941}, "Label_3": {"Optimal Threshold": 0.3745730221271515, "Accuracy": 0.9304229195088677, "Sensitivity": 0.9230769230769231, "Specificity": 0.93359375, "AUC": 0.9746182126696833}, "Label_4": {"Optimal Threshold": 0.0020046322606503963, "Accuracy": 0.819918144611187, "Sensitivity": 1.0, "Specificity": 0.8181818181818182, "AUC": 0.967335694608422}, "Label_5": {"Optimal Threshold": 0.05559063330292702, "Accuracy": 0.9604365620736699, "Sensitivity": 0.8, "Specificity": 0.9615384615384616, "AUC": 0.9351648351648352}, "Label_6": {"Optimal Threshold": 0.004279567394405603, "Accuracy": 0.8512960436562074, "Sensitivity": 1.0, "Specificity": 0.8490304709141274, "AUC": 0.9697809116091665}, "Label_7": {"Optimal Threshold": 0.1403467357158661, "Accuracy": 0.9699863574351978, "Sensitivity": 1.0, "Specificity": 0.9672131147540983, "AUC": 0.9933416662660449}, "Label_8": {"Optimal Threshold": 0.0014773310394957662, "Accuracy": 0.762619372442019, "Sensitivity": 1.0, "Specificity": 0.761969904240766, "AUC": 0.8036935704514363}, "Label_9": {"Optimal Threshold": 0.01956738717854023, "Accuracy": 0.8990450204638472, "Sensitivity": 0.96875, "Specificity": 0.8958630527817404, "AUC": 0.9516315977175464}, "Label_10": {"Optimal Threshold": 0.007746393792331219, "Accuracy": 0.7366984993178718, "Sensitivity": 1.0, "Specificity": 0.73006993006993, "AUC": 0.9144522144522145}, "Label_11": {"Optimal Threshold": 0.06485780328512192, "Accuracy": 0.9727148703956344, "Sensitivity": 0.9444444444444444, "Specificity": 0.9734265734265735, "AUC": 0.9840714840714841}, "Label_12": {"Optimal Threshold": 0.04788501188158989, "Accuracy": 0.7926330150068213, "Sensitivity": 0.9215686274509803, "Specificity": 0.782991202346041, "AUC": 0.9201886033005577}, "Overall": {"Accuracy": 0.8859271696925174, "Sensitivity": 0.9459025927701205, "Specificity": 0.8848819644757208, "AUC": 0.949454933851499}}, "label_names": [[6, 11, 4, 9, 7, 0, 1, 10, 5, 3, 12], [6, 11, 4, 9, 7, 0, 1, 10, 8, 2]]}