{"shared_labels": 11, "perf": [0.08903412520885468, 0.9792888164520264], "metrics": {"Label_0": {"Optimal Threshold": 0.17559482157230377, "Accuracy": 0.9140518417462483, "Sensitivity": 0.8809523809523809, "Specificity": 0.9183359013867488, "AUC": 0.9541235600557635}, "Label_1": {"Optimal Threshold": 0.12699741125106812, "Accuracy": 0.9167803547066848, "Sensitivity": 0.9565217391304348, "Specificity": 0.9126506024096386, "AUC": 0.9840230487166055}, "Label_2": {"Optimal Threshold": 0.1523287296295166, "Accuracy": 0.8854024556616644, "Sensitivity": 0.9631336405529954, "Specificity": 0.8527131782945736, "AUC": 0.9684206765977209}, "Label_3": {"Optimal Threshold": 0.13945701718330383, "Accuracy": 0.8772169167803547, "Sensitivity": 0.9660194174757282, "Specificity": 0.8425047438330171, "AUC": 0.9686999134135333}, "Label_4": {"Optimal Threshold": 0.03568597510457039, "Accuracy": 0.9154160982264665, "Sensitivity": 1.0, "Specificity": 0.9148351648351648, "AUC": 0.9708791208791209}, "Label_5": {"Optimal Threshold": 0.005198686849325895, "Accuracy": 0.819918144611187, "Sensitivity": 1.0, "Specificity": 0.8186813186813187, "AUC": 0.9535714285714285}, "Label_6": {"Optimal Threshold": 0.09155052900314331, "Accuracy": 0.9795361527967258, "Sensitivity": 1.0, "Specificity": 0.9793672627235214, "AUC": 0.9931224209078405}, "Label_7": {"Optimal Threshold": 0.1708589345216751, "Accuracy": 0.965893587994543, "Sensitivity": 0.9836065573770492, "Specificity": 0.9642857142857143, "AUC": 0.9921935987509758}, "Label_8": {"Optimal Threshold": 0.006518564186990261, "Accuracy": 0.897680763983629, "Sensitivity": 1.0, "Specificity": 0.896551724137931, "AUC": 0.9762068965517241}, "Label_9": {"Optimal Threshold": 0.05068091303110123, "Accuracy": 0.8963165075034106, "Sensitivity": 0.967741935483871, "Specificity": 0.8931623931623932, "AUC": 0.9786324786324786}, "Label_10": {"Optimal Threshold": 0.016718564555048943, "Accuracy": 0.7735334242837654, "Sensitivity": 1.0, "Specificity": 0.7710344827586207, "AUC": 0.9136206896551724}, "Label_11": {"Optimal Threshold": 0.0184390377253294, "Accuracy": 0.931787175989086, "Sensitivity": 1.0, "Specificity": 0.9293785310734464, "AUC": 0.9845197740112995}, "Label_12": {"Optimal Threshold": 0.10132066905498505, "Accuracy": 0.8676671214188267, "Sensitivity": 0.9122807017543859, "Specificity": 0.863905325443787, "AUC": 0.9426969791342261}, "Overall": {"Accuracy": 0.8954769650540455, "Sensitivity": 0.9715581825174497, "Specificity": 0.8890312571558365, "AUC": 0.967746968144453}}, "label_names": [[1, 8, 9, 11, 10, 5, 4, 12, 0, 3, 6, 7], [1, 8, 9, 11, 10, 5, 4, 12, 0, 3, 6, 2]]}