{"shared_labels": 11, "perf": [0.08735447376966476, 0.9794192314147949], "metrics": {"Label_0": {"Optimal Threshold": 0.04103422909975052, "Accuracy": 0.9167803547066848, "Sensitivity": 0.8985507246376812, "Specificity": 0.9186746987951807, "AUC": 0.9685699319015192}, "Label_1": {"Optimal Threshold": 0.022579902783036232, "Accuracy": 0.9290586630286494, "Sensitivity": 0.9827586206896551, "Specificity": 0.9244444444444444, "AUC": 0.9876117496807152}, "Label_2": {"Optimal Threshold": 0.3536054491996765, "Accuracy": 0.9208731241473397, "Sensitivity": 0.9342105263157895, "Specificity": 0.9148514851485149, "AUC": 0.9740576689247873}, "Label_3": {"Optimal Threshold": 0.4225159287452698, "Accuracy": 0.9358799454297408, "Sensitivity": 0.9230769230769231, "Specificity": 0.94140625, "AUC": 0.9765536623303167}, "Label_4": {"Optimal Threshold": 0.0016170777380466461, "Accuracy": 0.8090040927694406, "Sensitivity": 1.0, "Specificity": 0.8071625344352618, "AUC": 0.9604486422668241}, "Label_5": {"Optimal Threshold": 0.007058482617139816, "Accuracy": 0.8212824010914052, "Sensitivity": 1.0, "Specificity": 0.820054945054945, "AUC": 0.9453296703296703}, "Label_6": {"Optimal Threshold": 0.04614687338471413, "Accuracy": 0.9427012278308322, "Sensitivity": 0.9090909090909091, "Specificity": 0.943213296398892, "AUC": 0.9612188365650969}, "Label_7": {"Optimal Threshold": 0.15665549039840698, "Accuracy": 0.9713506139154161, "Sensitivity": 1.0, "Specificity": 0.9687034277198212, "AUC": 0.9933897408778425}, "Label_8": {"Optimal Threshold": 0.006521760020405054, "Accuracy": 0.8281036834924966, "Sensitivity": 1.0, "Specificity": 0.8276333789329685, "AUC": 0.8399452804377565}, "Label_9": {"Optimal Threshold": 0.040444258600473404, "Accuracy": 0.91268758526603, "Sensitivity": 0.90625, "Specificity": 0.912981455064194, "AUC": 0.9492689015691869}, "Label_10": {"Optimal Threshold": 0.006298392079770565, "Accuracy": 0.6684856753069577, "Sensitivity": 1.0, "Specificity": 0.6601398601398601, "AUC": 0.9041958041958043}, "Label_11": {"Optimal Threshold": 0.057566653937101364, "Accuracy": 0.956343792633015, "Sensitivity": 1.0, "Specificity": 0.9552447552447553, "AUC": 0.9832167832167832}, "Label_12": {"Optimal Threshold": 0.016046395525336266, "Accuracy": 0.7216916780354706, "Sensitivity": 0.9803921568627451, "Specificity": 0.7023460410557185, "AUC": 0.928526249209361}, "Overall": {"Accuracy": 0.8718648336656523, "Sensitivity": 0.9641792200518234, "Specificity": 0.8689889671103507, "AUC": 0.9517179170388973}}, "label_names": [[2, 5, 11, 3, 7, 12, 9, 0, 10, 1, 4, 8], [2, 5, 11, 3, 7, 12, 9, 0, 10, 1, 4, 6]]}