{"shared_labels": 12, "perf": [0.0856986939907074, 0.9780861735343933], "label_names": [[10, 7, 11, 1, 0, 4, 9, 12, 8, 6, 3, 5, 2], [10, 7, 11, 1, 0, 4, 9, 12, 8, 6, 3, 5]], "metrics": {"Label_0": {"Optimal Threshold": 0.3283524215221405, "Accuracy": 0.9618008185538881, "Sensitivity": 0.8405797101449275, "Specificity": 0.9743975903614458, "AUC": 0.9702723939235202}, "Label_1": {"Optimal Threshold": 0.10253822803497314, "Accuracy": 0.9522510231923602, "Sensitivity": 0.9482758620689655, "Specificity": 0.9525925925925925, "AUC": 0.9886845466155811}, "Label_2": {"Optimal Threshold": 0.413247674703598, "Accuracy": 0.927694406548431, "Sensitivity": 0.9078947368421053, "Specificity": 0.9366336633663367, "AUC": 0.9712523883967344}, "Label_3": {"Optimal Threshold": 0.40569737553596497, "Accuracy": 0.9263301500682128, "Sensitivity": 0.9276018099547512, "Specificity": 0.92578125, "AUC": 0.9752545248868778}, "Label_4": {"Optimal Threshold": 0.043479956686496735, "Accuracy": 0.9549795361527967, "Sensitivity": 0.8571428571428571, "Specificity": 0.9559228650137741, "AUC": 0.964974419519874}, "Label_5": {"Optimal Threshold": 0.045154836028814316, "Accuracy": 0.965893587994543, "Sensitivity": 0.8, "Specificity": 0.967032967032967, "AUC": 0.9354395604395604}, "Label_6": {"Optimal Threshold": 0.007854814641177654, "Accuracy": 0.8676671214188267, "Sensitivity": 1.0, "Specificity": 0.8656509695290858, "AUC": 0.9745656006043818}, "Label_7": {"Optimal Threshold": 0.17799487709999084, "Accuracy": 0.9727148703956344, "Sensitivity": 1.0, "Specificity": 0.970193740685544, "AUC": 0.9929811066775636}, "Label_8": {"Optimal Threshold": 0.0006940008024685085, "Accuracy": 0.6562073669849932, "Sensitivity": 1.0, "Specificity": 0.655266757865937, "AUC": 0.738030095759234}, "Label_9": {"Optimal Threshold": 0.057903144508600235, "Accuracy": 0.922237380627558, "Sensitivity": 0.90625, "Specificity": 0.9229671897289586, "AUC": 0.9501159058487875}, "Label_10": {"Optimal Threshold": 0.011045752093195915, "Accuracy": 0.7530695770804912, "Sensitivity": 0.9444444444444444, "Specificity": 0.7482517482517482, "AUC": 0.9126651126651127}, "Label_11": {"Optimal Threshold": 0.03433681279420853, "Accuracy": 0.9618008185538881, "Sensitivity": 0.9444444444444444, "Specificity": 0.9622377622377623, "AUC": 0.9811965811965813}, "Label_12": {"Optimal Threshold": 0.07676652818918228, "Accuracy": 0.8676671214188267, "Sensitivity": 0.9019607843137255, "Specificity": 0.8651026392961877, "AUC": 0.9518716577540107}, "Overall": {"Accuracy": 0.8992549060761885, "Sensitivity": 0.9214303576427862, "Specificity": 0.9001562873817185, "AUC": 0.9467156841759862}}}