{"shared_labels": 10, "perf": [0.08581070601940155, 0.977660596370697], "label_names": [[11, 9, 3, 4, 1, 7, 10, 0, 2, 5, 6, 8], [11, 9, 3, 4, 1, 7, 10, 0, 2, 5, 12]], "metrics": {"Label_0": {"Optimal Threshold": 0.04300312697887421, "Accuracy": 0.8663028649386084, "Sensitivity": 0.9565217391304348, "Specificity": 0.8569277108433735, "AUC": 0.9698358651999301}, "Label_1": {"Optimal Threshold": 0.04091602936387062, "Accuracy": 0.9113233287858117, "Sensitivity": 0.9827586206896551, "Specificity": 0.9051851851851852, "AUC": 0.9885568326947638}, "Label_2": {"Optimal Threshold": 0.38979917764663696, "Accuracy": 0.9263301500682128, "Sensitivity": 0.9166666666666666, "Specificity": 0.9306930693069307, "AUC": 0.9735799895779053}, "Label_3": {"Optimal Threshold": 0.33716651797294617, "Accuracy": 0.927694406548431, "Sensitivity": 0.9276018099547512, "Specificity": 0.927734375, "AUC": 0.976049915158371}, "Label_4": {"Optimal Threshold": 0.003207010217010975, "Accuracy": 0.834924965893588, "Sensitivity": 1.0, "Specificity": 0.8333333333333334, "AUC": 0.9687131050767415}, "Label_5": {"Optimal Threshold": 0.002622501226142049, "Accuracy": 0.772169167803547, "Sensitivity": 1.0, "Specificity": 0.7706043956043956, "AUC": 0.9395604395604396}, "Label_6": {"Optimal Threshold": 0.01792856678366661, "Accuracy": 0.9195088676671214, "Sensitivity": 1.0, "Specificity": 0.9182825484764543, "AUC": 0.9841349785948124}, "Label_7": {"Optimal Threshold": 0.07837934046983719, "Accuracy": 0.956343792633015, "Sensitivity": 1.0, "Specificity": 0.9523099850968704, "AUC": 0.9933657035719436}, "Label_8": {"Optimal Threshold": 0.0028369412757456303, "Accuracy": 0.8281036834924966, "Sensitivity": 1.0, "Specificity": 0.8276333789329685, "AUC": 0.8502051983584131}, "Label_9": {"Optimal Threshold": 0.054033972322940826, "Accuracy": 0.9290586630286494, "Sensitivity": 0.90625, "Specificity": 0.9300998573466477, "AUC": 0.952478601997147}, "Label_10": {"Optimal Threshold": 0.006997489836066961, "Accuracy": 0.7271487039563438, "Sensitivity": 0.9444444444444444, "Specificity": 0.7216783216783217, "AUC": 0.9086247086247086}, "Label_11": {"Optimal Threshold": 0.01753031276166439, "Accuracy": 0.91268758526603, "Sensitivity": 1.0, "Specificity": 0.9104895104895104, "AUC": 0.9821289821289821}, "Label_12": {"Optimal Threshold": 0.0589883029460907, "Accuracy": 0.8294679399727148, "Sensitivity": 0.7843137254901961, "Specificity": 0.8328445747800587, "AUC": 0.8906618365821403}, "Overall": {"Accuracy": 0.8723895476965053, "Sensitivity": 0.9552736158750884, "Specificity": 0.8706012496980038, "AUC": 0.9521458582404845}}}