{"shared_labels": 0, "perf": [0.10224523395299911, 0.9693439602851868], "label_names": [[7, 1, 6, 5, 4, 0, 11], [9, 8, 10, 12, 2, 3]], "metrics": {"Label_0": {"Optimal Threshold": 0.053762130439281464, "Accuracy": 0.8772169167803547, "Sensitivity": 0.927536231884058, "Specificity": 0.8719879518072289, "AUC": 0.9589881264187183}, "Label_1": {"Optimal Threshold": 0.10188460350036621, "Accuracy": 0.9440654843110505, "Sensitivity": 0.9655172413793104, "Specificity": 0.9422222222222222, "AUC": 0.9894508301404853}, "Label_2": {"Optimal Threshold": 0.082525335252285, "Accuracy": 0.9085948158253752, "Sensitivity": 0.9122807017543859, "Specificity": 0.906930693069307, "AUC": 0.9664147993746743}, "Label_3": {"Optimal Threshold": 0.025829097256064415, "Accuracy": 0.8894952251023193, "Sensitivity": 0.9728506787330317, "Specificity": 0.853515625, "AUC": 0.9680341487556561}, "Label_4": {"Optimal Threshold": 0.014864221215248108, "Accuracy": 0.9072305593451568, "Sensitivity": 1.0, "Specificity": 0.90633608815427, "AUC": 0.9803227075954349}, "Label_5": {"Optimal Threshold": 0.05075150728225708, "Accuracy": 0.9740791268758526, "Sensitivity": 0.8, "Specificity": 0.9752747252747253, "AUC": 0.9197802197802198}, "Label_6": {"Optimal Threshold": 0.026508061215281487, "Accuracy": 0.956343792633015, "Sensitivity": 1.0, "Specificity": 0.9556786703601108, "AUC": 0.9841349785948124}, "Label_7": {"Optimal Threshold": 0.17646217346191406, "Accuracy": 0.9781718963165075, "Sensitivity": 0.9838709677419355, "Specificity": 0.977645305514158, "AUC": 0.9943031585019951}, "Label_8": {"Optimal Threshold": 0.01164827961474657, "Accuracy": 0.931787175989086, "Sensitivity": 1.0, "Specificity": 0.9316005471956225, "AUC": 0.9343365253077975}, "Label_9": {"Optimal Threshold": 0.016230508685112, "Accuracy": 0.8908594815825375, "Sensitivity": 0.9375, "Specificity": 0.8887303851640513, "AUC": 0.946237517831669}, "Label_10": {"Optimal Threshold": 0.0015450742794200778, "Accuracy": 0.6616643929058663, "Sensitivity": 0.9444444444444444, "Specificity": 0.6545454545454545, "AUC": 0.8444444444444444}, "Label_11": {"Optimal Threshold": 0.024331744760274887, "Accuracy": 0.937244201909959, "Sensitivity": 0.9444444444444444, "Specificity": 0.9370629370629371, "AUC": 0.978010878010878}, "Label_12": {"Optimal Threshold": 0.03566864877939224, "Accuracy": 0.8158253751705321, "Sensitivity": 0.9607843137254902, "Specificity": 0.8049853372434017, "AUC": 0.9374101546777068}, "Overall": {"Accuracy": 0.8978906495959702, "Sensitivity": 0.9499406941620847, "Specificity": 0.8928089186625758, "AUC": 0.9539898838026534}}}