{"shared_labels": 4, "perf": [0.095306396484375, 0.9741283655166626], "label_names": [[2, 6, 9, 4, 0, 10, 7, 1, 8], [2, 6, 9, 4, 5, 11, 12, 3]], "metrics": {"Label_0": {"Optimal Threshold": 0.034010808914899826, "Accuracy": 0.8867667121418826, "Sensitivity": 0.8985507246376812, "Specificity": 0.8855421686746988, "AUC": 0.9600139689191548}, "Label_1": {"Optimal Threshold": 0.011134611442685127, "Accuracy": 0.8963165075034106, "Sensitivity": 0.9827586206896551, "Specificity": 0.8888888888888888, "AUC": 0.9840613026819924}, "Label_2": {"Optimal Threshold": 0.37695756554603577, "Accuracy": 0.927694406548431, "Sensitivity": 0.9254385964912281, "Specificity": 0.9287128712871288, "AUC": 0.9739621330554108}, "Label_3": {"Optimal Threshold": 0.3369872272014618, "Accuracy": 0.922237380627558, "Sensitivity": 0.9411764705882353, "Specificity": 0.9140625, "AUC": 0.9744856476244343}, "Label_4": {"Optimal Threshold": 0.048691410571336746, "Accuracy": 0.9727148703956344, "Sensitivity": 0.8571428571428571, "Specificity": 0.9738292011019284, "AUC": 0.9685163321526957}, "Label_5": {"Optimal Threshold": 0.0008302293135784566, "Accuracy": 0.7366984993178718, "Sensitivity": 1.0, "Specificity": 0.7348901098901099, "AUC": 0.9184065934065934}, "Label_6": {"Optimal Threshold": 0.020940694957971573, "Accuracy": 0.9304229195088677, "Sensitivity": 1.0, "Specificity": 0.9293628808864266, "AUC": 0.9798539410727777}, "Label_7": {"Optimal Threshold": 0.04210520535707474, "Accuracy": 0.9481582537517054, "Sensitivity": 1.0, "Specificity": 0.9433681073025335, "AUC": 0.9906014133935869}, "Label_8": {"Optimal Threshold": 0.0019959118217229843, "Accuracy": 0.82537517053206, "Sensitivity": 1.0, "Specificity": 0.8248974008207934, "AUC": 0.8803009575923393}, "Label_9": {"Optimal Threshold": 0.006143881008028984, "Accuracy": 0.8867667121418826, "Sensitivity": 0.96875, "Specificity": 0.8830242510699001, "AUC": 0.951854493580599}, "Label_10": {"Optimal Threshold": 0.004298157058656216, "Accuracy": 0.6234652114597544, "Sensitivity": 1.0, "Specificity": 0.6139860139860139, "AUC": 0.8805749805749806}, "Label_11": {"Optimal Threshold": 0.01851191185414791, "Accuracy": 0.9140518417462483, "Sensitivity": 0.9444444444444444, "Specificity": 0.9132867132867133, "AUC": 0.9484848484848485}, "Label_12": {"Optimal Threshold": 0.07540573924779892, "Accuracy": 0.8703956343792633, "Sensitivity": 0.7647058823529411, "Specificity": 0.8782991202346041, "AUC": 0.8876142832499568}, "Overall": {"Accuracy": 0.8723895476965056, "Sensitivity": 0.9448436612574648, "Specificity": 0.87016540210998, "AUC": 0.9460562227530285}}}