{"shared_labels": 3, "perf": [0.0890205129981041, 0.9764823913574219], "label_names": [[12, 7, 4, 9, 5, 0, 3, 10], [12, 7, 4, 1, 6, 2, 11, 8]], "metrics": {"Label_0": {"Optimal Threshold": 0.13595640659332275, "Accuracy": 0.9495225102319236, "Sensitivity": 0.8260869565217391, "Specificity": 0.9623493975903614, "AUC": 0.9644447354635935}, "Label_1": {"Optimal Threshold": 0.05327792838215828, "Accuracy": 0.9577080491132333, "Sensitivity": 0.9310344827586207, "Specificity": 0.96, "AUC": 0.983933588761175}, "Label_2": {"Optimal Threshold": 0.14219051599502563, "Accuracy": 0.9181446111869032, "Sensitivity": 0.9342105263157895, "Specificity": 0.9108910891089109, "AUC": 0.9717126975855479}, "Label_3": {"Optimal Threshold": 0.3513247072696686, "Accuracy": 0.927694406548431, "Sensitivity": 0.9140271493212669, "Specificity": 0.93359375, "AUC": 0.973168834841629}, "Label_4": {"Optimal Threshold": 0.0013838867889717221, "Accuracy": 0.8321964529331515, "Sensitivity": 1.0, "Specificity": 0.8305785123966942, "AUC": 0.9706808343171979}, "Label_5": {"Optimal Threshold": 0.0035353382118046284, "Accuracy": 0.7708049113233287, "Sensitivity": 1.0, "Specificity": 0.7692307692307693, "AUC": 0.9406593406593406}, "Label_6": {"Optimal Threshold": 0.0037742890417575836, "Accuracy": 0.8226466575716235, "Sensitivity": 1.0, "Specificity": 0.8199445983379502, "AUC": 0.9638630067992949}, "Label_7": {"Optimal Threshold": 0.09089136868715286, "Accuracy": 0.9604365620736699, "Sensitivity": 1.0, "Specificity": 0.9567809239940388, "AUC": 0.9930291812893612}, "Label_8": {"Optimal Threshold": 0.0022456739097833633, "Accuracy": 0.7121418826739427, "Sensitivity": 1.0, "Specificity": 0.7113543091655267, "AUC": 0.7982216142270862}, "Label_9": {"Optimal Threshold": 0.03189147263765335, "Accuracy": 0.8963165075034106, "Sensitivity": 0.9375, "Specificity": 0.8944365192582026, "AUC": 0.9510074893009985}, "Label_10": {"Optimal Threshold": 0.014681578613817692, "Accuracy": 0.8185538881309686, "Sensitivity": 0.9444444444444444, "Specificity": 0.8153846153846154, "AUC": 0.9094017094017094}, "Label_11": {"Optimal Threshold": 0.02302657812833786, "Accuracy": 0.9208731241473397, "Sensitivity": 1.0, "Specificity": 0.9188811188811189, "AUC": 0.9790209790209791}, "Label_12": {"Optimal Threshold": 0.0585801899433136, "Accuracy": 0.8212824010914052, "Sensitivity": 0.9803921568627451, "Specificity": 0.8093841642228738, "AUC": 0.9606405612098211}, "Overall": {"Accuracy": 0.8698709203484102, "Sensitivity": 0.959053516632662, "Specificity": 0.8686776744285433, "AUC": 0.9507526594521334}}}