{"shared_labels": 5, "perf": [0.09084174036979675, 0.9733721017837524], "label_names": [[2, 5, 11, 0, 6, 3, 12, 4, 1], [2, 5, 11, 0, 6, 10, 8, 7, 9]], "metrics": {"Label_0": {"Optimal Threshold": 0.07039300352334976, "Accuracy": 0.9072305593451568, "Sensitivity": 0.8985507246376812, "Specificity": 0.9081325301204819, "AUC": 0.9676095687096211}, "Label_1": {"Optimal Threshold": 0.08234788477420807, "Accuracy": 0.9495225102319236, "Sensitivity": 0.9310344827586207, "Specificity": 0.9511111111111111, "AUC": 0.9853639846743295}, "Label_2": {"Optimal Threshold": 0.286408007144928, "Accuracy": 0.9304229195088677, "Sensitivity": 0.9122807017543859, "Specificity": 0.9386138613861386, "AUC": 0.9744398124022928}, "Label_3": {"Optimal Threshold": 0.2903852164745331, "Accuracy": 0.9290586630286494, "Sensitivity": 0.9004524886877828, "Specificity": 0.94140625, "AUC": 0.9730981334841629}, "Label_4": {"Optimal Threshold": 0.018176231533288956, "Accuracy": 0.9058663028649386, "Sensitivity": 0.8571428571428571, "Specificity": 0.90633608815427, "AUC": 0.9512003148366784}, "Label_5": {"Optimal Threshold": 0.09397872537374496, "Accuracy": 0.9809004092769441, "Sensitivity": 0.8, "Specificity": 0.9821428571428571, "AUC": 0.9513736263736263}, "Label_6": {"Optimal Threshold": 0.044212911278009415, "Accuracy": 0.9522510231923602, "Sensitivity": 1.0, "Specificity": 0.9515235457063712, "AUC": 0.9831276756484513}, "Label_7": {"Optimal Threshold": 0.16967837512493134, "Accuracy": 0.946793997271487, "Sensitivity": 1.0, "Specificity": 0.9418777943368107, "AUC": 0.9901927791933081}, "Label_8": {"Optimal Threshold": 0.010254306718707085, "Accuracy": 0.8622100954979536, "Sensitivity": 1.0, "Specificity": 0.8618331053351573, "AUC": 0.8755129958960328}, "Label_9": {"Optimal Threshold": 0.06755678355693817, "Accuracy": 0.9072305593451568, "Sensitivity": 0.90625, "Specificity": 0.9072753209700428, "AUC": 0.9447664051355207}, "Label_10": {"Optimal Threshold": 0.007929190061986446, "Accuracy": 0.7053206002728513, "Sensitivity": 0.9444444444444444, "Specificity": 0.6993006993006993, "AUC": 0.8705516705516706}, "Label_11": {"Optimal Threshold": 0.046427324414253235, "Accuracy": 0.965893587994543, "Sensitivity": 0.9444444444444444, "Specificity": 0.9664335664335665, "AUC": 0.9771561771561772}, "Label_12": {"Optimal Threshold": 0.09603822976350784, "Accuracy": 0.844474761255116, "Sensitivity": 0.7843137254901961, "Specificity": 0.8489736070381232, "AUC": 0.8960094301650279}, "Overall": {"Accuracy": 0.9067058453143036, "Sensitivity": 0.9137626053354164, "Specificity": 0.908073872079664, "AUC": 0.9492617364789923}}}