{"shared_labels": 2, "perf": [0.09387888759374619, 0.977560818195343], "label_names": [[4, 9, 2, 0, 7, 11, 5, 1], [4, 9, 12, 10, 8, 3, 6]], "metrics": {"Label_0": {"Optimal Threshold": 0.08331694453954697, "Accuracy": 0.8840381991814461, "Sensitivity": 0.8985507246376812, "Specificity": 0.8825301204819277, "AUC": 0.9574602758861533}, "Label_1": {"Optimal Threshold": 0.0938372015953064, "Accuracy": 0.9427012278308322, "Sensitivity": 0.9310344827586207, "Specificity": 0.9437037037037037, "AUC": 0.9814303959131545}, "Label_2": {"Optimal Threshold": 0.7359125018119812, "Accuracy": 0.937244201909959, "Sensitivity": 0.8859649122807017, "Specificity": 0.9603960396039604, "AUC": 0.9732673267326734}, "Label_3": {"Optimal Threshold": 0.6905363202095032, "Accuracy": 0.9358799454297408, "Sensitivity": 0.9004524886877828, "Specificity": 0.951171875, "AUC": 0.9725943863122173}, "Label_4": {"Optimal Threshold": 0.09467597305774689, "Accuracy": 0.9713506139154161, "Sensitivity": 0.8571428571428571, "Specificity": 0.9724517906336089, "AUC": 0.9685163321526958}, "Label_5": {"Optimal Threshold": 0.003323594806715846, "Accuracy": 0.7612551159618008, "Sensitivity": 1.0, "Specificity": 0.7596153846153846, "AUC": 0.9186813186813187}, "Label_6": {"Optimal Threshold": 0.03978731110692024, "Accuracy": 0.9263301500682128, "Sensitivity": 1.0, "Specificity": 0.925207756232687, "AUC": 0.9775875094434651}, "Label_7": {"Optimal Threshold": 0.10015083104372025, "Accuracy": 0.9604365620736699, "Sensitivity": 1.0, "Specificity": 0.9567809239940388, "AUC": 0.9940868227489064}, "Label_8": {"Optimal Threshold": 0.0052018300630152225, "Accuracy": 0.8431105047748977, "Sensitivity": 1.0, "Specificity": 0.8426812585499316, "AUC": 0.884404924760602}, "Label_9": {"Optimal Threshold": 0.03400038555264473, "Accuracy": 0.9208731241473397, "Sensitivity": 0.9375, "Specificity": 0.920114122681883, "AUC": 0.9534147646219686}, "Label_10": {"Optimal Threshold": 0.013546662405133247, "Accuracy": 0.7053206002728513, "Sensitivity": 0.9444444444444444, "Specificity": 0.6993006993006993, "AUC": 0.8906759906759907}, "Label_11": {"Optimal Threshold": 0.040614090859889984, "Accuracy": 0.9427012278308322, "Sensitivity": 0.9444444444444444, "Specificity": 0.9426573426573427, "AUC": 0.9768453768453769}, "Label_12": {"Optimal Threshold": 0.09957771003246307, "Accuracy": 0.7748976807639836, "Sensitivity": 0.9215686274509803, "Specificity": 0.7639296187683284, "AUC": 0.9270887240526708}, "Overall": {"Accuracy": 0.8850876272431525, "Sensitivity": 0.9400848447575011, "Specificity": 0.8861954335556537, "AUC": 0.9520041652943996}}}