{"shared_labels": 7, "perf": [0.09121298044919968, 0.9735603928565979], "label_names": [[6, 12, 0, 9, 11, 7, 10, 4, 8, 1], [6, 12, 0, 9, 11, 7, 10, 2, 3, 5]], "metrics": {"Label_0": {"Optimal Threshold": 0.05203709006309509, "Accuracy": 0.8553888130968622, "Sensitivity": 0.9855072463768116, "Specificity": 0.8418674698795181, "AUC": 0.9699449973808276}, "Label_1": {"Optimal Threshold": 0.16702379286289215, "Accuracy": 0.9536152796725784, "Sensitivity": 0.9482758620689655, "Specificity": 0.9540740740740741, "AUC": 0.9895274584929757}, "Label_2": {"Optimal Threshold": 0.17552700638771057, "Accuracy": 0.9154160982264665, "Sensitivity": 0.9035087719298246, "Specificity": 0.9207920792079208, "AUC": 0.9627670661803022}, "Label_3": {"Optimal Threshold": 0.1634899526834488, "Accuracy": 0.9249658935879945, "Sensitivity": 0.918552036199095, "Specificity": 0.927734375, "AUC": 0.9697663320135747}, "Label_4": {"Optimal Threshold": 0.06288386136293411, "Accuracy": 0.956343792633015, "Sensitivity": 0.8571428571428571, "Specificity": 0.9573002754820936, "AUC": 0.9634002361275089}, "Label_5": {"Optimal Threshold": 0.0663185566663742, "Accuracy": 0.975443383356071, "Sensitivity": 0.8, "Specificity": 0.9766483516483516, "AUC": 0.9263736263736264}, "Label_6": {"Optimal Threshold": 0.010147632099688053, "Accuracy": 0.9045020463847203, "Sensitivity": 1.0, "Specificity": 0.9030470914127424, "AUC": 0.9768320322336942}, "Label_7": {"Optimal Threshold": 0.15061217546463013, "Accuracy": 0.9713506139154161, "Sensitivity": 1.0, "Specificity": 0.9687034277198212, "AUC": 0.99382241238402}, "Label_8": {"Optimal Threshold": 0.0019292037468403578, "Accuracy": 0.8035470668485676, "Sensitivity": 1.0, "Specificity": 0.8030095759233926, "AUC": 0.8077975376196991}, "Label_9": {"Optimal Threshold": 0.031282518059015274, "Accuracy": 0.9058663028649386, "Sensitivity": 0.90625, "Specificity": 0.905848787446505, "AUC": 0.9536376604850214}, "Label_10": {"Optimal Threshold": 0.011352002620697021, "Accuracy": 0.791268758526603, "Sensitivity": 0.9444444444444444, "Specificity": 0.7874125874125875, "AUC": 0.925097125097125}, "Label_11": {"Optimal Threshold": 0.013631018809974194, "Accuracy": 0.922237380627558, "Sensitivity": 1.0, "Specificity": 0.9202797202797203, "AUC": 0.9853923853923854}, "Label_12": {"Optimal Threshold": 0.07872365415096283, "Accuracy": 0.849931787175989, "Sensitivity": 0.9215686274509803, "Specificity": 0.844574780058651, "AUC": 0.955206716117532}, "Overall": {"Accuracy": 0.9022982474551369, "Sensitivity": 0.9373269112009984, "Specificity": 0.9008686611957983, "AUC": 0.9522742758383302}}}