{"shared_labels": 6, "perf": [0.08963747322559357, 0.9742377400398254], "label_names": [[2, 12, 4, 0, 8, 5, 7, 6, 10, 11], [2, 12, 4, 0, 8, 5, 3, 1, 9]], "metrics": {"Label_0": {"Optimal Threshold": 0.03357720002532005, "Accuracy": 0.8799454297407913, "Sensitivity": 0.9710144927536232, "Specificity": 0.8704819277108434, "AUC": 0.9732844421162912}, "Label_1": {"Optimal Threshold": 0.04002821072936058, "Accuracy": 0.9345156889495225, "Sensitivity": 0.9655172413793104, "Specificity": 0.9318518518518518, "AUC": 0.9874584929757344}, "Label_2": {"Optimal Threshold": 0.14423422515392303, "Accuracy": 0.9249658935879945, "Sensitivity": 0.9298245614035088, "Specificity": 0.9227722772277228, "AUC": 0.9733802327601181}, "Label_3": {"Optimal Threshold": 0.16108538210391998, "Accuracy": 0.9290586630286494, "Sensitivity": 0.9321266968325792, "Specificity": 0.927734375, "AUC": 0.9755373303167421}, "Label_4": {"Optimal Threshold": 0.01346786879003048, "Accuracy": 0.9358799454297408, "Sensitivity": 0.8571428571428571, "Specificity": 0.9366391184573003, "AUC": 0.9484454939000393}, "Label_5": {"Optimal Threshold": 0.02738119289278984, "Accuracy": 0.9590723055934516, "Sensitivity": 0.8, "Specificity": 0.9601648351648352, "AUC": 0.929945054945055}, "Label_6": {"Optimal Threshold": 0.03234977647662163, "Accuracy": 0.956343792633015, "Sensitivity": 1.0, "Specificity": 0.9556786703601108, "AUC": 0.9814908083606144}, "Label_7": {"Optimal Threshold": 0.10290876775979996, "Accuracy": 0.9631650750341064, "Sensitivity": 1.0, "Specificity": 0.9597615499254843, "AUC": 0.9921638382770059}, "Label_8": {"Optimal Threshold": 0.0026304179336875677, "Accuracy": 0.8403819918144612, "Sensitivity": 1.0, "Specificity": 0.8399452804377565, "AUC": 0.8529411764705883}, "Label_9": {"Optimal Threshold": 0.021226495504379272, "Accuracy": 0.8854024556616644, "Sensitivity": 0.90625, "Specificity": 0.884450784593438, "AUC": 0.9398181169757488}, "Label_10": {"Optimal Threshold": 0.004673126619309187, "Accuracy": 0.6684856753069577, "Sensitivity": 1.0, "Specificity": 0.6601398601398601, "AUC": 0.9045066045066045}, "Label_11": {"Optimal Threshold": 0.020922688767313957, "Accuracy": 0.9440654843110505, "Sensitivity": 0.8888888888888888, "Specificity": 0.9454545454545454, "AUC": 0.9103341103341102}, "Label_12": {"Optimal Threshold": 0.038442462682724, "Accuracy": 0.8090040927694406, "Sensitivity": 0.9607843137254902, "Specificity": 0.7976539589442815, "AUC": 0.950635386119257}, "Overall": {"Accuracy": 0.8946374226046803, "Sensitivity": 0.9393499270866352, "Specificity": 0.8917483873283101, "AUC": 0.9476877760044545}}}