{"shared_labels": 13, "perf": [0.08538594096899033, 0.9782333374023438], "label_names": [[5, 1, 11, 8, 3, 4, 12, 10, 2, 9, 0, 6, 7], [5, 1, 11, 8, 3, 4, 12, 10, 2, 9, 0, 6, 7]], "metrics": {"Label_0": {"Optimal Threshold": 0.05162135511636734, "Accuracy": 0.91268758526603, "Sensitivity": 0.8985507246376812, "Specificity": 0.9141566265060241, "AUC": 0.9698576916361096}, "Label_1": {"Optimal Threshold": 0.04501267895102501, "Accuracy": 0.9413369713506139, "Sensitivity": 0.9655172413793104, "Specificity": 0.9392592592592592, "AUC": 0.9885568326947638}, "Label_2": {"Optimal Threshold": 0.32149049639701843, "Accuracy": 0.9263301500682128, "Sensitivity": 0.9166666666666666, "Specificity": 0.9306930693069307, "AUC": 0.9736668403682474}, "Label_3": {"Optimal Threshold": 0.3379520773887634, "Accuracy": 0.9358799454297408, "Sensitivity": 0.9230769230769231, "Specificity": 0.94140625, "AUC": 0.976527149321267}, "Label_4": {"Optimal Threshold": 0.0012445766478776932, "Accuracy": 0.8035470668485676, "Sensitivity": 1.0, "Specificity": 0.8016528925619835, "AUC": 0.9614325068870524}, "Label_5": {"Optimal Threshold": 0.05483406037092209, "Accuracy": 0.965893587994543, "Sensitivity": 0.8, "Specificity": 0.967032967032967, "AUC": 0.9414835164835165}, "Label_6": {"Optimal Threshold": 0.00942049827426672, "Accuracy": 0.8581173260572987, "Sensitivity": 1.0, "Specificity": 0.8559556786703602, "AUC": 0.9714177788970033}, "Label_7": {"Optimal Threshold": 0.16170702874660492, "Accuracy": 0.9672578444747613, "Sensitivity": 1.0, "Specificity": 0.9642324888226528, "AUC": 0.9930051439834623}, "Label_8": {"Optimal Threshold": 0.003793401410803199, "Accuracy": 0.8021828103683493, "Sensitivity": 1.0, "Specificity": 0.801641586867305, "AUC": 0.8447332421340629}, "Label_9": {"Optimal Threshold": 0.017701059579849243, "Accuracy": 0.8908594815825375, "Sensitivity": 0.9375, "Specificity": 0.8887303851640513, "AUC": 0.952166547788873}, "Label_10": {"Optimal Threshold": 0.01719268597662449, "Accuracy": 0.7885402455661664, "Sensitivity": 0.8888888888888888, "Specificity": 0.786013986013986, "AUC": 0.8961149961149961}, "Label_11": {"Optimal Threshold": 0.021956084296107292, "Accuracy": 0.9345156889495225, "Sensitivity": 1.0, "Specificity": 0.9328671328671329, "AUC": 0.9834498834498834}, "Label_12": {"Optimal Threshold": 0.05695418640971184, "Accuracy": 0.819918144611187, "Sensitivity": 0.9215686274509803, "Specificity": 0.8123167155425219, "AUC": 0.9410614685757}, "Overall": {"Accuracy": 0.8882359114282715, "Sensitivity": 0.9424437747769578, "Specificity": 0.8873814645088595, "AUC": 0.9533441229488413}}}