{"shared_labels": 11, "perf": [0.08547980338335037, 0.9789096117019653], "label_names": [[6, 2, 4, 9, 3, 11, 1, 7, 5, 10, 12, 8], [6, 2, 4, 9, 3, 11, 1, 7, 5, 10, 12, 0]], "metrics": {"Label_0": {"Optimal Threshold": 0.0435999371111393, "Accuracy": 0.8676671214188267, "Sensitivity": 0.9130434782608695, "Specificity": 0.8629518072289156, "AUC": 0.9585952505674873}, "Label_1": {"Optimal Threshold": 0.03124639391899109, "Accuracy": 0.9140518417462483, "Sensitivity": 0.9827586206896551, "Specificity": 0.9081481481481481, "AUC": 0.988301404853129}, "Label_2": {"Optimal Threshold": 0.31668269634246826, "Accuracy": 0.922237380627558, "Sensitivity": 0.9254385964912281, "Specificity": 0.9207920792079208, "AUC": 0.9747003647733193}, "Label_3": {"Optimal Threshold": 0.35570886731147766, "Accuracy": 0.9290586630286494, "Sensitivity": 0.9230769230769231, "Specificity": 0.931640625, "AUC": 0.9767215780542986}, "Label_4": {"Optimal Threshold": 0.027563007548451424, "Accuracy": 0.9331514324693042, "Sensitivity": 0.8571428571428571, "Specificity": 0.9338842975206612, "AUC": 0.9559228650137741}, "Label_5": {"Optimal Threshold": 0.003842877922579646, "Accuracy": 0.7871759890859482, "Sensitivity": 1.0, "Specificity": 0.7857142857142857, "AUC": 0.9464285714285714}, "Label_6": {"Optimal Threshold": 0.014524688012897968, "Accuracy": 0.8854024556616644, "Sensitivity": 1.0, "Specificity": 0.8836565096952909, "AUC": 0.9722991689750693}, "Label_7": {"Optimal Threshold": 0.12100837379693985, "Accuracy": 0.9672578444747613, "Sensitivity": 1.0, "Specificity": 0.9642324888226528, "AUC": 0.9934858901014374}, "Label_8": {"Optimal Threshold": 0.004607351962476969, "Accuracy": 0.7435197817189632, "Sensitivity": 1.0, "Specificity": 0.7428180574555403, "AUC": 0.8317373461012312}, "Label_9": {"Optimal Threshold": 0.06757652759552002, "Accuracy": 0.9181446111869032, "Sensitivity": 0.90625, "Specificity": 0.9186875891583453, "AUC": 0.9475748930099858}, "Label_10": {"Optimal Threshold": 0.015383236110210419, "Accuracy": 0.7830832196452933, "Sensitivity": 0.8888888888888888, "Specificity": 0.7804195804195804, "AUC": 0.9064491064491064}, "Label_11": {"Optimal Threshold": 0.03857748582959175, "Accuracy": 0.9549795361527967, "Sensitivity": 0.9444444444444444, "Specificity": 0.9552447552447553, "AUC": 0.981041181041181}, "Label_12": {"Optimal Threshold": 0.08163264393806458, "Accuracy": 0.8540245566166439, "Sensitivity": 0.8823529411764706, "Specificity": 0.8519061583577713, "AUC": 0.9459203036053131}, "Overall": {"Accuracy": 0.8815195718333508, "Sensitivity": 0.9402612884747182, "Specificity": 0.8800074139979899, "AUC": 0.9522444556903003}}}