{"shared_labels": 8, "perf": [0.08890397846698761, 0.9770902395248413], "label_names": [[5, 0, 6, 12, 3, 1, 10, 4, 7, 9, 8], [5, 0, 6, 12, 3, 1, 10, 4, 2, 11]], "metrics": {"Label_0": {"Optimal Threshold": 0.12605783343315125, "Accuracy": 0.9427012278308322, "Sensitivity": 0.8695652173913043, "Specificity": 0.9503012048192772, "AUC": 0.9687008905185962}, "Label_1": {"Optimal Threshold": 0.04077576845884323, "Accuracy": 0.927694406548431, "Sensitivity": 0.9827586206896551, "Specificity": 0.922962962962963, "AUC": 0.9896807151979565}, "Label_2": {"Optimal Threshold": 0.16195838153362274, "Accuracy": 0.9208731241473397, "Sensitivity": 0.9342105263157895, "Specificity": 0.9148514851485149, "AUC": 0.9698367205141567}, "Label_3": {"Optimal Threshold": 0.25283393263816833, "Accuracy": 0.9331514324693042, "Sensitivity": 0.9276018099547512, "Specificity": 0.935546875, "AUC": 0.9757052460407241}, "Label_4": {"Optimal Threshold": 0.03863820806145668, "Accuracy": 0.9481582537517054, "Sensitivity": 0.8571428571428571, "Specificity": 0.9490358126721763, "AUC": 0.9618260527351437}, "Label_5": {"Optimal Threshold": 0.06567978858947754, "Accuracy": 0.9713506139154161, "Sensitivity": 0.8, "Specificity": 0.9725274725274725, "AUC": 0.9469780219780218}, "Label_6": {"Optimal Threshold": 0.020638467743992805, "Accuracy": 0.9181446111869032, "Sensitivity": 1.0, "Specificity": 0.9168975069252078, "AUC": 0.9769579451019894}, "Label_7": {"Optimal Threshold": 0.1381129026412964, "Accuracy": 0.9672578444747613, "Sensitivity": 0.9838709677419355, "Specificity": 0.9657228017883756, "AUC": 0.9919234652180183}, "Label_8": {"Optimal Threshold": 0.005914028733968735, "Accuracy": 0.8431105047748977, "Sensitivity": 1.0, "Specificity": 0.8426812585499316, "AUC": 0.8625170998632011}, "Label_9": {"Optimal Threshold": 0.02131551504135132, "Accuracy": 0.8772169167803547, "Sensitivity": 0.9375, "Specificity": 0.8744650499286734, "AUC": 0.9421808131241084}, "Label_10": {"Optimal Threshold": 0.006747926119714975, "Accuracy": 0.7216916780354706, "Sensitivity": 1.0, "Specificity": 0.7146853146853147, "AUC": 0.9093240093240094}, "Label_11": {"Optimal Threshold": 0.038985416293144226, "Accuracy": 0.9413369713506139, "Sensitivity": 0.8888888888888888, "Specificity": 0.9426573426573427, "AUC": 0.9650349650349651}, "Label_12": {"Optimal Threshold": 0.044662896543741226, "Accuracy": 0.7939972714870396, "Sensitivity": 0.9607843137254902, "Specificity": 0.781524926686217, "AUC": 0.9482203438560175}, "Overall": {"Accuracy": 0.9005142197502363, "Sensitivity": 0.934024861680821, "Specificity": 0.8987584626424207, "AUC": 0.9545297145005315}}}