{"shared_labels": 1, "perf": [0.08724947273731232, 0.9799919128417969], "label_names": [[12, 6, 3, 8, 11, 5, 1], [12, 10, 9, 7, 0, 4, 2]], "metrics": {"Label_0": {"Optimal Threshold": 0.031126195564866066, "Accuracy": 0.9099590723055935, "Sensitivity": 0.927536231884058, "Specificity": 0.9081325301204819, "AUC": 0.9701196088702636}, "Label_1": {"Optimal Threshold": 0.05207700654864311, "Accuracy": 0.9454297407912687, "Sensitivity": 0.9482758620689655, "Specificity": 0.9451851851851852, "AUC": 0.9879182630906769}, "Label_2": {"Optimal Threshold": 0.45115262269973755, "Accuracy": 0.9263301500682128, "Sensitivity": 0.9210526315789473, "Specificity": 0.9287128712871288, "AUC": 0.9731023102310231}, "Label_3": {"Optimal Threshold": 0.46750789880752563, "Accuracy": 0.9304229195088677, "Sensitivity": 0.9276018099547512, "Specificity": 0.931640625, "AUC": 0.9756964083710408}, "Label_4": {"Optimal Threshold": 0.007106747478246689, "Accuracy": 0.903137789904502, "Sensitivity": 1.0, "Specificity": 0.9022038567493113, "AUC": 0.983667847304211}, "Label_5": {"Optimal Threshold": 0.11957067251205444, "Accuracy": 0.9890859481582538, "Sensitivity": 0.8, "Specificity": 0.9903846153846154, "AUC": 0.953021978021978}, "Label_6": {"Optimal Threshold": 0.008656363002955914, "Accuracy": 0.8403819918144612, "Sensitivity": 1.0, "Specificity": 0.8379501385041551, "AUC": 0.9666330899017879}, "Label_7": {"Optimal Threshold": 0.1093762144446373, "Accuracy": 0.9590723055934516, "Sensitivity": 1.0, "Specificity": 0.9552906110283159, "AUC": 0.9919234652180183}, "Label_8": {"Optimal Threshold": 0.004401782061904669, "Accuracy": 0.8581173260572987, "Sensitivity": 1.0, "Specificity": 0.8577291381668947, "AUC": 0.8673050615595075}, "Label_9": {"Optimal Threshold": 0.04186645522713661, "Accuracy": 0.9004092769440655, "Sensitivity": 0.9375, "Specificity": 0.8987161198288159, "AUC": 0.9471291012838803}, "Label_10": {"Optimal Threshold": 0.011675901710987091, "Accuracy": 0.7175989085948158, "Sensitivity": 0.9444444444444444, "Specificity": 0.7118881118881119, "AUC": 0.8840714840714841}, "Label_11": {"Optimal Threshold": 0.020623553544282913, "Accuracy": 0.9195088676671214, "Sensitivity": 0.9444444444444444, "Specificity": 0.9188811188811189, "AUC": 0.9668220668220668}, "Label_12": {"Optimal Threshold": 0.06193866208195686, "Accuracy": 0.8840381991814461, "Sensitivity": 0.9019607843137255, "Specificity": 0.8826979472140762, "AUC": 0.9548329595767926}, "Overall": {"Accuracy": 0.8987301920453353, "Sensitivity": 0.9425243237453336, "Specificity": 0.8976471437875546, "AUC": 0.9555572034094408}}}