{"shared_labels": 9, "perf": [0.08565044403076172, 0.9786927103996277], "label_names": [[0, 1, 2, 8, 10, 12, 3, 9, 5, 11, 4], [0, 1, 2, 8, 10, 12, 3, 9, 5, 7, 6]], "metrics": {"Label_0": {"Optimal Threshold": 0.05051209777593613, "Accuracy": 0.8622100954979536, "Sensitivity": 0.9710144927536232, "Specificity": 0.8509036144578314, "AUC": 0.9688318491356731}, "Label_1": {"Optimal Threshold": 0.0744512677192688, "Accuracy": 0.937244201909959, "Sensitivity": 0.9655172413793104, "Specificity": 0.9348148148148148, "AUC": 0.9890676883780332}, "Label_2": {"Optimal Threshold": 0.2983259856700897, "Accuracy": 0.9195088676671214, "Sensitivity": 0.9298245614035088, "Specificity": 0.9148514851485149, "AUC": 0.9734497133923918}, "Label_3": {"Optimal Threshold": 0.3421413004398346, "Accuracy": 0.927694406548431, "Sensitivity": 0.9230769230769231, "Specificity": 0.9296875, "AUC": 0.9756080316742082}, "Label_4": {"Optimal Threshold": 0.007941577583551407, "Accuracy": 0.8581173260572987, "Sensitivity": 0.8571428571428571, "Specificity": 0.8581267217630854, "AUC": 0.9295552931916568}, "Label_5": {"Optimal Threshold": 0.005087221972644329, "Accuracy": 0.8130968622100955, "Sensitivity": 1.0, "Specificity": 0.8118131868131868, "AUC": 0.9469780219780219}, "Label_6": {"Optimal Threshold": 0.010915106162428856, "Accuracy": 0.8703956343792633, "Sensitivity": 1.0, "Specificity": 0.868421052631579, "AUC": 0.967514479979854}, "Label_7": {"Optimal Threshold": 0.18719075620174408, "Accuracy": 0.9781718963165075, "Sensitivity": 1.0, "Specificity": 0.9761549925484352, "AUC": 0.995192538820249}, "Label_8": {"Optimal Threshold": 0.0025523495860397816, "Accuracy": 0.8171896316507503, "Sensitivity": 1.0, "Specificity": 0.8166894664842681, "AUC": 0.8255813953488371}, "Label_9": {"Optimal Threshold": 0.04301298037171364, "Accuracy": 0.8949522510231923, "Sensitivity": 0.9375, "Specificity": 0.8930099857346647, "AUC": 0.9509183309557774}, "Label_10": {"Optimal Threshold": 0.010241948999464512, "Accuracy": 0.7421555252387448, "Sensitivity": 1.0, "Specificity": 0.7356643356643356, "AUC": 0.9164724164724165}, "Label_11": {"Optimal Threshold": 0.01160343736410141, "Accuracy": 0.8608458390177354, "Sensitivity": 1.0, "Specificity": 0.8573426573426574, "AUC": 0.9703185703185703}, "Label_12": {"Optimal Threshold": 0.07035404443740845, "Accuracy": 0.8458390177353342, "Sensitivity": 0.9019607843137255, "Specificity": 0.841642228739003, "AUC": 0.9483640963716865}, "Overall": {"Accuracy": 0.8713401196347991, "Sensitivity": 0.9604643738515345, "Specificity": 0.8683940032417213, "AUC": 0.9506040327705675}}}