{"shared_labels": 9, "perf": [0.10038051754236221, 0.9727798700332642], "metrics": {"Label_0": {"Optimal Threshold": 0.2459411323070526, "Accuracy": 0.9549795361527967, "Sensitivity": 0.8571428571428571, "Specificity": 0.9664634146341463, "AUC": 0.9711751662971175}, "Label_1": {"Optimal Threshold": 0.23481982946395874, "Accuracy": 0.9713506139154161, "Sensitivity": 0.9315068493150684, "Specificity": 0.9757575757575757, "AUC": 0.9850560398505606}, "Label_2": {"Optimal Threshold": 0.5696240663528442, "Accuracy": 0.9167803547066848, "Sensitivity": 0.8548387096774194, "Specificity": 0.9484536082474226, "AUC": 0.9615563684735617}, "Label_3": {"Optimal Threshold": 0.19814151525497437, "Accuracy": 0.888130968622101, "Sensitivity": 0.9416666666666667, "Specificity": 0.8620689655172413, "AUC": 0.9649763353617309}, "Label_4": {"Optimal Threshold": 0.005414498504251242, "Accuracy": 0.8035470668485676, "Sensitivity": 1.0, "Specificity": 0.8011049723756906, "AUC": 0.9594843462246777}, "Label_5": {"Optimal Threshold": 0.004187062382698059, "Accuracy": 0.8403819918144612, "Sensitivity": 1.0, "Specificity": 0.8392857142857143, "AUC": 0.9431318681318681}, "Label_6": {"Optimal Threshold": 0.04133801534771919, "Accuracy": 0.9304229195088677, "Sensitivity": 1.0, "Specificity": 0.929945054945055, "AUC": 0.984065934065934}, "Label_7": {"Optimal Threshold": 0.12783554196357727, "Accuracy": 0.9618008185538881, "Sensitivity": 0.9206349206349206, "Specificity": 0.9656716417910448, "AUC": 0.9785832741056621}, "Label_8": {"Optimal Threshold": 0.004170658066868782, "Accuracy": 0.8553888130968622, "Sensitivity": 1.0, "Specificity": 0.8537931034482759, "AUC": 0.9646551724137931}, "Label_9": {"Optimal Threshold": 0.026346266269683838, "Accuracy": 0.8622100954979536, "Sensitivity": 0.9375, "Specificity": 0.8587731811697575, "AUC": 0.9422699714693296}, "Label_10": {"Optimal Threshold": 0.05084315687417984, "Accuracy": 0.9195088676671214, "Sensitivity": 0.7333333333333333, "Specificity": 0.9233983286908078, "AUC": 0.8740947075208914}, "Label_11": {"Optimal Threshold": 0.020711395889520645, "Accuracy": 0.922237380627558, "Sensitivity": 1.0, "Specificity": 0.9203910614525139, "AUC": 0.9862799868550772}, "Label_12": {"Optimal Threshold": 0.09487397223711014, "Accuracy": 0.819918144611187, "Sensitivity": 0.875, "Specificity": 0.8153618906942393, "AUC": 0.9194186537244144}, "Overall": {"Accuracy": 0.895896736278728, "Sensitivity": 0.927047948982328, "Specificity": 0.8969591163853452, "AUC": 0.9565190634226629}}, "label_names": [[1, 2, 6, 8, 12, 10, 7, 11, 0, 4, 9], [1, 2, 6, 8, 12, 10, 7, 11, 0, 3, 5]]}