{"shared_labels": 9, "perf": [0.08901363611221313, 0.9759404063224792], "metrics": {"Label_0": {"Optimal Threshold": 0.1748569905757904, "Accuracy": 0.9495225102319236, "Sensitivity": 0.8405797101449275, "Specificity": 0.9608433734939759, "AUC": 0.9660380653046969}, "Label_1": {"Optimal Threshold": 0.05825948715209961, "Accuracy": 0.946793997271487, "Sensitivity": 0.9482758620689655, "Specificity": 0.9466666666666667, "AUC": 0.98669220945083}, "Label_2": {"Optimal Threshold": 0.22026535868644714, "Accuracy": 0.9304229195088677, "Sensitivity": 0.9254385964912281, "Specificity": 0.9326732673267327, "AUC": 0.9758467952058364}, "Label_3": {"Optimal Threshold": 0.12279598414897919, "Accuracy": 0.9236016371077762, "Sensitivity": 0.9638009049773756, "Specificity": 0.90625, "AUC": 0.9769425197963801}, "Label_4": {"Optimal Threshold": 0.0019251499325037003, "Accuracy": 0.8362892223738063, "Sensitivity": 1.0, "Specificity": 0.8347107438016529, "AUC": 0.9679260133805588}, "Label_5": {"Optimal Threshold": 0.03380998224020004, "Accuracy": 0.9577080491132333, "Sensitivity": 0.8, "Specificity": 0.9587912087912088, "AUC": 0.9373626373626374}, "Label_6": {"Optimal Threshold": 0.00783282145857811, "Accuracy": 0.8553888130968622, "Sensitivity": 1.0, "Specificity": 0.853185595567867, "AUC": 0.9670108285066734}, "Label_7": {"Optimal Threshold": 0.10869889706373215, "Accuracy": 0.9686221009549796, "Sensitivity": 1.0, "Specificity": 0.9657228017883756, "AUC": 0.9905533387817893}, "Label_8": {"Optimal Threshold": 0.001020999625325203, "Accuracy": 0.7776261937244202, "Sensitivity": 1.0, "Specificity": 0.7770177838577291, "AUC": 0.7893296853625171}, "Label_9": {"Optimal Threshold": 0.008963155560195446, "Accuracy": 0.8663028649386084, "Sensitivity": 0.96875, "Specificity": 0.8616262482168331, "AUC": 0.9512303851640513}, "Label_10": {"Optimal Threshold": 0.0059402137994766235, "Accuracy": 0.7175989085948158, "Sensitivity": 1.0, "Specificity": 0.7104895104895105, "AUC": 0.9041958041958041}, "Label_11": {"Optimal Threshold": 0.019054949283599854, "Accuracy": 0.91268758526603, "Sensitivity": 1.0, "Specificity": 0.9104895104895104, "AUC": 0.9826728826728828}, "Label_12": {"Optimal Threshold": 0.06655539572238922, "Accuracy": 0.82537517053206, "Sensitivity": 0.8235294117647058, "Specificity": 0.8255131964809385, "AUC": 0.9122534644356276}, "Overall": {"Accuracy": 0.8821492286703747, "Sensitivity": 0.9438749604190156, "Specificity": 0.8803061466900771, "AUC": 0.9467734330477142}}, "label_names": [[10, 9, 2, 1, 0, 11, 4, 5, 8, 6, 12], [10, 9, 2, 1, 0, 11, 4, 5, 8, 3, 7]]}