{"shared_labels": 10, "perf": [0.08386198431253433, 0.9784214496612549], "metrics": {"Label_0": {"Optimal Threshold": 0.05239306762814522, "Accuracy": 0.8963165075034106, "Sensitivity": 0.9146341463414634, "Specificity": 0.8940092165898618, "AUC": 0.966430632048256}, "Label_1": {"Optimal Threshold": 0.20133616030216217, "Accuracy": 0.9740791268758526, "Sensitivity": 0.9230769230769231, "Specificity": 0.9790419161676647, "AUC": 0.985951174573929}, "Label_2": {"Optimal Threshold": 0.29398858547210693, "Accuracy": 0.931787175989086, "Sensitivity": 0.9319148936170213, "Specificity": 0.9317269076305221, "AUC": 0.9778261984106641}, "Label_3": {"Optimal Threshold": 0.30317750573158264, "Accuracy": 0.9345156889495225, "Sensitivity": 0.9523809523809523, "Specificity": 0.9262948207171314, "AUC": 0.9793553060485332}, "Label_4": {"Optimal Threshold": 0.2741090655326843, "Accuracy": 0.9918144611186903, "Sensitivity": 1.0, "Specificity": 0.9917469050894085, "AUC": 0.9965612104539202}, "Label_5": {"Optimal Threshold": 0.005219474900513887, "Accuracy": 0.8703956343792633, "Sensitivity": 1.0, "Specificity": 0.8695054945054945, "AUC": 0.9538461538461538}, "Label_6": {"Optimal Threshold": 0.026707854121923447, "Accuracy": 0.9263301500682128, "Sensitivity": 0.875, "Specificity": 0.926896551724138, "AUC": 0.9470689655172414}, "Label_7": {"Optimal Threshold": 0.04245615750551224, "Accuracy": 0.9604365620736699, "Sensitivity": 0.984375, "Specificity": 0.9581464872944694, "AUC": 0.9899336696562033}, "Label_8": {"Optimal Threshold": 0.0018383536953479052, "Accuracy": 0.800818553888131, "Sensitivity": 1.0, "Specificity": 0.7997256515775034, "AUC": 0.943758573388203}, "Label_9": {"Optimal Threshold": 0.049562204629182816, "Accuracy": 0.8963165075034106, "Sensitivity": 0.88, "Specificity": 0.8968926553672316, "AUC": 0.9441807909604519}, "Label_10": {"Optimal Threshold": 0.019335545599460602, "Accuracy": 0.8376534788540245, "Sensitivity": 0.9333333333333333, "Specificity": 0.8356545961002786, "AUC": 0.9148560817084493}, "Label_11": {"Optimal Threshold": 0.07577275484800339, "Accuracy": 0.9768076398362893, "Sensitivity": 1.0, "Specificity": 0.9763888888888889, "AUC": 0.9913461538461538}, "Label_12": {"Optimal Threshold": 0.044782381504774094, "Accuracy": 0.869031377899045, "Sensitivity": 0.8275862068965517, "Specificity": 0.8725925925925926, "AUC": 0.9134865900383141}, "Overall": {"Accuracy": 0.9127925280722007, "Sensitivity": 0.9401770350497112, "Specificity": 0.9122017449419375, "AUC": 0.9618924231151134}}, "label_names": [[5, 12, 2, 7, 1, 11, 0, 3, 8, 4, 6, 9], [5, 12, 2, 7, 1, 11, 0, 3, 8, 4, 10]]}