{"shared_labels": 10, "perf": [0.08831815421581268, 0.9780768156051636], "metrics": {"Label_0": {"Optimal Threshold": 0.14379285275936127, "Accuracy": 0.9454297407912687, "Sensitivity": 0.855072463768116, "Specificity": 0.9548192771084337, "AUC": 0.9642701239741576}, "Label_1": {"Optimal Threshold": 0.1685231626033783, "Accuracy": 0.9672578444747613, "Sensitivity": 0.9310344827586207, "Specificity": 0.9703703703703703, "AUC": 0.9885312899106002}, "Label_2": {"Optimal Threshold": 0.4695450961589813, "Accuracy": 0.9249658935879945, "Sensitivity": 0.9210526315789473, "Specificity": 0.9267326732673268, "AUC": 0.9733107521278443}, "Label_3": {"Optimal Threshold": 0.40279391407966614, "Accuracy": 0.9236016371077762, "Sensitivity": 0.9366515837104072, "Specificity": 0.91796875, "AUC": 0.9753782522624435}, "Label_4": {"Optimal Threshold": 0.03864786773920059, "Accuracy": 0.9495225102319236, "Sensitivity": 0.8571428571428571, "Specificity": 0.9504132231404959, "AUC": 0.961038961038961}, "Label_5": {"Optimal Threshold": 0.004535261541604996, "Accuracy": 0.7885402455661664, "Sensitivity": 1.0, "Specificity": 0.7870879120879121, "AUC": 0.9406593406593406}, "Label_6": {"Optimal Threshold": 0.055350154638290405, "Accuracy": 0.9590723055934516, "Sensitivity": 0.9090909090909091, "Specificity": 0.9598337950138505, "AUC": 0.9721732561067741}, "Label_7": {"Optimal Threshold": 0.2603170871734619, "Accuracy": 0.9727148703956344, "Sensitivity": 1.0, "Specificity": 0.970193740685544, "AUC": 0.9937022258545263}, "Label_8": {"Optimal Threshold": 0.0029088077135384083, "Accuracy": 0.8308321964529332, "Sensitivity": 1.0, "Specificity": 0.8303693570451436, "AUC": 0.8741450068399452}, "Label_9": {"Optimal Threshold": 0.030175769701600075, "Accuracy": 0.8963165075034106, "Sensitivity": 0.9375, "Specificity": 0.8944365192582026, "AUC": 0.9501159058487875}, "Label_10": {"Optimal Threshold": 0.009536338970065117, "Accuracy": 0.7639836289222374, "Sensitivity": 0.8888888888888888, "Specificity": 0.7608391608391608, "AUC": 0.8763791763791764}, "Label_11": {"Optimal Threshold": 0.041973646730184555, "Accuracy": 0.9522510231923602, "Sensitivity": 0.9444444444444444, "Specificity": 0.9524475524475524, "AUC": 0.9780108780108779}, "Label_12": {"Optimal Threshold": 0.05548860505223274, "Accuracy": 0.8403819918144612, "Sensitivity": 0.9019607843137255, "Specificity": 0.8357771260997068, "AUC": 0.9400264504628831}, "Overall": {"Accuracy": 0.9011438765872598, "Sensitivity": 0.9294491573613014, "Specificity": 0.9008684197972077, "AUC": 0.9529032014981783}}, "label_names": [[7, 6, 9, 3, 11, 1, 2, 8, 12, 0, 5, 4], [7, 6, 9, 3, 11, 1, 2, 8, 12, 0, 10]]}