{"shared_labels": 11, "perf": [0.09427987039089203, 0.9763243198394775], "metrics": {"Label_0": {"Optimal Threshold": 0.05030958354473114, "Accuracy": 0.9072305593451568, "Sensitivity": 0.8928571428571429, "Specificity": 0.9090909090909091, "AUC": 0.9573519700638344}, "Label_1": {"Optimal Threshold": 0.19956807792186737, "Accuracy": 0.9781718963165075, "Sensitivity": 0.9178082191780822, "Specificity": 0.9848484848484849, "AUC": 0.9861768368617684}, "Label_2": {"Optimal Threshold": 0.6948144435882568, "Accuracy": 0.937244201909959, "Sensitivity": 0.9102040816326531, "Specificity": 0.9508196721311475, "AUC": 0.9761375041820006}, "Label_3": {"Optimal Threshold": 0.59609454870224, "Accuracy": 0.9290586630286494, "Sensitivity": 0.9149797570850202, "Specificity": 0.9362139917695473, "AUC": 0.9783409140134286}, "Label_4": {"Optimal Threshold": 0.03837679326534271, "Accuracy": 0.9304229195088677, "Sensitivity": 1.0, "Specificity": 0.9297520661157025, "AUC": 0.9828807556080283}, "Label_5": {"Optimal Threshold": 0.023235447704792023, "Accuracy": 0.9181446111869032, "Sensitivity": 0.8571428571428571, "Specificity": 0.918732782369146, "AUC": 0.9437229437229437}, "Label_6": {"Optimal Threshold": 0.04563211649656296, "Accuracy": 0.9481582537517054, "Sensitivity": 1.0, "Specificity": 0.9473684210526315, "AUC": 0.9798539410727776}, "Label_7": {"Optimal Threshold": 0.11174479871988297, "Accuracy": 0.9386084583901774, "Sensitivity": 0.953125, "Specificity": 0.9372197309417041, "AUC": 0.9858697683109119}, "Label_8": {"Optimal Threshold": 0.04323843866586685, "Accuracy": 0.956343792633015, "Sensitivity": 1.0, "Specificity": 0.9561643835616438, "AUC": 0.9817351598173516}, "Label_9": {"Optimal Threshold": 0.04321105405688286, "Accuracy": 0.9140518417462483, "Sensitivity": 0.95, "Specificity": 0.911976911976912, "AUC": 0.953968253968254}, "Label_10": {"Optimal Threshold": 0.023051781579852104, "Accuracy": 0.8171896316507503, "Sensitivity": 1.0, "Specificity": 0.8131101813110181, "AUC": 0.928957461645746}, "Label_11": {"Optimal Threshold": 0.03256547078490257, "Accuracy": 0.9249658935879945, "Sensitivity": 0.9473684210526315, "Specificity": 0.9243697478991597, "AUC": 0.9731682146542827}, "Label_12": {"Optimal Threshold": 0.03451189771294594, "Accuracy": 0.7503410641200545, "Sensitivity": 0.9655172413793104, "Specificity": 0.7318518518518519, "AUC": 0.9232183908045978}, "Overall": {"Accuracy": 0.911533214398153, "Sensitivity": 0.9468463631021304, "Specificity": 0.9116553180707585, "AUC": 0.9654909319019944}}, "label_names": [[0, 5, 9, 6, 7, 8, 3, 1, 2, 10, 12, 4], [0, 5, 9, 6, 7, 8, 3, 1, 2, 10, 12, 11]]}