{"shared_labels": 11, "perf": [0.09553492814302444, 0.9703430533409119], "metrics": {"Label_0": {"Optimal Threshold": 0.15259557962417603, "Accuracy": 0.9522510231923602, "Sensitivity": 0.855072463768116, "Specificity": 0.9623493975903614, "AUC": 0.9699886502531867}, "Label_1": {"Optimal Threshold": 0.1081407219171524, "Accuracy": 0.9618008185538881, "Sensitivity": 0.9482758620689655, "Specificity": 0.9629629629629629, "AUC": 0.989272030651341}, "Label_2": {"Optimal Threshold": 0.07820529490709305, "Accuracy": 0.9236016371077762, "Sensitivity": 0.9342105263157895, "Specificity": 0.9188118811881189, "AUC": 0.9724943546986278}, "Label_3": {"Optimal Threshold": 0.12210467457771301, "Accuracy": 0.9304229195088677, "Sensitivity": 0.918552036199095, "Specificity": 0.935546875, "AUC": 0.9754489536199095}, "Label_4": {"Optimal Threshold": 0.02480122074484825, "Accuracy": 0.9399727148703957, "Sensitivity": 0.8571428571428571, "Specificity": 0.940771349862259, "AUC": 0.9539551357733176}, "Label_5": {"Optimal Threshold": 0.06044989451766014, "Accuracy": 0.9727148703956344, "Sensitivity": 0.8, "Specificity": 0.9739010989010989, "AUC": 0.9346153846153845}, "Label_6": {"Optimal Threshold": 0.011424290016293526, "Accuracy": 0.888130968622101, "Sensitivity": 1.0, "Specificity": 0.8864265927977839, "AUC": 0.9741878619994964}, "Label_7": {"Optimal Threshold": 0.08903973549604416, "Accuracy": 0.9631650750341064, "Sensitivity": 1.0, "Specificity": 0.9597615499254843, "AUC": 0.9923320994182973}, "Label_8": {"Optimal Threshold": 0.005498945247381926, "Accuracy": 0.8622100954979536, "Sensitivity": 1.0, "Specificity": 0.8618331053351573, "AUC": 0.8803009575923392}, "Label_9": {"Optimal Threshold": 0.022615481168031693, "Accuracy": 0.9017735334242838, "Sensitivity": 0.9375, "Specificity": 0.9001426533523538, "AUC": 0.9527014978601996}, "Label_10": {"Optimal Threshold": 0.009050357155501842, "Accuracy": 0.6466575716234653, "Sensitivity": 0.9444444444444444, "Specificity": 0.6391608391608392, "AUC": 0.8445998445998446}, "Label_11": {"Optimal Threshold": 0.04483437538146973, "Accuracy": 0.965893587994543, "Sensitivity": 0.9444444444444444, "Specificity": 0.9664335664335665, "AUC": 0.982051282051282}, "Label_12": {"Optimal Threshold": 0.04514263570308685, "Accuracy": 0.8049113233287858, "Sensitivity": 0.8235294117647058, "Specificity": 0.8035190615835777, "AUC": 0.8755965729400265}, "Overall": {"Accuracy": 0.9010389337810893, "Sensitivity": 0.9202440035498783, "Specificity": 0.9008939180071973, "AUC": 0.9459649712364041}}, "label_names": [[8, 4, 9, 11, 3, 2, 0, 1, 5, 6, 7, 10], [8, 4, 9, 11, 3, 2, 0, 1, 5, 6, 7, 12]]}