{"shared_labels": 2, "perf": [0.08629470318555832, 0.978939950466156], "metrics": {"Label_0": {"Optimal Threshold": 0.06939583271741867, "Accuracy": 0.9099590723055935, "Sensitivity": 0.8840579710144928, "Specificity": 0.9126506024096386, "AUC": 0.9631788021651825}, "Label_1": {"Optimal Threshold": 0.05989506095647812, "Accuracy": 0.9399727148703957, "Sensitivity": 0.9655172413793104, "Specificity": 0.9377777777777778, "AUC": 0.988786717752235}, "Label_2": {"Optimal Threshold": 0.581160306930542, "Accuracy": 0.937244201909959, "Sensitivity": 0.8859649122807017, "Specificity": 0.9603960396039604, "AUC": 0.9742487406635401}, "Label_3": {"Optimal Threshold": 0.4660201966762543, "Accuracy": 0.9386084583901774, "Sensitivity": 0.9049773755656109, "Specificity": 0.953125, "AUC": 0.9758201357466063}, "Label_4": {"Optimal Threshold": 0.061820607632398605, "Accuracy": 0.9522510231923602, "Sensitivity": 0.8571428571428571, "Specificity": 0.953168044077135, "AUC": 0.9588744588744589}, "Label_5": {"Optimal Threshold": 0.06870219111442566, "Accuracy": 0.9699863574351978, "Sensitivity": 0.8, "Specificity": 0.9711538461538461, "AUC": 0.9310439560439561}, "Label_6": {"Optimal Threshold": 0.017070764675736427, "Accuracy": 0.8799454297407913, "Sensitivity": 1.0, "Specificity": 0.8781163434903048, "AUC": 0.967514479979854}, "Label_7": {"Optimal Threshold": 0.05274023860692978, "Accuracy": 0.9549795361527967, "Sensitivity": 1.0, "Specificity": 0.9508196721311475, "AUC": 0.9933416662660448}, "Label_8": {"Optimal Threshold": 0.005277517717331648, "Accuracy": 0.8526603001364257, "Sensitivity": 1.0, "Specificity": 0.8522571819425444, "AUC": 0.8782489740082078}, "Label_9": {"Optimal Threshold": 0.030341383069753647, "Accuracy": 0.8703956343792633, "Sensitivity": 0.90625, "Specificity": 0.8687589158345221, "AUC": 0.937187945791726}, "Label_10": {"Optimal Threshold": 0.015471154823899269, "Accuracy": 0.7708049113233287, "Sensitivity": 1.0, "Specificity": 0.765034965034965, "AUC": 0.9201243201243201}, "Label_11": {"Optimal Threshold": 0.049298420548439026, "Accuracy": 0.9522510231923602, "Sensitivity": 0.9444444444444444, "Specificity": 0.9524475524475524, "AUC": 0.9674436674436674}, "Label_12": {"Optimal Threshold": 0.1551578938961029, "Accuracy": 0.9099590723055935, "Sensitivity": 0.8823529411764706, "Specificity": 0.9120234604105572, "AUC": 0.9565004887585532}, "Overall": {"Accuracy": 0.9106936719487879, "Sensitivity": 0.9254390571541453, "Specificity": 0.9129022616395347, "AUC": 0.9547934118167963}}, "label_names": [[12, 1, 9, 11, 10, 8, 5, 3], [12, 1, 0, 7, 6, 4, 2]]}