{"shared_labels": 2, "perf": [0.10262353718280792, 0.9686756730079651], "metrics": {"Label_0": {"Optimal Threshold": 0.13151593506336212, "Accuracy": 0.9099590723055935, "Sensitivity": 0.8918918918918919, "Specificity": 0.9119878603945372, "AUC": 0.9557683632038715}, "Label_1": {"Optimal Threshold": 0.1397656947374344, "Accuracy": 0.922237380627558, "Sensitivity": 0.9104477611940298, "Specificity": 0.9234234234234234, "AUC": 0.9648827932410021}, "Label_2": {"Optimal Threshold": 0.39163777232170105, "Accuracy": 0.9113233287858117, "Sensitivity": 0.909952606635071, "Specificity": 0.9118773946360154, "AUC": 0.9697390641172305}, "Label_3": {"Optimal Threshold": 0.30995625257492065, "Accuracy": 0.9099590723055935, "Sensitivity": 0.9113300492610837, "Specificity": 0.909433962264151, "AUC": 0.9664838739659819}, "Label_4": {"Optimal Threshold": 0.018890952691435814, "Accuracy": 0.922237380627558, "Sensitivity": 1.0, "Specificity": 0.9214876033057852, "AUC": 0.9783549783549784}, "Label_5": {"Optimal Threshold": 0.01763307675719261, "Accuracy": 0.9631650750341064, "Sensitivity": 0.8333333333333334, "Specificity": 0.9642365887207703, "AUC": 0.9415405777166438}, "Label_6": {"Optimal Threshold": 0.0024932425003498793, "Accuracy": 0.8867667121418826, "Sensitivity": 1.0, "Specificity": 0.8856749311294766, "AUC": 0.9643841007477372}, "Label_7": {"Optimal Threshold": 0.17257674038410187, "Accuracy": 0.9740791268758526, "Sensitivity": 0.921875, "Specificity": 0.9790732436472347, "AUC": 0.977064648729447}, "Label_8": {"Optimal Threshold": 0.009485941380262375, "Accuracy": 0.956343792633015, "Sensitivity": 1.0, "Specificity": 0.9559834938101788, "AUC": 0.9683631361760661}, "Label_9": {"Optimal Threshold": 0.03942088037729263, "Accuracy": 0.9154160982264665, "Sensitivity": 0.8888888888888888, "Specificity": 0.9164305949008499, "AUC": 0.9489035777987619}, "Label_10": {"Optimal Threshold": 0.013470054604113102, "Accuracy": 0.8021828103683493, "Sensitivity": 0.9411764705882353, "Specificity": 0.7988826815642458, "AUC": 0.9066710483075912}, "Label_11": {"Optimal Threshold": 0.02622205577790737, "Accuracy": 0.9549795361527967, "Sensitivity": 0.9166666666666666, "Specificity": 0.9562764456981664, "AUC": 0.9654442877291961}, "Label_12": {"Optimal Threshold": 0.13493220508098602, "Accuracy": 0.8758526603001364, "Sensitivity": 0.8194444444444444, "Specificity": 0.8819969742813918, "AUC": 0.9067910573205581}, "Overall": {"Accuracy": 0.9157309266449786, "Sensitivity": 0.9188467009925881, "Specificity": 0.9166742459827868, "AUC": 0.9549531928776205}}, "label_names": [[9, 7, 1, 2, 4, 8, 10, 6], [9, 7, 0, 3, 12, 5, 11]]}