{"shared_labels": 10, "perf": [0.08566386252641678, 0.9780023694038391], "metrics": {"Label_0": {"Optimal Threshold": 0.03974757343530655, "Accuracy": 0.878581173260573, "Sensitivity": 0.9710144927536232, "Specificity": 0.8689759036144579, "AUC": 0.9719748559455212}, "Label_1": {"Optimal Threshold": 0.048885367810726166, "Accuracy": 0.9304229195088677, "Sensitivity": 0.9827586206896551, "Specificity": 0.9259259259259259, "AUC": 0.9870498084291187}, "Label_2": {"Optimal Threshold": 0.21795283257961273, "Accuracy": 0.9154160982264665, "Sensitivity": 0.9429824561403509, "Specificity": 0.902970297029703, "AUC": 0.97424874066354}, "Label_3": {"Optimal Threshold": 0.36179766058921814, "Accuracy": 0.9263301500682128, "Sensitivity": 0.918552036199095, "Specificity": 0.9296875, "AUC": 0.9769513574660633}, "Label_4": {"Optimal Threshold": 0.004516360815614462, "Accuracy": 0.8267394270122783, "Sensitivity": 1.0, "Specificity": 0.8250688705234159, "AUC": 0.9663518299881937}, "Label_5": {"Optimal Threshold": 0.0020527509041130543, "Accuracy": 0.7653478854024557, "Sensitivity": 1.0, "Specificity": 0.7637362637362637, "AUC": 0.9337912087912088}, "Label_6": {"Optimal Threshold": 0.01074362825602293, "Accuracy": 0.8240109140518418, "Sensitivity": 1.0, "Specificity": 0.8213296398891967, "AUC": 0.9544195416771594}, "Label_7": {"Optimal Threshold": 0.06866221874952316, "Accuracy": 0.965893587994543, "Sensitivity": 1.0, "Specificity": 0.96274217585693, "AUC": 0.9938945243017162}, "Label_8": {"Optimal Threshold": 0.0023754769936203957, "Accuracy": 0.8335607094133697, "Sensitivity": 1.0, "Specificity": 0.8331053351573188, "AUC": 0.8365253077975375}, "Label_9": {"Optimal Threshold": 0.02345924824476242, "Accuracy": 0.9072305593451568, "Sensitivity": 0.9375, "Specificity": 0.905848787446505, "AUC": 0.9510966476462197}, "Label_10": {"Optimal Threshold": 0.01179862953722477, "Accuracy": 0.7967257844474761, "Sensitivity": 0.8888888888888888, "Specificity": 0.7944055944055944, "AUC": 0.9067599067599067}, "Label_11": {"Optimal Threshold": 0.014130734838545322, "Accuracy": 0.9167803547066848, "Sensitivity": 1.0, "Specificity": 0.9146853146853147, "AUC": 0.9796425796425796}, "Label_12": {"Optimal Threshold": 0.04213419556617737, "Accuracy": 0.7939972714870396, "Sensitivity": 0.9803921568627451, "Specificity": 0.7800586510263929, "AUC": 0.9513541486976023}, "Overall": {"Accuracy": 0.8677720642249974, "Sensitivity": 0.9709298962718738, "Specificity": 0.8637338660997707, "AUC": 0.9526200352158744}}, "label_names": [[9, 11, 5, 7, 12, 10, 8, 0, 3, 2, 4, 6], [9, 11, 5, 7, 12, 10, 8, 0, 3, 2, 1]]}