{"shared_labels": 10, "perf": [0.09544733911752701, 0.9776222705841064], "metrics": {"Label_0": {"Optimal Threshold": 0.12084975093603134, "Accuracy": 0.927694406548431, "Sensitivity": 0.8690476190476191, "Specificity": 0.9352850539291218, "AUC": 0.9523442659035881}, "Label_1": {"Optimal Threshold": 0.058084696531295776, "Accuracy": 0.9358799454297408, "Sensitivity": 0.9565217391304348, "Specificity": 0.9337349397590361, "AUC": 0.9839139165357081}, "Label_2": {"Optimal Threshold": 0.30372947454452515, "Accuracy": 0.8813096862210096, "Sensitivity": 0.9308755760368663, "Specificity": 0.8604651162790697, "AUC": 0.9598113814167827}, "Label_3": {"Optimal Threshold": 0.22194567322731018, "Accuracy": 0.8772169167803547, "Sensitivity": 0.9611650485436893, "Specificity": 0.8444022770398482, "AUC": 0.959985998784105}, "Label_4": {"Optimal Threshold": 0.015167031437158585, "Accuracy": 0.9195088676671214, "Sensitivity": 1.0, "Specificity": 0.9189560439560439, "AUC": 0.9648351648351648}, "Label_5": {"Optimal Threshold": 0.002297525992617011, "Accuracy": 0.8076398362892224, "Sensitivity": 1.0, "Specificity": 0.8063186813186813, "AUC": 0.9491758241758242}, "Label_6": {"Optimal Threshold": 0.08494952321052551, "Accuracy": 0.9822646657571623, "Sensitivity": 1.0, "Specificity": 0.9821182943603851, "AUC": 0.9938101788170564}, "Label_7": {"Optimal Threshold": 0.24633288383483887, "Accuracy": 0.9836289222373806, "Sensitivity": 0.9836065573770492, "Specificity": 0.9836309523809523, "AUC": 0.9922179937548791}, "Label_8": {"Optimal Threshold": 0.006073016673326492, "Accuracy": 0.9154160982264665, "Sensitivity": 1.0, "Specificity": 0.9144827586206896, "AUC": 0.9770689655172414}, "Label_9": {"Optimal Threshold": 0.07483182102441788, "Accuracy": 0.9331514324693042, "Sensitivity": 0.9032258064516129, "Specificity": 0.9344729344729344, "AUC": 0.9725668596636339}, "Label_10": {"Optimal Threshold": 0.008760115131735802, "Accuracy": 0.7694406548431105, "Sensitivity": 1.0, "Specificity": 0.766896551724138, "AUC": 0.9112068965517242}, "Label_11": {"Optimal Threshold": 0.028623580932617188, "Accuracy": 0.946793997271487, "Sensitivity": 1.0, "Specificity": 0.9449152542372882, "AUC": 0.9840677966101695}, "Label_12": {"Optimal Threshold": 0.06458752602338791, "Accuracy": 0.8840381991814461, "Sensitivity": 0.8947368421052632, "Specificity": 0.8831360946745562, "AUC": 0.9384667289525589}, "Overall": {"Accuracy": 0.9049218176094028, "Sensitivity": 0.9614753222071181, "Specificity": 0.9006780732886727, "AUC": 0.9645747670398795}}, "label_names": [[7, 8, 1, 5, 11, 4, 12, 0, 6, 10, 3, 2], [7, 8, 1, 5, 11, 4, 12, 0, 6, 10, 9]]}