{"shared_labels": 4, "perf": [0.09357087314128876, 0.9754275679588318], "metrics": {"Label_0": {"Optimal Threshold": 0.23111966252326965, "Accuracy": 0.9577080491132333, "Sensitivity": 0.8641975308641975, "Specificity": 0.9693251533742331, "AUC": 0.9606528819207756}, "Label_1": {"Optimal Threshold": 0.08795224875211716, "Accuracy": 0.9604365620736699, "Sensitivity": 0.9054054054054054, "Specificity": 0.9666160849772383, "AUC": 0.9670262067834147}, "Label_2": {"Optimal Threshold": 0.35089966654777527, "Accuracy": 0.927694406548431, "Sensitivity": 0.9180327868852459, "Specificity": 0.9325153374233128, "AUC": 0.9767508129672468}, "Label_3": {"Optimal Threshold": 0.23945976793766022, "Accuracy": 0.9345156889495225, "Sensitivity": 0.9590163934426229, "Specificity": 0.9222903885480572, "AUC": 0.9802289718059607}, "Label_4": {"Optimal Threshold": 0.020857373252511024, "Accuracy": 0.9304229195088677, "Sensitivity": 1.0, "Specificity": 0.9296551724137931, "AUC": 0.9882758620689656}, "Label_5": {"Optimal Threshold": 0.02070041000843048, "Accuracy": 0.9249658935879945, "Sensitivity": 1.0, "Specificity": 0.9241379310344827, "AUC": 0.9836206896551725}, "Label_6": {"Optimal Threshold": 0.047134626656770706, "Accuracy": 0.9631650750341064, "Sensitivity": 1.0, "Specificity": 0.9627586206896551, "AUC": 0.9868965517241379}, "Label_7": {"Optimal Threshold": 0.09716483950614929, "Accuracy": 0.956343792633015, "Sensitivity": 0.9696969696969697, "Specificity": 0.9550224887556222, "AUC": 0.9902775884784879}, "Label_8": {"Optimal Threshold": 0.024020859971642494, "Accuracy": 0.9263301500682128, "Sensitivity": 1.0, "Specificity": 0.9258241758241759, "AUC": 0.9782967032967033}, "Label_9": {"Optimal Threshold": 0.06029541790485382, "Accuracy": 0.9004092769440655, "Sensitivity": 0.972972972972973, "Specificity": 0.896551724137931, "AUC": 0.9761183597390494}, "Label_10": {"Optimal Threshold": 0.008667058311402798, "Accuracy": 0.7066848567530696, "Sensitivity": 0.8421052631578947, "Specificity": 0.7030812324929971, "AUC": 0.8359133126934984}, "Label_11": {"Optimal Threshold": 0.013486869633197784, "Accuracy": 0.8867667121418826, "Sensitivity": 0.8888888888888888, "Specificity": 0.886685552407932, "AUC": 0.9479068303430909}, "Label_12": {"Optimal Threshold": 0.05869010090827942, "Accuracy": 0.8185538881309686, "Sensitivity": 0.8809523809523809, "Specificity": 0.8147612156295224, "AUC": 0.90937909172352}, "Overall": {"Accuracy": 0.907230559345157, "Sensitivity": 0.9385591224820448, "Specificity": 0.9068634675160733, "AUC": 0.9601033740923094}}, "label_names": [[4, 2, 6, 1, 9, 8, 10, 12, 0], [4, 2, 6, 1, 5, 3, 7, 11]]}