{"shared_labels": 4, "perf": [0.08804745227098465, 0.9781565070152283], "metrics": {"Label_0": {"Optimal Threshold": 0.06858145445585251, "Accuracy": 0.9099590723055935, "Sensitivity": 0.8840579710144928, "Specificity": 0.9126506024096386, "AUC": 0.963331587218439}, "Label_1": {"Optimal Threshold": 0.10844292491674423, "Accuracy": 0.927694406548431, "Sensitivity": 0.9827586206896551, "Specificity": 0.922962962962963, "AUC": 0.989220945083014}, "Label_2": {"Optimal Threshold": 0.35616540908813477, "Accuracy": 0.922237380627558, "Sensitivity": 0.9254385964912281, "Specificity": 0.9207920792079208, "AUC": 0.9747698454055931}, "Label_3": {"Optimal Threshold": 0.3771493136882782, "Accuracy": 0.9181446111869032, "Sensitivity": 0.9411764705882353, "Specificity": 0.908203125, "AUC": 0.9749275311085973}, "Label_4": {"Optimal Threshold": 0.00859222561120987, "Accuracy": 0.8703956343792633, "Sensitivity": 1.0, "Specificity": 0.8691460055096418, "AUC": 0.9752066115702479}, "Label_5": {"Optimal Threshold": 0.02117355354130268, "Accuracy": 0.9495225102319236, "Sensitivity": 0.8, "Specificity": 0.9505494505494505, "AUC": 0.9222527472527473}, "Label_6": {"Optimal Threshold": 0.023043598979711533, "Accuracy": 0.9549795361527967, "Sensitivity": 1.0, "Specificity": 0.9542936288088643, "AUC": 0.9835054142533368}, "Label_7": {"Optimal Threshold": 0.08424738794565201, "Accuracy": 0.9631650750341064, "Sensitivity": 1.0, "Specificity": 0.9597615499254843, "AUC": 0.9931974424306523}, "Label_8": {"Optimal Threshold": 0.004495544359087944, "Accuracy": 0.8854024556616644, "Sensitivity": 1.0, "Specificity": 0.8850889192886456, "AUC": 0.9090287277701777}, "Label_9": {"Optimal Threshold": 0.06352494657039642, "Accuracy": 0.9331514324693042, "Sensitivity": 0.875, "Specificity": 0.9358059914407989, "AUC": 0.9483773181169758}, "Label_10": {"Optimal Threshold": 0.011905078776180744, "Accuracy": 0.7598908594815825, "Sensitivity": 0.8888888888888888, "Specificity": 0.7566433566433567, "AUC": 0.8961149961149961}, "Label_11": {"Optimal Threshold": 0.017594972625374794, "Accuracy": 0.9290586630286494, "Sensitivity": 0.9444444444444444, "Specificity": 0.9286713286713286, "AUC": 0.965034965034965}, "Label_12": {"Optimal Threshold": 0.02070297673344612, "Accuracy": 0.7844474761255116, "Sensitivity": 0.9803921568627451, "Specificity": 0.7697947214076246, "AUC": 0.948881605428095}, "Overall": {"Accuracy": 0.9006191625564066, "Sensitivity": 0.9401659345368992, "Specificity": 0.8980279786019781, "AUC": 0.9572192105221412}}, "label_names": [[12, 8, 6, 2, 0, 5, 11, 9, 10], [12, 8, 6, 2, 4, 1, 3, 7]]}