{"shared_labels": 4, "perf": [0.0911044180393219, 0.9764522314071655], "metrics": {"Label_0": {"Optimal Threshold": 0.08072522282600403, "Accuracy": 0.9167803547066848, "Sensitivity": 0.8809523809523809, "Specificity": 0.9214175654853621, "AUC": 0.9581223860884878}, "Label_1": {"Optimal Threshold": 0.28054335713386536, "Accuracy": 0.9740791268758526, "Sensitivity": 0.9178082191780822, "Specificity": 0.9803030303030303, "AUC": 0.9840390203403903}, "Label_2": {"Optimal Threshold": 0.5429657101631165, "Accuracy": 0.9386084583901774, "Sensitivity": 0.9020408163265307, "Specificity": 0.9569672131147541, "AUC": 0.9752760120441619}, "Label_3": {"Optimal Threshold": 0.30781319737434387, "Accuracy": 0.9236016371077762, "Sensitivity": 0.9433198380566802, "Specificity": 0.9135802469135802, "AUC": 0.9790573299345229}, "Label_4": {"Optimal Threshold": 0.10071182250976562, "Accuracy": 0.965893587994543, "Sensitivity": 1.0, "Specificity": 0.9655647382920111, "AUC": 0.9891774891774893}, "Label_5": {"Optimal Threshold": 0.002783180447295308, "Accuracy": 0.7708049113233287, "Sensitivity": 1.0, "Specificity": 0.768595041322314, "AUC": 0.9301456119637938}, "Label_6": {"Optimal Threshold": 0.02432722970843315, "Accuracy": 0.9290586630286494, "Sensitivity": 1.0, "Specificity": 0.9279778393351801, "AUC": 0.9780911609166457}, "Label_7": {"Optimal Threshold": 0.06157878413796425, "Accuracy": 0.9099590723055935, "Sensitivity": 0.984375, "Specificity": 0.9028400597907325, "AUC": 0.9786995515695067}, "Label_8": {"Optimal Threshold": 0.008581466972827911, "Accuracy": 0.878581173260573, "Sensitivity": 1.0, "Specificity": 0.8780821917808219, "AUC": 0.9438356164383562}, "Label_9": {"Optimal Threshold": 0.05514008179306984, "Accuracy": 0.9085948158253752, "Sensitivity": 0.95, "Specificity": 0.9062049062049062, "AUC": 0.9602092352092353}, "Label_10": {"Optimal Threshold": 0.029697608202695847, "Accuracy": 0.8758526603001364, "Sensitivity": 0.9375, "Specificity": 0.8744769874476988, "AUC": 0.9293933054393305}, "Label_11": {"Optimal Threshold": 0.01701436936855316, "Accuracy": 0.9099590723055935, "Sensitivity": 0.9473684210526315, "Specificity": 0.9089635854341737, "AUC": 0.966828836797877}, "Label_12": {"Optimal Threshold": 0.033555250614881516, "Accuracy": 0.7585266030013642, "Sensitivity": 0.9655172413793104, "Specificity": 0.7407407407407407, "AUC": 0.9306002554278416}, "Overall": {"Accuracy": 0.8969461643404344, "Sensitivity": 0.9560678397650473, "Specificity": 0.8958241650896388, "AUC": 0.961805831642126}}, "label_names": [[3, 0, 12, 9, 1, 7, 2, 8, 4], [3, 0, 12, 9, 5, 6, 11, 10]]}