{"shared_labels": 12, "perf": [0.08821287006139755, 0.9781826734542847], "metrics": {"Label_0": {"Optimal Threshold": 0.0455964021384716, "Accuracy": 0.9181446111869032, "Sensitivity": 0.8941176470588236, "Specificity": 0.9212962962962963, "AUC": 0.9632352941176471}, "Label_1": {"Optimal Threshold": 0.04117733985185623, "Accuracy": 0.9427012278308322, "Sensitivity": 0.9066666666666666, "Specificity": 0.9468085106382979, "AUC": 0.9813576494427558}, "Label_2": {"Optimal Threshold": 0.5164742469787598, "Accuracy": 0.927694406548431, "Sensitivity": 0.9372197309417041, "Specificity": 0.9235294117647059, "AUC": 0.9743954981095576}, "Label_3": {"Optimal Threshold": 0.5354613661766052, "Accuracy": 0.927694406548431, "Sensitivity": 0.9305555555555556, "Specificity": 0.9264990328820116, "AUC": 0.9750340282255175}, "Label_4": {"Optimal Threshold": 0.03470832109451294, "Accuracy": 0.9549795361527967, "Sensitivity": 1.0, "Specificity": 0.9544827586206897, "AUC": 0.9836206896551725}, "Label_5": {"Optimal Threshold": 0.0036497823894023895, "Accuracy": 0.8376534788540245, "Sensitivity": 1.0, "Specificity": 0.8367626886145405, "AUC": 0.9139231824417009}, "Label_6": {"Optimal Threshold": 0.03170504793524742, "Accuracy": 0.9590723055934516, "Sensitivity": 1.0, "Specificity": 0.9588477366255144, "AUC": 0.989368998628258}, "Label_7": {"Optimal Threshold": 0.059123679995536804, "Accuracy": 0.9454297407912687, "Sensitivity": 1.0, "Specificity": 0.9412628487518355, "AUC": 0.9933638314695582}, "Label_8": {"Optimal Threshold": 0.006218822207301855, "Accuracy": 0.869031377899045, "Sensitivity": 1.0, "Specificity": 0.8684931506849315, "AUC": 0.954337899543379}, "Label_9": {"Optimal Threshold": 0.07579783350229263, "Accuracy": 0.9290586630286494, "Sensitivity": 0.9583333333333334, "Specificity": 0.9280677009873061, "AUC": 0.9844851904090268}, "Label_10": {"Optimal Threshold": 0.021764839068055153, "Accuracy": 0.8021828103683493, "Sensitivity": 1.0, "Specificity": 0.7988904299583911, "AUC": 0.9431345353675451}, "Label_11": {"Optimal Threshold": 0.01682979054749012, "Accuracy": 0.9167803547066848, "Sensitivity": 0.9473684210526315, "Specificity": 0.9159663865546218, "AUC": 0.9741264927023441}, "Label_12": {"Optimal Threshold": 0.029863877221941948, "Accuracy": 0.781718963165075, "Sensitivity": 0.9516129032258065, "Specificity": 0.7660208643815202, "AUC": 0.9307965963174848}, "Overall": {"Accuracy": 0.9009339909749186, "Sensitivity": 0.9635287890641939, "Specificity": 0.898994447443128, "AUC": 0.9662446066484575}}, "label_names": [[11, 8, 9, 4, 10, 2, 5, 7, 12, 1, 6, 0, 3], [11, 8, 9, 4, 10, 2, 5, 7, 12, 1, 6, 0]]}