{"shared_labels": 6, "perf": [0.083033487200737, 0.9807494878768921], "metrics": {"Label_0": {"Optimal Threshold": 0.09901829808950424, "Accuracy": 0.897680763983629, "Sensitivity": 0.8902439024390244, "Specificity": 0.8986175115207373, "AUC": 0.9632835038027799}, "Label_1": {"Optimal Threshold": 0.2607581317424774, "Accuracy": 0.9686221009549796, "Sensitivity": 0.9230769230769231, "Specificity": 0.9730538922155688, "AUC": 0.9822662367572548}, "Label_2": {"Optimal Threshold": 0.19204264879226685, "Accuracy": 0.9195088676671214, "Sensitivity": 0.9574468085106383, "Specificity": 0.9016064257028112, "AUC": 0.9759207040929677}, "Label_3": {"Optimal Threshold": 0.47243520617485046, "Accuracy": 0.9454297407912687, "Sensitivity": 0.948051948051948, "Specificity": 0.9442231075697212, "AUC": 0.9809247857056621}, "Label_4": {"Optimal Threshold": 0.34034761786460876, "Accuracy": 0.9890859481582538, "Sensitivity": 1.0, "Specificity": 0.9889958734525447, "AUC": 0.9970197157267309}, "Label_5": {"Optimal Threshold": 0.0055271172896027565, "Accuracy": 0.8431105047748977, "Sensitivity": 1.0, "Specificity": 0.842032967032967, "AUC": 0.9469780219780219}, "Label_6": {"Optimal Threshold": 0.015447930432856083, "Accuracy": 0.9195088676671214, "Sensitivity": 1.0, "Specificity": 0.9186206896551724, "AUC": 0.9753448275862069}, "Label_7": {"Optimal Threshold": 0.26036617159843445, "Accuracy": 0.9768076398362893, "Sensitivity": 0.96875, "Specificity": 0.9775784753363229, "AUC": 0.9894899103139013}, "Label_8": {"Optimal Threshold": 0.008189455606043339, "Accuracy": 0.931787175989086, "Sensitivity": 1.0, "Specificity": 0.9314128943758574, "AUC": 0.9777091906721538}, "Label_9": {"Optimal Threshold": 0.05172547325491905, "Accuracy": 0.8840381991814461, "Sensitivity": 0.96, "Specificity": 0.8813559322033898, "AUC": 0.9668926553672316}, "Label_10": {"Optimal Threshold": 0.031097378581762314, "Accuracy": 0.8512960436562074, "Sensitivity": 0.9333333333333333, "Specificity": 0.8495821727019499, "AUC": 0.9467966573816157}, "Label_11": {"Optimal Threshold": 0.13109572231769562, "Accuracy": 0.9740791268758526, "Sensitivity": 1.0, "Specificity": 0.9736111111111111, "AUC": 0.9899572649572649}, "Label_12": {"Optimal Threshold": 0.07431967556476593, "Accuracy": 0.9154160982264665, "Sensitivity": 0.7758620689655172, "Specificity": 0.9274074074074075, "AUC": 0.9108556832694763}, "Overall": {"Accuracy": 0.9243362367509709, "Sensitivity": 0.9505203834136451, "Specificity": 0.9236998815604278, "AUC": 0.9694953198162515}}, "label_names": [[12, 6, 8, 3, 1, 4, 11, 0, 10, 2], [12, 6, 8, 3, 1, 4, 9, 7, 5]]}