{"shared_labels": 6, "perf": [0.09636981785297394, 0.9725627899169922], "metrics": {"Label_0": {"Optimal Threshold": 0.25537773966789246, "Accuracy": 0.9590723055934516, "Sensitivity": 0.8405797101449275, "Specificity": 0.9713855421686747, "AUC": 0.9679587916884931}, "Label_1": {"Optimal Threshold": 0.09438569843769073, "Accuracy": 0.9549795361527967, "Sensitivity": 0.9482758620689655, "Specificity": 0.9555555555555556, "AUC": 0.9899616858237549}, "Label_2": {"Optimal Threshold": 0.09793198853731155, "Accuracy": 0.9004092769440655, "Sensitivity": 0.9342105263157895, "Specificity": 0.8851485148514852, "AUC": 0.9633055410804239}, "Label_3": {"Optimal Threshold": 0.07925896346569061, "Accuracy": 0.9004092769440655, "Sensitivity": 0.9366515837104072, "Specificity": 0.884765625, "AUC": 0.9669382777149321}, "Label_4": {"Optimal Threshold": 0.054875075817108154, "Accuracy": 0.9686221009549796, "Sensitivity": 0.8571428571428571, "Specificity": 0.9696969696969697, "AUC": 0.9626131444313262}, "Label_5": {"Optimal Threshold": 0.0484972782433033, "Accuracy": 0.9713506139154161, "Sensitivity": 0.8, "Specificity": 0.9725274725274725, "AUC": 0.9417582417582417}, "Label_6": {"Optimal Threshold": 0.002893590135499835, "Accuracy": 0.8417462482946794, "Sensitivity": 1.0, "Specificity": 0.8393351800554016, "AUC": 0.9479979853941072}, "Label_7": {"Optimal Threshold": 0.04809071123600006, "Accuracy": 0.9481582537517054, "Sensitivity": 1.0, "Specificity": 0.9433681073025335, "AUC": 0.9917792413826259}, "Label_8": {"Optimal Threshold": 0.0009221670334227383, "Accuracy": 0.7544338335607094, "Sensitivity": 1.0, "Specificity": 0.7537619699042407, "AUC": 0.7749658002735977}, "Label_9": {"Optimal Threshold": 0.021469026803970337, "Accuracy": 0.8867667121418826, "Sensitivity": 0.9375, "Specificity": 0.884450784593438, "AUC": 0.950962910128388}, "Label_10": {"Optimal Threshold": 0.028746359050273895, "Accuracy": 0.8622100954979536, "Sensitivity": 0.8888888888888888, "Specificity": 0.8615384615384616, "AUC": 0.9306915306915307}, "Label_11": {"Optimal Threshold": 0.028517376631498337, "Accuracy": 0.9058663028649386, "Sensitivity": 0.9444444444444444, "Specificity": 0.9048951048951049, "AUC": 0.9686868686868686}, "Label_12": {"Optimal Threshold": 0.06399907171726227, "Accuracy": 0.8321964529331515, "Sensitivity": 0.9019607843137255, "Specificity": 0.8269794721407625, "AUC": 0.9292737622908401}, "Overall": {"Accuracy": 0.8989400776576766, "Sensitivity": 0.9222811274638467, "Specificity": 0.8964160584792386, "AUC": 0.9451456754880869}}, "label_names": [[10, 4, 0, 5, 8, 1, 2, 11, 6, 3], [10, 4, 0, 5, 8, 1, 9, 7, 12]]}