{"shared_labels": 11, "perf": [0.08829605579376221, 0.977343738079071], "metrics": {"Label_0": {"Optimal Threshold": 0.1827477514743805, "Accuracy": 0.9427012278308322, "Sensitivity": 0.8695652173913043, "Specificity": 0.9503012048192772, "AUC": 0.9690501134974682}, "Label_1": {"Optimal Threshold": 0.0944279208779335, "Accuracy": 0.9440654843110505, "Sensitivity": 0.9482758620689655, "Specificity": 0.9437037037037037, "AUC": 0.9885057471264367}, "Label_2": {"Optimal Threshold": 0.4745667278766632, "Accuracy": 0.922237380627558, "Sensitivity": 0.9254385964912281, "Specificity": 0.9207920792079208, "AUC": 0.9743269063748481}, "Label_3": {"Optimal Threshold": 0.4989330470561981, "Accuracy": 0.9290586630286494, "Sensitivity": 0.918552036199095, "Specificity": 0.93359375, "AUC": 0.9769690328054299}, "Label_4": {"Optimal Threshold": 0.04224120080471039, "Accuracy": 0.9536152796725784, "Sensitivity": 0.8571428571428571, "Specificity": 0.9545454545454546, "AUC": 0.9637937819756002}, "Label_5": {"Optimal Threshold": 0.002077691489830613, "Accuracy": 0.7598908594815825, "Sensitivity": 1.0, "Specificity": 0.7582417582417582, "AUC": 0.9387362637362637}, "Label_6": {"Optimal Threshold": 0.00769071513786912, "Accuracy": 0.8567530695770805, "Sensitivity": 1.0, "Specificity": 0.8545706371191135, "AUC": 0.9731805590531353}, "Label_7": {"Optimal Threshold": 0.10927260667085648, "Accuracy": 0.9604365620736699, "Sensitivity": 1.0, "Specificity": 0.9567809239940388, "AUC": 0.992644584394981}, "Label_8": {"Optimal Threshold": 0.002219417132437229, "Accuracy": 0.7871759890859482, "Sensitivity": 1.0, "Specificity": 0.786593707250342, "AUC": 0.8447332421340629}, "Label_9": {"Optimal Threshold": 0.016643593087792397, "Accuracy": 0.8649386084583902, "Sensitivity": 0.96875, "Specificity": 0.8601997146932953, "AUC": 0.9481098430813124}, "Label_10": {"Optimal Threshold": 0.017557773739099503, "Accuracy": 0.7503410641200545, "Sensitivity": 0.9444444444444444, "Specificity": 0.7454545454545455, "AUC": 0.8792540792540793}, "Label_11": {"Optimal Threshold": 0.05987295135855675, "Accuracy": 0.9645293315143247, "Sensitivity": 0.9444444444444444, "Specificity": 0.965034965034965, "AUC": 0.980963480963481}, "Label_12": {"Optimal Threshold": 0.11110687255859375, "Accuracy": 0.8567530695770805, "Sensitivity": 0.7450980392156863, "Specificity": 0.8651026392961877, "AUC": 0.8925593697889714}, "Overall": {"Accuracy": 0.8840381991814461, "Sensitivity": 0.9324393459536942, "Specificity": 0.8842242371815848, "AUC": 0.9479097695527747}}, "label_names": [[11, 6, 4, 8, 1, 0, 3, 9, 2, 5, 7, 12], [11, 6, 4, 8, 1, 0, 3, 9, 2, 5, 7, 10]]}