{"shared_labels": 11, "perf": [0.08833079040050507, 0.9757187962532043], "metrics": {"Label_0": {"Optimal Threshold": 0.4095444679260254, "Accuracy": 0.9508867667121419, "Sensitivity": 0.8513513513513513, "Specificity": 0.9620637329286799, "AUC": 0.9570192347127097}, "Label_1": {"Optimal Threshold": 0.10408081114292145, "Accuracy": 0.9399727148703957, "Sensitivity": 0.9577464788732394, "Specificity": 0.9380664652567976, "AUC": 0.9845964001531851}, "Label_2": {"Optimal Threshold": 0.42054858803749084, "Accuracy": 0.922237380627558, "Sensitivity": 0.9487179487179487, "Specificity": 0.9098196392785571, "AUC": 0.975909083123512}, "Label_3": {"Optimal Threshold": 0.3714647591114044, "Accuracy": 0.9140518417462483, "Sensitivity": 0.9601769911504425, "Specificity": 0.893491124260355, "AUC": 0.9750484369272661}, "Label_4": {"Optimal Threshold": 0.020620133727788925, "Accuracy": 0.9099590723055935, "Sensitivity": 1.0, "Specificity": 0.9089655172413793, "AUC": 0.9705172413793104}, "Label_5": {"Optimal Threshold": 0.004551446530967951, "Accuracy": 0.7994542974079127, "Sensitivity": 1.0, "Specificity": 0.797799174690509, "AUC": 0.9321412196240256}, "Label_6": {"Optimal Threshold": 0.007462190464138985, "Accuracy": 0.844474761255116, "Sensitivity": 1.0, "Specificity": 0.8436213991769548, "AUC": 0.9303840877914952}, "Label_7": {"Optimal Threshold": 0.21476881206035614, "Accuracy": 0.9590723055934516, "Sensitivity": 0.9841269841269841, "Specificity": 0.9567164179104478, "AUC": 0.9877517176024639}, "Label_8": {"Optimal Threshold": 0.006923664826899767, "Accuracy": 0.9140518417462483, "Sensitivity": 1.0, "Specificity": 0.9135802469135802, "AUC": 0.9708504801097394}, "Label_9": {"Optimal Threshold": 0.05936237797141075, "Accuracy": 0.9345156889495225, "Sensitivity": 0.896551724137931, "Specificity": 0.9360795454545454, "AUC": 0.9427899686520376}, "Label_10": {"Optimal Threshold": 0.04880870133638382, "Accuracy": 0.9058663028649386, "Sensitivity": 0.9166666666666666, "Specificity": 0.9056865464632455, "AUC": 0.9515718908922792}, "Label_11": {"Optimal Threshold": 0.004140203353017569, "Accuracy": 0.8472032742155525, "Sensitivity": 1.0, "Specificity": 0.8422535211267606, "AUC": 0.9721984078383343}, "Label_12": {"Optimal Threshold": 0.05785011872649193, "Accuracy": 0.8758526603001364, "Sensitivity": 0.8867924528301887, "Specificity": 0.875, "AUC": 0.9300499445061043}, "Overall": {"Accuracy": 0.9013537621996011, "Sensitivity": 0.9540100459888271, "Specificity": 0.8987033331309087, "AUC": 0.9600637010240356}}, "label_names": [[5, 4, 11, 3, 8, 2, 12, 10, 6, 1, 9, 0], [5, 4, 11, 3, 8, 2, 12, 10, 6, 1, 9, 7]]}