{"shared_labels": 8, "perf": [0.09273741394281387, 0.9767754077911377], "metrics": {"Label_0": {"Optimal Threshold": 0.017000138759613037, "Accuracy": 0.8990450204638472, "Sensitivity": 0.8985507246376812, "Specificity": 0.8990963855421686, "AUC": 0.9673258250392875}, "Label_1": {"Optimal Threshold": 0.027823880314826965, "Accuracy": 0.9236016371077762, "Sensitivity": 0.9655172413793104, "Specificity": 0.92, "AUC": 0.9846743295019157}, "Label_2": {"Optimal Threshold": 0.5153893828392029, "Accuracy": 0.9249658935879945, "Sensitivity": 0.9122807017543859, "Specificity": 0.9306930693069307, "AUC": 0.9733976029181864}, "Label_3": {"Optimal Threshold": 0.42785707116127014, "Accuracy": 0.9304229195088677, "Sensitivity": 0.9321266968325792, "Specificity": 0.9296875, "AUC": 0.9759173501131222}, "Label_4": {"Optimal Threshold": 0.013642415404319763, "Accuracy": 0.956343792633015, "Sensitivity": 0.8571428571428571, "Specificity": 0.9573002754820936, "AUC": 0.9647776465958285}, "Label_5": {"Optimal Threshold": 0.028809359297156334, "Accuracy": 0.9522510231923602, "Sensitivity": 0.8, "Specificity": 0.9532967032967034, "AUC": 0.9244505494505495}, "Label_6": {"Optimal Threshold": 0.005543375853449106, "Accuracy": 0.8144611186903138, "Sensitivity": 1.0, "Specificity": 0.8116343490304709, "AUC": 0.9642407454041804}, "Label_7": {"Optimal Threshold": 0.1673804074525833, "Accuracy": 0.9768076398362893, "Sensitivity": 1.0, "Specificity": 0.9746646795827124, "AUC": 0.9933657035719436}, "Label_8": {"Optimal Threshold": 0.006180705036967993, "Accuracy": 0.878581173260573, "Sensitivity": 1.0, "Specificity": 0.8782489740082079, "AUC": 0.8803009575923393}, "Label_9": {"Optimal Threshold": 0.016591699793934822, "Accuracy": 0.897680763983629, "Sensitivity": 0.9375, "Specificity": 0.8958630527817404, "AUC": 0.9499821683309557}, "Label_10": {"Optimal Threshold": 0.012194598093628883, "Accuracy": 0.7994542974079127, "Sensitivity": 0.8888888888888888, "Specificity": 0.7972027972027972, "AUC": 0.9105672105672106}, "Label_11": {"Optimal Threshold": 0.00968255940824747, "Accuracy": 0.9236016371077762, "Sensitivity": 1.0, "Specificity": 0.9216783216783216, "AUC": 0.9842268842268841}, "Label_12": {"Optimal Threshold": 0.03948235139250755, "Accuracy": 0.7339699863574352, "Sensitivity": 0.9215686274509803, "Specificity": 0.7199413489736071, "AUC": 0.8958944281524927}, "Overall": {"Accuracy": 0.8931682233182916, "Sensitivity": 0.9318135183143603, "Specificity": 0.8914851889912119, "AUC": 0.9514708770357613}}, "label_names": [[11, 10, 3, 2, 6, 4, 9, 7, 5, 1, 12], [11, 10, 3, 2, 6, 4, 9, 7, 0, 8]]}