{"shared_labels": 8, "perf": [0.0884004607796669, 0.9790619611740112], "metrics": {"Label_0": {"Optimal Threshold": 0.06080751493573189, "Accuracy": 0.8840381991814461, "Sensitivity": 0.9176470588235294, "Specificity": 0.8796296296296297, "AUC": 0.9601307189542484}, "Label_1": {"Optimal Threshold": 0.04348726198077202, "Accuracy": 0.903137789904502, "Sensitivity": 0.9466666666666667, "Specificity": 0.898176291793313, "AUC": 0.9759270516717324}, "Label_2": {"Optimal Threshold": 0.33235394954681396, "Accuracy": 0.9181446111869032, "Sensitivity": 0.9551569506726457, "Specificity": 0.9019607843137255, "AUC": 0.9733051965180691}, "Label_3": {"Optimal Threshold": 0.43082621693611145, "Accuracy": 0.9263301500682128, "Sensitivity": 0.9490740740740741, "Specificity": 0.9168278529980658, "AUC": 0.9758130954939466}, "Label_4": {"Optimal Threshold": 0.03432935103774071, "Accuracy": 0.9481582537517054, "Sensitivity": 1.0, "Specificity": 0.9475862068965517, "AUC": 0.9818965517241379}, "Label_5": {"Optimal Threshold": 0.001206017448566854, "Accuracy": 0.7448840381991815, "Sensitivity": 1.0, "Specificity": 0.7434842249657064, "AUC": 0.8888888888888888}, "Label_6": {"Optimal Threshold": 0.03679817169904709, "Accuracy": 0.9536152796725784, "Sensitivity": 1.0, "Specificity": 0.953360768175583, "AUC": 0.9873113854595337}, "Label_7": {"Optimal Threshold": 0.03459542617201805, "Accuracy": 0.9440654843110505, "Sensitivity": 1.0, "Specificity": 0.9397944199706314, "AUC": 0.9935615045747204}, "Label_8": {"Optimal Threshold": 0.0033886057790368795, "Accuracy": 0.8567530695770805, "Sensitivity": 1.0, "Specificity": 0.8561643835616438, "AUC": 0.9474885844748858}, "Label_9": {"Optimal Threshold": 0.04526938498020172, "Accuracy": 0.9140518417462483, "Sensitivity": 1.0, "Specificity": 0.9111424541607899, "AUC": 0.9856605547719793}, "Label_10": {"Optimal Threshold": 0.014893162995576859, "Accuracy": 0.7789904502046384, "Sensitivity": 1.0, "Specificity": 0.7753120665742025, "AUC": 0.9388580674988443}, "Label_11": {"Optimal Threshold": 0.016518762335181236, "Accuracy": 0.9167803547066848, "Sensitivity": 1.0, "Specificity": 0.9145658263305322, "AUC": 0.9806870116467639}, "Label_12": {"Optimal Threshold": 0.04494668170809746, "Accuracy": 0.810368349249659, "Sensitivity": 0.8709677419354839, "Specificity": 0.8047690014903129, "AUC": 0.9061823950771597}, "Overall": {"Accuracy": 0.8845629132122994, "Sensitivity": 0.9722701917055693, "Specificity": 0.8802133777585144, "AUC": 0.9612085389811468}}, "label_names": [[2, 3, 7, 9, 0, 11, 6, 8, 1, 10, 4], [2, 3, 7, 9, 0, 11, 6, 8, 5, 12]]}