{"shared_labels": 9, "perf": [0.08929823338985443, 0.9765006899833679], "metrics": {"Label_0": {"Optimal Threshold": 0.07410609722137451, "Accuracy": 0.9304229195088677, "Sensitivity": 0.9315068493150684, "Specificity": 0.9303030303030303, "AUC": 0.9763387297633872}, "Label_1": {"Optimal Threshold": 0.020868320018053055, "Accuracy": 0.9045020463847203, "Sensitivity": 1.0, "Specificity": 0.8950524737631185, "AUC": 0.9879832810867293}, "Label_2": {"Optimal Threshold": 0.2496076077222824, "Accuracy": 0.9195088676671214, "Sensitivity": 0.9139344262295082, "Specificity": 0.9222903885480572, "AUC": 0.9717221495859734}, "Label_3": {"Optimal Threshold": 0.3575849235057831, "Accuracy": 0.937244201909959, "Sensitivity": 0.9113924050632911, "Specificity": 0.9495967741935484, "AUC": 0.9733309514087383}, "Label_4": {"Optimal Threshold": 0.0022046074736863375, "Accuracy": 0.844474761255116, "Sensitivity": 1.0, "Specificity": 0.8421052631578947, "AUC": 0.962226139511458}, "Label_5": {"Optimal Threshold": 0.04251951351761818, "Accuracy": 0.9536152796725784, "Sensitivity": 1.0, "Specificity": 0.953360768175583, "AUC": 0.9783950617283951}, "Label_6": {"Optimal Threshold": 0.1948920041322708, "Accuracy": 0.9877216916780355, "Sensitivity": 1.0, "Specificity": 0.987688098495212, "AUC": 0.9911080711354309}, "Label_7": {"Optimal Threshold": 0.1937539130449295, "Accuracy": 0.975443383356071, "Sensitivity": 0.953125, "Specificity": 0.9775784753363229, "AUC": 0.9887425261584454}, "Label_8": {"Optimal Threshold": 0.08018280565738678, "Accuracy": 0.9795361527967258, "Sensitivity": 0.75, "Specificity": 0.9807956104252401, "AUC": 0.8981481481481481}, "Label_9": {"Optimal Threshold": 0.09134673327207565, "Accuracy": 0.9236016371077762, "Sensitivity": 0.9629629629629629, "Specificity": 0.9220963172804533, "AUC": 0.9762354422411079}, "Label_10": {"Optimal Threshold": 0.01748165488243103, "Accuracy": 0.8240109140518418, "Sensitivity": 0.9375, "Specificity": 0.8214783821478382, "AUC": 0.931136680613668}, "Label_11": {"Optimal Threshold": 0.10763657093048096, "Accuracy": 0.9727148703956344, "Sensitivity": 1.0, "Specificity": 0.972183588317107, "AUC": 0.9857937611762368}, "Label_12": {"Optimal Threshold": 0.056763969361782074, "Accuracy": 0.8226466575716235, "Sensitivity": 0.8181818181818182, "Specificity": 0.823088455772114, "AUC": 0.8952342010812776}, "Overall": {"Accuracy": 0.9211879525658516, "Sensitivity": 0.93681565090405, "Specificity": 0.9213552019935013, "AUC": 0.962799626433769}}, "label_names": [[4, 7, 6, 9, 2, 11, 3, 0, 1, 8, 5], [4, 7, 6, 9, 2, 11, 3, 0, 1, 10, 12]]}