{"shared_labels": 9, "perf": [0.08631329983472824, 0.979681134223938], "metrics": {"Label_0": {"Optimal Threshold": 0.13883130252361298, "Accuracy": 0.9427012278308322, "Sensitivity": 0.8695652173913043, "Specificity": 0.9503012048192772, "AUC": 0.9739174087654968}, "Label_1": {"Optimal Threshold": 0.0831567794084549, "Accuracy": 0.9577080491132333, "Sensitivity": 0.9310344827586207, "Specificity": 0.96, "AUC": 0.9889399744572158}, "Label_2": {"Optimal Threshold": 0.40199193358421326, "Accuracy": 0.9154160982264665, "Sensitivity": 0.9342105263157895, "Specificity": 0.906930693069307, "AUC": 0.9742226854264374}, "Label_3": {"Optimal Threshold": 0.5365806221961975, "Accuracy": 0.927694406548431, "Sensitivity": 0.9140271493212669, "Specificity": 0.93359375, "AUC": 0.9765183116515836}, "Label_4": {"Optimal Threshold": 0.000821541587356478, "Accuracy": 0.7503410641200545, "Sensitivity": 1.0, "Specificity": 0.7479338842975206, "AUC": 0.944116489571035}, "Label_5": {"Optimal Threshold": 0.0024906229227781296, "Accuracy": 0.7462482946793997, "Sensitivity": 1.0, "Specificity": 0.7445054945054945, "AUC": 0.9271978021978022}, "Label_6": {"Optimal Threshold": 0.02061443403363228, "Accuracy": 0.8922237380627558, "Sensitivity": 1.0, "Specificity": 0.8905817174515236, "AUC": 0.972928733316545}, "Label_7": {"Optimal Threshold": 0.07027086615562439, "Accuracy": 0.9481582537517054, "Sensitivity": 1.0, "Specificity": 0.9433681073025335, "AUC": 0.9913225325705495}, "Label_8": {"Optimal Threshold": 0.0024679782800376415, "Accuracy": 0.8321964529331515, "Sensitivity": 1.0, "Specificity": 0.8317373461012312, "AUC": 0.8440492476060192}, "Label_9": {"Optimal Threshold": 0.04375776648521423, "Accuracy": 0.9195088676671214, "Sensitivity": 0.90625, "Specificity": 0.920114122681883, "AUC": 0.9486002139800286}, "Label_10": {"Optimal Threshold": 0.008257628418505192, "Accuracy": 0.7585266030013642, "Sensitivity": 0.9444444444444444, "Specificity": 0.7538461538461538, "AUC": 0.9146076146076146}, "Label_11": {"Optimal Threshold": 0.01960175670683384, "Accuracy": 0.9113233287858117, "Sensitivity": 1.0, "Specificity": 0.9090909090909091, "AUC": 0.9811965811965812}, "Label_12": {"Optimal Threshold": 0.08421102166175842, "Accuracy": 0.8758526603001364, "Sensitivity": 0.8823529411764706, "Specificity": 0.875366568914956, "AUC": 0.9497441205221091}, "Overall": {"Accuracy": 0.8752230034631127, "Sensitivity": 0.9524526739544537, "Specificity": 0.8744130732369837, "AUC": 0.9528739781437707}}, "label_names": [[8, 9, 12, 11, 0, 2, 3, 5, 10, 1, 4], [8, 9, 12, 11, 0, 2, 3, 5, 10, 7, 6]]}