{"shared_labels": 6, "perf": [0.08965589106082916, 0.975468635559082], "metrics": {"Label_0": {"Optimal Threshold": 0.028496872633695602, "Accuracy": 0.8703956343792633, "Sensitivity": 0.9565217391304348, "Specificity": 0.8614457831325302, "AUC": 0.9693775100401606}, "Label_1": {"Optimal Threshold": 0.02873147837817669, "Accuracy": 0.9045020463847203, "Sensitivity": 0.9827586206896551, "Specificity": 0.8977777777777778, "AUC": 0.9853384418901661}, "Label_2": {"Optimal Threshold": 0.30737370252609253, "Accuracy": 0.9140518417462483, "Sensitivity": 0.9342105263157895, "Specificity": 0.904950495049505, "AUC": 0.9747264200104221}, "Label_3": {"Optimal Threshold": 0.5637410283088684, "Accuracy": 0.9263301500682128, "Sensitivity": 0.9230769230769231, "Specificity": 0.927734375, "AUC": 0.9749098557692308}, "Label_4": {"Optimal Threshold": 0.0700359120965004, "Accuracy": 0.9577080491132333, "Sensitivity": 0.8571428571428571, "Specificity": 0.9586776859504132, "AUC": 0.9425423061786697}, "Label_5": {"Optimal Threshold": 0.1103493869304657, "Accuracy": 0.9890859481582538, "Sensitivity": 0.8, "Specificity": 0.9903846153846154, "AUC": 0.904945054945055}, "Label_6": {"Optimal Threshold": 0.025059262290596962, "Accuracy": 0.937244201909959, "Sensitivity": 1.0, "Specificity": 0.9362880886426593, "AUC": 0.980105766809368}, "Label_7": {"Optimal Threshold": 0.23674722015857697, "Accuracy": 0.9768076398362893, "Sensitivity": 1.0, "Specificity": 0.9746646795827124, "AUC": 0.9938464496899188}, "Label_8": {"Optimal Threshold": 0.00217461003921926, "Accuracy": 0.7216916780354706, "Sensitivity": 1.0, "Specificity": 0.7209302325581395, "AUC": 0.7920656634746922}, "Label_9": {"Optimal Threshold": 0.11751320213079453, "Accuracy": 0.9399727148703957, "Sensitivity": 0.78125, "Specificity": 0.9472182596291013, "AUC": 0.930367332382311}, "Label_10": {"Optimal Threshold": 0.03321952372789383, "Accuracy": 0.8663028649386084, "Sensitivity": 0.7777777777777778, "Specificity": 0.8685314685314686, "AUC": 0.8865578865578866}, "Label_11": {"Optimal Threshold": 0.01261918991804123, "Accuracy": 0.931787175989086, "Sensitivity": 0.9444444444444444, "Specificity": 0.9314685314685315, "AUC": 0.9756021756021755}, "Label_12": {"Optimal Threshold": 0.11481036990880966, "Accuracy": 0.8308321964529332, "Sensitivity": 0.9019607843137255, "Specificity": 0.8255131964809385, "AUC": 0.9246736817894313}, "Overall": {"Accuracy": 0.9051317032217442, "Sensitivity": 0.9122418209916622, "Specificity": 0.9035065530144918, "AUC": 0.9411583496261143}}, "label_names": [[5, 8, 2, 11, 0, 6, 4, 1, 12, 9], [5, 8, 2, 11, 0, 6, 3, 10, 7]]}