{"shared_labels": 6, "perf": [0.09228922426700592, 0.9744762778282166], "metrics": {"Label_0": {"Optimal Threshold": 0.008080491796135902, "Accuracy": 0.8608458390177354, "Sensitivity": 0.9540229885057471, "Specificity": 0.848297213622291, "AUC": 0.9586313654318352}, "Label_1": {"Optimal Threshold": 0.01651737466454506, "Accuracy": 0.937244201909959, "Sensitivity": 0.9411764705882353, "Specificity": 0.9368421052631579, "AUC": 0.9812472357363998}, "Label_2": {"Optimal Threshold": 0.13702905178070068, "Accuracy": 0.9099590723055935, "Sensitivity": 0.9613733905579399, "Specificity": 0.886, "AUC": 0.9763261802575107}, "Label_3": {"Optimal Threshold": 0.15101681649684906, "Accuracy": 0.9113233287858117, "Sensitivity": 0.9459459459459459, "Specificity": 0.8962818003913894, "AUC": 0.9748858447488585}, "Label_4": {"Optimal Threshold": 0.023566454648971558, "Accuracy": 0.9536152796725784, "Sensitivity": 0.8333333333333334, "Specificity": 0.9546079779917469, "AUC": 0.9552957359009628}, "Label_5": {"Optimal Threshold": 0.00974545069038868, "Accuracy": 0.8581173260572987, "Sensitivity": 1.0, "Specificity": 0.8573388203017832, "AUC": 0.9430727023319617}, "Label_6": {"Optimal Threshold": 0.07547734677791595, "Accuracy": 0.9699863574351978, "Sensitivity": 1.0, "Specificity": 0.9697386519944979, "AUC": 0.990600641907382}, "Label_7": {"Optimal Threshold": 0.03800154849886894, "Accuracy": 0.9536152796725784, "Sensitivity": 0.9402985074626866, "Specificity": 0.954954954954955, "AUC": 0.9844695441710367}, "Label_8": {"Optimal Threshold": 0.0344223752617836, "Accuracy": 0.9645293315143247, "Sensitivity": 1.0, "Specificity": 0.9641873278236914, "AUC": 0.9915387642660369}, "Label_9": {"Optimal Threshold": 0.04738573729991913, "Accuracy": 0.9399727148703957, "Sensitivity": 0.96, "Specificity": 0.9392655367231638, "AUC": 0.9766666666666667}, "Label_10": {"Optimal Threshold": 0.0104351956397295, "Accuracy": 0.7285129604365621, "Sensitivity": 1.0, "Specificity": 0.7236111111111111, "AUC": 0.9225427350427351}, "Label_11": {"Optimal Threshold": 0.03995556756854057, "Accuracy": 0.927694406548431, "Sensitivity": 0.9375, "Specificity": 0.9274755927475593, "AUC": 0.9645223152022315}, "Label_12": {"Optimal Threshold": 0.0614321194589138, "Accuracy": 0.810368349249659, "Sensitivity": 0.9245283018867925, "Specificity": 0.8014705882352942, "AUC": 0.921087680355161}, "Overall": {"Accuracy": 0.9019834190366249, "Sensitivity": 0.9537060721754369, "Specificity": 0.8969285908585108, "AUC": 0.9646836470783676}}, "label_names": [[2, 10, 3, 8, 6, 0, 11, 4, 1, 12], [2, 10, 3, 8, 6, 0, 7, 5, 9]]}