{"shared_labels": 2, "perf": [0.09848672151565552, 0.9699797630310059], "metrics": {"Label_0": {"Optimal Threshold": 0.2015836387872696, "Accuracy": 0.9386084583901774, "Sensitivity": 0.8695652173913043, "Specificity": 0.9457831325301205, "AUC": 0.9637681159420289}, "Label_1": {"Optimal Threshold": 0.11639831960201263, "Accuracy": 0.9236016371077762, "Sensitivity": 0.9482758620689655, "Specificity": 0.9214814814814815, "AUC": 0.9798978288633461}, "Label_2": {"Optimal Threshold": 0.20233632624149323, "Accuracy": 0.9140518417462483, "Sensitivity": 0.868421052631579, "Specificity": 0.9346534653465347, "AUC": 0.9625759944415494}, "Label_3": {"Optimal Threshold": 0.11871422827243805, "Accuracy": 0.9140518417462483, "Sensitivity": 0.918552036199095, "Specificity": 0.912109375, "AUC": 0.9686351102941178}, "Label_4": {"Optimal Threshold": 0.0029671424999833107, "Accuracy": 0.8485675306957708, "Sensitivity": 1.0, "Specificity": 0.8471074380165289, "AUC": 0.970680834317198}, "Label_5": {"Optimal Threshold": 0.054141364991664886, "Accuracy": 0.9604365620736699, "Sensitivity": 0.8, "Specificity": 0.9615384615384616, "AUC": 0.9348901098901099}, "Label_6": {"Optimal Threshold": 0.010058308020234108, "Accuracy": 0.8840381991814461, "Sensitivity": 1.0, "Specificity": 0.8822714681440443, "AUC": 0.9639889196675901}, "Label_7": {"Optimal Threshold": 0.08270645886659622, "Accuracy": 0.9645293315143247, "Sensitivity": 1.0, "Specificity": 0.9612518628912071, "AUC": 0.9906014133935869}, "Label_8": {"Optimal Threshold": 0.015665540471673012, "Accuracy": 0.897680763983629, "Sensitivity": 1.0, "Specificity": 0.8974008207934336, "AUC": 0.9035567715458276}, "Label_9": {"Optimal Threshold": 0.052442364394664764, "Accuracy": 0.91268758526603, "Sensitivity": 0.9375, "Specificity": 0.9115549215406562, "AUC": 0.9523894436519258}, "Label_10": {"Optimal Threshold": 0.011327369138598442, "Accuracy": 0.8049113233287858, "Sensitivity": 0.9444444444444444, "Specificity": 0.8013986013986014, "AUC": 0.9446775446775447}, "Label_11": {"Optimal Threshold": 0.006424299906939268, "Accuracy": 0.8854024556616644, "Sensitivity": 1.0, "Specificity": 0.8825174825174825, "AUC": 0.9754467754467754}, "Label_12": {"Optimal Threshold": 0.036534905433654785, "Accuracy": 0.7462482946793997, "Sensitivity": 0.9019607843137255, "Specificity": 0.7346041055718475, "AUC": 0.9012707722385142}, "Overall": {"Accuracy": 0.891908909644244, "Sensitivity": 0.9375937997730088, "Specificity": 0.8918209705207999, "AUC": 0.9547984334130857}}, "label_names": [[9, 10, 8, 3, 0, 12, 1, 2], [9, 10, 7, 4, 5, 6, 11]]}