{"shared_labels": 2, "perf": [0.08940919488668442, 0.9786781668663025], "metrics": {"Label_0": {"Optimal Threshold": 0.15398727357387543, "Accuracy": 0.9249658935879945, "Sensitivity": 0.8620689655172413, "Specificity": 0.93343653250774, "AUC": 0.9533646489448775}, "Label_1": {"Optimal Threshold": 0.18681380152702332, "Accuracy": 0.9590723055934516, "Sensitivity": 0.9117647058823529, "Specificity": 0.9639097744360903, "AUC": 0.9821760283060592}, "Label_2": {"Optimal Threshold": 0.14284180104732513, "Accuracy": 0.897680763983629, "Sensitivity": 0.9484978540772532, "Specificity": 0.874, "AUC": 0.9718197424892705}, "Label_3": {"Optimal Threshold": 0.3821985125541687, "Accuracy": 0.9249658935879945, "Sensitivity": 0.918918918918919, "Specificity": 0.9275929549902152, "AUC": 0.9760318047989281}, "Label_4": {"Optimal Threshold": 0.11387437582015991, "Accuracy": 0.9713506139154161, "Sensitivity": 0.8333333333333334, "Specificity": 0.9724896836313618, "AUC": 0.9594222833562586}, "Label_5": {"Optimal Threshold": 0.03627521172165871, "Accuracy": 0.9590723055934516, "Sensitivity": 1.0, "Specificity": 0.9588477366255144, "AUC": 0.9794238683127572}, "Label_6": {"Optimal Threshold": 0.05665042623877525, "Accuracy": 0.9727148703956344, "Sensitivity": 1.0, "Specificity": 0.9724896836313618, "AUC": 0.9903713892709766}, "Label_7": {"Optimal Threshold": 0.2442770153284073, "Accuracy": 0.975443383356071, "Sensitivity": 0.9402985074626866, "Specificity": 0.978978978978979, "AUC": 0.9876294204652414}, "Label_8": {"Optimal Threshold": 0.024088989943265915, "Accuracy": 0.9672578444747613, "Sensitivity": 1.0, "Specificity": 0.9669421487603306, "AUC": 0.9860291223927589}, "Label_9": {"Optimal Threshold": 0.04570472240447998, "Accuracy": 0.9017735334242838, "Sensitivity": 0.96, "Specificity": 0.8997175141242938, "AUC": 0.9761016949152542}, "Label_10": {"Optimal Threshold": 0.018656231462955475, "Accuracy": 0.73806275579809, "Sensitivity": 0.9230769230769231, "Specificity": 0.7347222222222223, "AUC": 0.8721153846153846}, "Label_11": {"Optimal Threshold": 0.012258544564247131, "Accuracy": 0.8799454297407913, "Sensitivity": 0.9375, "Specificity": 0.8786610878661087, "AUC": 0.9402022315202232}, "Label_12": {"Optimal Threshold": 0.14915958046913147, "Accuracy": 0.8703956343792633, "Sensitivity": 0.8679245283018868, "Specificity": 0.8705882352941177, "AUC": 0.9261931187569367}, "Overall": {"Accuracy": 0.9186693252177563, "Sensitivity": 0.9310295181977383, "Specificity": 0.917875119466795, "AUC": 0.9616062106265327}}, "label_names": [[5, 3, 2, 10, 0, 8, 4, 1], [5, 3, 9, 7, 11, 12, 6]]}