{"shared_labels": 13, "perf": [0.08705230057239532, 0.977362871170044], "metrics": {"Label_0": {"Optimal Threshold": 0.05255876109004021, "Accuracy": 0.9045020463847203, "Sensitivity": 0.9130434782608695, "Specificity": 0.9036144578313253, "AUC": 0.9710581456259821}, "Label_1": {"Optimal Threshold": 0.03163795918226242, "Accuracy": 0.9140518417462483, "Sensitivity": 0.9655172413793104, "Specificity": 0.9096296296296297, "AUC": 0.9853384418901661}, "Label_2": {"Optimal Threshold": 0.49124398827552795, "Accuracy": 0.9290586630286494, "Sensitivity": 0.9035087719298246, "Specificity": 0.9405940594059405, "AUC": 0.9738231717908633}, "Label_3": {"Optimal Threshold": 0.3683837056159973, "Accuracy": 0.931787175989086, "Sensitivity": 0.9276018099547512, "Specificity": 0.93359375, "AUC": 0.9757317590497736}, "Label_4": {"Optimal Threshold": 0.016573883593082428, "Accuracy": 0.9358799454297408, "Sensitivity": 0.8571428571428571, "Specificity": 0.9366391184573003, "AUC": 0.9588744588744589}, "Label_5": {"Optimal Threshold": 0.0027724073734134436, "Accuracy": 0.7612551159618008, "Sensitivity": 1.0, "Specificity": 0.7596153846153846, "AUC": 0.9409340659340659}, "Label_6": {"Optimal Threshold": 0.04010036587715149, "Accuracy": 0.9427012278308322, "Sensitivity": 0.9090909090909091, "Specificity": 0.943213296398892, "AUC": 0.9700327373457567}, "Label_7": {"Optimal Threshold": 0.11656160652637482, "Accuracy": 0.9713506139154161, "Sensitivity": 1.0, "Specificity": 0.9687034277198212, "AUC": 0.9931012932070573}, "Label_8": {"Optimal Threshold": 0.0024636583402752876, "Accuracy": 0.82537517053206, "Sensitivity": 1.0, "Specificity": 0.8248974008207934, "AUC": 0.8522571819425445}, "Label_9": {"Optimal Threshold": 0.03225181996822357, "Accuracy": 0.9140518417462483, "Sensitivity": 0.9375, "Specificity": 0.912981455064194, "AUC": 0.947351997146933}, "Label_10": {"Optimal Threshold": 0.011231099255383015, "Accuracy": 0.7694406548431105, "Sensitivity": 0.8888888888888888, "Specificity": 0.7664335664335664, "AUC": 0.8949494949494949}, "Label_11": {"Optimal Threshold": 0.030028309673070908, "Accuracy": 0.9508867667121419, "Sensitivity": 0.9444444444444444, "Specificity": 0.951048951048951, "AUC": 0.9714840714840716}, "Label_12": {"Optimal Threshold": 0.12889547646045685, "Accuracy": 0.8635743519781719, "Sensitivity": 0.9019607843137255, "Specificity": 0.8607038123167156, "AUC": 0.9455177965614399}, "Overall": {"Accuracy": 0.893378108930633, "Sensitivity": 0.9345153219542754, "Specificity": 0.8932052545955782, "AUC": 0.9523426627540469}}, "label_names": [[4, 8, 2, 10, 5, 3, 12, 0, 9, 6, 11, 1, 7], [4, 8, 2, 10, 5, 3, 12, 0, 9, 6, 11, 1, 7]]}