{"shared_labels": 13, "perf": [0.08639965206384659, 0.9792354106903076], "metrics": {"Label_0": {"Optimal Threshold": 0.030968988314270973, "Accuracy": 0.9085948158253752, "Sensitivity": 0.9146341463414634, "Specificity": 0.9078341013824884, "AUC": 0.9692593008879397}, "Label_1": {"Optimal Threshold": 0.1520020067691803, "Accuracy": 0.9822646657571623, "Sensitivity": 0.9230769230769231, "Specificity": 0.9880239520958084, "AUC": 0.9874481805619532}, "Label_2": {"Optimal Threshold": 0.7179088592529297, "Accuracy": 0.9331514324693042, "Sensitivity": 0.9191489361702128, "Specificity": 0.9397590361445783, "AUC": 0.9759805178159446}, "Label_3": {"Optimal Threshold": 0.5128555297851562, "Accuracy": 0.9263301500682128, "Sensitivity": 0.9653679653679653, "Specificity": 0.9083665338645418, "AUC": 0.9779238026249978}, "Label_4": {"Optimal Threshold": 0.28824082016944885, "Accuracy": 0.9877216916780355, "Sensitivity": 1.0, "Specificity": 0.9876203576341128, "AUC": 0.9970197157267309}, "Label_5": {"Optimal Threshold": 0.004052472300827503, "Accuracy": 0.7830832196452933, "Sensitivity": 1.0, "Specificity": 0.7815934065934066, "AUC": 0.9282967032967033}, "Label_6": {"Optimal Threshold": 0.036169491708278656, "Accuracy": 0.9263301500682128, "Sensitivity": 1.0, "Specificity": 0.9255172413793104, "AUC": 0.9768965517241379}, "Label_7": {"Optimal Threshold": 0.09946250170469284, "Accuracy": 0.9522510231923602, "Sensitivity": 0.984375, "Specificity": 0.9491778774289985, "AUC": 0.9902139387144994}, "Label_8": {"Optimal Threshold": 0.0038013961166143417, "Accuracy": 0.8472032742155525, "Sensitivity": 1.0, "Specificity": 0.8463648834019204, "AUC": 0.9499314128943759}, "Label_9": {"Optimal Threshold": 0.1576910763978958, "Accuracy": 0.956343792633015, "Sensitivity": 0.88, "Specificity": 0.9590395480225988, "AUC": 0.9697175141242937}, "Label_10": {"Optimal Threshold": 0.04721357673406601, "Accuracy": 0.9167803547066848, "Sensitivity": 0.9333333333333333, "Specificity": 0.9164345403899722, "AUC": 0.950510677808728}, "Label_11": {"Optimal Threshold": 0.09519150853157043, "Accuracy": 0.9740791268758526, "Sensitivity": 1.0, "Specificity": 0.9736111111111111, "AUC": 0.991559829059829}, "Label_12": {"Optimal Threshold": 0.052047476172447205, "Accuracy": 0.8663028649386084, "Sensitivity": 0.8275862068965517, "Specificity": 0.8696296296296296, "AUC": 0.9098339719029374}, "Overall": {"Accuracy": 0.9200335816979746, "Sensitivity": 0.9498094239374193, "Specificity": 0.9194594014675752, "AUC": 0.9672763167033132}}, "label_names": [[0, 11, 3, 2, 6, 1, 7, 10, 9, 4, 12, 5, 8], [0, 11, 3, 2, 6, 1, 7, 10, 9, 4, 12, 5, 8]]}