{"shared_labels": 1, "perf": [0.0891878604888916, 0.9775413274765015], "metrics": {"Label_0": {"Optimal Threshold": 0.06432553380727768, "Accuracy": 0.9249658935879945, "Sensitivity": 0.8695652173913043, "Specificity": 0.9307228915662651, "AUC": 0.9637681159420289}, "Label_1": {"Optimal Threshold": 0.028293129056692123, "Accuracy": 0.922237380627558, "Sensitivity": 0.9655172413793104, "Specificity": 0.9185185185185185, "AUC": 0.9860791826309067}, "Label_2": {"Optimal Threshold": 0.20144392549991608, "Accuracy": 0.91268758526603, "Sensitivity": 0.9385964912280702, "Specificity": 0.900990099009901, "AUC": 0.9746308841410456}, "Label_3": {"Optimal Threshold": 0.17969205975532532, "Accuracy": 0.9113233287858117, "Sensitivity": 0.9547511312217195, "Specificity": 0.892578125, "AUC": 0.9756080316742082}, "Label_4": {"Optimal Threshold": 0.009213834069669247, "Accuracy": 0.927694406548431, "Sensitivity": 0.8571428571428571, "Specificity": 0.928374655647383, "AUC": 0.9549390003935458}, "Label_5": {"Optimal Threshold": 0.0013485723175108433, "Accuracy": 0.7939972714870396, "Sensitivity": 1.0, "Specificity": 0.7925824175824175, "AUC": 0.9384615384615383}, "Label_6": {"Optimal Threshold": 0.007807561662048101, "Accuracy": 0.8854024556616644, "Sensitivity": 1.0, "Specificity": 0.8836565096952909, "AUC": 0.9701586502140519}, "Label_7": {"Optimal Threshold": 0.1339804232120514, "Accuracy": 0.9672578444747613, "Sensitivity": 1.0, "Specificity": 0.9642324888226528, "AUC": 0.9930291812893611}, "Label_8": {"Optimal Threshold": 0.005293319467455149, "Accuracy": 0.9017735334242838, "Sensitivity": 1.0, "Specificity": 0.9015047879616963, "AUC": 0.9165526675786594}, "Label_9": {"Optimal Threshold": 0.03680591285228729, "Accuracy": 0.9208731241473397, "Sensitivity": 0.90625, "Specificity": 0.9215406562054208, "AUC": 0.9530135520684736}, "Label_10": {"Optimal Threshold": 0.007096173241734505, "Accuracy": 0.791268758526603, "Sensitivity": 0.9444444444444444, "Specificity": 0.7874125874125875, "AUC": 0.9226107226107226}, "Label_11": {"Optimal Threshold": 0.02565828710794449, "Accuracy": 0.9522510231923602, "Sensitivity": 0.9444444444444444, "Specificity": 0.9524475524475524, "AUC": 0.9752136752136752}, "Label_12": {"Optimal Threshold": 0.09283093363046646, "Accuracy": 0.878581173260573, "Sensitivity": 0.7843137254901961, "Specificity": 0.8856304985337243, "AUC": 0.9204761083318957}, "Overall": {"Accuracy": 0.8992549060761886, "Sensitivity": 0.935771196364796, "Specificity": 0.8969378298771853, "AUC": 0.9572724085038549}}, "label_names": [[2, 10, 3, 5, 1, 7, 9], [2, 12, 6, 11, 4, 0, 8]]}