{"shared_labels": 1, "perf": [0.10298489034175873, 0.9687668085098267], "metrics": {"Label_0": {"Optimal Threshold": 0.06141434982419014, "Accuracy": 0.8963165075034106, "Sensitivity": 0.8837209302325582, "Specificity": 0.8979907264296755, "AUC": 0.952949211027641}, "Label_1": {"Optimal Threshold": 0.056761033833026886, "Accuracy": 0.9454297407912687, "Sensitivity": 0.9444444444444444, "Specificity": 0.9455370650529501, "AUC": 0.9798075306774249}, "Label_2": {"Optimal Threshold": 0.07635154575109482, "Accuracy": 0.8990450204638472, "Sensitivity": 0.9256198347107438, "Specificity": 0.8859470468431772, "AUC": 0.9605460268300483}, "Label_3": {"Optimal Threshold": 0.21572990715503693, "Accuracy": 0.9140518417462483, "Sensitivity": 0.9399141630901288, "Specificity": 0.902, "AUC": 0.9697939914163091}, "Label_4": {"Optimal Threshold": 0.0092454943805933, "Accuracy": 0.9004092769440655, "Sensitivity": 0.9090909090909091, "Specificity": 0.9002770083102493, "AUC": 0.956811886174767}, "Label_5": {"Optimal Threshold": 0.0015371148474514484, "Accuracy": 0.7094133697135061, "Sensitivity": 1.0, "Specificity": 0.7078189300411523, "AUC": 0.9005486968449932}, "Label_6": {"Optimal Threshold": 0.2304619997739792, "Accuracy": 0.9918144611186903, "Sensitivity": 1.0, "Specificity": 0.9917920656634747, "AUC": 0.9952120383036935}, "Label_7": {"Optimal Threshold": 0.19638796150684357, "Accuracy": 0.9618008185538881, "Sensitivity": 0.9473684210526315, "Specificity": 0.9630177514792899, "AUC": 0.9833904287345583}, "Label_8": {"Optimal Threshold": 0.0020485471468418837, "Accuracy": 0.8035470668485676, "Sensitivity": 1.0, "Specificity": 0.8024691358024691, "AUC": 0.9482167352537723}, "Label_9": {"Optimal Threshold": 0.09595458954572678, "Accuracy": 0.9304229195088677, "Sensitivity": 0.9285714285714286, "Specificity": 0.9304964539007092, "AUC": 0.9700607902735563}, "Label_10": {"Optimal Threshold": 0.008278253488242626, "Accuracy": 0.7598908594815825, "Sensitivity": 0.9333333333333333, "Specificity": 0.7562674094707521, "AUC": 0.9025998142989786}, "Label_11": {"Optimal Threshold": 0.06937051564455032, "Accuracy": 0.9686221009549796, "Sensitivity": 0.9444444444444444, "Specificity": 0.9692307692307692, "AUC": 0.986013986013986}, "Label_12": {"Optimal Threshold": 0.06348661333322525, "Accuracy": 0.8308321964529332, "Sensitivity": 0.8333333333333334, "Specificity": 0.8306092124814265, "AUC": 0.8938583457157008}, "Overall": {"Accuracy": 0.8855073984678351, "Sensitivity": 0.937680095561843, "Specificity": 0.8833425826696997, "AUC": 0.9538314985819564}}, "label_names": [[11, 0, 6, 8, 4, 3, 7], [11, 10, 1, 12, 2, 9, 5]]}