{"shared_labels": 12, "perf": [0.08518633991479874, 0.9793576002120972], "metrics": {"Label_0": {"Optimal Threshold": 0.2024492472410202, "Accuracy": 0.9495225102319236, "Sensitivity": 0.8783783783783784, "Specificity": 0.9575113808801214, "AUC": 0.9633761227084444}, "Label_1": {"Optimal Threshold": 0.09491602331399918, "Accuracy": 0.9604365620736699, "Sensitivity": 0.9577464788732394, "Specificity": 0.9607250755287009, "AUC": 0.9876388238798349}, "Label_2": {"Optimal Threshold": 0.4413335919380188, "Accuracy": 0.927694406548431, "Sensitivity": 0.9273504273504274, "Specificity": 0.9278557114228457, "AUC": 0.9770395491838377}, "Label_3": {"Optimal Threshold": 0.22205989062786102, "Accuracy": 0.91268758526603, "Sensitivity": 0.9557522123893806, "Specificity": 0.893491124260355, "AUC": 0.9750484369272661}, "Label_4": {"Optimal Threshold": 0.016065021976828575, "Accuracy": 0.9181446111869032, "Sensitivity": 1.0, "Specificity": 0.9172413793103448, "AUC": 0.9691379310344828}, "Label_5": {"Optimal Threshold": 0.00817574467509985, "Accuracy": 0.8540245566166439, "Sensitivity": 1.0, "Specificity": 0.8528198074277854, "AUC": 0.9454378725355341}, "Label_6": {"Optimal Threshold": 0.011561642400920391, "Accuracy": 0.8526603001364257, "Sensitivity": 1.0, "Specificity": 0.8518518518518519, "AUC": 0.9259259259259258}, "Label_7": {"Optimal Threshold": 0.22352349758148193, "Accuracy": 0.9740791268758526, "Sensitivity": 0.9841269841269841, "Specificity": 0.9731343283582089, "AUC": 0.9897417673537077}, "Label_8": {"Optimal Threshold": 0.013871251605451107, "Accuracy": 0.9290586630286494, "Sensitivity": 1.0, "Specificity": 0.9286694101508917, "AUC": 0.9722222222222222}, "Label_9": {"Optimal Threshold": 0.1113663837313652, "Accuracy": 0.9358799454297408, "Sensitivity": 0.896551724137931, "Specificity": 0.9375, "AUC": 0.947639106583072}, "Label_10": {"Optimal Threshold": 0.045302677899599075, "Accuracy": 0.8649386084583902, "Sensitivity": 0.9166666666666666, "Specificity": 0.8640776699029126, "AUC": 0.9149329634766528}, "Label_11": {"Optimal Threshold": 0.014471546746790409, "Accuracy": 0.8922237380627558, "Sensitivity": 0.9565217391304348, "Specificity": 0.8901408450704226, "AUC": 0.9703000612369871}, "Label_12": {"Optimal Threshold": 0.04337993636727333, "Accuracy": 0.844474761255116, "Sensitivity": 0.9056603773584906, "Specificity": 0.8397058823529412, "AUC": 0.9289678135405106}, "Overall": {"Accuracy": 0.9089096442438872, "Sensitivity": 0.9522119221855333, "Specificity": 0.9072864974244139, "AUC": 0.9590314305083445}}, "label_names": [[1, 8, 9, 2, 6, 12, 11, 5, 3, 4, 0, 7, 10], [1, 8, 9, 2, 6, 12, 11, 5, 3, 4, 0, 7]]}