{"shared_labels": 12, "perf": [0.085413858294487, 0.9779913425445557], "metrics": {"Label_0": {"Optimal Threshold": 0.07119627296924591, "Accuracy": 0.9236016371077762, "Sensitivity": 0.8840579710144928, "Specificity": 0.927710843373494, "AUC": 0.9702942203596996}, "Label_1": {"Optimal Threshold": 0.04655630141496658, "Accuracy": 0.9495225102319236, "Sensitivity": 0.9655172413793104, "Specificity": 0.9481481481481482, "AUC": 0.9874074074074075}, "Label_2": {"Optimal Threshold": 0.2616804838180542, "Accuracy": 0.927694406548431, "Sensitivity": 0.9210526315789473, "Specificity": 0.9306930693069307, "AUC": 0.973015459440681}, "Label_3": {"Optimal Threshold": 0.28496623039245605, "Accuracy": 0.9345156889495225, "Sensitivity": 0.9230769230769231, "Specificity": 0.939453125, "AUC": 0.9759527007918551}, "Label_4": {"Optimal Threshold": 0.016808239743113518, "Accuracy": 0.9331514324693042, "Sensitivity": 0.8571428571428571, "Specificity": 0.9338842975206612, "AUC": 0.9557260920897284}, "Label_5": {"Optimal Threshold": 0.064005047082901, "Accuracy": 0.9809004092769441, "Sensitivity": 0.8, "Specificity": 0.9821428571428571, "AUC": 0.9497252747252748}, "Label_6": {"Optimal Threshold": 0.01806284300982952, "Accuracy": 0.9085948158253752, "Sensitivity": 1.0, "Specificity": 0.907202216066482, "AUC": 0.9799798539410728}, "Label_7": {"Optimal Threshold": 0.1360454559326172, "Accuracy": 0.9672578444747613, "Sensitivity": 1.0, "Specificity": 0.9642324888226528, "AUC": 0.9934618527955387}, "Label_8": {"Optimal Threshold": 0.00606009503826499, "Accuracy": 0.8403819918144612, "Sensitivity": 1.0, "Specificity": 0.8399452804377565, "AUC": 0.8741450068399453}, "Label_9": {"Optimal Threshold": 0.019028687849640846, "Accuracy": 0.8663028649386084, "Sensitivity": 0.96875, "Specificity": 0.8616262482168331, "AUC": 0.9504279600570614}, "Label_10": {"Optimal Threshold": 0.008438298478722572, "Accuracy": 0.7517053206002728, "Sensitivity": 0.9444444444444444, "Specificity": 0.7468531468531469, "AUC": 0.9090132090132089}, "Label_11": {"Optimal Threshold": 0.03467923402786255, "Accuracy": 0.956343792633015, "Sensitivity": 0.9444444444444444, "Specificity": 0.9566433566433566, "AUC": 0.9812742812742814}, "Label_12": {"Optimal Threshold": 0.061612438410520554, "Accuracy": 0.8090040927694406, "Sensitivity": 0.9411764705882353, "Specificity": 0.7991202346041055, "AUC": 0.9400839514691507}, "Overall": {"Accuracy": 0.9037674467415259, "Sensitivity": 0.9345894602822812, "Specificity": 0.9028965624720325, "AUC": 0.9569620977080695}}, "label_names": [[7, 1, 4, 0, 9, 5, 12, 6, 10, 2, 11, 3, 8], [7, 1, 4, 0, 9, 5, 12, 6, 10, 2, 11, 3]]}