{"shared_labels": 6, "perf": [0.10033155232667923, 0.9723162651062012], "metrics": {"Label_0": {"Optimal Threshold": 0.24122288823127747, "Accuracy": 0.9481582537517054, "Sensitivity": 0.8831168831168831, "Specificity": 0.9557926829268293, "AUC": 0.9712147608489072}, "Label_1": {"Optimal Threshold": 0.0918300449848175, "Accuracy": 0.9440654843110505, "Sensitivity": 0.9452054794520548, "Specificity": 0.943939393939394, "AUC": 0.9833333333333334}, "Label_2": {"Optimal Threshold": 0.3475419580936432, "Accuracy": 0.9058663028649386, "Sensitivity": 0.8951612903225806, "Specificity": 0.911340206185567, "AUC": 0.9614482873295644}, "Label_3": {"Optimal Threshold": 0.3035891652107239, "Accuracy": 0.9113233287858117, "Sensitivity": 0.9041666666666667, "Specificity": 0.9148073022312373, "AUC": 0.9682217714672076}, "Label_4": {"Optimal Threshold": 0.01357764657586813, "Accuracy": 0.9236016371077762, "Sensitivity": 0.8888888888888888, "Specificity": 0.9240331491712708, "AUC": 0.9538060159607121}, "Label_5": {"Optimal Threshold": 0.01678505726158619, "Accuracy": 0.91268758526603, "Sensitivity": 1.0, "Specificity": 0.9120879120879121, "AUC": 0.9653846153846154}, "Label_6": {"Optimal Threshold": 0.050352100282907486, "Accuracy": 0.956343792633015, "Sensitivity": 1.0, "Specificity": 0.9560439560439561, "AUC": 0.9903846153846153}, "Label_7": {"Optimal Threshold": 0.2339717149734497, "Accuracy": 0.965893587994543, "Sensitivity": 0.9206349206349206, "Specificity": 0.9701492537313433, "AUC": 0.9794598436389481}, "Label_8": {"Optimal Threshold": 0.013229194097220898, "Accuracy": 0.9386084583901774, "Sensitivity": 1.0, "Specificity": 0.9379310344827586, "AUC": 0.9805172413793104}, "Label_9": {"Optimal Threshold": 0.030763590708374977, "Accuracy": 0.8799454297407913, "Sensitivity": 0.96875, "Specificity": 0.8758915834522111, "AUC": 0.9573823109843081}, "Label_10": {"Optimal Threshold": 0.012525719590485096, "Accuracy": 0.7939972714870396, "Sensitivity": 0.8, "Specificity": 0.7938718662952646, "AUC": 0.8367688022284123}, "Label_11": {"Optimal Threshold": 0.07114186882972717, "Accuracy": 0.965893587994543, "Sensitivity": 1.0, "Specificity": 0.9650837988826816, "AUC": 0.9901413079198159}, "Label_12": {"Optimal Threshold": 0.04093579575419426, "Accuracy": 0.7803547066848567, "Sensitivity": 0.9285714285714286, "Specificity": 0.7680945347119645, "AUC": 0.9179415488499683}, "Overall": {"Accuracy": 0.9097491866932523, "Sensitivity": 0.9334227352041096, "Specificity": 0.9099282057032607, "AUC": 0.9581541888238245}}, "label_names": [[8, 3, 0, 9, 12, 6, 1, 4, 2, 7], [8, 3, 0, 9, 12, 6, 11, 5, 10]]}