{"shared_labels": 6, "perf": [0.08866061270236969, 0.9754876494407654], "metrics": {"Label_0": {"Optimal Threshold": 0.03923116624355316, "Accuracy": 0.8908594815825375, "Sensitivity": 0.9130434782608695, "Specificity": 0.8885542168674698, "AUC": 0.9577658459926663}, "Label_1": {"Optimal Threshold": 0.08150597661733627, "Accuracy": 0.9645293315143247, "Sensitivity": 0.9310344827586207, "Specificity": 0.9674074074074074, "AUC": 0.9876628352490422}, "Label_2": {"Optimal Threshold": 0.2310045212507248, "Accuracy": 0.9099590723055935, "Sensitivity": 0.9342105263157895, "Specificity": 0.899009900990099, "AUC": 0.9671790863296855}, "Label_3": {"Optimal Threshold": 0.3368377983570099, "Accuracy": 0.922237380627558, "Sensitivity": 0.918552036199095, "Specificity": 0.923828125, "AUC": 0.9728330033936652}, "Label_4": {"Optimal Threshold": 0.07970758527517319, "Accuracy": 0.9699863574351978, "Sensitivity": 0.8571428571428571, "Specificity": 0.9710743801652892, "AUC": 0.9645808736717828}, "Label_5": {"Optimal Threshold": 0.06174321472644806, "Accuracy": 0.9645293315143247, "Sensitivity": 0.8, "Specificity": 0.9656593406593407, "AUC": 0.9085164835164835}, "Label_6": {"Optimal Threshold": 0.0128247682005167, "Accuracy": 0.8526603001364257, "Sensitivity": 1.0, "Specificity": 0.850415512465374, "AUC": 0.9560564089649962}, "Label_7": {"Optimal Threshold": 0.12471946328878403, "Accuracy": 0.9604365620736699, "Sensitivity": 1.0, "Specificity": 0.9567809239940388, "AUC": 0.9915148310177395}, "Label_8": {"Optimal Threshold": 0.0017771966522559524, "Accuracy": 0.757162346521146, "Sensitivity": 1.0, "Specificity": 0.7564979480164159, "AUC": 0.7818057455540356}, "Label_9": {"Optimal Threshold": 0.0767783671617508, "Accuracy": 0.9195088676671214, "Sensitivity": 0.875, "Specificity": 0.9215406562054208, "AUC": 0.9435181883024251}, "Label_10": {"Optimal Threshold": 0.010125363245606422, "Accuracy": 0.7489768076398363, "Sensitivity": 1.0, "Specificity": 0.7426573426573426, "AUC": 0.9292929292929293}, "Label_11": {"Optimal Threshold": 0.03510991111397743, "Accuracy": 0.965893587994543, "Sensitivity": 0.9444444444444444, "Specificity": 0.9664335664335665, "AUC": 0.9823620823620824}, "Label_12": {"Optimal Threshold": 0.0333600714802742, "Accuracy": 0.7939972714870396, "Sensitivity": 1.0, "Specificity": 0.7785923753665689, "AUC": 0.9551204646081307}, "Overall": {"Accuracy": 0.893902822961486, "Sensitivity": 0.9364175250093597, "Specificity": 0.8914193612483334, "AUC": 0.9460160598658203}}, "label_names": [[12, 11, 1, 5, 8, 10, 3, 9, 2, 6], [12, 11, 1, 5, 8, 10, 7, 0, 4]]}