{"shared_labels": 7, "perf": [0.09054052084684372, 0.9761461615562439], "metrics": {"Label_0": {"Optimal Threshold": 0.10716568678617477, "Accuracy": 0.9345156889495225, "Sensitivity": 0.8695652173913043, "Specificity": 0.9412650602409639, "AUC": 0.9591627379081544}, "Label_1": {"Optimal Threshold": 0.08104947209358215, "Accuracy": 0.9345156889495225, "Sensitivity": 0.9655172413793104, "Specificity": 0.9318518518518518, "AUC": 0.9875862068965516}, "Label_2": {"Optimal Threshold": 0.1524820774793625, "Accuracy": 0.9167803547066848, "Sensitivity": 0.9298245614035088, "Specificity": 0.9108910891089109, "AUC": 0.9696195935383012}, "Label_3": {"Optimal Threshold": 0.31283366680145264, "Accuracy": 0.9304229195088677, "Sensitivity": 0.918552036199095, "Specificity": 0.935546875, "AUC": 0.9734516402714932}, "Label_4": {"Optimal Threshold": 0.003974800929427147, "Accuracy": 0.8308321964529332, "Sensitivity": 1.0, "Specificity": 0.8292011019283747, "AUC": 0.9685163321526958}, "Label_5": {"Optimal Threshold": 0.06263071298599243, "Accuracy": 0.9672578444747613, "Sensitivity": 0.8, "Specificity": 0.9684065934065934, "AUC": 0.9442307692307692}, "Label_6": {"Optimal Threshold": 0.0147634819149971, "Accuracy": 0.9181446111869032, "Sensitivity": 1.0, "Specificity": 0.9168975069252078, "AUC": 0.9775875094434652}, "Label_7": {"Optimal Threshold": 0.21908530592918396, "Accuracy": 0.9809004092769441, "Sensitivity": 0.967741935483871, "Specificity": 0.9821162444113264, "AUC": 0.9915148310177395}, "Label_8": {"Optimal Threshold": 0.0023754280991852283, "Accuracy": 0.7748976807639836, "Sensitivity": 1.0, "Specificity": 0.774281805745554, "AUC": 0.8467852257181943}, "Label_9": {"Optimal Threshold": 0.02697400376200676, "Accuracy": 0.8731241473396999, "Sensitivity": 0.96875, "Specificity": 0.8687589158345221, "AUC": 0.9404868045649072}, "Label_10": {"Optimal Threshold": 0.01112295687198639, "Accuracy": 0.772169167803547, "Sensitivity": 1.0, "Specificity": 0.7664335664335664, "AUC": 0.9207459207459208}, "Label_11": {"Optimal Threshold": 0.03805496171116829, "Accuracy": 0.946793997271487, "Sensitivity": 0.9444444444444444, "Specificity": 0.9468531468531468, "AUC": 0.9752136752136753}, "Label_12": {"Optimal Threshold": 0.10660368204116821, "Accuracy": 0.8267394270122783, "Sensitivity": 1.0, "Specificity": 0.8137829912023461, "AUC": 0.958311770455983}, "Overall": {"Accuracy": 0.8928533948997794, "Sensitivity": 0.9511073412539641, "Specificity": 0.8912528268417204, "AUC": 0.9548625397813731}}, "label_names": [[8, 4, 10, 6, 5, 12, 1, 3, 7, 9], [8, 4, 10, 6, 5, 12, 1, 2, 0, 11]]}