{"shared_labels": 7, "perf": [0.09089497476816177, 0.9749631881713867], "metrics": {"Label_0": {"Optimal Threshold": 0.022403443232178688, "Accuracy": 0.8949522510231923, "Sensitivity": 0.8985507246376812, "Specificity": 0.8945783132530121, "AUC": 0.9563689540771783}, "Label_1": {"Optimal Threshold": 0.019887499511241913, "Accuracy": 0.922237380627558, "Sensitivity": 0.9827586206896551, "Specificity": 0.917037037037037, "AUC": 0.9876628352490422}, "Label_2": {"Optimal Threshold": 0.26473182439804077, "Accuracy": 0.9154160982264665, "Sensitivity": 0.9298245614035088, "Specificity": 0.9089108910891089, "AUC": 0.9714260899774189}, "Label_3": {"Optimal Threshold": 0.43621885776519775, "Accuracy": 0.937244201909959, "Sensitivity": 0.9230769230769231, "Specificity": 0.943359375, "AUC": 0.9764122596153846}, "Label_4": {"Optimal Threshold": 0.045951876789331436, "Accuracy": 0.9604365620736699, "Sensitivity": 0.8571428571428571, "Specificity": 0.9614325068870524, "AUC": 0.9637937819756001}, "Label_5": {"Optimal Threshold": 0.0025660796090960503, "Accuracy": 0.7708049113233287, "Sensitivity": 1.0, "Specificity": 0.7692307692307693, "AUC": 0.9401098901098902}, "Label_6": {"Optimal Threshold": 0.012304876931011677, "Accuracy": 0.859481582537517, "Sensitivity": 1.0, "Specificity": 0.8573407202216067, "AUC": 0.964870309745656}, "Label_7": {"Optimal Threshold": 0.11063913255929947, "Accuracy": 0.9699863574351978, "Sensitivity": 0.9838709677419355, "Specificity": 0.9687034277198212, "AUC": 0.9925965097831835}, "Label_8": {"Optimal Threshold": 0.0023623001761734486, "Accuracy": 0.7953615279672579, "Sensitivity": 1.0, "Specificity": 0.7948016415868673, "AUC": 0.8009575923392612}, "Label_9": {"Optimal Threshold": 0.014775129966437817, "Accuracy": 0.8935879945429741, "Sensitivity": 0.96875, "Specificity": 0.8901569186875892, "AUC": 0.9514978601997147}, "Label_10": {"Optimal Threshold": 0.00819774717092514, "Accuracy": 0.7148703956343793, "Sensitivity": 1.0, "Specificity": 0.7076923076923077, "AUC": 0.9074592074592074}, "Label_11": {"Optimal Threshold": 0.04824923351407051, "Accuracy": 0.9645293315143247, "Sensitivity": 0.8888888888888888, "Specificity": 0.9664335664335665, "AUC": 0.9681429681429681}, "Label_12": {"Optimal Threshold": 0.07982242107391357, "Accuracy": 0.8226466575716235, "Sensitivity": 0.8431372549019608, "Specificity": 0.8211143695014663, "AUC": 0.9162210338680927}, "Overall": {"Accuracy": 0.8785811732605728, "Sensitivity": 0.9443077537294933, "Specificity": 0.8769839880261695, "AUC": 0.9459630225032766}}, "label_names": [[1, 10, 8, 5, 9, 3, 4, 2, 6, 7], [1, 10, 8, 5, 9, 3, 4, 0, 12, 11]]}