{"shared_labels": 6, "perf": [0.08931045234203339, 0.9754794239997864], "metrics": {"Label_0": {"Optimal Threshold": 0.18178880214691162, "Accuracy": 0.9549795361527967, "Sensitivity": 0.8387096774193549, "Specificity": 0.971875, "AUC": 0.9616263440860215}, "Label_1": {"Optimal Threshold": 0.24678291380405426, "Accuracy": 0.9713506139154161, "Sensitivity": 0.92, "Specificity": 0.9772036474164134, "AUC": 0.9879229989868288}, "Label_2": {"Optimal Threshold": 0.36763912439346313, "Accuracy": 0.927694406548431, "Sensitivity": 0.9130434782608695, "Specificity": 0.9354166666666667, "AUC": 0.9708415678524375}, "Label_3": {"Optimal Threshold": 0.3994794487953186, "Accuracy": 0.931787175989086, "Sensitivity": 0.9338842975206612, "Specificity": 0.9307535641547862, "AUC": 0.9774957499452962}, "Label_4": {"Optimal Threshold": 0.0033787726424634457, "Accuracy": 0.834924965893588, "Sensitivity": 0.9, "Specificity": 0.8340248962655602, "AUC": 0.9127247579529737}, "Label_5": {"Optimal Threshold": 0.0041046710684895515, "Accuracy": 0.810368349249659, "Sensitivity": 1.0, "Specificity": 0.8085399449035813, "AUC": 0.9447068083431721}, "Label_6": {"Optimal Threshold": 0.025436433032155037, "Accuracy": 0.9522510231923602, "Sensitivity": 1.0, "Specificity": 0.9519230769230769, "AUC": 0.9774725274725273}, "Label_7": {"Optimal Threshold": 0.1597454994916916, "Accuracy": 0.9631650750341064, "Sensitivity": 0.9365079365079365, "Specificity": 0.9656716417910448, "AUC": 0.9848140251125326}, "Label_8": {"Optimal Threshold": 0.0028065075166523457, "Accuracy": 0.82537517053206, "Sensitivity": 1.0, "Specificity": 0.8239339752407153, "AUC": 0.9481889041723979}, "Label_9": {"Optimal Threshold": 0.09108110517263412, "Accuracy": 0.8894952251023193, "Sensitivity": 0.9615384615384616, "Specificity": 0.8868458274398868, "AUC": 0.9725818735719726}, "Label_10": {"Optimal Threshold": 0.022170662879943848, "Accuracy": 0.7748976807639836, "Sensitivity": 0.9230769230769231, "Specificity": 0.7722222222222223, "AUC": 0.9009615384615385}, "Label_11": {"Optimal Threshold": 0.03464027866721153, "Accuracy": 0.9618008185538881, "Sensitivity": 0.9411764705882353, "Specificity": 0.9622905027932961, "AUC": 0.9737923102201774}, "Label_12": {"Optimal Threshold": 0.07833022624254227, "Accuracy": 0.8622100954979536, "Sensitivity": 0.9074074074074074, "Specificity": 0.8586156111929307, "AUC": 0.9496263568428517}, "Overall": {"Accuracy": 0.8969461643404344, "Sensitivity": 0.9365649732553731, "Specificity": 0.8984089674623217, "AUC": 0.9586735202323637}}, "label_names": [[1, 12, 3, 4, 5, 8, 0, 11, 10, 9], [1, 12, 3, 4, 5, 8, 6, 2, 7]]}