{"shared_labels": 6, "perf": [0.09375298023223877, 0.9726640582084656], "metrics": {"Label_0": {"Optimal Threshold": 0.07533464580774307, "Accuracy": 0.931787175989086, "Sensitivity": 0.8695652173913043, "Specificity": 0.9382530120481928, "AUC": 0.9585734241313077}, "Label_1": {"Optimal Threshold": 0.0374048613011837, "Accuracy": 0.9290586630286494, "Sensitivity": 0.9482758620689655, "Specificity": 0.9274074074074075, "AUC": 0.9810217113665389}, "Label_2": {"Optimal Threshold": 0.14930585026741028, "Accuracy": 0.9167803547066848, "Sensitivity": 0.9078947368421053, "Specificity": 0.9207920792079208, "AUC": 0.9675091193329859}, "Label_3": {"Optimal Threshold": 0.20193904638290405, "Accuracy": 0.9290586630286494, "Sensitivity": 0.9140271493212669, "Specificity": 0.935546875, "AUC": 0.9738758484162896}, "Label_4": {"Optimal Threshold": 0.038801539689302444, "Accuracy": 0.9686221009549796, "Sensitivity": 0.8571428571428571, "Specificity": 0.9696969696969697, "AUC": 0.9508067689885871}, "Label_5": {"Optimal Threshold": 0.08140453696250916, "Accuracy": 0.975443383356071, "Sensitivity": 0.8, "Specificity": 0.9766483516483516, "AUC": 0.9302197802197801}, "Label_6": {"Optimal Threshold": 0.047900326550006866, "Accuracy": 0.946793997271487, "Sensitivity": 1.0, "Specificity": 0.945983379501385, "AUC": 0.9799798539410728}, "Label_7": {"Optimal Threshold": 0.1249735951423645, "Accuracy": 0.9672578444747613, "Sensitivity": 0.967741935483871, "Specificity": 0.9672131147540983, "AUC": 0.9901927791933081}, "Label_8": {"Optimal Threshold": 0.006923599634319544, "Accuracy": 0.8676671214188267, "Sensitivity": 1.0, "Specificity": 0.8673050615595075, "AUC": 0.8974008207934336}, "Label_9": {"Optimal Threshold": 0.017122600227594376, "Accuracy": 0.8922237380627558, "Sensitivity": 0.9375, "Specificity": 0.8901569186875892, "AUC": 0.9496255349500714}, "Label_10": {"Optimal Threshold": 0.004722376819700003, "Accuracy": 0.7080491132332879, "Sensitivity": 0.9444444444444444, "Specificity": 0.7020979020979021, "AUC": 0.8932400932400932}, "Label_11": {"Optimal Threshold": 0.009879856370389462, "Accuracy": 0.922237380627558, "Sensitivity": 1.0, "Specificity": 0.9202797202797203, "AUC": 0.9832944832944832}, "Label_12": {"Optimal Threshold": 0.11429677158594131, "Accuracy": 0.8622100954979536, "Sensitivity": 0.9215686274509803, "Specificity": 0.8577712609970675, "AUC": 0.9531654303950319}, "Overall": {"Accuracy": 0.9090145870500577, "Sensitivity": 0.9283200638573688, "Specificity": 0.9091655425297009, "AUC": 0.9545312037125372}}, "label_names": [[3, 11, 12, 6, 8, 9, 5, 0, 1, 7], [3, 11, 12, 6, 8, 9, 10, 4, 2]]}