{"shared_labels": 13, "perf": [0.09511328488588333, 0.9752621054649353], "metrics": {"Label_0": {"Optimal Threshold": 0.06572657823562622, "Accuracy": 0.8990450204638472, "Sensitivity": 0.872093023255814, "Specificity": 0.9026275115919629, "AUC": 0.9548183027209661}, "Label_1": {"Optimal Threshold": 0.06841131299734116, "Accuracy": 0.9331514324693042, "Sensitivity": 0.9444444444444444, "Specificity": 0.9319213313161876, "AUC": 0.9837157505463103}, "Label_2": {"Optimal Threshold": 0.16171039640903473, "Accuracy": 0.8990450204638472, "Sensitivity": 0.9256198347107438, "Specificity": 0.8859470468431772, "AUC": 0.9657639157731733}, "Label_3": {"Optimal Threshold": 0.17186656594276428, "Accuracy": 0.9058663028649386, "Sensitivity": 0.9399141630901288, "Specificity": 0.89, "AUC": 0.9701888412017168}, "Label_4": {"Optimal Threshold": 0.017889289185404778, "Accuracy": 0.9454297407912687, "Sensitivity": 0.9090909090909091, "Specificity": 0.945983379501385, "AUC": 0.9710400402921179}, "Label_5": {"Optimal Threshold": 0.0013454542495310307, "Accuracy": 0.7189631650750341, "Sensitivity": 1.0, "Specificity": 0.7174211248285323, "AUC": 0.8868312757201645}, "Label_6": {"Optimal Threshold": 0.13085272908210754, "Accuracy": 0.9918144611186903, "Sensitivity": 1.0, "Specificity": 0.9917920656634747, "AUC": 0.9952120383036935}, "Label_7": {"Optimal Threshold": 0.10862948000431061, "Accuracy": 0.965893587994543, "Sensitivity": 0.9473684210526315, "Specificity": 0.9674556213017751, "AUC": 0.9870497249039759}, "Label_8": {"Optimal Threshold": 0.004381874576210976, "Accuracy": 0.8894952251023193, "Sensitivity": 1.0, "Specificity": 0.8888888888888888, "AUC": 0.9687928669410151}, "Label_9": {"Optimal Threshold": 0.02976255863904953, "Accuracy": 0.903137789904502, "Sensitivity": 1.0, "Specificity": 0.8992907801418439, "AUC": 0.9759878419452888}, "Label_10": {"Optimal Threshold": 0.01086130365729332, "Accuracy": 0.7871759890859482, "Sensitivity": 0.8666666666666667, "Specificity": 0.7855153203342619, "AUC": 0.8818012999071495}, "Label_11": {"Optimal Threshold": 0.07342196255922318, "Accuracy": 0.9740791268758526, "Sensitivity": 0.9444444444444444, "Specificity": 0.9748251748251748, "AUC": 0.9878010878010878}, "Label_12": {"Optimal Threshold": 0.09411051869392395, "Accuracy": 0.888130968622101, "Sensitivity": 0.8166666666666667, "Specificity": 0.8945022288261516, "AUC": 0.9127538385339277}, "Overall": {"Accuracy": 0.9000944485255535, "Sensitivity": 0.9358698902632654, "Specificity": 0.8981669595432934, "AUC": 0.957058217276199}}, "label_names": [[12, 9, 1, 8, 5, 6, 10, 11, 0, 3, 7, 2, 4], [12, 9, 1, 8, 5, 6, 10, 11, 0, 3, 7, 2, 4]]}