{"shared_labels": 13, "perf": [0.08544781804084778, 0.9798189401626587], "metrics": {"Label_0": {"Optimal Threshold": 0.045711956918239594, "Accuracy": 0.8649386084583902, "Sensitivity": 0.9565217391304348, "Specificity": 0.8554216867469879, "AUC": 0.9691374192421861}, "Label_1": {"Optimal Threshold": 0.04282357171177864, "Accuracy": 0.9195088676671214, "Sensitivity": 0.9827586206896551, "Specificity": 0.914074074074074, "AUC": 0.9890421455938697}, "Label_2": {"Optimal Threshold": 0.5981948971748352, "Accuracy": 0.9304229195088677, "Sensitivity": 0.9122807017543859, "Specificity": 0.9386138613861386, "AUC": 0.974604828903943}, "Label_3": {"Optimal Threshold": 0.3893381953239441, "Accuracy": 0.9249658935879945, "Sensitivity": 0.9321266968325792, "Specificity": 0.921875, "AUC": 0.9766862273755655}, "Label_4": {"Optimal Threshold": 0.0036891826894134283, "Accuracy": 0.8390177353342428, "Sensitivity": 1.0, "Specificity": 0.837465564738292, "AUC": 0.9669421487603306}, "Label_5": {"Optimal Threshold": 0.003809076501056552, "Accuracy": 0.8144611186903138, "Sensitivity": 1.0, "Specificity": 0.8131868131868132, "AUC": 0.9489010989010989}, "Label_6": {"Optimal Threshold": 0.02947961911559105, "Accuracy": 0.9399727148703957, "Sensitivity": 0.9090909090909091, "Specificity": 0.9404432132963989, "AUC": 0.9722991689750693}, "Label_7": {"Optimal Threshold": 0.1698371171951294, "Accuracy": 0.9713506139154161, "Sensitivity": 1.0, "Specificity": 0.9687034277198212, "AUC": 0.993726263160425}, "Label_8": {"Optimal Threshold": 0.0016452943673357368, "Accuracy": 0.7953615279672579, "Sensitivity": 1.0, "Specificity": 0.7948016415868673, "AUC": 0.8248974008207934}, "Label_9": {"Optimal Threshold": 0.033907752484083176, "Accuracy": 0.9236016371077762, "Sensitivity": 0.9375, "Specificity": 0.9229671897289586, "AUC": 0.9505616975748931}, "Label_10": {"Optimal Threshold": 0.0128153245896101, "Accuracy": 0.7639836289222374, "Sensitivity": 0.9444444444444444, "Specificity": 0.7594405594405594, "AUC": 0.906060606060606}, "Label_11": {"Optimal Threshold": 0.03033207543194294, "Accuracy": 0.9549795361527967, "Sensitivity": 0.9444444444444444, "Specificity": 0.9552447552447553, "AUC": 0.9789432789432789}, "Label_12": {"Optimal Threshold": 0.061110593378543854, "Accuracy": 0.8472032742155525, "Sensitivity": 0.8823529411764706, "Specificity": 0.844574780058651, "AUC": 0.9437927663734116}, "Overall": {"Accuracy": 0.8838283135691047, "Sensitivity": 0.9539631151971789, "Specificity": 0.8820625051698706, "AUC": 0.9535073115911901}}, "label_names": [[2, 11, 5, 3, 6, 7, 0, 8, 1, 10, 4, 12, 9], [2, 11, 5, 3, 6, 7, 0, 8, 1, 10, 4, 12, 9]]}