{"shared_labels": 4, "perf": [0.08963128179311752, 0.9744939208030701], "metrics": {"Label_0": {"Optimal Threshold": 0.14355388283729553, "Accuracy": 0.9072305593451568, "Sensitivity": 0.8705882352941177, "Specificity": 0.9120370370370371, "AUC": 0.961637618010167}, "Label_1": {"Optimal Threshold": 0.28570032119750977, "Accuracy": 0.9536152796725784, "Sensitivity": 0.9066666666666666, "Specificity": 0.958966565349544, "AUC": 0.9820466058763931}, "Label_2": {"Optimal Threshold": 0.3138038218021393, "Accuracy": 0.9181446111869032, "Sensitivity": 0.9327354260089686, "Specificity": 0.9117647058823529, "AUC": 0.9718104282071574}, "Label_3": {"Optimal Threshold": 0.34184643626213074, "Accuracy": 0.9249658935879945, "Sensitivity": 0.9305555555555556, "Specificity": 0.9226305609284333, "AUC": 0.9746221076008309}, "Label_4": {"Optimal Threshold": 0.05714457109570503, "Accuracy": 0.9618008185538881, "Sensitivity": 1.0, "Specificity": 0.9613793103448276, "AUC": 0.9856896551724138}, "Label_5": {"Optimal Threshold": 0.003121664049103856, "Accuracy": 0.844474761255116, "Sensitivity": 1.0, "Specificity": 0.8436213991769548, "AUC": 0.9122085048010975}, "Label_6": {"Optimal Threshold": 0.020340310409665108, "Accuracy": 0.946793997271487, "Sensitivity": 1.0, "Specificity": 0.9465020576131687, "AUC": 0.9838820301783264}, "Label_7": {"Optimal Threshold": 0.14660921692848206, "Accuracy": 0.956343792633015, "Sensitivity": 0.9807692307692307, "Specificity": 0.9544787077826725, "AUC": 0.9918954026883542}, "Label_8": {"Optimal Threshold": 0.0077274939976632595, "Accuracy": 0.9072305593451568, "Sensitivity": 1.0, "Specificity": 0.9068493150684932, "AUC": 0.9570776255707761}, "Label_9": {"Optimal Threshold": 0.050115376710891724, "Accuracy": 0.91268758526603, "Sensitivity": 0.9583333333333334, "Specificity": 0.9111424541607899, "AUC": 0.9794898918664786}, "Label_10": {"Optimal Threshold": 0.014651527628302574, "Accuracy": 0.7339699863574352, "Sensitivity": 1.0, "Specificity": 0.7295423023578363, "AUC": 0.9135460009246417}, "Label_11": {"Optimal Threshold": 0.033222563564777374, "Accuracy": 0.9386084583901774, "Sensitivity": 0.9473684210526315, "Specificity": 0.938375350140056, "AUC": 0.9688191065900044}, "Label_12": {"Optimal Threshold": 0.03785180673003197, "Accuracy": 0.8390177353342428, "Sensitivity": 0.8387096774193549, "Specificity": 0.8390461997019374, "AUC": 0.8972885918946205}, "Overall": {"Accuracy": 0.9034526183230139, "Sensitivity": 0.9512097343153738, "Specificity": 0.9027950742726234, "AUC": 0.9600010437985586}}, "label_names": [[1, 3, 4, 2, 0, 11, 9, 12, 8], [1, 3, 4, 2, 10, 6, 5, 7]]}