{"shared_labels": 4, "perf": [0.09100433439016342, 0.9751293659210205], "metrics": {"Label_0": {"Optimal Threshold": 0.2395886778831482, "Accuracy": 0.9508867667121419, "Sensitivity": 0.855072463768116, "Specificity": 0.9608433734939759, "AUC": 0.9708180548280076}, "Label_1": {"Optimal Threshold": 0.19458933174610138, "Accuracy": 0.9618008185538881, "Sensitivity": 0.9482758620689655, "Specificity": 0.9629629629629629, "AUC": 0.9889144316730524}, "Label_2": {"Optimal Threshold": 0.15038040280342102, "Accuracy": 0.927694406548431, "Sensitivity": 0.9254385964912281, "Specificity": 0.9287128712871288, "AUC": 0.9736321000521104}, "Label_3": {"Optimal Threshold": 0.19505643844604492, "Accuracy": 0.927694406548431, "Sensitivity": 0.9230769230769231, "Specificity": 0.9296875, "AUC": 0.9757936227375565}, "Label_4": {"Optimal Threshold": 0.0007873503491282463, "Accuracy": 0.7612551159618008, "Sensitivity": 1.0, "Specificity": 0.7589531680440771, "AUC": 0.9472648563557655}, "Label_5": {"Optimal Threshold": 0.001521224738098681, "Accuracy": 0.7871759890859482, "Sensitivity": 1.0, "Specificity": 0.7857142857142857, "AUC": 0.9423076923076922}, "Label_6": {"Optimal Threshold": 0.03463852033019066, "Accuracy": 0.9645293315143247, "Sensitivity": 1.0, "Specificity": 0.96398891966759, "AUC": 0.9862754973558298}, "Label_7": {"Optimal Threshold": 0.05062607303261757, "Accuracy": 0.9522510231923602, "Sensitivity": 1.0, "Specificity": 0.9478390461997019, "AUC": 0.9895437719340416}, "Label_8": {"Optimal Threshold": 0.0014042871771380305, "Accuracy": 0.6643929058663028, "Sensitivity": 1.0, "Specificity": 0.6634746922024624, "AUC": 0.7777017783857729}, "Label_9": {"Optimal Threshold": 0.051693350076675415, "Accuracy": 0.9290586630286494, "Sensitivity": 0.90625, "Specificity": 0.9300998573466477, "AUC": 0.9510966476462197}, "Label_10": {"Optimal Threshold": 0.012652850709855556, "Accuracy": 0.8049113233287858, "Sensitivity": 0.8888888888888888, "Specificity": 0.8027972027972028, "AUC": 0.9024864024864024}, "Label_11": {"Optimal Threshold": 0.07563773542642593, "Accuracy": 0.9727148703956344, "Sensitivity": 0.8888888888888888, "Specificity": 0.9748251748251748, "AUC": 0.973038073038073}, "Label_12": {"Optimal Threshold": 0.14691844582557678, "Accuracy": 0.8635743519781719, "Sensitivity": 0.8627450980392157, "Specificity": 0.8636363636363636, "AUC": 0.9324363176355586}, "Overall": {"Accuracy": 0.8821492286703747, "Sensitivity": 0.9383566708632483, "Specificity": 0.8825796475521209, "AUC": 0.9470237881873907}}, "label_names": [[6, 0, 2, 9, 3, 12, 7, 8, 5], [6, 0, 2, 9, 11, 4, 1, 10]]}