{"shared_labels": 4, "perf": [0.0914916917681694, 0.9756600856781006], "metrics": {"Label_0": {"Optimal Threshold": 0.04008015990257263, "Accuracy": 0.8540245566166439, "Sensitivity": 0.9855072463768116, "Specificity": 0.8403614457831325, "AUC": 0.9720621616902392}, "Label_1": {"Optimal Threshold": 0.03715449944138527, "Accuracy": 0.9249658935879945, "Sensitivity": 0.9655172413793104, "Specificity": 0.9214814814814815, "AUC": 0.9875606641123883}, "Label_2": {"Optimal Threshold": 0.2891349792480469, "Accuracy": 0.9249658935879945, "Sensitivity": 0.9166666666666666, "Specificity": 0.9287128712871288, "AUC": 0.9732412714955706}, "Label_3": {"Optimal Threshold": 0.31696560978889465, "Accuracy": 0.9304229195088677, "Sensitivity": 0.918552036199095, "Specificity": 0.935546875, "AUC": 0.9741940045248869}, "Label_4": {"Optimal Threshold": 0.02019352652132511, "Accuracy": 0.9345156889495225, "Sensitivity": 0.8571428571428571, "Specificity": 0.9352617079889807, "AUC": 0.9573002754820936}, "Label_5": {"Optimal Threshold": 0.08188137412071228, "Accuracy": 0.9713506139154161, "Sensitivity": 0.8, "Specificity": 0.9725274725274725, "AUC": 0.945054945054945}, "Label_6": {"Optimal Threshold": 0.03028843179345131, "Accuracy": 0.9195088676671214, "Sensitivity": 1.0, "Specificity": 0.9182825484764543, "AUC": 0.9743137748677915}, "Label_7": {"Optimal Threshold": 0.07734156399965286, "Accuracy": 0.9577080491132333, "Sensitivity": 1.0, "Specificity": 0.9538002980625931, "AUC": 0.9887505408393826}, "Label_8": {"Optimal Threshold": 0.0009940790478140116, "Accuracy": 0.7107776261937244, "Sensitivity": 1.0, "Specificity": 0.7099863201094391, "AUC": 0.7154582763337893}, "Label_9": {"Optimal Threshold": 0.02799675613641739, "Accuracy": 0.8813096862210096, "Sensitivity": 0.9375, "Specificity": 0.8787446504992867, "AUC": 0.9432952924393722}, "Label_10": {"Optimal Threshold": 0.010098911821842194, "Accuracy": 0.7517053206002728, "Sensitivity": 1.0, "Specificity": 0.7454545454545455, "AUC": 0.9264180264180264}, "Label_11": {"Optimal Threshold": 0.021410102024674416, "Accuracy": 0.9481582537517054, "Sensitivity": 0.9444444444444444, "Specificity": 0.9482517482517483, "AUC": 0.9746697746697746}, "Label_12": {"Optimal Threshold": 0.11820667237043381, "Accuracy": 0.844474761255116, "Sensitivity": 0.7254901960784313, "Specificity": 0.8533724340175953, "AUC": 0.8844804784083722}, "Overall": {"Accuracy": 0.8887606254591247, "Sensitivity": 0.926986206791355, "Specificity": 0.88782956914922, "AUC": 0.9397538066412794}}, "label_names": [[10, 0, 4, 8, 6, 5, 11, 3, 9], [10, 0, 4, 8, 12, 2, 1, 7]]}