{"shared_labels": 4, "perf": [0.08642613887786865, 0.9774186015129089], "metrics": {"Label_0": {"Optimal Threshold": 0.05583476647734642, "Accuracy": 0.9154160982264665, "Sensitivity": 0.9024390243902439, "Specificity": 0.9170506912442397, "AUC": 0.966430632048256}, "Label_1": {"Optimal Threshold": 0.48228973150253296, "Accuracy": 0.9822646657571623, "Sensitivity": 0.9076923076923077, "Specificity": 0.9895209580838323, "AUC": 0.9846384154767388}, "Label_2": {"Optimal Threshold": 0.28872770071029663, "Accuracy": 0.9195088676671214, "Sensitivity": 0.9617021276595744, "Specificity": 0.8995983935742972, "AUC": 0.976535930957874}, "Label_3": {"Optimal Threshold": 0.32031404972076416, "Accuracy": 0.927694406548431, "Sensitivity": 0.9783549783549783, "Specificity": 0.9043824701195219, "AUC": 0.9788206481433573}, "Label_4": {"Optimal Threshold": 0.19078709185123444, "Accuracy": 0.990450204638472, "Sensitivity": 1.0, "Specificity": 0.9903713892709766, "AUC": 0.9956441999082989}, "Label_5": {"Optimal Threshold": 0.0035300205927342176, "Accuracy": 0.8021828103683493, "Sensitivity": 1.0, "Specificity": 0.8008241758241759, "AUC": 0.9321428571428572}, "Label_6": {"Optimal Threshold": 0.0095527283847332, "Accuracy": 0.8403819918144612, "Sensitivity": 1.0, "Specificity": 0.8386206896551724, "AUC": 0.9606896551724138}, "Label_7": {"Optimal Threshold": 0.09966685622930527, "Accuracy": 0.9604365620736699, "Sensitivity": 0.96875, "Specificity": 0.9596412556053812, "AUC": 0.9881586322869955}, "Label_8": {"Optimal Threshold": 0.0020836794283241034, "Accuracy": 0.7530695770804912, "Sensitivity": 1.0, "Specificity": 0.7517146776406035, "AUC": 0.9293552812071331}, "Label_9": {"Optimal Threshold": 0.01505407877266407, "Accuracy": 0.8171896316507503, "Sensitivity": 1.0, "Specificity": 0.8107344632768362, "AUC": 0.9571186440677966}, "Label_10": {"Optimal Threshold": 0.047622643411159515, "Accuracy": 0.9358799454297408, "Sensitivity": 0.9333333333333333, "Specificity": 0.935933147632312, "AUC": 0.9548746518105848}, "Label_11": {"Optimal Threshold": 0.045728810131549835, "Accuracy": 0.9590723055934516, "Sensitivity": 1.0, "Specificity": 0.9583333333333334, "AUC": 0.9841880341880341}, "Label_12": {"Optimal Threshold": 0.12277282774448395, "Accuracy": 0.8649386084583902, "Sensitivity": 0.7068965517241379, "Specificity": 0.8785185185185185, "AUC": 0.8701660280970626}, "Overall": {"Accuracy": 0.8975758211774584, "Sensitivity": 0.9507052556272751, "Specificity": 0.8950187818291693, "AUC": 0.9599048931159538}}, "label_names": [[10, 2, 0, 3, 11, 1, 12, 9, 4], [10, 2, 0, 3, 8, 7, 5, 6]]}