{"shared_labels": 4, "perf": [0.0878385528922081, 0.9761077165603638], "metrics": {"Label_0": {"Optimal Threshold": 0.2274392545223236, "Accuracy": 0.9358799454297408, "Sensitivity": 0.9054054054054054, "Specificity": 0.9393019726858877, "AUC": 0.9682155600213264}, "Label_1": {"Optimal Threshold": 0.10388093441724777, "Accuracy": 0.9386084583901774, "Sensitivity": 0.9577464788732394, "Specificity": 0.9365558912386707, "AUC": 0.9872345857623079}, "Label_2": {"Optimal Threshold": 0.22285214066505432, "Accuracy": 0.9167803547066848, "Sensitivity": 0.9615384615384616, "Specificity": 0.8957915831663327, "AUC": 0.975934775533974}, "Label_3": {"Optimal Threshold": 0.20833444595336914, "Accuracy": 0.9058663028649386, "Sensitivity": 0.9469026548672567, "Specificity": 0.8875739644970414, "AUC": 0.9709116615175158}, "Label_4": {"Optimal Threshold": 0.02699010819196701, "Accuracy": 0.9140518417462483, "Sensitivity": 1.0, "Specificity": 0.9131034482758621, "AUC": 0.9548275862068966}, "Label_5": {"Optimal Threshold": 0.0032767008524388075, "Accuracy": 0.8090040927694406, "Sensitivity": 1.0, "Specificity": 0.8074277854195323, "AUC": 0.9348922512608895}, "Label_6": {"Optimal Threshold": 0.0017112103523686528, "Accuracy": 0.791268758526603, "Sensitivity": 1.0, "Specificity": 0.7901234567901234, "AUC": 0.8988340192043895}, "Label_7": {"Optimal Threshold": 0.1428195834159851, "Accuracy": 0.9713506139154161, "Sensitivity": 0.9841269841269841, "Specificity": 0.9701492537313433, "AUC": 0.9912816868040748}, "Label_8": {"Optimal Threshold": 0.012444261461496353, "Accuracy": 0.9072305593451568, "Sensitivity": 1.0, "Specificity": 0.906721536351166, "AUC": 0.9677640603566531}, "Label_9": {"Optimal Threshold": 0.07363661378622055, "Accuracy": 0.937244201909959, "Sensitivity": 0.8620689655172413, "Specificity": 0.9403409090909091, "AUC": 0.9389694357366771}, "Label_10": {"Optimal Threshold": 0.017106790095567703, "Accuracy": 0.849931787175989, "Sensitivity": 1.0, "Specificity": 0.8474341192787794, "AUC": 0.9578132223763292}, "Label_11": {"Optimal Threshold": 0.006436256691813469, "Accuracy": 0.8485675306957708, "Sensitivity": 0.9565217391304348, "Specificity": 0.8450704225352113, "AUC": 0.9604409063074096}, "Label_12": {"Optimal Threshold": 0.06101340055465698, "Accuracy": 0.8485675306957708, "Sensitivity": 0.8679245283018868, "Specificity": 0.8470588235294118, "AUC": 0.9113485016648168}, "Overall": {"Accuracy": 0.8903347675516844, "Sensitivity": 0.9570950167508392, "Specificity": 0.8866656281992515, "AUC": 0.9552667886733277}}, "label_names": [[0, 2, 7, 10, 1, 3, 4, 6, 9], [0, 2, 7, 10, 5, 8, 12, 11]]}