{"shared_labels": 4, "perf": [0.09283177554607391, 0.9753255248069763], "metrics": {"Label_0": {"Optimal Threshold": 0.09200207889080048, "Accuracy": 0.9358799454297408, "Sensitivity": 0.855072463768116, "Specificity": 0.9442771084337349, "AUC": 0.9605159769512833}, "Label_1": {"Optimal Threshold": 0.19363372027873993, "Accuracy": 0.9590723055934516, "Sensitivity": 0.9310344827586207, "Specificity": 0.9614814814814815, "AUC": 0.9845721583652618}, "Label_2": {"Optimal Threshold": 0.48906299471855164, "Accuracy": 0.9249658935879945, "Sensitivity": 0.9078947368421053, "Specificity": 0.9326732673267327, "AUC": 0.9708268195240577}, "Label_3": {"Optimal Threshold": 0.5905224084854126, "Accuracy": 0.9345156889495225, "Sensitivity": 0.9140271493212669, "Specificity": 0.943359375, "AUC": 0.9755019796380091}, "Label_4": {"Optimal Threshold": 0.0027081293519586325, "Accuracy": 0.8321964529331515, "Sensitivity": 1.0, "Specificity": 0.8305785123966942, "AUC": 0.9708776072412436}, "Label_5": {"Optimal Threshold": 0.010354501195251942, "Accuracy": 0.8472032742155525, "Sensitivity": 1.0, "Specificity": 0.8461538461538461, "AUC": 0.9505494505494505}, "Label_6": {"Optimal Threshold": 0.0142357824370265, "Accuracy": 0.9004092769440655, "Sensitivity": 0.9090909090909091, "Specificity": 0.9002770083102493, "AUC": 0.9435910350037773}, "Label_7": {"Optimal Threshold": 0.07846058160066605, "Accuracy": 0.956343792633015, "Sensitivity": 1.0, "Specificity": 0.9523099850968704, "AUC": 0.9926205470890823}, "Label_8": {"Optimal Threshold": 0.0030406354926526546, "Accuracy": 0.859481582537517, "Sensitivity": 1.0, "Specificity": 0.8590971272229823, "AUC": 0.862517099863201}, "Label_9": {"Optimal Threshold": 0.058685675263404846, "Accuracy": 0.9113233287858117, "Sensitivity": 0.9375, "Specificity": 0.9101283880171184, "AUC": 0.9545292439372325}, "Label_10": {"Optimal Threshold": 0.010223636403679848, "Accuracy": 0.7394270122783083, "Sensitivity": 1.0, "Specificity": 0.7328671328671329, "AUC": 0.8974358974358974}, "Label_11": {"Optimal Threshold": 0.008555486798286438, "Accuracy": 0.8485675306957708, "Sensitivity": 1.0, "Specificity": 0.8447552447552448, "AUC": 0.9682983682983684}, "Label_12": {"Optimal Threshold": 0.020175175741314888, "Accuracy": 0.7148703956343793, "Sensitivity": 0.9607843137254902, "Specificity": 0.6964809384164223, "AUC": 0.9090046575815076}, "Overall": {"Accuracy": 0.8741735754014065, "Sensitivity": 0.9550310811928083, "Specificity": 0.8734184165752701, "AUC": 0.9492954493444903}}, "label_names": [[9, 3, 7, 4, 0, 12, 11, 10, 8], [9, 3, 7, 4, 2, 6, 5, 1]]}