{"shared_labels": 11, "perf": [0.09095165878534317, 0.9765958189964294], "metrics": {"Label_0": {"Optimal Threshold": 0.19122746586799622, "Accuracy": 0.946793997271487, "Sensitivity": 0.8765432098765432, "Specificity": 0.9555214723926381, "AUC": 0.9665227599787927}, "Label_1": {"Optimal Threshold": 0.15936483442783356, "Accuracy": 0.9577080491132333, "Sensitivity": 0.9054054054054054, "Specificity": 0.9635811836115327, "AUC": 0.9722962719927819}, "Label_2": {"Optimal Threshold": 0.2686784267425537, "Accuracy": 0.9345156889495225, "Sensitivity": 0.9057377049180327, "Specificity": 0.9488752556237219, "AUC": 0.9783432230379833}, "Label_3": {"Optimal Threshold": 0.14546430110931396, "Accuracy": 0.927694406548431, "Sensitivity": 0.9426229508196722, "Specificity": 0.9202453987730062, "AUC": 0.9814945187569144}, "Label_4": {"Optimal Threshold": 0.01959843933582306, "Accuracy": 0.9113233287858117, "Sensitivity": 1.0, "Specificity": 0.9103448275862069, "AUC": 0.9839655172413794}, "Label_5": {"Optimal Threshold": 0.04445187747478485, "Accuracy": 0.975443383356071, "Sensitivity": 1.0, "Specificity": 0.9751724137931035, "AUC": 0.9906896551724138}, "Label_6": {"Optimal Threshold": 0.008362047374248505, "Accuracy": 0.8990450204638472, "Sensitivity": 1.0, "Specificity": 0.8979310344827586, "AUC": 0.9675862068965517}, "Label_7": {"Optimal Threshold": 0.24239398539066315, "Accuracy": 0.9768076398362893, "Sensitivity": 0.9393939393939394, "Specificity": 0.9805097451274363, "AUC": 0.9891645086547635}, "Label_8": {"Optimal Threshold": 0.049534495919942856, "Accuracy": 0.9686221009549796, "Sensitivity": 1.0, "Specificity": 0.9684065934065934, "AUC": 0.9818681318681319}, "Label_9": {"Optimal Threshold": 0.059196196496486664, "Accuracy": 0.9304229195088677, "Sensitivity": 0.972972972972973, "Specificity": 0.9281609195402298, "AUC": 0.9802345448897173}, "Label_10": {"Optimal Threshold": 0.01692502573132515, "Accuracy": 0.8512960436562074, "Sensitivity": 0.6842105263157895, "Specificity": 0.8557422969187675, "AUC": 0.8455698068701164}, "Label_11": {"Optimal Threshold": 0.03359508514404297, "Accuracy": 0.9427012278308322, "Sensitivity": 0.9259259259259259, "Specificity": 0.943342776203966, "AUC": 0.9670024131780505}, "Label_12": {"Optimal Threshold": 0.026701807975769043, "Accuracy": 0.7735334242837654, "Sensitivity": 1.0, "Specificity": 0.7597684515195369, "AUC": 0.9385983047343395}, "Overall": {"Accuracy": 0.9227620946584113, "Sensitivity": 0.9348317412021755, "Specificity": 0.9236617206907307, "AUC": 0.9648719894824567}}, "label_names": [[5, 11, 2, 7, 12, 3, 1, 0, 4, 9, 8, 6], [5, 11, 2, 7, 12, 3, 1, 0, 4, 9, 8, 10]]}