{"shared_labels": 4, "perf": [0.09636332094669342, 0.9701089262962341], "metrics": {"Label_0": {"Optimal Threshold": 0.10515309125185013, "Accuracy": 0.927694406548431, "Sensitivity": 0.8536585365853658, "Specificity": 0.9370199692780338, "AUC": 0.9505263946648683}, "Label_1": {"Optimal Threshold": 0.044554658234119415, "Accuracy": 0.922237380627558, "Sensitivity": 0.953125, "Specificity": 0.9192825112107623, "AUC": 0.9782090807174888}, "Label_2": {"Optimal Threshold": 0.227751687169075, "Accuracy": 0.9195088676671214, "Sensitivity": 0.9024390243902439, "Specificity": 0.9281314168377823, "AUC": 0.965860336221432}, "Label_3": {"Optimal Threshold": 0.2377471774816513, "Accuracy": 0.9249658935879945, "Sensitivity": 0.899581589958159, "Specificity": 0.937246963562753, "AUC": 0.9680517676553791}, "Label_4": {"Optimal Threshold": 0.018338369205594063, "Accuracy": 0.9331514324693042, "Sensitivity": 1.0, "Specificity": 0.9325997248968363, "AUC": 0.9731774415405777}, "Label_5": {"Optimal Threshold": 0.026319969445466995, "Accuracy": 0.9699863574351978, "Sensitivity": 1.0, "Specificity": 0.9697802197802198, "AUC": 0.9887362637362638}, "Label_6": {"Optimal Threshold": 0.028632715344429016, "Accuracy": 0.9413369713506139, "Sensitivity": 1.0, "Specificity": 0.9409340659340659, "AUC": 0.9782967032967033}, "Label_7": {"Optimal Threshold": 0.06863449513912201, "Accuracy": 0.9822646657571623, "Sensitivity": 0.9411764705882353, "Specificity": 0.9853372434017595, "AUC": 0.9912023460410556}, "Label_8": {"Optimal Threshold": 0.028756720945239067, "Accuracy": 0.975443383356071, "Sensitivity": 1.0, "Specificity": 0.9753086419753086, "AUC": 0.9931412894375857}, "Label_9": {"Optimal Threshold": 0.00556448707357049, "Accuracy": 0.8390177353342428, "Sensitivity": 0.9655172413793104, "Specificity": 0.8338068181818182, "AUC": 0.956210815047022}, "Label_10": {"Optimal Threshold": 0.029693931341171265, "Accuracy": 0.8963165075034106, "Sensitivity": 0.8888888888888888, "Specificity": 0.8965034965034965, "AUC": 0.9376845376845376}, "Label_11": {"Optimal Threshold": 0.017891963943839073, "Accuracy": 0.9167803547066848, "Sensitivity": 1.0, "Specificity": 0.9152777777777777, "AUC": 0.9814102564102564}, "Label_12": {"Optimal Threshold": 0.02966202236711979, "Accuracy": 0.8663028649386084, "Sensitivity": 0.8431372549019608, "Specificity": 0.8680351906158358, "AUC": 0.9207348628601}, "Overall": {"Accuracy": 0.9242312939448001, "Sensitivity": 0.9421172312840126, "Specificity": 0.9260972338428038, "AUC": 0.9679416996394823}}, "label_names": [[2, 7, 5, 12, 8, 3, 11, 6, 10], [2, 7, 5, 12, 1, 9, 0, 4]]}