{"shared_labels": 4, "perf": [0.09072666615247726, 0.9747848510742188], "metrics": {"Label_0": {"Optimal Threshold": 0.1112726554274559, "Accuracy": 0.927694406548431, "Sensitivity": 0.855072463768116, "Specificity": 0.9352409638554217, "AUC": 0.9609743321110529}, "Label_1": {"Optimal Threshold": 0.17347007989883423, "Accuracy": 0.9549795361527967, "Sensitivity": 0.9137931034482759, "Specificity": 0.9585185185185185, "AUC": 0.9818901660280971}, "Label_2": {"Optimal Threshold": 0.24330584704875946, "Accuracy": 0.9140518417462483, "Sensitivity": 0.9429824561403509, "Specificity": 0.900990099009901, "AUC": 0.9712871287128713}, "Label_3": {"Optimal Threshold": 0.20523840188980103, "Accuracy": 0.922237380627558, "Sensitivity": 0.9457013574660633, "Specificity": 0.912109375, "AUC": 0.9752633625565611}, "Label_4": {"Optimal Threshold": 0.0034676240757107735, "Accuracy": 0.9058663028649386, "Sensitivity": 0.8571428571428571, "Specificity": 0.90633608815427, "AUC": 0.9415584415584416}, "Label_5": {"Optimal Threshold": 0.022882899269461632, "Accuracy": 0.9386084583901774, "Sensitivity": 0.8, "Specificity": 0.9395604395604396, "AUC": 0.9082417582417582}, "Label_6": {"Optimal Threshold": 0.012757672928273678, "Accuracy": 0.8840381991814461, "Sensitivity": 1.0, "Specificity": 0.8822714681440443, "AUC": 0.9712918660287081}, "Label_7": {"Optimal Threshold": 0.08416585624217987, "Accuracy": 0.9604365620736699, "Sensitivity": 1.0, "Specificity": 0.9567809239940388, "AUC": 0.9927647709244748}, "Label_8": {"Optimal Threshold": 0.0013766189804300666, "Accuracy": 0.7544338335607094, "Sensitivity": 1.0, "Specificity": 0.7537619699042407, "AUC": 0.8098495212038304}, "Label_9": {"Optimal Threshold": 0.01527779083698988, "Accuracy": 0.8567530695770805, "Sensitivity": 0.96875, "Specificity": 0.8516405135520685, "AUC": 0.944231455064194}, "Label_10": {"Optimal Threshold": 0.0078682079911232, "Accuracy": 0.7462482946793997, "Sensitivity": 1.0, "Specificity": 0.7398601398601399, "AUC": 0.9273504273504273}, "Label_11": {"Optimal Threshold": 0.023066990077495575, "Accuracy": 0.9263301500682128, "Sensitivity": 0.9444444444444444, "Specificity": 0.9258741258741259, "AUC": 0.9707070707070706}, "Label_12": {"Optimal Threshold": 0.0849362313747406, "Accuracy": 0.800818553888131, "Sensitivity": 0.9215686274509803, "Specificity": 0.7917888563049853, "AUC": 0.9302512793973895}, "Overall": {"Accuracy": 0.8840381991814462, "Sensitivity": 0.9345734853739298, "Specificity": 0.8811333447486303, "AUC": 0.9450508907603752}}, "label_names": [[3, 8, 10, 7, 2, 4, 0, 6, 9], [3, 8, 10, 7, 11, 1, 12, 5]]}