{"shared_labels": 3, "perf": [0.09001098573207855, 0.9773253798484802], "metrics": {"Label_0": {"Optimal Threshold": 0.010319296270608902, "Accuracy": 0.8526603001364257, "Sensitivity": 0.9855072463768116, "Specificity": 0.838855421686747, "AUC": 0.9704688318491357}, "Label_1": {"Optimal Threshold": 0.05568957328796387, "Accuracy": 0.9645293315143247, "Sensitivity": 0.9482758620689655, "Specificity": 0.965925925925926, "AUC": 0.9893486590038315}, "Label_2": {"Optimal Threshold": 0.40666231513023376, "Accuracy": 0.9195088676671214, "Sensitivity": 0.9254385964912281, "Specificity": 0.9168316831683169, "AUC": 0.9726767413583463}, "Label_3": {"Optimal Threshold": 0.6906849145889282, "Accuracy": 0.937244201909959, "Sensitivity": 0.9049773755656109, "Specificity": 0.951171875, "AUC": 0.9759968891402715}, "Label_4": {"Optimal Threshold": 0.012151085771620274, "Accuracy": 0.91268758526603, "Sensitivity": 0.8571428571428571, "Specificity": 0.9132231404958677, "AUC": 0.9429358520267611}, "Label_5": {"Optimal Threshold": 0.007366258185356855, "Accuracy": 0.8362892223738063, "Sensitivity": 1.0, "Specificity": 0.8351648351648352, "AUC": 0.9524725274725275}, "Label_6": {"Optimal Threshold": 0.03801143541932106, "Accuracy": 0.9495225102319236, "Sensitivity": 0.9090909090909091, "Specificity": 0.9501385041551247, "AUC": 0.9617224880382775}, "Label_7": {"Optimal Threshold": 0.24728232622146606, "Accuracy": 0.9809004092769441, "Sensitivity": 1.0, "Specificity": 0.9791356184798807, "AUC": 0.9948079419258689}, "Label_8": {"Optimal Threshold": 0.005050769541412592, "Accuracy": 0.8021828103683493, "Sensitivity": 1.0, "Specificity": 0.801641586867305, "AUC": 0.8262653898768809}, "Label_9": {"Optimal Threshold": 0.027580229565501213, "Accuracy": 0.9099590723055935, "Sensitivity": 0.875, "Specificity": 0.9115549215406562, "AUC": 0.9474857346647646}, "Label_10": {"Optimal Threshold": 0.044895149767398834, "Accuracy": 0.9304229195088677, "Sensitivity": 0.7777777777777778, "Specificity": 0.9342657342657342, "AUC": 0.9177156177156177}, "Label_11": {"Optimal Threshold": 0.031362537294626236, "Accuracy": 0.946793997271487, "Sensitivity": 0.9444444444444444, "Specificity": 0.9468531468531468, "AUC": 0.9682206682206683}, "Label_12": {"Optimal Threshold": 0.08196590095758438, "Accuracy": 0.82537517053206, "Sensitivity": 1.0, "Specificity": 0.8123167155425219, "AUC": 0.9617043298257719}, "Overall": {"Accuracy": 0.9052366460279148, "Sensitivity": 0.9328965437660466, "Specificity": 0.9043907007035433, "AUC": 0.9524478208552865}}, "label_names": [[0, 12, 3, 2, 10, 7, 6, 5], [0, 12, 3, 11, 9, 4, 1, 8]]}