{"shared_labels": 3, "perf": [0.0883149653673172, 0.9737867712974548], "metrics": {"Label_0": {"Optimal Threshold": 0.14099568128585815, "Accuracy": 0.9454297407912687, "Sensitivity": 0.8783783783783784, "Specificity": 0.952959028831563, "AUC": 0.9571422712545626}, "Label_1": {"Optimal Threshold": 0.061159566044807434, "Accuracy": 0.9549795361527967, "Sensitivity": 0.9436619718309859, "Specificity": 0.9561933534743202, "AUC": 0.9869154504063657}, "Label_2": {"Optimal Threshold": 0.44403737783432007, "Accuracy": 0.9331514324693042, "Sensitivity": 0.9188034188034188, "Specificity": 0.9398797595190381, "AUC": 0.9766199064796259}, "Label_3": {"Optimal Threshold": 0.2236071079969406, "Accuracy": 0.9181446111869032, "Sensitivity": 0.9424778761061947, "Specificity": 0.9072978303747534, "AUC": 0.9749524358101622}, "Label_4": {"Optimal Threshold": 0.0030403202399611473, "Accuracy": 0.8540245566166439, "Sensitivity": 1.0, "Specificity": 0.8524137931034482, "AUC": 0.9527586206896552}, "Label_5": {"Optimal Threshold": 0.003112418344244361, "Accuracy": 0.8226466575716235, "Sensitivity": 1.0, "Specificity": 0.8211829436038515, "AUC": 0.9442916093535076}, "Label_6": {"Optimal Threshold": 0.006955885328352451, "Accuracy": 0.8758526603001364, "Sensitivity": 1.0, "Specificity": 0.8751714677640604, "AUC": 0.9372427983539094}, "Label_7": {"Optimal Threshold": 0.08019367605447769, "Accuracy": 0.9427012278308322, "Sensitivity": 0.9841269841269841, "Specificity": 0.9388059701492537, "AUC": 0.9840085287846482}, "Label_8": {"Optimal Threshold": 0.004544521681964397, "Accuracy": 0.922237380627558, "Sensitivity": 1.0, "Specificity": 0.9218106995884774, "AUC": 0.9763374485596708}, "Label_9": {"Optimal Threshold": 0.06671377271413803, "Accuracy": 0.931787175989086, "Sensitivity": 0.896551724137931, "Specificity": 0.9332386363636364, "AUC": 0.9420552507836992}, "Label_10": {"Optimal Threshold": 0.025524388998746872, "Accuracy": 0.9099590723055935, "Sensitivity": 0.9166666666666666, "Specificity": 0.9098474341192788, "AUC": 0.9596625057790106}, "Label_11": {"Optimal Threshold": 0.024515250697731972, "Accuracy": 0.9386084583901774, "Sensitivity": 0.8695652173913043, "Specificity": 0.9408450704225352, "AUC": 0.9583588487446417}, "Label_12": {"Optimal Threshold": 0.08032901585102081, "Accuracy": 0.8717598908594816, "Sensitivity": 0.8113207547169812, "Specificity": 0.8764705882352941, "AUC": 0.9133740288568257}, "Overall": {"Accuracy": 0.9093294154685696, "Sensitivity": 0.9355040763199111, "Specificity": 0.9097012750422699, "AUC": 0.9587476695274065}}, "label_names": [[10, 5, 1, 6, 7, 12, 3, 8], [10, 5, 1, 9, 4, 0, 11, 2]]}