{"shared_labels": 8, "perf": [0.08797384798526764, 0.9773166179656982], "metrics": {"Label_0": {"Optimal Threshold": 0.1456177681684494, "Accuracy": 0.9345156889495225, "Sensitivity": 0.855072463768116, "Specificity": 0.9427710843373494, "AUC": 0.9614326872708224}, "Label_1": {"Optimal Threshold": 0.03852957487106323, "Accuracy": 0.9358799454297408, "Sensitivity": 0.9655172413793104, "Specificity": 0.9333333333333333, "AUC": 0.9873563218390805}, "Label_2": {"Optimal Threshold": 0.29584330320358276, "Accuracy": 0.9167803547066848, "Sensitivity": 0.9122807017543859, "Specificity": 0.9188118811881189, "AUC": 0.9707747090498523}, "Label_3": {"Optimal Threshold": 0.4553945064544678, "Accuracy": 0.9331514324693042, "Sensitivity": 0.9140271493212669, "Specificity": 0.94140625, "AUC": 0.9747507777149321}, "Label_4": {"Optimal Threshold": 0.003215900156646967, "Accuracy": 0.8485675306957708, "Sensitivity": 1.0, "Specificity": 0.8471074380165289, "AUC": 0.9696969696969696}, "Label_5": {"Optimal Threshold": 0.002798171481117606, "Accuracy": 0.7653478854024557, "Sensitivity": 1.0, "Specificity": 0.7637362637362637, "AUC": 0.9398351648351648}, "Label_6": {"Optimal Threshold": 0.013286232948303223, "Accuracy": 0.8772169167803547, "Sensitivity": 1.0, "Specificity": 0.8753462603878116, "AUC": 0.9753210778141526}, "Label_7": {"Optimal Threshold": 0.11554233729839325, "Accuracy": 0.9549795361527967, "Sensitivity": 1.0, "Specificity": 0.9508196721311475, "AUC": 0.9917552040767271}, "Label_8": {"Optimal Threshold": 0.0034087153617292643, "Accuracy": 0.8240109140518418, "Sensitivity": 1.0, "Specificity": 0.8235294117647058, "AUC": 0.8502051983584131}, "Label_9": {"Optimal Threshold": 0.02158420905470848, "Accuracy": 0.8854024556616644, "Sensitivity": 0.96875, "Specificity": 0.8815977175463623, "AUC": 0.9517207560627674}, "Label_10": {"Optimal Threshold": 0.00840933807194233, "Accuracy": 0.7189631650750341, "Sensitivity": 1.0, "Specificity": 0.7118881118881119, "AUC": 0.9168609168609169}, "Label_11": {"Optimal Threshold": 0.01765044778585434, "Accuracy": 0.9167803547066848, "Sensitivity": 1.0, "Specificity": 0.9146853146853147, "AUC": 0.9827505827505827}, "Label_12": {"Optimal Threshold": 0.10574576258659363, "Accuracy": 0.8894952251023193, "Sensitivity": 0.8235294117647058, "Specificity": 0.8944281524926686, "AUC": 0.9310562934851359}, "Overall": {"Accuracy": 0.8770070311680135, "Sensitivity": 0.9568597667682912, "Specificity": 0.876881607039055, "AUC": 0.9541166661396553}}, "label_names": [[10, 3, 1, 9, 4, 8, 5, 11, 6, 2, 0], [10, 3, 1, 9, 4, 8, 5, 11, 12, 7]]}