{"shared_labels": 8, "perf": [0.10129775106906891, 0.9729087352752686], "metrics": {"Label_0": {"Optimal Threshold": 0.2430027723312378, "Accuracy": 0.9549795361527967, "Sensitivity": 0.8571428571428571, "Specificity": 0.9664634146341463, "AUC": 0.9593957871396895}, "Label_1": {"Optimal Threshold": 0.10145164281129837, "Accuracy": 0.9699863574351978, "Sensitivity": 0.9315068493150684, "Specificity": 0.9742424242424242, "AUC": 0.9838314653383147}, "Label_2": {"Optimal Threshold": 0.6650113463401794, "Accuracy": 0.9140518417462483, "Sensitivity": 0.8346774193548387, "Specificity": 0.954639175257732, "AUC": 0.9601762554040572}, "Label_3": {"Optimal Threshold": 0.43426668643951416, "Accuracy": 0.9099590723055935, "Sensitivity": 0.9083333333333333, "Specificity": 0.9107505070993914, "AUC": 0.9676724137931034}, "Label_4": {"Optimal Threshold": 0.020399373024702072, "Accuracy": 0.9358799454297408, "Sensitivity": 0.8888888888888888, "Specificity": 0.93646408839779, "AUC": 0.9665438919582566}, "Label_5": {"Optimal Threshold": 0.007050049025565386, "Accuracy": 0.8540245566166439, "Sensitivity": 1.0, "Specificity": 0.853021978021978, "AUC": 0.9431318681318681}, "Label_6": {"Optimal Threshold": 0.028014497831463814, "Accuracy": 0.927694406548431, "Sensitivity": 1.0, "Specificity": 0.9271978021978022, "AUC": 0.9813186813186814}, "Label_7": {"Optimal Threshold": 0.3791610300540924, "Accuracy": 0.9672578444747613, "Sensitivity": 0.9206349206349206, "Specificity": 0.9716417910447761, "AUC": 0.9781568348732529}, "Label_8": {"Optimal Threshold": 0.006596923805773258, "Accuracy": 0.8908594815825375, "Sensitivity": 1.0, "Specificity": 0.8896551724137931, "AUC": 0.9727586206896552}, "Label_9": {"Optimal Threshold": 0.010268598794937134, "Accuracy": 0.8158253751705321, "Sensitivity": 0.96875, "Specificity": 0.8088445078459344, "AUC": 0.9416458630527818}, "Label_10": {"Optimal Threshold": 0.013761870563030243, "Accuracy": 0.7489768076398363, "Sensitivity": 0.8666666666666667, "Specificity": 0.7465181058495822, "AUC": 0.872330547818013}, "Label_11": {"Optimal Threshold": 0.06733947992324829, "Accuracy": 0.975443383356071, "Sensitivity": 1.0, "Specificity": 0.9748603351955307, "AUC": 0.9898948406178114}, "Label_12": {"Optimal Threshold": 0.044064704328775406, "Accuracy": 0.844474761255116, "Sensitivity": 0.8214285714285714, "Specificity": 0.8463810930576071, "AUC": 0.9046739818527114}, "Overall": {"Accuracy": 0.9007241053625774, "Sensitivity": 0.9229253466742419, "Specificity": 0.9046677227121914, "AUC": 0.9555023886144768}}, "label_names": [[3, 7, 8, 5, 1, 11, 6, 4, 0, 10, 12], [3, 7, 8, 5, 1, 11, 6, 4, 2, 9]]}