{"shared_labels": 8, "perf": [0.08492773771286011, 0.9789140224456787], "metrics": {"Label_0": {"Optimal Threshold": 0.08808255195617676, "Accuracy": 0.8908594815825375, "Sensitivity": 0.9565217391304348, "Specificity": 0.8840361445783133, "AUC": 0.9717784180199058}, "Label_1": {"Optimal Threshold": 0.1510218232870102, "Accuracy": 0.956343792633015, "Sensitivity": 0.9482758620689655, "Specificity": 0.957037037037037, "AUC": 0.9891443167305236}, "Label_2": {"Optimal Threshold": 0.5049513578414917, "Accuracy": 0.9304229195088677, "Sensitivity": 0.8991228070175439, "Specificity": 0.9445544554455445, "AUC": 0.971712697585548}, "Label_3": {"Optimal Threshold": 0.3979227840900421, "Accuracy": 0.9290586630286494, "Sensitivity": 0.9276018099547512, "Specificity": 0.9296875, "AUC": 0.9760852658371042}, "Label_4": {"Optimal Threshold": 0.05801691859960556, "Accuracy": 0.9740791268758526, "Sensitivity": 0.8571428571428571, "Specificity": 0.9752066115702479, "AUC": 0.9702872884691066}, "Label_5": {"Optimal Threshold": 0.0054510170593857765, "Accuracy": 0.8294679399727148, "Sensitivity": 1.0, "Specificity": 0.8282967032967034, "AUC": 0.9395604395604397}, "Label_6": {"Optimal Threshold": 0.012330685742199421, "Accuracy": 0.888130968622101, "Sensitivity": 1.0, "Specificity": 0.8864265927977839, "AUC": 0.9750692520775623}, "Label_7": {"Optimal Threshold": 0.15824604034423828, "Accuracy": 0.9604365620736699, "Sensitivity": 1.0, "Specificity": 0.9567809239940388, "AUC": 0.9927407336185761}, "Label_8": {"Optimal Threshold": 0.0012581013143062592, "Accuracy": 0.791268758526603, "Sensitivity": 1.0, "Specificity": 0.7906976744186046, "AUC": 0.7941176470588235}, "Label_9": {"Optimal Threshold": 0.023826975375413895, "Accuracy": 0.9004092769440655, "Sensitivity": 0.9375, "Specificity": 0.8987161198288159, "AUC": 0.9543063480741797}, "Label_10": {"Optimal Threshold": 0.012856421992182732, "Accuracy": 0.8308321964529332, "Sensitivity": 0.8888888888888888, "Specificity": 0.8293706293706293, "AUC": 0.9237762237762238}, "Label_11": {"Optimal Threshold": 0.05240796133875847, "Accuracy": 0.9522510231923602, "Sensitivity": 0.9444444444444444, "Specificity": 0.9524475524475524, "AUC": 0.9751359751359752}, "Label_12": {"Optimal Threshold": 0.06931056827306747, "Accuracy": 0.8567530695770805, "Sensitivity": 0.9019607843137255, "Specificity": 0.8533724340175953, "AUC": 0.9505491346098557}, "Overall": {"Accuracy": 0.8992549060761886, "Sensitivity": 0.9431891686893548, "Specificity": 0.8989715676002205, "AUC": 0.9526356723502943}}, "label_names": [[7, 0, 10, 9, 4, 8, 12, 1, 2, 11, 5], [7, 0, 10, 9, 4, 8, 12, 1, 3, 6]]}