{"shared_labels": 8, "perf": [0.08461110293865204, 0.9768995642662048], "metrics": {"Label_0": {"Optimal Threshold": 0.020593812689185143, "Accuracy": 0.9304229195088677, "Sensitivity": 0.9146341463414634, "Specificity": 0.9324116743471582, "AUC": 0.9676482709527556}, "Label_1": {"Optimal Threshold": 0.041828617453575134, "Accuracy": 0.9236016371077762, "Sensitivity": 0.9692307692307692, "Specificity": 0.9191616766467066, "AUC": 0.9829571625978811}, "Label_2": {"Optimal Threshold": 0.29594868421554565, "Accuracy": 0.931787175989086, "Sensitivity": 0.9404255319148936, "Specificity": 0.927710843373494, "AUC": 0.9778774673160728}, "Label_3": {"Optimal Threshold": 0.2758601903915405, "Accuracy": 0.937244201909959, "Sensitivity": 0.961038961038961, "Specificity": 0.9262948207171314, "AUC": 0.9799934461289044}, "Label_4": {"Optimal Threshold": 0.19015848636627197, "Accuracy": 0.9822646657571623, "Sensitivity": 1.0, "Specificity": 0.9821182943603851, "AUC": 0.994268684089867}, "Label_5": {"Optimal Threshold": 0.008106096647679806, "Accuracy": 0.8526603001364257, "Sensitivity": 1.0, "Specificity": 0.8516483516483516, "AUC": 0.9576923076923076}, "Label_6": {"Optimal Threshold": 0.03552427142858505, "Accuracy": 0.9208731241473397, "Sensitivity": 1.0, "Specificity": 0.92, "AUC": 0.9681034482758621}, "Label_7": {"Optimal Threshold": 0.0581781230866909, "Accuracy": 0.9618008185538881, "Sensitivity": 0.984375, "Specificity": 0.9596412556053812, "AUC": 0.9902840059790732}, "Label_8": {"Optimal Threshold": 0.006832044571638107, "Accuracy": 0.8990450204638472, "Sensitivity": 1.0, "Specificity": 0.8984910836762688, "AUC": 0.9650205761316872}, "Label_9": {"Optimal Threshold": 0.06363695114850998, "Accuracy": 0.9304229195088677, "Sensitivity": 0.92, "Specificity": 0.9307909604519774, "AUC": 0.9706779661016949}, "Label_10": {"Optimal Threshold": 0.02274601347744465, "Accuracy": 0.8963165075034106, "Sensitivity": 0.9333333333333333, "Specificity": 0.8955431754874652, "AUC": 0.9492107706592386}, "Label_11": {"Optimal Threshold": 0.12250698357820511, "Accuracy": 0.9863574351978172, "Sensitivity": 1.0, "Specificity": 0.9861111111111112, "AUC": 0.9930555555555556}, "Label_12": {"Optimal Threshold": 0.03804231062531471, "Accuracy": 0.7298772169167803, "Sensitivity": 0.8620689655172413, "Specificity": 0.7185185185185186, "AUC": 0.8637292464878673}, "Overall": {"Accuracy": 0.9140518417462482, "Sensitivity": 0.9603928236443587, "Specificity": 0.9114185973803036, "AUC": 0.9661937621514436}}, "label_names": [[9, 8, 11, 3, 10, 5, 2, 7, 12, 0, 6], [9, 8, 11, 3, 10, 5, 2, 7, 4, 1]]}