{"shared_labels": 1, "perf": [0.09432518482208252, 0.976134717464447], "metrics": {"Label_0": {"Optimal Threshold": 0.05275662988424301, "Accuracy": 0.9045020463847203, "Sensitivity": 0.8928571428571429, "Specificity": 0.9060092449922958, "AUC": 0.9606537530266344}, "Label_1": {"Optimal Threshold": 0.24777556955814362, "Accuracy": 0.9699863574351978, "Sensitivity": 0.9178082191780822, "Specificity": 0.9757575757575757, "AUC": 0.9825238688252387}, "Label_2": {"Optimal Threshold": 0.397680401802063, "Accuracy": 0.9181446111869032, "Sensitivity": 0.9551020408163265, "Specificity": 0.8995901639344263, "AUC": 0.976321512211442}, "Label_3": {"Optimal Threshold": 0.3105597198009491, "Accuracy": 0.9099590723055935, "Sensitivity": 0.9595141700404858, "Specificity": 0.8847736625514403, "AUC": 0.9775828460038987}, "Label_4": {"Optimal Threshold": 0.02758251316845417, "Accuracy": 0.9413369713506139, "Sensitivity": 1.0, "Specificity": 0.940771349862259, "AUC": 0.9874065328610783}, "Label_5": {"Optimal Threshold": 0.016029974445700645, "Accuracy": 0.9085948158253752, "Sensitivity": 0.8571428571428571, "Specificity": 0.9090909090909091, "AUC": 0.9403778040141676}, "Label_6": {"Optimal Threshold": 0.01447482593357563, "Accuracy": 0.9181446111869032, "Sensitivity": 1.0, "Specificity": 0.9168975069252078, "AUC": 0.9853941072777638}, "Label_7": {"Optimal Threshold": 0.08348262310028076, "Accuracy": 0.931787175989086, "Sensitivity": 0.96875, "Specificity": 0.9282511210762332, "AUC": 0.9876915171898355}, "Label_8": {"Optimal Threshold": 0.03045465797185898, "Accuracy": 0.9522510231923602, "Sensitivity": 1.0, "Specificity": 0.952054794520548, "AUC": 0.9803652968036529}, "Label_9": {"Optimal Threshold": 0.04450245946645737, "Accuracy": 0.9085948158253752, "Sensitivity": 0.9, "Specificity": 0.9090909090909091, "AUC": 0.9527777777777777}, "Label_10": {"Optimal Threshold": 0.02067866176366806, "Accuracy": 0.8362892223738063, "Sensitivity": 0.9375, "Specificity": 0.8340306834030683, "AUC": 0.9209379358437936}, "Label_11": {"Optimal Threshold": 0.020462892949581146, "Accuracy": 0.8826739427012278, "Sensitivity": 0.9473684210526315, "Specificity": 0.8809523809523809, "AUC": 0.9351319475158484}, "Label_12": {"Optimal Threshold": 0.16303804516792297, "Accuracy": 0.9058663028649386, "Sensitivity": 0.6896551724137931, "Specificity": 0.9244444444444444, "AUC": 0.8971136653895274}, "Overall": {"Accuracy": 0.9144716129709309, "Sensitivity": 0.9250536941154862, "Specificity": 0.9124395958924383, "AUC": 0.9603291203646661}}, "label_names": [[2, 4, 0, 5, 8, 6, 7], [2, 11, 10, 12, 1, 3, 9]]}