{"shared_labels": 1, "perf": [0.08910403400659561, 0.9748516082763672], "metrics": {"Label_0": {"Optimal Threshold": 0.05702303349971771, "Accuracy": 0.9099590723055935, "Sensitivity": 0.8985507246376812, "Specificity": 0.911144578313253, "AUC": 0.9590972585996158}, "Label_1": {"Optimal Threshold": 0.19500629603862762, "Accuracy": 0.9604365620736699, "Sensitivity": 0.9137931034482759, "Specificity": 0.9644444444444444, "AUC": 0.9818390804597702}, "Label_2": {"Optimal Threshold": 0.38608479499816895, "Accuracy": 0.9263301500682128, "Sensitivity": 0.9078947368421053, "Specificity": 0.9346534653465347, "AUC": 0.9709484106305367}, "Label_3": {"Optimal Threshold": 0.4372080862522125, "Accuracy": 0.927694406548431, "Sensitivity": 0.9321266968325792, "Specificity": 0.92578125, "AUC": 0.9762001555429864}, "Label_4": {"Optimal Threshold": 0.007258377969264984, "Accuracy": 0.8458390177353342, "Sensitivity": 1.0, "Specificity": 0.8443526170798898, "AUC": 0.9704840613931524}, "Label_5": {"Optimal Threshold": 0.08812279999256134, "Accuracy": 0.975443383356071, "Sensitivity": 0.8, "Specificity": 0.9766483516483516, "AUC": 0.9395604395604396}, "Label_6": {"Optimal Threshold": 0.03457164019346237, "Accuracy": 0.9304229195088677, "Sensitivity": 1.0, "Specificity": 0.9293628808864266, "AUC": 0.9824981113069756}, "Label_7": {"Optimal Threshold": 0.15276426076889038, "Accuracy": 0.965893587994543, "Sensitivity": 1.0, "Specificity": 0.96274217585693, "AUC": 0.992740733618576}, "Label_8": {"Optimal Threshold": 0.006762585137039423, "Accuracy": 0.9017735334242838, "Sensitivity": 1.0, "Specificity": 0.9015047879616963, "AUC": 0.9117647058823529}, "Label_9": {"Optimal Threshold": 0.055888496339321136, "Accuracy": 0.9113233287858117, "Sensitivity": 0.84375, "Specificity": 0.9144079885877318, "AUC": 0.9409325962910129}, "Label_10": {"Optimal Threshold": 0.028062455356121063, "Accuracy": 0.8813096862210096, "Sensitivity": 0.7777777777777778, "Specificity": 0.8839160839160839, "AUC": 0.8885003885003885}, "Label_11": {"Optimal Threshold": 0.042383164167404175, "Accuracy": 0.9290586630286494, "Sensitivity": 1.0, "Specificity": 0.9272727272727272, "AUC": 0.981973581973582}, "Label_12": {"Optimal Threshold": 0.1468920260667801, "Accuracy": 0.8990450204638472, "Sensitivity": 0.7843137254901961, "Specificity": 0.907624633431085, "AUC": 0.9301075268817204}, "Overall": {"Accuracy": 0.9203484101164865, "Sensitivity": 0.9121697511560474, "Specificity": 0.9218350757496273, "AUC": 0.9558959269723929}}, "label_names": [[3, 2, 0, 9, 4, 8, 10], [3, 12, 11, 5, 1, 6, 7]]}