{"shared_labels": 9, "perf": [0.08680799603462219, 0.9790595173835754], "metrics": {"Label_0": {"Optimal Threshold": 0.12750126421451569, "Accuracy": 0.937244201909959, "Sensitivity": 0.8695652173913043, "Specificity": 0.9442771084337349, "AUC": 0.968002444560852}, "Label_1": {"Optimal Threshold": 0.08030711114406586, "Accuracy": 0.9508867667121419, "Sensitivity": 0.9482758620689655, "Specificity": 0.9511111111111111, "AUC": 0.9892464878671775}, "Label_2": {"Optimal Threshold": 0.5234867334365845, "Accuracy": 0.931787175989086, "Sensitivity": 0.9254385964912281, "Specificity": 0.9346534653465347, "AUC": 0.9738144867118291}, "Label_3": {"Optimal Threshold": 0.43820250034332275, "Accuracy": 0.927694406548431, "Sensitivity": 0.9230769230769231, "Specificity": 0.9296875, "AUC": 0.9742735435520362}, "Label_4": {"Optimal Threshold": 0.0031522868666797876, "Accuracy": 0.7899045020463847, "Sensitivity": 1.0, "Specificity": 0.7878787878787878, "AUC": 0.9553325462416371}, "Label_5": {"Optimal Threshold": 0.0033528523053973913, "Accuracy": 0.7803547066848567, "Sensitivity": 1.0, "Specificity": 0.7788461538461539, "AUC": 0.948076923076923}, "Label_6": {"Optimal Threshold": 0.009247994981706142, "Accuracy": 0.888130968622101, "Sensitivity": 1.0, "Specificity": 0.8864265927977839, "AUC": 0.9767061193653991}, "Label_7": {"Optimal Threshold": 0.11806027591228485, "Accuracy": 0.9618008185538881, "Sensitivity": 1.0, "Specificity": 0.9582712369597616, "AUC": 0.9935820393250324}, "Label_8": {"Optimal Threshold": 0.0015287211863324046, "Accuracy": 0.6234652114597544, "Sensitivity": 1.0, "Specificity": 0.6224350205198358, "AUC": 0.73187414500684}, "Label_9": {"Optimal Threshold": 0.012290427461266518, "Accuracy": 0.8417462482946794, "Sensitivity": 0.96875, "Specificity": 0.8359486447931527, "AUC": 0.9444989300998573}, "Label_10": {"Optimal Threshold": 0.012220218777656555, "Accuracy": 0.772169167803547, "Sensitivity": 0.9444444444444444, "Specificity": 0.7678321678321678, "AUC": 0.913908313908314}, "Label_11": {"Optimal Threshold": 0.038777731359004974, "Accuracy": 0.9495225102319236, "Sensitivity": 0.9444444444444444, "Specificity": 0.9496503496503497, "AUC": 0.9806526806526807}, "Label_12": {"Optimal Threshold": 0.05095740035176277, "Accuracy": 0.7871759890859482, "Sensitivity": 0.9803921568627451, "Specificity": 0.7727272727272727, "AUC": 0.9491116094531654}, "Overall": {"Accuracy": 0.8570678979955925, "Sensitivity": 0.9618759726753889, "Specificity": 0.8553650316843574, "AUC": 0.9460830976785957}}, "label_names": [[7, 11, 1, 2, 0, 10, 12, 5, 6, 3, 9], [7, 11, 1, 2, 0, 10, 12, 5, 6, 4, 8]]}