{"shared_labels": 9, "perf": [0.08877807855606079, 0.977368175983429], "metrics": {"Label_0": {"Optimal Threshold": 0.10018227249383926, "Accuracy": 0.9045020463847203, "Sensitivity": 0.8928571428571429, "Specificity": 0.9060092449922958, "AUC": 0.9525827280064568}, "Label_1": {"Optimal Threshold": 0.05067019909620285, "Accuracy": 0.9113233287858117, "Sensitivity": 0.9565217391304348, "Specificity": 0.9066265060240963, "AUC": 0.983171817705605}, "Label_2": {"Optimal Threshold": 0.19184277951717377, "Accuracy": 0.9072305593451568, "Sensitivity": 0.9308755760368663, "Specificity": 0.8972868217054264, "AUC": 0.9710909870324724}, "Label_3": {"Optimal Threshold": 0.14135555922985077, "Accuracy": 0.8935879945429741, "Sensitivity": 0.941747572815534, "Specificity": 0.8747628083491461, "AUC": 0.9662220666531568}, "Label_4": {"Optimal Threshold": 0.02102958783507347, "Accuracy": 0.9181446111869032, "Sensitivity": 1.0, "Specificity": 0.9175824175824175, "AUC": 0.9675824175824176}, "Label_5": {"Optimal Threshold": 0.0031193143222481012, "Accuracy": 0.8185538881309686, "Sensitivity": 1.0, "Specificity": 0.8173076923076923, "AUC": 0.9557692307692307}, "Label_6": {"Optimal Threshold": 0.07369676232337952, "Accuracy": 0.9809004092769441, "Sensitivity": 1.0, "Specificity": 0.9807427785419532, "AUC": 0.9926639156350298}, "Label_7": {"Optimal Threshold": 0.1802494078874588, "Accuracy": 0.9781718963165075, "Sensitivity": 0.9836065573770492, "Specificity": 0.9776785714285714, "AUC": 0.9908030835284933}, "Label_8": {"Optimal Threshold": 0.014941533096134663, "Accuracy": 0.9236016371077762, "Sensitivity": 1.0, "Specificity": 0.9227586206896552, "AUC": 0.9746551724137931}, "Label_9": {"Optimal Threshold": 0.07075585424900055, "Accuracy": 0.9345156889495225, "Sensitivity": 0.9354838709677419, "Specificity": 0.9344729344729344, "AUC": 0.974910394265233}, "Label_10": {"Optimal Threshold": 0.014193720184266567, "Accuracy": 0.7025920873124147, "Sensitivity": 1.0, "Specificity": 0.6993103448275862, "AUC": 0.8956896551724137}, "Label_11": {"Optimal Threshold": 0.043631661683321, "Accuracy": 0.9331514324693042, "Sensitivity": 1.0, "Specificity": 0.9307909604519774, "AUC": 0.9836158192090395}, "Label_12": {"Optimal Threshold": 0.0856948271393776, "Accuracy": 0.8826739427012278, "Sensitivity": 0.9122807017543859, "Specificity": 0.8801775147928994, "AUC": 0.9419184054811585}, "Overall": {"Accuracy": 0.8991499632700177, "Sensitivity": 0.965644089303012, "Specificity": 0.8958082473974347, "AUC": 0.9654365918041924}}, "label_names": [[7, 1, 5, 2, 0, 4, 12, 6, 11, 9, 3], [7, 1, 5, 2, 0, 4, 12, 6, 11, 10, 8]]}