{"shared_labels": 6, "perf": [0.09020490199327469, 0.9771513342857361], "metrics": {"Label_0": {"Optimal Threshold": 0.03696327656507492, "Accuracy": 0.9072305593451568, "Sensitivity": 0.8985507246376812, "Specificity": 0.9081325301204819, "AUC": 0.9662345032303126}, "Label_1": {"Optimal Threshold": 0.04716021567583084, "Accuracy": 0.927694406548431, "Sensitivity": 0.9655172413793104, "Specificity": 0.9244444444444444, "AUC": 0.9865134099616858}, "Label_2": {"Optimal Threshold": 0.47768521308898926, "Accuracy": 0.922237380627558, "Sensitivity": 0.9210526315789473, "Specificity": 0.9227722772277228, "AUC": 0.9740142435296162}, "Label_3": {"Optimal Threshold": 0.4297707974910736, "Accuracy": 0.9167803547066848, "Sensitivity": 0.9321266968325792, "Specificity": 0.91015625, "AUC": 0.9746182126696833}, "Label_4": {"Optimal Threshold": 0.012500596232712269, "Accuracy": 0.927694406548431, "Sensitivity": 0.8571428571428571, "Specificity": 0.928374655647383, "AUC": 0.9551357733175915}, "Label_5": {"Optimal Threshold": 0.004853885155171156, "Accuracy": 0.7708049113233287, "Sensitivity": 1.0, "Specificity": 0.7692307692307693, "AUC": 0.9387362637362637}, "Label_6": {"Optimal Threshold": 0.003837817581370473, "Accuracy": 0.8267394270122783, "Sensitivity": 1.0, "Specificity": 0.8240997229916898, "AUC": 0.948627549735583}, "Label_7": {"Optimal Threshold": 0.04394003376364708, "Accuracy": 0.9522510231923602, "Sensitivity": 1.0, "Specificity": 0.9478390461997019, "AUC": 0.9934618527955388}, "Label_8": {"Optimal Threshold": 0.001999372150748968, "Accuracy": 0.8130968622100955, "Sensitivity": 1.0, "Specificity": 0.8125854993160054, "AUC": 0.8372093023255813}, "Label_9": {"Optimal Threshold": 0.009770442731678486, "Accuracy": 0.8949522510231923, "Sensitivity": 0.96875, "Specificity": 0.891583452211127, "AUC": 0.953771398002853}, "Label_10": {"Optimal Threshold": 0.011591876856982708, "Accuracy": 0.8021828103683493, "Sensitivity": 0.9444444444444444, "Specificity": 0.7986013986013986, "AUC": 0.9154623154623155}, "Label_11": {"Optimal Threshold": 0.05889119952917099, "Accuracy": 0.9699863574351978, "Sensitivity": 0.9444444444444444, "Specificity": 0.9706293706293706, "AUC": 0.9825174825174825}, "Label_12": {"Optimal Threshold": 0.048180777579545975, "Accuracy": 0.8526603001364257, "Sensitivity": 0.9019607843137255, "Specificity": 0.8489736070381232, "AUC": 0.9467253176930597}, "Overall": {"Accuracy": 0.8834085423444222, "Sensitivity": 0.9487684480595378, "Specificity": 0.8813402325890939, "AUC": 0.9517713557675053}}, "label_names": [[10, 12, 2, 11, 9, 8, 4, 6, 1, 3], [10, 12, 2, 11, 9, 8, 5, 0, 7]]}