{"shared_labels": 6, "perf": [0.09945860505104065, 0.9709464311599731], "metrics": {"Label_0": {"Optimal Threshold": 0.03938697278499603, "Accuracy": 0.9099590723055935, "Sensitivity": 0.8488372093023255, "Specificity": 0.9180834621329211, "AUC": 0.9477013766579203}, "Label_1": {"Optimal Threshold": 0.029636641964316368, "Accuracy": 0.937244201909959, "Sensitivity": 0.9444444444444444, "Specificity": 0.9364599092284418, "AUC": 0.9822869389813413}, "Label_2": {"Optimal Threshold": 0.12114428728818893, "Accuracy": 0.8963165075034106, "Sensitivity": 0.9462809917355371, "Specificity": 0.8716904276985743, "AUC": 0.9656965881739072}, "Label_3": {"Optimal Threshold": 0.26805105805397034, "Accuracy": 0.9167803547066848, "Sensitivity": 0.9184549356223176, "Specificity": 0.916, "AUC": 0.9690042918454936}, "Label_4": {"Optimal Threshold": 0.010470387525856495, "Accuracy": 0.9304229195088677, "Sensitivity": 0.9090909090909091, "Specificity": 0.9307479224376731, "AUC": 0.969403173004281}, "Label_5": {"Optimal Threshold": 0.003979960922151804, "Accuracy": 0.762619372442019, "Sensitivity": 1.0, "Specificity": 0.7613168724279835, "AUC": 0.8720850480109739}, "Label_6": {"Optimal Threshold": 0.13452748954296112, "Accuracy": 0.9931787175989086, "Sensitivity": 1.0, "Specificity": 0.9931600547195623, "AUC": 0.9952120383036935}, "Label_7": {"Optimal Threshold": 0.303564190864563, "Accuracy": 0.9740791268758526, "Sensitivity": 0.9298245614035088, "Specificity": 0.977810650887574, "AUC": 0.9822744731651615}, "Label_8": {"Optimal Threshold": 0.002735908841714263, "Accuracy": 0.7762619372442019, "Sensitivity": 1.0, "Specificity": 0.7750342935528121, "AUC": 0.9344993141289438}, "Label_9": {"Optimal Threshold": 0.036257486790418625, "Accuracy": 0.9085948158253752, "Sensitivity": 0.9642857142857143, "Specificity": 0.9063829787234042, "AUC": 0.970516717325228}, "Label_10": {"Optimal Threshold": 0.02882787585258484, "Accuracy": 0.8581173260572987, "Sensitivity": 0.8, "Specificity": 0.8593314763231198, "AUC": 0.8923862581244197}, "Label_11": {"Optimal Threshold": 0.019348686560988426, "Accuracy": 0.9004092769440655, "Sensitivity": 1.0, "Specificity": 0.8979020979020979, "AUC": 0.9792540792540793}, "Label_12": {"Optimal Threshold": 0.0697493925690651, "Accuracy": 0.8772169167803547, "Sensitivity": 0.8333333333333334, "Specificity": 0.8811292719167905, "AUC": 0.9152798415056959}, "Overall": {"Accuracy": 0.8954769650540455, "Sensitivity": 0.9303501614783147, "Specificity": 0.8942345706116119, "AUC": 0.9519692414216261}}, "label_names": [[5, 2, 12, 4, 1, 10, 6, 11, 0, 9], [5, 2, 12, 4, 1, 10, 3, 8, 7]]}