{"shared_labels": 11, "perf": [0.08782274276018143, 0.9774534106254578], "label_names": [[8, 4, 10, 7, 9, 1, 5, 3, 0, 11, 6, 12], [8, 4, 10, 7, 9, 1, 5, 3, 0, 11, 6, 2]], "metrics": {"Label_0": {"Optimal Threshold": 0.05367886275053024, "Accuracy": 0.9045020463847203, "Sensitivity": 0.8985507246376812, "Specificity": 0.9051204819277109, "AUC": 0.9671730399860311}, "Label_1": {"Optimal Threshold": 0.05391685664653778, "Accuracy": 0.9427012278308322, "Sensitivity": 0.9655172413793104, "Specificity": 0.9407407407407408, "AUC": 0.9879182630906769}, "Label_2": {"Optimal Threshold": 0.5158673524856567, "Accuracy": 0.9331514324693042, "Sensitivity": 0.8947368421052632, "Specificity": 0.9504950495049505, "AUC": 0.97107868681605}, "Label_3": {"Optimal Threshold": 0.4089924097061157, "Accuracy": 0.927694406548431, "Sensitivity": 0.9366515837104072, "Specificity": 0.923828125, "AUC": 0.9759792138009049}, "Label_4": {"Optimal Threshold": 0.03768477961421013, "Accuracy": 0.9590723055934516, "Sensitivity": 0.8571428571428571, "Specificity": 0.9600550964187328, "AUC": 0.9594647776465958}, "Label_5": {"Optimal Threshold": 0.047827087342739105, "Accuracy": 0.965893587994543, "Sensitivity": 0.8, "Specificity": 0.967032967032967, "AUC": 0.9373626373626375}, "Label_6": {"Optimal Threshold": 0.006052850279957056, "Accuracy": 0.8744884038199181, "Sensitivity": 1.0, "Specificity": 0.8725761772853186, "AUC": 0.9681440443213296}, "Label_7": {"Optimal Threshold": 0.23517395555973053, "Accuracy": 0.9740791268758526, "Sensitivity": 1.0, "Specificity": 0.9716840536512668, "AUC": 0.9933416662660449}, "Label_8": {"Optimal Threshold": 0.000924101157579571, "Accuracy": 0.732605729877217, "Sensitivity": 1.0, "Specificity": 0.7318741450068399, "AUC": 0.7954856361149111}, "Label_9": {"Optimal Threshold": 0.017413364723324776, "Accuracy": 0.8731241473396999, "Sensitivity": 0.96875, "Specificity": 0.8687589158345221, "AUC": 0.9512303851640513}, "Label_10": {"Optimal Threshold": 0.007819605991244316, "Accuracy": 0.6971350613915416, "Sensitivity": 1.0, "Specificity": 0.6895104895104895, "AUC": 0.906060606060606}, "Label_11": {"Optimal Threshold": 0.02483757957816124, "Accuracy": 0.9604365620736699, "Sensitivity": 0.9444444444444444, "Specificity": 0.9608391608391609, "AUC": 0.9822843822843823}, "Label_12": {"Optimal Threshold": 0.07958414405584335, "Accuracy": 0.8308321964529332, "Sensitivity": 0.8235294117647058, "Specificity": 0.8313782991202346, "AUC": 0.9089471565752401}, "Overall": {"Accuracy": 0.890439710357855, "Sensitivity": 0.9299479311680515, "Specificity": 0.8902995155286872, "AUC": 0.9464977304222661}}}