{"shared_labels": 3, "perf": [0.09003019332885742, 0.9767909049987793], "label_names": [[3, 0, 12, 11, 9, 2, 4, 5], [3, 0, 12, 8, 10, 1, 7, 6]], "metrics": {"Label_0": {"Optimal Threshold": 0.2501612901687622, "Accuracy": 0.9604365620736699, "Sensitivity": 0.8405797101449275, "Specificity": 0.9728915662650602, "AUC": 0.9661035446132356}, "Label_1": {"Optimal Threshold": 0.07257836312055588, "Accuracy": 0.9440654843110505, "Sensitivity": 0.9482758620689655, "Specificity": 0.9437037037037037, "AUC": 0.9888122605363986}, "Label_2": {"Optimal Threshold": 0.471050500869751, "Accuracy": 0.9236016371077762, "Sensitivity": 0.9122807017543859, "Specificity": 0.9287128712871288, "AUC": 0.9693503560882404}, "Label_3": {"Optimal Threshold": 0.4968152940273285, "Accuracy": 0.9304229195088677, "Sensitivity": 0.9230769230769231, "Specificity": 0.93359375, "AUC": 0.9761824802036199}, "Label_4": {"Optimal Threshold": 0.04029538482427597, "Accuracy": 0.9345156889495225, "Sensitivity": 0.8571428571428571, "Specificity": 0.9352617079889807, "AUC": 0.9567099567099568}, "Label_5": {"Optimal Threshold": 0.0025626684073358774, "Accuracy": 0.7858117326057299, "Sensitivity": 1.0, "Specificity": 0.7843406593406593, "AUC": 0.9313186813186813}, "Label_6": {"Optimal Threshold": 0.009071546606719494, "Accuracy": 0.8417462482946794, "Sensitivity": 1.0, "Specificity": 0.8393351800554016, "AUC": 0.9608410979602116}, "Label_7": {"Optimal Threshold": 0.1053343117237091, "Accuracy": 0.9645293315143247, "Sensitivity": 1.0, "Specificity": 0.9612518628912071, "AUC": 0.9917792413826259}, "Label_8": {"Optimal Threshold": 0.005928386002779007, "Accuracy": 0.8826739427012278, "Sensitivity": 1.0, "Specificity": 0.8823529411764706, "AUC": 0.8905608755129959}, "Label_9": {"Optimal Threshold": 0.022777587175369263, "Accuracy": 0.869031377899045, "Sensitivity": 0.90625, "Specificity": 0.8673323823109843, "AUC": 0.9342902995720399}, "Label_10": {"Optimal Threshold": 0.01578332483768463, "Accuracy": 0.7789904502046384, "Sensitivity": 0.8888888888888888, "Specificity": 0.7762237762237763, "AUC": 0.8877233877233877}, "Label_11": {"Optimal Threshold": 0.00817027036100626, "Accuracy": 0.859481582537517, "Sensitivity": 1.0, "Specificity": 0.855944055944056, "AUC": 0.9684537684537685}, "Label_12": {"Optimal Threshold": 0.0333900973200798, "Accuracy": 0.781718963165075, "Sensitivity": 1.0, "Specificity": 0.7653958944281525, "AUC": 0.9539129434765108}, "Overall": {"Accuracy": 0.8813096862210096, "Sensitivity": 0.9443457648520729, "Specificity": 0.8804877193550447, "AUC": 0.952002991811667}}}