{"shared_labels": 1, "perf": [0.09113498032093048, 0.9738171100616455], "label_names": [[10, 6, 12, 5, 0, 2, 9], [10, 11, 7, 3, 4, 1, 8]], "metrics": {"Label_0": {"Optimal Threshold": 0.09367235004901886, "Accuracy": 0.9604365620736699, "Sensitivity": 0.7971014492753623, "Specificity": 0.9774096385542169, "AUC": 0.9590317792910774}, "Label_1": {"Optimal Threshold": 0.019691014662384987, "Accuracy": 0.9154160982264665, "Sensitivity": 0.9655172413793104, "Specificity": 0.9111111111111111, "AUC": 0.984367816091954}, "Label_2": {"Optimal Threshold": 0.23450016975402832, "Accuracy": 0.922237380627558, "Sensitivity": 0.9385964912280702, "Specificity": 0.9148514851485149, "AUC": 0.9721730067743616}, "Label_3": {"Optimal Threshold": 0.45128539204597473, "Accuracy": 0.9263301500682128, "Sensitivity": 0.9049773755656109, "Specificity": 0.935546875, "AUC": 0.9742735435520362}, "Label_4": {"Optimal Threshold": 0.004590219352394342, "Accuracy": 0.8308321964529332, "Sensitivity": 1.0, "Specificity": 0.8292011019283747, "AUC": 0.9655647382920111}, "Label_5": {"Optimal Threshold": 0.07063568383455276, "Accuracy": 0.984993178717599, "Sensitivity": 0.8, "Specificity": 0.9862637362637363, "AUC": 0.939010989010989}, "Label_6": {"Optimal Threshold": 0.01681940071284771, "Accuracy": 0.8840381991814461, "Sensitivity": 1.0, "Specificity": 0.8822714681440443, "AUC": 0.9759506421556283}, "Label_7": {"Optimal Threshold": 0.13282915949821472, "Accuracy": 0.9727148703956344, "Sensitivity": 1.0, "Specificity": 0.970193740685544, "AUC": 0.9919715398298159}, "Label_8": {"Optimal Threshold": 0.009974515996873379, "Accuracy": 0.8758526603001364, "Sensitivity": 1.0, "Specificity": 0.8755129958960328, "AUC": 0.908344733242134}, "Label_9": {"Optimal Threshold": 0.010626176372170448, "Accuracy": 0.8922237380627558, "Sensitivity": 0.9375, "Specificity": 0.8901569186875892, "AUC": 0.9431615549215407}, "Label_10": {"Optimal Threshold": 0.023603899404406548, "Accuracy": 0.8472032742155525, "Sensitivity": 0.8888888888888888, "Specificity": 0.8461538461538461, "AUC": 0.9272727272727272}, "Label_11": {"Optimal Threshold": 0.059431321918964386, "Accuracy": 0.9604365620736699, "Sensitivity": 0.9444444444444444, "Specificity": 0.9608391608391609, "AUC": 0.9811188811188811}, "Label_12": {"Optimal Threshold": 0.11276837438344955, "Accuracy": 0.8990450204638472, "Sensitivity": 0.8235294117647058, "Specificity": 0.9046920821114369, "AUC": 0.9276349836122132}, "Overall": {"Accuracy": 0.9132122992968832, "Sensitivity": 0.9231196386574149, "Specificity": 0.9141695508095083, "AUC": 0.957682841166567}}}