{"shared_labels": 2, "perf": [0.1007404699921608, 0.9678115844726562], "label_names": [[7, 10, 2, 3, 5, 9, 12, 11], [7, 10, 0, 6, 1, 4, 8]], "metrics": {"Label_0": {"Optimal Threshold": 0.14302587509155273, "Accuracy": 0.9263301500682128, "Sensitivity": 0.8405797101449275, "Specificity": 0.9352409638554217, "AUC": 0.9551903265234853}, "Label_1": {"Optimal Threshold": 0.047121766954660416, "Accuracy": 0.9195088676671214, "Sensitivity": 0.9482758620689655, "Specificity": 0.917037037037037, "AUC": 0.9808429118773946}, "Label_2": {"Optimal Threshold": 0.16131345927715302, "Accuracy": 0.9085948158253752, "Sensitivity": 0.8947368421052632, "Specificity": 0.9148514851485149, "AUC": 0.9616988014590933}, "Label_3": {"Optimal Threshold": 0.14267641305923462, "Accuracy": 0.9113233287858117, "Sensitivity": 0.9140271493212669, "Specificity": 0.91015625, "AUC": 0.9669736283936652}, "Label_4": {"Optimal Threshold": 0.0013743129093199968, "Accuracy": 0.8021828103683493, "Sensitivity": 1.0, "Specificity": 0.800275482093664, "AUC": 0.9584809130263676}, "Label_5": {"Optimal Threshold": 0.07073915004730225, "Accuracy": 0.9740791268758526, "Sensitivity": 0.8, "Specificity": 0.9752747252747253, "AUC": 0.9302197802197801}, "Label_6": {"Optimal Threshold": 0.007491744589060545, "Accuracy": 0.8744884038199181, "Sensitivity": 1.0, "Specificity": 0.8725761772853186, "AUC": 0.9696549987408714}, "Label_7": {"Optimal Threshold": 0.12331175804138184, "Accuracy": 0.9699863574351978, "Sensitivity": 1.0, "Specificity": 0.9672131147540983, "AUC": 0.9926445843949809}, "Label_8": {"Optimal Threshold": 0.001184744294732809, "Accuracy": 0.7517053206002728, "Sensitivity": 1.0, "Specificity": 0.7510259917920656, "AUC": 0.7558139534883721}, "Label_9": {"Optimal Threshold": 0.030429545789957047, "Accuracy": 0.927694406548431, "Sensitivity": 0.875, "Specificity": 0.9300998573466477, "AUC": 0.9486002139800286}, "Label_10": {"Optimal Threshold": 0.006468240171670914, "Accuracy": 0.7899045020463847, "Sensitivity": 0.9444444444444444, "Specificity": 0.786013986013986, "AUC": 0.9324786324786325}, "Label_11": {"Optimal Threshold": 0.034650444984436035, "Accuracy": 0.9481582537517054, "Sensitivity": 0.9444444444444444, "Specificity": 0.9482517482517483, "AUC": 0.9693861693861694}, "Label_12": {"Optimal Threshold": 0.044050008058547974, "Accuracy": 0.732605729877217, "Sensitivity": 0.9607843137254902, "Specificity": 0.7155425219941349, "AUC": 0.9218273819791847}, "Overall": {"Accuracy": 0.8797355441284501, "Sensitivity": 0.932484058942677, "Specificity": 0.8787353339113354, "AUC": 0.9418317150729252}}}