{"shared_labels": 6, "perf": [0.08816275745630264, 0.9772763848304749], "label_names": [[12, 2, 8, 11, 10, 5, 7, 4, 3, 9], [12, 2, 8, 11, 10, 5, 1, 6, 0]], "metrics": {"Label_0": {"Optimal Threshold": 0.15073199570178986, "Accuracy": 0.9304229195088677, "Sensitivity": 0.8405797101449275, "Specificity": 0.9397590361445783, "AUC": 0.9477693382224551}, "Label_1": {"Optimal Threshold": 0.19964420795440674, "Accuracy": 0.965893587994543, "Sensitivity": 0.8793103448275862, "Specificity": 0.9733333333333334, "AUC": 0.9747892720306514}, "Label_2": {"Optimal Threshold": 0.29421180486679077, "Accuracy": 0.922237380627558, "Sensitivity": 0.9166666666666666, "Specificity": 0.9247524752475248, "AUC": 0.973336807364947}, "Label_3": {"Optimal Threshold": 0.3083311915397644, "Accuracy": 0.9208731241473397, "Sensitivity": 0.9230769230769231, "Specificity": 0.919921875, "AUC": 0.9749982324660634}, "Label_4": {"Optimal Threshold": 0.051137056201696396, "Accuracy": 0.9604365620736699, "Sensitivity": 0.8571428571428571, "Specificity": 0.9614325068870524, "AUC": 0.9574970484061393}, "Label_5": {"Optimal Threshold": 0.051035188138484955, "Accuracy": 0.9686221009549796, "Sensitivity": 0.8, "Specificity": 0.9697802197802198, "AUC": 0.9351648351648352}, "Label_6": {"Optimal Threshold": 0.03894350677728653, "Accuracy": 0.9686221009549796, "Sensitivity": 1.0, "Specificity": 0.9681440443213296, "AUC": 0.9881641903802568}, "Label_7": {"Optimal Threshold": 0.10042709857225418, "Accuracy": 0.9522510231923602, "Sensitivity": 1.0, "Specificity": 0.9478390461997019, "AUC": 0.9932455170424498}, "Label_8": {"Optimal Threshold": 0.002973525319248438, "Accuracy": 0.8130968622100955, "Sensitivity": 1.0, "Specificity": 0.8125854993160054, "AUC": 0.8392612859097127}, "Label_9": {"Optimal Threshold": 0.030845554545521736, "Accuracy": 0.8731241473396999, "Sensitivity": 0.9375, "Specificity": 0.8701854493580599, "AUC": 0.9410663338088445}, "Label_10": {"Optimal Threshold": 0.0057889618910849094, "Accuracy": 0.6930422919508867, "Sensitivity": 1.0, "Specificity": 0.6853146853146853, "AUC": 0.9156177156177157}, "Label_11": {"Optimal Threshold": 0.025454042479395866, "Accuracy": 0.9386084583901774, "Sensitivity": 1.0, "Specificity": 0.9370629370629371, "AUC": 0.9846930846930848}, "Label_12": {"Optimal Threshold": 0.040837664157152176, "Accuracy": 0.8185538881309686, "Sensitivity": 0.9607843137254902, "Specificity": 0.8079178885630498, "AUC": 0.9547467080673911}, "Overall": {"Accuracy": 0.9019834190366252, "Sensitivity": 0.9319277550449578, "Specificity": 0.901386845886806, "AUC": 0.9523346437826574}}}