{"shared_labels": 5, "perf": [0.08954180032014847, 0.9763206839561462], "label_names": [[1, 5, 3, 9, 4, 8, 11, 12, 7], [1, 5, 3, 9, 4, 2, 0, 6, 10]], "metrics": {"Label_0": {"Optimal Threshold": 0.11166294664144516, "Accuracy": 0.9331514324693042, "Sensitivity": 0.855072463768116, "Specificity": 0.9412650602409639, "AUC": 0.9603850183342064}, "Label_1": {"Optimal Threshold": 0.07407597452402115, "Accuracy": 0.9536152796725784, "Sensitivity": 0.9482758620689655, "Specificity": 0.9540740740740741, "AUC": 0.9885568326947638}, "Label_2": {"Optimal Threshold": 0.3507159650325775, "Accuracy": 0.9181446111869032, "Sensitivity": 0.9254385964912281, "Specificity": 0.9148514851485149, "AUC": 0.9696630189334723}, "Label_3": {"Optimal Threshold": 0.43924590945243835, "Accuracy": 0.9304229195088677, "Sensitivity": 0.918552036199095, "Specificity": 0.935546875, "AUC": 0.9753163885746606}, "Label_4": {"Optimal Threshold": 0.04052077978849411, "Accuracy": 0.9618008185538881, "Sensitivity": 0.8571428571428571, "Specificity": 0.9628099173553719, "AUC": 0.9620228256591893}, "Label_5": {"Optimal Threshold": 0.002689111977815628, "Accuracy": 0.7926330150068213, "Sensitivity": 1.0, "Specificity": 0.7912087912087912, "AUC": 0.9445054945054945}, "Label_6": {"Optimal Threshold": 0.016799338161945343, "Accuracy": 0.9236016371077762, "Sensitivity": 1.0, "Specificity": 0.9224376731301939, "AUC": 0.9769579451019894}, "Label_7": {"Optimal Threshold": 0.15911220014095306, "Accuracy": 0.965893587994543, "Sensitivity": 0.9838709677419355, "Specificity": 0.9642324888226528, "AUC": 0.9927888082303735}, "Label_8": {"Optimal Threshold": 0.001793733797967434, "Accuracy": 0.7980900409276944, "Sensitivity": 1.0, "Specificity": 0.7975376196990424, "AUC": 0.8481532147742818}, "Label_9": {"Optimal Threshold": 0.02170584537088871, "Accuracy": 0.8935879945429741, "Sensitivity": 0.96875, "Specificity": 0.8901569186875892, "AUC": 0.9498484308131241}, "Label_10": {"Optimal Threshold": 0.01417059451341629, "Accuracy": 0.7544338335607094, "Sensitivity": 0.8888888888888888, "Specificity": 0.7510489510489511, "AUC": 0.9004662004662005}, "Label_11": {"Optimal Threshold": 0.04161436855792999, "Accuracy": 0.9590723055934516, "Sensitivity": 0.8888888888888888, "Specificity": 0.9608391608391609, "AUC": 0.9707070707070707}, "Label_12": {"Optimal Threshold": 0.10750654339790344, "Accuracy": 0.8308321964529332, "Sensitivity": 0.8235294117647058, "Specificity": 0.8313782991202346, "AUC": 0.9082858950031626}, "Overall": {"Accuracy": 0.8934830517368035, "Sensitivity": 0.9275699979195908, "Specificity": 0.8936451780288878, "AUC": 0.949819780292153}}}