{"shared_labels": 0, "perf": [0.0926557406783104, 0.9711766839027405], "label_names": [[4, 2, 1, 6, 7, 9, 11], [12, 3, 0, 10, 5, 8]], "metrics": {"Label_0": {"Optimal Threshold": 0.09976882487535477, "Accuracy": 0.9358799454297408, "Sensitivity": 0.8260869565217391, "Specificity": 0.947289156626506, "AUC": 0.9627859263139514}, "Label_1": {"Optimal Threshold": 0.0660950243473053, "Accuracy": 0.937244201909959, "Sensitivity": 0.9482758620689655, "Specificity": 0.9362962962962963, "AUC": 0.9871008939974457}, "Label_2": {"Optimal Threshold": 0.17096057534217834, "Accuracy": 0.9140518417462483, "Sensitivity": 0.9385964912280702, "Specificity": 0.902970297029703, "AUC": 0.9701928087545597}, "Label_3": {"Optimal Threshold": 0.4004763960838318, "Accuracy": 0.9331514324693042, "Sensitivity": 0.9230769230769231, "Specificity": 0.9375, "AUC": 0.9756080316742082}, "Label_4": {"Optimal Threshold": 0.026094501838088036, "Accuracy": 0.9358799454297408, "Sensitivity": 0.8571428571428571, "Specificity": 0.9366391184573003, "AUC": 0.9458874458874459}, "Label_5": {"Optimal Threshold": 0.0036745667457580566, "Accuracy": 0.7762619372442019, "Sensitivity": 1.0, "Specificity": 0.7747252747252747, "AUC": 0.9456043956043957}, "Label_6": {"Optimal Threshold": 0.007907538674771786, "Accuracy": 0.8703956343792633, "Sensitivity": 1.0, "Specificity": 0.868421052631579, "AUC": 0.9748174263409721}, "Label_7": {"Optimal Threshold": 0.29533836245536804, "Accuracy": 0.975443383356071, "Sensitivity": 0.967741935483871, "Specificity": 0.9761549925484352, "AUC": 0.9927647709244748}, "Label_8": {"Optimal Threshold": 0.002107812324538827, "Accuracy": 0.7639836289222374, "Sensitivity": 1.0, "Specificity": 0.7633378932968536, "AUC": 0.8119015047879617}, "Label_9": {"Optimal Threshold": 0.03689510002732277, "Accuracy": 0.9072305593451568, "Sensitivity": 0.90625, "Specificity": 0.9072753209700428, "AUC": 0.9348698288159772}, "Label_10": {"Optimal Threshold": 0.003121746936812997, "Accuracy": 0.660300136425648, "Sensitivity": 1.0, "Specificity": 0.6517482517482518, "AUC": 0.8822843822843822}, "Label_11": {"Optimal Threshold": 0.05083474889397621, "Accuracy": 0.9536152796725784, "Sensitivity": 0.8888888888888888, "Specificity": 0.9552447552447553, "AUC": 0.9452214452214452}, "Label_12": {"Optimal Threshold": 0.06295953691005707, "Accuracy": 0.7667121418826739, "Sensitivity": 0.9215686274509803, "Specificity": 0.7551319648093842, "AUC": 0.9088034040595709}, "Overall": {"Accuracy": 0.8715500052471401, "Sensitivity": 0.9367406570663305, "Specificity": 0.8702103364911066, "AUC": 0.9413724818974454}}}