{"shared_labels": 13, "perf": [0.08606280386447906, 0.9794084429740906], "label_names": [[9, 0, 3, 4, 12, 1, 6, 8, 10, 2, 11, 5, 7], [9, 0, 3, 4, 12, 1, 6, 8, 10, 2, 11, 5, 7]], "metrics": {"Label_0": {"Optimal Threshold": 0.07095878571271896, "Accuracy": 0.9085948158253752, "Sensitivity": 0.8985507246376812, "Specificity": 0.9096385542168675, "AUC": 0.9688318491356731}, "Label_1": {"Optimal Threshold": 0.04084094613790512, "Accuracy": 0.9236016371077762, "Sensitivity": 0.9655172413793104, "Specificity": 0.92, "AUC": 0.987381864623244}, "Label_2": {"Optimal Threshold": 0.38724249601364136, "Accuracy": 0.9208731241473397, "Sensitivity": 0.9298245614035088, "Specificity": 0.9168316831683169, "AUC": 0.9732325864165364}, "Label_3": {"Optimal Threshold": 0.49744683504104614, "Accuracy": 0.9345156889495225, "Sensitivity": 0.9276018099547512, "Specificity": 0.9375, "AUC": 0.9756787330316741}, "Label_4": {"Optimal Threshold": 0.032895155251026154, "Accuracy": 0.946793997271487, "Sensitivity": 0.8571428571428571, "Specificity": 0.9476584022038568, "AUC": 0.9606454151908698}, "Label_5": {"Optimal Threshold": 0.0022840893361717463, "Accuracy": 0.7530695770804912, "Sensitivity": 1.0, "Specificity": 0.7513736263736264, "AUC": 0.9351648351648352}, "Label_6": {"Optimal Threshold": 0.03405402600765228, "Accuracy": 0.9345156889495225, "Sensitivity": 0.9090909090909091, "Specificity": 0.9349030470914127, "AUC": 0.9724250818433643}, "Label_7": {"Optimal Threshold": 0.13585065305233002, "Accuracy": 0.9686221009549796, "Sensitivity": 1.0, "Specificity": 0.9657228017883756, "AUC": 0.9932695543483486}, "Label_8": {"Optimal Threshold": 0.003756952006369829, "Accuracy": 0.8431105047748977, "Sensitivity": 1.0, "Specificity": 0.8426812585499316, "AUC": 0.8604651162790697}, "Label_9": {"Optimal Threshold": 0.03276284411549568, "Accuracy": 0.9099590723055935, "Sensitivity": 0.9375, "Specificity": 0.9087018544935807, "AUC": 0.9500267475035663}, "Label_10": {"Optimal Threshold": 0.018718989565968513, "Accuracy": 0.7994542974079127, "Sensitivity": 0.8888888888888888, "Specificity": 0.7972027972027972, "AUC": 0.8982905982905982}, "Label_11": {"Optimal Threshold": 0.022462207823991776, "Accuracy": 0.922237380627558, "Sensitivity": 1.0, "Specificity": 0.9202797202797203, "AUC": 0.9818958818958818}, "Label_12": {"Optimal Threshold": 0.07523699849843979, "Accuracy": 0.8171896316507503, "Sensitivity": 0.9411764705882353, "Specificity": 0.8079178885630498, "AUC": 0.9453165430395032}, "Overall": {"Accuracy": 0.8909644243887082, "Sensitivity": 0.9427148817758572, "Specificity": 0.889262433379349, "AUC": 0.9540480620587051}}}