{"shared_labels": 9, "perf": [0.0857204720377922, 0.9790151715278625], "label_names": [[11, 8, 5, 7, 10, 12, 1, 6, 4, 3, 0], [11, 8, 5, 7, 10, 12, 1, 6, 4, 9, 2]], "metrics": {"Label_0": {"Optimal Threshold": 0.14503464102745056, "Accuracy": 0.9236016371077762, "Sensitivity": 0.8695652173913043, "Specificity": 0.9292168674698795, "AUC": 0.9609961585472324}, "Label_1": {"Optimal Threshold": 0.05368875712156296, "Accuracy": 0.9181446111869032, "Sensitivity": 0.9827586206896551, "Specificity": 0.9125925925925926, "AUC": 0.9871008939974457}, "Label_2": {"Optimal Threshold": 0.4754351079463959, "Accuracy": 0.9263301500682128, "Sensitivity": 0.8947368421052632, "Specificity": 0.9405940594059405, "AUC": 0.9716953274274797}, "Label_3": {"Optimal Threshold": 0.46554046869277954, "Accuracy": 0.9345156889495225, "Sensitivity": 0.9230769230769231, "Specificity": 0.939453125, "AUC": 0.9742470305429864}, "Label_4": {"Optimal Threshold": 0.003759352955967188, "Accuracy": 0.8458390177353342, "Sensitivity": 1.0, "Specificity": 0.8443526170798898, "AUC": 0.9730421094057459}, "Label_5": {"Optimal Threshold": 0.07154590636491776, "Accuracy": 0.9768076398362893, "Sensitivity": 0.8, "Specificity": 0.978021978021978, "AUC": 0.9412087912087912}, "Label_6": {"Optimal Threshold": 0.014671634882688522, "Accuracy": 0.9058663028649386, "Sensitivity": 1.0, "Specificity": 0.9044321329639889, "AUC": 0.9782170737849408}, "Label_7": {"Optimal Threshold": 0.1409585326910019, "Accuracy": 0.9713506139154161, "Sensitivity": 1.0, "Specificity": 0.9687034277198212, "AUC": 0.9940147108312101}, "Label_8": {"Optimal Threshold": 0.002277969615533948, "Accuracy": 0.7394270122783083, "Sensitivity": 1.0, "Specificity": 0.7387140902872777, "AUC": 0.8057455540355677}, "Label_9": {"Optimal Threshold": 0.019938040524721146, "Accuracy": 0.8649386084583902, "Sensitivity": 0.9375, "Specificity": 0.8616262482168331, "AUC": 0.9466833095577746}, "Label_10": {"Optimal Threshold": 0.009748249314725399, "Accuracy": 0.7271487039563438, "Sensitivity": 0.9444444444444444, "Specificity": 0.7216783216783217, "AUC": 0.9063714063714063}, "Label_11": {"Optimal Threshold": 0.03670794516801834, "Accuracy": 0.9536152796725784, "Sensitivity": 0.9444444444444444, "Specificity": 0.9538461538461539, "AUC": 0.981041181041181}, "Label_12": {"Optimal Threshold": 0.0431959442794323, "Accuracy": 0.7748976807639836, "Sensitivity": 1.0, "Specificity": 0.7580645161290323, "AUC": 0.9517854062446093}, "Overall": {"Accuracy": 0.881729457445692, "Sensitivity": 0.9458866532424642, "Specificity": 0.880868933108593, "AUC": 0.9517037656151055}}}