{"shared_labels": 8, "perf": [0.08817680180072784, 0.9773706793785095], "label_names": [[4, 11, 8, 2, 7, 10, 9, 12, 5, 0, 6], [4, 11, 8, 2, 7, 10, 9, 12, 3, 1]], "metrics": {"Label_0": {"Optimal Threshold": 0.1586231142282486, "Accuracy": 0.9454297407912687, "Sensitivity": 0.855072463768116, "Specificity": 0.9548192771084337, "AUC": 0.9650340492404401}, "Label_1": {"Optimal Threshold": 0.3729041516780853, "Accuracy": 0.9686221009549796, "Sensitivity": 0.9310344827586207, "Specificity": 0.9718518518518519, "AUC": 0.9886079182630907}, "Label_2": {"Optimal Threshold": 0.45463916659355164, "Accuracy": 0.927694406548431, "Sensitivity": 0.9078947368421053, "Specificity": 0.9366336633663367, "AUC": 0.9736668403682474}, "Label_3": {"Optimal Threshold": 0.487613320350647, "Accuracy": 0.9236016371077762, "Sensitivity": 0.9230769230769231, "Specificity": 0.923828125, "AUC": 0.9754843042986425}, "Label_4": {"Optimal Threshold": 0.003246219363063574, "Accuracy": 0.8417462482946794, "Sensitivity": 1.0, "Specificity": 0.8402203856749312, "AUC": 0.9714679260133806}, "Label_5": {"Optimal Threshold": 0.0032798994798213243, "Accuracy": 0.7612551159618008, "Sensitivity": 1.0, "Specificity": 0.7596153846153846, "AUC": 0.929945054945055}, "Label_6": {"Optimal Threshold": 0.005985483061522245, "Accuracy": 0.8840381991814461, "Sensitivity": 0.9090909090909091, "Specificity": 0.8836565096952909, "AUC": 0.9520271971795518}, "Label_7": {"Optimal Threshold": 0.1978679895401001, "Accuracy": 0.965893587994543, "Sensitivity": 1.0, "Specificity": 0.96274217585693, "AUC": 0.9937022258545263}, "Label_8": {"Optimal Threshold": 0.003271933877840638, "Accuracy": 0.849931787175989, "Sensitivity": 1.0, "Specificity": 0.8495212038303693, "AUC": 0.8755129958960328}, "Label_9": {"Optimal Threshold": 0.02010393887758255, "Accuracy": 0.888130968622101, "Sensitivity": 0.96875, "Specificity": 0.884450784593438, "AUC": 0.9523894436519258}, "Label_10": {"Optimal Threshold": 0.00966602098196745, "Accuracy": 0.7598908594815825, "Sensitivity": 0.9444444444444444, "Specificity": 0.7552447552447552, "AUC": 0.9123543123543123}, "Label_11": {"Optimal Threshold": 0.0203549787402153, "Accuracy": 0.9263301500682128, "Sensitivity": 1.0, "Specificity": 0.9244755244755245, "AUC": 0.9841491841491843}, "Label_12": {"Optimal Threshold": 0.05528007447719574, "Accuracy": 0.7939972714870396, "Sensitivity": 1.0, "Specificity": 0.7785923753665689, "AUC": 0.9542004485078489}, "Overall": {"Accuracy": 0.8797355441284499, "Sensitivity": 0.9568741507677784, "Specificity": 0.8788963089753703, "AUC": 0.9560416846709414}}}