{"shared_labels": 10, "perf": [0.08555612713098526, 0.978908896446228], "label_names": [[0, 2, 1, 7, 11, 8, 3, 6, 12, 10, 9, 5], [0, 2, 1, 7, 11, 8, 3, 6, 12, 10, 4]], "metrics": {"Label_0": {"Optimal Threshold": 0.03747572749853134, "Accuracy": 0.8813096862210096, "Sensitivity": 0.9420289855072463, "Specificity": 0.875, "AUC": 0.9704033525405972}, "Label_1": {"Optimal Threshold": 0.07202479243278503, "Accuracy": 0.956343792633015, "Sensitivity": 0.9482758620689655, "Specificity": 0.957037037037037, "AUC": 0.9894508301404853}, "Label_2": {"Optimal Threshold": 0.23459531366825104, "Accuracy": 0.9167803547066848, "Sensitivity": 0.9473684210526315, "Specificity": 0.902970297029703, "AUC": 0.9738405419489317}, "Label_3": {"Optimal Threshold": 0.22908535599708557, "Accuracy": 0.9195088676671214, "Sensitivity": 0.9547511312217195, "Specificity": 0.904296875, "AUC": 0.9763857466063348}, "Label_4": {"Optimal Threshold": 0.013487903401255608, "Accuracy": 0.9058663028649386, "Sensitivity": 0.8571428571428571, "Specificity": 0.90633608815427, "AUC": 0.9433293978748524}, "Label_5": {"Optimal Threshold": 0.01633545383810997, "Accuracy": 0.927694406548431, "Sensitivity": 0.8, "Specificity": 0.9285714285714286, "AUC": 0.923076923076923}, "Label_6": {"Optimal Threshold": 0.01552567258477211, "Accuracy": 0.8867667121418826, "Sensitivity": 1.0, "Specificity": 0.8850415512465374, "AUC": 0.973936036262906}, "Label_7": {"Optimal Threshold": 0.12300843000411987, "Accuracy": 0.9631650750341064, "Sensitivity": 1.0, "Specificity": 0.9597615499254843, "AUC": 0.9928609201480698}, "Label_8": {"Optimal Threshold": 0.00118733081035316, "Accuracy": 0.6739427012278308, "Sensitivity": 1.0, "Specificity": 0.6730506155950753, "AUC": 0.738030095759234}, "Label_9": {"Optimal Threshold": 0.06606733053922653, "Accuracy": 0.903137789904502, "Sensitivity": 0.90625, "Specificity": 0.9029957203994294, "AUC": 0.9478869472182596}, "Label_10": {"Optimal Threshold": 0.006573257502168417, "Accuracy": 0.6889495225102319, "Sensitivity": 1.0, "Specificity": 0.6811188811188811, "AUC": 0.9056721056721057}, "Label_11": {"Optimal Threshold": 0.02948741801083088, "Accuracy": 0.9481582537517054, "Sensitivity": 1.0, "Specificity": 0.9468531468531468, "AUC": 0.9842268842268841}, "Label_12": {"Optimal Threshold": 0.01794525608420372, "Accuracy": 0.7830832196452933, "Sensitivity": 0.9411764705882353, "Specificity": 0.7712609970674487, "AUC": 0.9383301707779885}, "Overall": {"Accuracy": 0.8734389757582117, "Sensitivity": 0.9459225944293581, "Specificity": 0.8687918606152648, "AUC": 0.9428792270964285}}}