{"shared_labels": 7, "perf": [0.0886087641119957, 0.976978063583374], "label_names": [[8, 1, 5, 0, 2, 11, 7, 3, 6, 12], [8, 1, 5, 0, 2, 11, 7, 9, 10, 4]], "metrics": {"Label_0": {"Optimal Threshold": 0.05559617280960083, "Accuracy": 0.9195088676671214, "Sensitivity": 0.8695652173913043, "Specificity": 0.9246987951807228, "AUC": 0.9657979745067227}, "Label_1": {"Optimal Threshold": 0.020305786281824112, "Accuracy": 0.9331514324693042, "Sensitivity": 0.9655172413793104, "Specificity": 0.9303703703703704, "AUC": 0.9877139208173691}, "Label_2": {"Optimal Threshold": 0.47716376185417175, "Accuracy": 0.9304229195088677, "Sensitivity": 0.9166666666666666, "Specificity": 0.9366336633663367, "AUC": 0.9750825082508251}, "Label_3": {"Optimal Threshold": 0.3602963089942932, "Accuracy": 0.9304229195088677, "Sensitivity": 0.9321266968325792, "Specificity": 0.9296875, "AUC": 0.9765713376696833}, "Label_4": {"Optimal Threshold": 0.021071888506412506, "Accuracy": 0.9358799454297408, "Sensitivity": 0.8571428571428571, "Specificity": 0.9366391184573003, "AUC": 0.9488390397481306}, "Label_5": {"Optimal Threshold": 0.0044276355765759945, "Accuracy": 0.8144611186903138, "Sensitivity": 1.0, "Specificity": 0.8131868131868132, "AUC": 0.9508241758241759}, "Label_6": {"Optimal Threshold": 0.010972190648317337, "Accuracy": 0.888130968622101, "Sensitivity": 1.0, "Specificity": 0.8864265927977839, "AUC": 0.9671367413749685}, "Label_7": {"Optimal Threshold": 0.14968475699424744, "Accuracy": 0.9686221009549796, "Sensitivity": 1.0, "Specificity": 0.9657228017883756, "AUC": 0.9938704869958175}, "Label_8": {"Optimal Threshold": 0.003089435165748, "Accuracy": 0.8185538881309686, "Sensitivity": 1.0, "Specificity": 0.8180574555403557, "AUC": 0.8337893296853626}, "Label_9": {"Optimal Threshold": 0.024091746658086777, "Accuracy": 0.878581173260573, "Sensitivity": 0.9375, "Specificity": 0.8758915834522111, "AUC": 0.9462820970042797}, "Label_10": {"Optimal Threshold": 0.00663972832262516, "Accuracy": 0.7025920873124147, "Sensitivity": 0.9444444444444444, "Specificity": 0.6965034965034965, "AUC": 0.870940170940171}, "Label_11": {"Optimal Threshold": 0.008186310529708862, "Accuracy": 0.8894952251023193, "Sensitivity": 1.0, "Specificity": 0.8867132867132868, "AUC": 0.9815850815850816}, "Label_12": {"Optimal Threshold": 0.057914745062589645, "Accuracy": 0.8308321964529332, "Sensitivity": 0.8235294117647058, "Specificity": 0.8313782991202346, "AUC": 0.9020182853199931}, "Overall": {"Accuracy": 0.8800503725469618, "Sensitivity": 0.9420378873555284, "Specificity": 0.8793776751136373, "AUC": 0.9461885499786601}}}