{"shared_labels": 4, "perf": [0.09097371995449066, 0.9752240777015686], "label_names": [[4, 1, 6, 3, 11, 0, 7, 9, 2], [4, 1, 6, 3, 10, 12, 5, 8]], "metrics": {"Label_0": {"Optimal Threshold": 0.09512762725353241, "Accuracy": 0.9290586630286494, "Sensitivity": 0.8405797101449275, "Specificity": 0.9382530120481928, "AUC": 0.9564999126942553}, "Label_1": {"Optimal Threshold": 0.040872517973184586, "Accuracy": 0.9454297407912687, "Sensitivity": 0.9482758620689655, "Specificity": 0.9451851851851852, "AUC": 0.9876628352490421}, "Label_2": {"Optimal Threshold": 0.2777903974056244, "Accuracy": 0.9181446111869032, "Sensitivity": 0.9122807017543859, "Specificity": 0.9207920792079208, "AUC": 0.9695240576689248}, "Label_3": {"Optimal Threshold": 0.3162246346473694, "Accuracy": 0.9290586630286494, "Sensitivity": 0.9230769230769231, "Specificity": 0.931640625, "AUC": 0.975811298076923}, "Label_4": {"Optimal Threshold": 0.022488176822662354, "Accuracy": 0.9454297407912687, "Sensitivity": 0.8571428571428571, "Specificity": 0.9462809917355371, "AUC": 0.9533648170011806}, "Label_5": {"Optimal Threshold": 0.0872143879532814, "Accuracy": 0.984993178717599, "Sensitivity": 0.8, "Specificity": 0.9862637362637363, "AUC": 0.9475274725274725}, "Label_6": {"Optimal Threshold": 0.025533365085721016, "Accuracy": 0.9331514324693042, "Sensitivity": 1.0, "Specificity": 0.9321329639889196, "AUC": 0.9798539410727776}, "Label_7": {"Optimal Threshold": 0.10865482687950134, "Accuracy": 0.9727148703956344, "Sensitivity": 1.0, "Specificity": 0.970193740685544, "AUC": 0.9934137781837411}, "Label_8": {"Optimal Threshold": 0.005113518796861172, "Accuracy": 0.8567530695770805, "Sensitivity": 1.0, "Specificity": 0.8563611491108071, "AUC": 0.9001367989056087}, "Label_9": {"Optimal Threshold": 0.040595583617687225, "Accuracy": 0.9072305593451568, "Sensitivity": 0.875, "Specificity": 0.9087018544935807, "AUC": 0.944944721825963}, "Label_10": {"Optimal Threshold": 0.00868996512144804, "Accuracy": 0.7748976807639836, "Sensitivity": 0.8888888888888888, "Specificity": 0.772027972027972, "AUC": 0.8783993783993784}, "Label_11": {"Optimal Threshold": 0.041087761521339417, "Accuracy": 0.931787175989086, "Sensitivity": 0.9444444444444444, "Specificity": 0.9314685314685315, "AUC": 0.962004662004662}, "Label_12": {"Optimal Threshold": 0.059693872928619385, "Accuracy": 0.8581173260572987, "Sensitivity": 0.9215686274509803, "Specificity": 0.8533724340175953, "AUC": 0.9426714967511932}, "Overall": {"Accuracy": 0.9143666701647603, "Sensitivity": 0.9162506165363364, "Specificity": 0.9148210980948863, "AUC": 0.9532165515662403}}}