{"shared_labels": 12, "perf": [0.08594566583633423, 0.9777175188064575], "label_names": [[2, 4, 7, 10, 12, 9, 11, 0, 8, 5, 3, 1, 6], [2, 4, 7, 10, 12, 9, 11, 0, 8, 5, 3, 1]], "metrics": {"Label_0": {"Optimal Threshold": 0.19725076854228973, "Accuracy": 0.9536152796725784, "Sensitivity": 0.855072463768116, "Specificity": 0.963855421686747, "AUC": 0.9704033525405972}, "Label_1": {"Optimal Threshold": 0.088990218937397, "Accuracy": 0.9495225102319236, "Sensitivity": 0.9482758620689655, "Specificity": 0.9496296296296296, "AUC": 0.9887611749680715}, "Label_2": {"Optimal Threshold": 0.4944431781768799, "Accuracy": 0.9331514324693042, "Sensitivity": 0.9035087719298246, "Specificity": 0.9465346534653465, "AUC": 0.9736755254472815}, "Label_3": {"Optimal Threshold": 0.36020174622535706, "Accuracy": 0.9331514324693042, "Sensitivity": 0.9321266968325792, "Specificity": 0.93359375, "AUC": 0.9755108173076923}, "Label_4": {"Optimal Threshold": 0.002790014958009124, "Accuracy": 0.8403819918144612, "Sensitivity": 1.0, "Specificity": 0.8388429752066116, "AUC": 0.9669421487603306}, "Label_5": {"Optimal Threshold": 0.0034363523591309786, "Accuracy": 0.7844474761255116, "Sensitivity": 1.0, "Specificity": 0.782967032967033, "AUC": 0.9379120879120879}, "Label_6": {"Optimal Threshold": 0.014686821959912777, "Accuracy": 0.9154160982264665, "Sensitivity": 0.9090909090909091, "Specificity": 0.9155124653739612, "AUC": 0.960337446487031}, "Label_7": {"Optimal Threshold": 0.17829802632331848, "Accuracy": 0.9631650750341064, "Sensitivity": 1.0, "Specificity": 0.9597615499254843, "AUC": 0.993533964713235}, "Label_8": {"Optimal Threshold": 0.002068489557132125, "Accuracy": 0.8226466575716235, "Sensitivity": 1.0, "Specificity": 0.8221614227086184, "AUC": 0.822845417236662}, "Label_9": {"Optimal Threshold": 0.01594274491071701, "Accuracy": 0.8635743519781719, "Sensitivity": 0.96875, "Specificity": 0.8587731811697575, "AUC": 0.9502050641940085}, "Label_10": {"Optimal Threshold": 0.00950289610773325, "Accuracy": 0.7748976807639836, "Sensitivity": 0.9444444444444444, "Specificity": 0.7706293706293706, "AUC": 0.9071484071484072}, "Label_11": {"Optimal Threshold": 0.024498628452420235, "Accuracy": 0.9331514324693042, "Sensitivity": 1.0, "Specificity": 0.9314685314685315, "AUC": 0.982905982905983}, "Label_12": {"Optimal Threshold": 0.03355953469872475, "Accuracy": 0.7803547066848567, "Sensitivity": 0.9803921568627451, "Specificity": 0.7653958944281525, "AUC": 0.9399689494566155}, "Overall": {"Accuracy": 0.880575086577815, "Sensitivity": 0.9570508696151988, "Specificity": 0.8799327598968649, "AUC": 0.9515500260829233}}}