{"shared_labels": 2, "perf": [0.09176096320152283, 0.9731211066246033], "metrics": {"Label_0": {"Optimal Threshold": 0.030656715855002403, "Accuracy": 0.91268758526603, "Sensitivity": 0.927536231884058, "Specificity": 0.911144578313253, "AUC": 0.9605378033874629}, "Label_1": {"Optimal Threshold": 0.0199118759483099, "Accuracy": 0.9113233287858117, "Sensitivity": 0.9655172413793104, "Specificity": 0.9066666666666666, "AUC": 0.9859003831417624}, "Label_2": {"Optimal Threshold": 0.25054073333740234, "Accuracy": 0.9140518417462483, "Sensitivity": 0.9342105263157895, "Specificity": 0.904950495049505, "AUC": 0.9715824214000347}, "Label_3": {"Optimal Threshold": 0.35509681701660156, "Accuracy": 0.9249658935879945, "Sensitivity": 0.9230769230769231, "Specificity": 0.92578125, "AUC": 0.9758024604072397}, "Label_4": {"Optimal Threshold": 0.08857250213623047, "Accuracy": 0.984993178717599, "Sensitivity": 0.8571428571428571, "Specificity": 0.9862258953168044, "AUC": 0.9553325462416371}, "Label_5": {"Optimal Threshold": 0.040269605815410614, "Accuracy": 0.9631650750341064, "Sensitivity": 0.8, "Specificity": 0.9642857142857143, "AUC": 0.9376373626373626}, "Label_6": {"Optimal Threshold": 0.02624124474823475, "Accuracy": 0.9536152796725784, "Sensitivity": 1.0, "Specificity": 0.9529085872576177, "AUC": 0.9840090657265173}, "Label_7": {"Optimal Threshold": 0.06407950073480606, "Accuracy": 0.956343792633015, "Sensitivity": 1.0, "Specificity": 0.9523099850968704, "AUC": 0.9921638382770059}, "Label_8": {"Optimal Threshold": 0.002746093785390258, "Accuracy": 0.8390177353342428, "Sensitivity": 1.0, "Specificity": 0.8385772913816689, "AUC": 0.8864569083447332}, "Label_9": {"Optimal Threshold": 0.00898268073797226, "Accuracy": 0.8676671214188267, "Sensitivity": 0.90625, "Specificity": 0.8659058487874465, "AUC": 0.9461037803138374}, "Label_10": {"Optimal Threshold": 0.003824051236733794, "Accuracy": 0.6630286493860846, "Sensitivity": 0.9444444444444444, "Specificity": 0.6559440559440559, "AUC": 0.8512820512820514}, "Label_11": {"Optimal Threshold": 0.04418284446001053, "Accuracy": 0.9481582537517054, "Sensitivity": 0.9444444444444444, "Specificity": 0.9482517482517483, "AUC": 0.9763791763791763}, "Label_12": {"Optimal Threshold": 0.0432753711938858, "Accuracy": 0.8049113233287858, "Sensitivity": 0.8431372549019608, "Specificity": 0.8020527859237536, "AUC": 0.9115634523604164}, "Overall": {"Accuracy": 0.8956868506663869, "Sensitivity": 0.9265969171992144, "Specificity": 0.8934619155596236, "AUC": 0.9488270192230183}}, "label_names": [[8, 6, 4, 9, 0, 7, 3, 10], [8, 6, 5, 1, 11, 2, 12]]}