{"shared_labels": 2, "perf": [0.09813647717237473, 0.972095251083374], "metrics": {"Label_0": {"Optimal Threshold": 0.06777430325746536, "Accuracy": 0.9072305593451568, "Sensitivity": 0.8604651162790697, "Specificity": 0.9134466769706336, "AUC": 0.9487437547176595}, "Label_1": {"Optimal Threshold": 0.08493807166814804, "Accuracy": 0.9331514324693042, "Sensitivity": 0.9583333333333334, "Specificity": 0.9304084720121029, "AUC": 0.9824130105900151}, "Label_2": {"Optimal Threshold": 0.19846616685390472, "Accuracy": 0.903137789904502, "Sensitivity": 0.9338842975206612, "Specificity": 0.8879837067209776, "AUC": 0.9668579892612479}, "Label_3": {"Optimal Threshold": 0.17469455301761627, "Accuracy": 0.9113233287858117, "Sensitivity": 0.9484978540772532, "Specificity": 0.894, "AUC": 0.9677682403433476}, "Label_4": {"Optimal Threshold": 0.0042863511480391026, "Accuracy": 0.8840381991814461, "Sensitivity": 1.0, "Specificity": 0.8822714681440443, "AUC": 0.9762024678922187}, "Label_5": {"Optimal Threshold": 0.00257175974547863, "Accuracy": 0.7871759890859482, "Sensitivity": 1.0, "Specificity": 0.7860082304526749, "AUC": 0.9036351165980795}, "Label_6": {"Optimal Threshold": 0.0518510639667511, "Accuracy": 0.9795361527967258, "Sensitivity": 1.0, "Specificity": 0.9794801641586868, "AUC": 0.9890560875512996}, "Label_7": {"Optimal Threshold": 0.17614135146141052, "Accuracy": 0.9727148703956344, "Sensitivity": 0.9298245614035088, "Specificity": 0.9763313609467456, "AUC": 0.9842468597529327}, "Label_8": {"Optimal Threshold": 0.004650990944355726, "Accuracy": 0.8649386084583902, "Sensitivity": 1.0, "Specificity": 0.8641975308641975, "AUC": 0.9626200274348423}, "Label_9": {"Optimal Threshold": 0.02610529586672783, "Accuracy": 0.8731241473396999, "Sensitivity": 1.0, "Specificity": 0.8680851063829788, "AUC": 0.9699594731509624}, "Label_10": {"Optimal Threshold": 0.014189138077199459, "Accuracy": 0.8267394270122783, "Sensitivity": 0.8666666666666667, "Specificity": 0.8259052924791086, "AUC": 0.8827298050139276}, "Label_11": {"Optimal Threshold": 0.023879732936620712, "Accuracy": 0.9304229195088677, "Sensitivity": 0.9444444444444444, "Specificity": 0.9300699300699301, "AUC": 0.9812742812742813}, "Label_12": {"Optimal Threshold": 0.06994903832674026, "Accuracy": 0.834924965893588, "Sensitivity": 0.85, "Specificity": 0.8335809806835067, "AUC": 0.8936849925705794}, "Overall": {"Accuracy": 0.8929583377059502, "Sensitivity": 0.945547405671149, "Specificity": 0.8901360707604299, "AUC": 0.9545532389347227}}, "label_names": [[2, 4, 3, 12, 9, 1, 7, 10], [2, 4, 11, 5, 8, 0, 6]]}