{"shared_labels": 4, "perf": [0.08841826766729355, 0.9756160378456116], "metrics": {"Label_0": {"Optimal Threshold": 0.10829926282167435, "Accuracy": 0.9427012278308322, "Sensitivity": 0.8695652173913043, "Specificity": 0.9503012048192772, "AUC": 0.9629387113672079}, "Label_1": {"Optimal Threshold": 0.15200762450695038, "Accuracy": 0.9495225102319236, "Sensitivity": 0.9482758620689655, "Specificity": 0.9496296296296296, "AUC": 0.9902171136653896}, "Label_2": {"Optimal Threshold": 0.20130009949207306, "Accuracy": 0.9263301500682128, "Sensitivity": 0.9298245614035088, "Specificity": 0.9247524752475248, "AUC": 0.9713652944241793}, "Label_3": {"Optimal Threshold": 0.18970699608325958, "Accuracy": 0.9304229195088677, "Sensitivity": 0.9321266968325792, "Specificity": 0.9296875, "AUC": 0.9763062075791855}, "Label_4": {"Optimal Threshold": 0.003404999617487192, "Accuracy": 0.8526603001364257, "Sensitivity": 1.0, "Specificity": 0.8512396694214877, "AUC": 0.9624163715072805}, "Label_5": {"Optimal Threshold": 0.03234882280230522, "Accuracy": 0.9672578444747613, "Sensitivity": 0.8, "Specificity": 0.9684065934065934, "AUC": 0.9310439560439561}, "Label_6": {"Optimal Threshold": 0.029218042269349098, "Accuracy": 0.9208731241473397, "Sensitivity": 1.0, "Specificity": 0.9196675900277008, "AUC": 0.9744396877360867}, "Label_7": {"Optimal Threshold": 0.06056652218103409, "Accuracy": 0.9536152796725784, "Sensitivity": 1.0, "Specificity": 0.9493293591654247, "AUC": 0.992452285947791}, "Label_8": {"Optimal Threshold": 0.006585708353668451, "Accuracy": 0.8935879945429741, "Sensitivity": 1.0, "Specificity": 0.893296853625171, "AUC": 0.9028727770177838}, "Label_9": {"Optimal Threshold": 0.09927507489919662, "Accuracy": 0.9263301500682128, "Sensitivity": 0.90625, "Specificity": 0.927246790299572, "AUC": 0.9533256062767476}, "Label_10": {"Optimal Threshold": 0.008353909477591515, "Accuracy": 0.7271487039563438, "Sensitivity": 1.0, "Specificity": 0.7202797202797203, "AUC": 0.9045843045843045}, "Label_11": {"Optimal Threshold": 0.008976638317108154, "Accuracy": 0.9004092769440655, "Sensitivity": 0.9444444444444444, "Specificity": 0.8993006993006993, "AUC": 0.9554778554778555}, "Label_12": {"Optimal Threshold": 0.08976960927248001, "Accuracy": 0.8840381991814461, "Sensitivity": 0.9019607843137255, "Specificity": 0.8826979472140762, "AUC": 0.9567017422804899}, "Overall": {"Accuracy": 0.905761360058768, "Sensitivity": 0.9409575051118868, "Specificity": 0.905064310187452, "AUC": 0.9564724549160198}}, "label_names": [[9, 8, 12, 3, 10, 2, 6, 0, 7], [9, 8, 12, 3, 11, 1, 5, 4]]}