{"shared_labels": 4, "perf": [0.09908849745988846, 0.9726428985595703], "metrics": {"Label_0": {"Optimal Threshold": 0.11416643112897873, "Accuracy": 0.9195088676671214, "Sensitivity": 0.8928571428571429, "Specificity": 0.9229583975346687, "AUC": 0.9545637977841367}, "Label_1": {"Optimal Threshold": 0.09169154614210129, "Accuracy": 0.9358799454297408, "Sensitivity": 0.927536231884058, "Specificity": 0.9367469879518072, "AUC": 0.982386066003143}, "Label_2": {"Optimal Threshold": 0.08001383394002914, "Accuracy": 0.9004092769440655, "Sensitivity": 0.9216589861751152, "Specificity": 0.8914728682170543, "AUC": 0.9658753974207838}, "Label_3": {"Optimal Threshold": 0.1320381909608841, "Accuracy": 0.903137789904502, "Sensitivity": 0.883495145631068, "Specificity": 0.9108159392789373, "AUC": 0.9612295278274166}, "Label_4": {"Optimal Threshold": 0.05401831492781639, "Accuracy": 0.9522510231923602, "Sensitivity": 1.0, "Specificity": 0.9519230769230769, "AUC": 0.981043956043956}, "Label_5": {"Optimal Threshold": 0.002329949289560318, "Accuracy": 0.8021828103683493, "Sensitivity": 1.0, "Specificity": 0.8008241758241759, "AUC": 0.9502747252747252}, "Label_6": {"Optimal Threshold": 0.0373821035027504, "Accuracy": 0.9686221009549796, "Sensitivity": 1.0, "Specificity": 0.9683631361760661, "AUC": 0.9876203576341127}, "Label_7": {"Optimal Threshold": 0.14009061455726624, "Accuracy": 0.9727148703956344, "Sensitivity": 0.9836065573770492, "Specificity": 0.9717261904761905, "AUC": 0.9897540983606558}, "Label_8": {"Optimal Threshold": 0.021823421120643616, "Accuracy": 0.9249658935879945, "Sensitivity": 1.0, "Specificity": 0.9241379310344827, "AUC": 0.976206896551724}, "Label_9": {"Optimal Threshold": 0.06095881015062332, "Accuracy": 0.922237380627558, "Sensitivity": 0.9354838709677419, "Specificity": 0.9216524216524217, "AUC": 0.9696719051557761}, "Label_10": {"Optimal Threshold": 0.01566111296415329, "Accuracy": 0.859481582537517, "Sensitivity": 0.75, "Specificity": 0.8606896551724138, "AUC": 0.8674137931034482}, "Label_11": {"Optimal Threshold": 0.0089230602607131, "Accuracy": 0.922237380627558, "Sensitivity": 1.0, "Specificity": 0.9194915254237288, "AUC": 0.9833898305084745}, "Label_12": {"Optimal Threshold": 0.07188552618026733, "Accuracy": 0.8472032742155525, "Sensitivity": 0.9298245614035088, "Specificity": 0.8402366863905325, "AUC": 0.944020554344441}, "Overall": {"Accuracy": 0.9100640151117643, "Sensitivity": 0.9403432689458219, "Specificity": 0.9093106916965812, "AUC": 0.9625731466163688}}, "label_names": [[11, 6, 12, 0, 2, 3, 10, 9, 1], [11, 6, 12, 0, 5, 8, 4, 7]]}