{"shared_labels": 2, "perf": [0.10009340941905975, 0.9703845977783203], "metrics": {"Label_0": {"Optimal Threshold": 0.06726333498954773, "Accuracy": 0.8635743519781719, "Sensitivity": 0.8656716417910447, "Specificity": 0.8633633633633634, "AUC": 0.941867240374703}, "Label_1": {"Optimal Threshold": 0.03996448591351509, "Accuracy": 0.888130968622101, "Sensitivity": 0.9464285714285714, "Specificity": 0.8833087149187593, "AUC": 0.9803228529225575}, "Label_2": {"Optimal Threshold": 0.11628098040819168, "Accuracy": 0.8908594815825375, "Sensitivity": 0.9316239316239316, "Specificity": 0.8717434869739479, "AUC": 0.9598855831320762}, "Label_3": {"Optimal Threshold": 0.20370857417583466, "Accuracy": 0.8990450204638472, "Sensitivity": 0.9276018099547512, "Specificity": 0.88671875, "AUC": 0.9652502828054299}, "Label_4": {"Optimal Threshold": 3.43461251759436e-05, "Accuracy": 0.6343792633015006, "Sensitivity": 1.0, "Specificity": 0.6328767123287671, "AUC": 0.8328767123287671}, "Label_5": {"Optimal Threshold": 0.027354396879673004, "Accuracy": 0.9590723055934516, "Sensitivity": 0.9, "Specificity": 0.9598893499308437, "AUC": 0.9759336099585062}, "Label_6": {"Optimal Threshold": 0.018869848921895027, "Accuracy": 0.9618008185538881, "Sensitivity": 1.0, "Specificity": 0.96105702364395, "AUC": 0.9852970395390424}, "Label_7": {"Optimal Threshold": 0.06207572668790817, "Accuracy": 0.9413369713506139, "Sensitivity": 0.9848484848484849, "Specificity": 0.9370314842578711, "AUC": 0.9924810322111672}, "Label_8": {"Optimal Threshold": 0.0024574461858719587, "Accuracy": 0.8281036834924966, "Sensitivity": 1.0, "Specificity": 0.8266850068775791, "AUC": 0.9617148097203119}, "Label_9": {"Optimal Threshold": 0.04021971672773361, "Accuracy": 0.9099590723055935, "Sensitivity": 0.96875, "Specificity": 0.9072753209700428, "AUC": 0.9590763195435092}, "Label_10": {"Optimal Threshold": 0.06762813031673431, "Accuracy": 0.9017735334242838, "Sensitivity": 0.9166666666666666, "Specificity": 0.9015256588072122, "AUC": 0.9493758668515949}, "Label_11": {"Optimal Threshold": 0.12237526476383209, "Accuracy": 0.9699863574351978, "Sensitivity": 0.9375, "Specificity": 0.9707112970711297, "AUC": 0.983089260808926}, "Label_12": {"Optimal Threshold": 0.025587795302271843, "Accuracy": 0.8185538881309686, "Sensitivity": 0.8518518518518519, "Specificity": 0.8159057437407953, "AUC": 0.8943435335187913}, "Overall": {"Accuracy": 0.8820442858642041, "Sensitivity": 0.9408417660127154, "Specificity": 0.8783147625295586, "AUC": 0.9524241649011833}}, "label_names": [[5, 7, 6, 9, 10, 1, 12, 0], [5, 7, 4, 11, 2, 3, 8]]}