{"shared_labels": 2, "perf": [0.09116137772798538, 0.9763829112052917], "metrics": {"Label_0": {"Optimal Threshold": 0.08494775742292404, "Accuracy": 0.9413369713506139, "Sensitivity": 0.8695652173913043, "Specificity": 0.9487951807228916, "AUC": 0.9635716780164135}, "Label_1": {"Optimal Threshold": 0.05532889440655708, "Accuracy": 0.9236016371077762, "Sensitivity": 0.9655172413793104, "Specificity": 0.92, "AUC": 0.9839591315453384}, "Label_2": {"Optimal Threshold": 0.37505289912223816, "Accuracy": 0.9304229195088677, "Sensitivity": 0.9122807017543859, "Specificity": 0.9386138613861386, "AUC": 0.9737797463956922}, "Label_3": {"Optimal Threshold": 0.3255265951156616, "Accuracy": 0.9290586630286494, "Sensitivity": 0.9230769230769231, "Specificity": 0.931640625, "AUC": 0.9741763291855203}, "Label_4": {"Optimal Threshold": 0.021567121148109436, "Accuracy": 0.9386084583901774, "Sensitivity": 0.8571428571428571, "Specificity": 0.9393939393939394, "AUC": 0.9517906336088154}, "Label_5": {"Optimal Threshold": 0.15603892505168915, "Accuracy": 0.9972714870395635, "Sensitivity": 0.8, "Specificity": 0.9986263736263736, "AUC": 0.942032967032967}, "Label_6": {"Optimal Threshold": 0.03220609948039055, "Accuracy": 0.9454297407912687, "Sensitivity": 1.0, "Specificity": 0.9445983379501385, "AUC": 0.9847645429362881}, "Label_7": {"Optimal Threshold": 0.13669686019420624, "Accuracy": 0.9495225102319236, "Sensitivity": 0.9838709677419355, "Specificity": 0.9463487332339792, "AUC": 0.989904331522523}, "Label_8": {"Optimal Threshold": 0.005507638677954674, "Accuracy": 0.810368349249659, "Sensitivity": 1.0, "Specificity": 0.8098495212038304, "AUC": 0.8454172366621067}, "Label_9": {"Optimal Threshold": 0.020498065277934074, "Accuracy": 0.8717598908594816, "Sensitivity": 0.90625, "Specificity": 0.8701854493580599, "AUC": 0.9426711840228245}, "Label_10": {"Optimal Threshold": 0.012812916189432144, "Accuracy": 0.772169167803547, "Sensitivity": 0.9444444444444444, "Specificity": 0.7678321678321678, "AUC": 0.9233877233877233}, "Label_11": {"Optimal Threshold": 0.04187867045402527, "Accuracy": 0.903137789904502, "Sensitivity": 0.9444444444444444, "Specificity": 0.9020979020979021, "AUC": 0.952991452991453}, "Label_12": {"Optimal Threshold": 0.11630146205425262, "Accuracy": 0.8567530695770805, "Sensitivity": 0.7647058823529411, "Specificity": 0.8636363636363636, "AUC": 0.8976482088436548}, "Overall": {"Accuracy": 0.9053415888340854, "Sensitivity": 0.9131768215175805, "Specificity": 0.906278342726291, "AUC": 0.9481611666270247}}, "label_names": [[5, 2, 12, 0, 11, 10, 7, 3], [5, 2, 8, 4, 9, 6, 1]]}