{"shared_labels": 9, "perf": [0.08693347126245499, 0.9773152470588684], "metrics": {"Label_0": {"Optimal Threshold": 0.09134532511234283, "Accuracy": 0.9345156889495225, "Sensitivity": 0.8918918918918919, "Specificity": 0.9393019726858877, "AUC": 0.9665545667063118}, "Label_1": {"Optimal Threshold": 0.05696333199739456, "Accuracy": 0.9508867667121419, "Sensitivity": 0.9436619718309859, "Specificity": 0.9516616314199395, "AUC": 0.9871494830007234}, "Label_2": {"Optimal Threshold": 0.19396431744098663, "Accuracy": 0.9167803547066848, "Sensitivity": 0.9529914529914529, "Specificity": 0.8997995991983968, "AUC": 0.97588339071305}, "Label_3": {"Optimal Threshold": 0.2182920277118683, "Accuracy": 0.9140518417462483, "Sensitivity": 0.9380530973451328, "Specificity": 0.903353057199211, "AUC": 0.9748215251959296}, "Label_4": {"Optimal Threshold": 0.015941068530082703, "Accuracy": 0.9208731241473397, "Sensitivity": 1.0, "Specificity": 0.92, "AUC": 0.9658620689655173}, "Label_5": {"Optimal Threshold": 0.0037628745194524527, "Accuracy": 0.8076398362892224, "Sensitivity": 1.0, "Specificity": 0.8060522696011004, "AUC": 0.9438331040806969}, "Label_6": {"Optimal Threshold": 0.02827746421098709, "Accuracy": 0.9058663028649386, "Sensitivity": 1.0, "Specificity": 0.9053497942386831, "AUC": 0.9567901234567902}, "Label_7": {"Optimal Threshold": 0.13024576008319855, "Accuracy": 0.9672578444747613, "Sensitivity": 0.9841269841269841, "Specificity": 0.9656716417910448, "AUC": 0.9902629708599857}, "Label_8": {"Optimal Threshold": 0.009744291193783283, "Accuracy": 0.8922237380627558, "Sensitivity": 1.0, "Specificity": 0.8916323731138546, "AUC": 0.96639231824417}, "Label_9": {"Optimal Threshold": 0.12032552063465118, "Accuracy": 0.9399727148703957, "Sensitivity": 0.896551724137931, "Specificity": 0.9417613636363636, "AUC": 0.9492554858934169}, "Label_10": {"Optimal Threshold": 0.03015723079442978, "Accuracy": 0.8649386084583902, "Sensitivity": 0.9166666666666666, "Specificity": 0.8640776699029126, "AUC": 0.9294960702727694}, "Label_11": {"Optimal Threshold": 0.043909549713134766, "Accuracy": 0.9508867667121419, "Sensitivity": 0.8695652173913043, "Specificity": 0.9535211267605633, "AUC": 0.9453766074709123}, "Label_12": {"Optimal Threshold": 0.025928791612386703, "Accuracy": 0.8171896316507503, "Sensitivity": 0.9433962264150944, "Specificity": 0.8073529411764706, "AUC": 0.9293007769145394}, "Overall": {"Accuracy": 0.9063910168957917, "Sensitivity": 0.9489927102151879, "Specificity": 0.9038104185172635, "AUC": 0.9600752685980626}}, "label_names": [[7, 3, 0, 12, 5, 4, 2, 9, 6, 10, 1], [7, 3, 0, 12, 5, 4, 2, 9, 6, 8, 11]]}