{"shared_labels": 9, "perf": [0.08953610062599182, 0.9752399921417236], "metrics": {"Label_0": {"Optimal Threshold": 0.06821984797716141, "Accuracy": 0.888130968622101, "Sensitivity": 0.927536231884058, "Specificity": 0.8840361445783133, "AUC": 0.9702069146149817}, "Label_1": {"Optimal Threshold": 0.04930964484810829, "Accuracy": 0.9236016371077762, "Sensitivity": 0.9655172413793104, "Specificity": 0.92, "AUC": 0.9852873563218391}, "Label_2": {"Optimal Threshold": 0.21912500262260437, "Accuracy": 0.9263301500682128, "Sensitivity": 0.9166666666666666, "Specificity": 0.9306930693069307, "AUC": 0.972424874066354}, "Label_3": {"Optimal Threshold": 0.17370301485061646, "Accuracy": 0.9236016371077762, "Sensitivity": 0.9366515837104072, "Specificity": 0.91796875, "AUC": 0.9752103365384615}, "Label_4": {"Optimal Threshold": 0.0018045392353087664, "Accuracy": 0.810368349249659, "Sensitivity": 1.0, "Specificity": 0.8085399449035813, "AUC": 0.9614325068870524}, "Label_5": {"Optimal Threshold": 0.04132476821541786, "Accuracy": 0.965893587994543, "Sensitivity": 0.8, "Specificity": 0.967032967032967, "AUC": 0.942032967032967}, "Label_6": {"Optimal Threshold": 0.019418977200984955, "Accuracy": 0.9358799454297408, "Sensitivity": 1.0, "Specificity": 0.9349030470914127, "AUC": 0.9792243767313019}, "Label_7": {"Optimal Threshold": 0.10952027887105942, "Accuracy": 0.9618008185538881, "Sensitivity": 1.0, "Specificity": 0.9582712369597616, "AUC": 0.990577376087688}, "Label_8": {"Optimal Threshold": 0.005781537853181362, "Accuracy": 0.8744884038199181, "Sensitivity": 1.0, "Specificity": 0.8741450068399452, "AUC": 0.8741450068399452}, "Label_9": {"Optimal Threshold": 0.04180295020341873, "Accuracy": 0.91268758526603, "Sensitivity": 0.90625, "Specificity": 0.912981455064194, "AUC": 0.9473965763195434}, "Label_10": {"Optimal Threshold": 0.0087286327034235, "Accuracy": 0.757162346521146, "Sensitivity": 0.8888888888888888, "Specificity": 0.7538461538461538, "AUC": 0.8686868686868687}, "Label_11": {"Optimal Threshold": 0.02969009429216385, "Accuracy": 0.9577080491132333, "Sensitivity": 0.9444444444444444, "Specificity": 0.958041958041958, "AUC": 0.9794871794871794}, "Label_12": {"Optimal Threshold": 0.13032497465610504, "Accuracy": 0.859481582537517, "Sensitivity": 0.9019607843137255, "Specificity": 0.8563049853372434, "AUC": 0.9508653901443275}, "Overall": {"Accuracy": 0.8997796201070416, "Sensitivity": 0.9375319877913463, "Specificity": 0.898212670692497, "AUC": 0.9536136715198853}}, "label_names": [[8, 5, 11, 12, 0, 2, 6, 3, 9, 1, 10], [8, 5, 11, 12, 0, 2, 6, 3, 9, 4, 7]]}