{"shared_labels": 12, "perf": [0.0899069607257843, 0.9746804237365723], "metrics": {"Label_0": {"Optimal Threshold": 0.07399117201566696, "Accuracy": 0.888130968622101, "Sensitivity": 0.8658536585365854, "Specificity": 0.890937019969278, "AUC": 0.9510883818515605}, "Label_1": {"Optimal Threshold": 0.37890341877937317, "Accuracy": 0.965893587994543, "Sensitivity": 0.90625, "Specificity": 0.9715994020926756, "AUC": 0.9799607623318386}, "Label_2": {"Optimal Threshold": 0.5290631055831909, "Accuracy": 0.922237380627558, "Sensitivity": 0.8780487804878049, "Specificity": 0.944558521560575, "AUC": 0.9650423198277157}, "Label_3": {"Optimal Threshold": 0.4270067512989044, "Accuracy": 0.9263301500682128, "Sensitivity": 0.899581589958159, "Specificity": 0.9392712550607287, "AUC": 0.9705757796486711}, "Label_4": {"Optimal Threshold": 0.028111249208450317, "Accuracy": 0.931787175989086, "Sensitivity": 1.0, "Specificity": 0.9312242090784044, "AUC": 0.9667583677212288}, "Label_5": {"Optimal Threshold": 0.03963856026530266, "Accuracy": 0.9577080491132333, "Sensitivity": 1.0, "Specificity": 0.9574175824175825, "AUC": 0.9815934065934067}, "Label_6": {"Optimal Threshold": 0.1680210381746292, "Accuracy": 0.9863574351978172, "Sensitivity": 1.0, "Specificity": 0.9862637362637363, "AUC": 0.9936813186813187}, "Label_7": {"Optimal Threshold": 0.11604082584381104, "Accuracy": 0.9699863574351978, "Sensitivity": 0.9607843137254902, "Specificity": 0.9706744868035191, "AUC": 0.9918061066068656}, "Label_8": {"Optimal Threshold": 0.03587359935045242, "Accuracy": 0.9713506139154161, "Sensitivity": 1.0, "Specificity": 0.9711934156378601, "AUC": 0.9910836762688614}, "Label_9": {"Optimal Threshold": 0.014193860813975334, "Accuracy": 0.8431105047748977, "Sensitivity": 1.0, "Specificity": 0.8366477272727273, "AUC": 0.9656641849529781}, "Label_10": {"Optimal Threshold": 0.03471319004893303, "Accuracy": 0.8826739427012278, "Sensitivity": 0.9444444444444444, "Specificity": 0.8811188811188811, "AUC": 0.9601398601398601}, "Label_11": {"Optimal Threshold": 0.07992780208587646, "Accuracy": 0.956343792633015, "Sensitivity": 1.0, "Specificity": 0.9555555555555556, "AUC": 0.9856837606837607}, "Label_12": {"Optimal Threshold": 0.07228578627109528, "Accuracy": 0.8281036834924966, "Sensitivity": 0.8823529411764706, "Specificity": 0.8240469208211144, "AUC": 0.9136909895923179}, "Overall": {"Accuracy": 0.925385664812677, "Sensitivity": 0.949024286794535, "Specificity": 0.9277314395117414, "AUC": 0.9705206857615679}}, "label_names": [[12, 10, 5, 8, 2, 3, 6, 1, 9, 4, 11, 7, 0], [12, 10, 5, 8, 2, 3, 6, 1, 9, 4, 11, 7]]}