{"shared_labels": 12, "perf": [0.08734545856714249, 0.9759464263916016], "metrics": {"Label_0": {"Optimal Threshold": 0.14125916361808777, "Accuracy": 0.9399727148703957, "Sensitivity": 0.8695652173913043, "Specificity": 0.947289156626506, "AUC": 0.9704906582853151}, "Label_1": {"Optimal Threshold": 0.08081398904323578, "Accuracy": 0.9549795361527967, "Sensitivity": 0.9482758620689655, "Specificity": 0.9555555555555556, "AUC": 0.9874584929757343}, "Label_2": {"Optimal Threshold": 0.32390832901000977, "Accuracy": 0.9290586630286494, "Sensitivity": 0.9122807017543859, "Specificity": 0.9366336633663367, "AUC": 0.9741532047941636}, "Label_3": {"Optimal Threshold": 0.3017427623271942, "Accuracy": 0.9304229195088677, "Sensitivity": 0.918552036199095, "Specificity": 0.935546875, "AUC": 0.9761648048642535}, "Label_4": {"Optimal Threshold": 0.015170786529779434, "Accuracy": 0.9058663028649386, "Sensitivity": 0.8571428571428571, "Specificity": 0.90633608815427, "AUC": 0.947461629279811}, "Label_5": {"Optimal Threshold": 0.04733610525727272, "Accuracy": 0.965893587994543, "Sensitivity": 0.8, "Specificity": 0.967032967032967, "AUC": 0.935989010989011}, "Label_6": {"Optimal Threshold": 0.008424779400229454, "Accuracy": 0.888130968622101, "Sensitivity": 1.0, "Specificity": 0.8864265927977839, "AUC": 0.9750692520775623}, "Label_7": {"Optimal Threshold": 0.18102911114692688, "Accuracy": 0.9631650750341064, "Sensitivity": 1.0, "Specificity": 0.9597615499254843, "AUC": 0.9936541512427287}, "Label_8": {"Optimal Threshold": 0.0024712427984923124, "Accuracy": 0.791268758526603, "Sensitivity": 1.0, "Specificity": 0.7906976744186046, "AUC": 0.8194254445964432}, "Label_9": {"Optimal Threshold": 0.02753516659140587, "Accuracy": 0.8676671214188267, "Sensitivity": 0.9375, "Specificity": 0.8644793152639088, "AUC": 0.9469062054208273}, "Label_10": {"Optimal Threshold": 0.005473129451274872, "Accuracy": 0.6684856753069577, "Sensitivity": 1.0, "Specificity": 0.6601398601398601, "AUC": 0.8995337995337996}, "Label_11": {"Optimal Threshold": 0.015647394582629204, "Accuracy": 0.91268758526603, "Sensitivity": 1.0, "Specificity": 0.9104895104895104, "AUC": 0.9796425796425795}, "Label_12": {"Optimal Threshold": 0.1540578454732895, "Accuracy": 0.8608458390177354, "Sensitivity": 0.9019607843137255, "Specificity": 0.8577712609970675, "AUC": 0.9456615490771088}, "Overall": {"Accuracy": 0.8906495959701962, "Sensitivity": 0.934252112220795, "Specificity": 0.8906276976744503, "AUC": 0.9501239063676413}}, "label_names": [[2, 10, 0, 6, 8, 3, 12, 5, 9, 7, 11, 1, 4], [2, 10, 0, 6, 8, 3, 12, 5, 9, 7, 11, 1]]}