{"shared_labels": 7, "perf": [0.09906637668609619, 0.9716281890869141], "metrics": {"Label_0": {"Optimal Threshold": 0.07538425177335739, "Accuracy": 0.8963165075034106, "Sensitivity": 0.9324324324324325, "Specificity": 0.8922610015174507, "AUC": 0.9610384284132387}, "Label_1": {"Optimal Threshold": 0.0698523074388504, "Accuracy": 0.9167803547066848, "Sensitivity": 0.9253731343283582, "Specificity": 0.9159159159159159, "AUC": 0.9757518712742593}, "Label_2": {"Optimal Threshold": 0.2784963548183441, "Accuracy": 0.9140518417462483, "Sensitivity": 0.9052132701421801, "Specificity": 0.9176245210727969, "AUC": 0.9697118265511794}, "Label_3": {"Optimal Threshold": 0.36351463198661804, "Accuracy": 0.9208731241473397, "Sensitivity": 0.9113300492610837, "Specificity": 0.9245283018867925, "AUC": 0.9700901570777953}, "Label_4": {"Optimal Threshold": 0.010303612798452377, "Accuracy": 0.8922237380627558, "Sensitivity": 1.0, "Specificity": 0.8911845730027548, "AUC": 0.9687131050767414}, "Label_5": {"Optimal Threshold": 0.001668037031777203, "Accuracy": 0.7776261937244202, "Sensitivity": 1.0, "Specificity": 0.7757909215955984, "AUC": 0.9504814305364512}, "Label_6": {"Optimal Threshold": 0.007049764972180128, "Accuracy": 0.8840381991814461, "Sensitivity": 1.0, "Specificity": 0.8829201101928374, "AUC": 0.9738292011019283}, "Label_7": {"Optimal Threshold": 0.03808259591460228, "Accuracy": 0.9481582537517054, "Sensitivity": 0.953125, "Specificity": 0.9476831091180867, "AUC": 0.9797972720478325}, "Label_8": {"Optimal Threshold": 0.009814941324293613, "Accuracy": 0.927694406548431, "Sensitivity": 1.0, "Specificity": 0.9270976616231087, "AUC": 0.9642365887207704}, "Label_9": {"Optimal Threshold": 0.017227260395884514, "Accuracy": 0.8744884038199181, "Sensitivity": 0.8888888888888888, "Specificity": 0.8739376770538244, "AUC": 0.9442870632672332}, "Label_10": {"Optimal Threshold": 0.006446348503232002, "Accuracy": 0.762619372442019, "Sensitivity": 1.0, "Specificity": 0.7569832402234636, "AUC": 0.8942655274400263}, "Label_11": {"Optimal Threshold": 0.07042697817087173, "Accuracy": 0.9672578444747613, "Sensitivity": 0.875, "Specificity": 0.9703808180535967, "AUC": 0.9625646450399623}, "Label_12": {"Optimal Threshold": 0.08661318570375443, "Accuracy": 0.8963165075034106, "Sensitivity": 0.8472222222222222, "Specificity": 0.9016641452344932, "AUC": 0.9382879475542107}, "Overall": {"Accuracy": 0.8906495959701962, "Sensitivity": 0.9414296151750127, "Specificity": 0.8906132304992862, "AUC": 0.9579273126232022}}, "label_names": [[3, 12, 8, 2, 10, 5, 6, 9, 7, 1], [3, 12, 8, 2, 10, 5, 6, 11, 0, 4]]}