{"shared_labels": 7, "perf": [0.08836381137371063, 0.9756544232368469], "metrics": {"Label_0": {"Optimal Threshold": 0.09191904962062836, "Accuracy": 0.9195088676671214, "Sensitivity": 0.8840579710144928, "Specificity": 0.9231927710843374, "AUC": 0.9657106687620045}, "Label_1": {"Optimal Threshold": 0.08117372542619705, "Accuracy": 0.9549795361527967, "Sensitivity": 0.9310344827586207, "Specificity": 0.957037037037037, "AUC": 0.984316730523627}, "Label_2": {"Optimal Threshold": 0.22158075869083405, "Accuracy": 0.9154160982264665, "Sensitivity": 0.9385964912280702, "Specificity": 0.904950495049505, "AUC": 0.974726420010422}, "Label_3": {"Optimal Threshold": 0.29428184032440186, "Accuracy": 0.9263301500682128, "Sensitivity": 0.9230769230769231, "Specificity": 0.927734375, "AUC": 0.9768806561085973}, "Label_4": {"Optimal Threshold": 0.01211703009903431, "Accuracy": 0.9263301500682128, "Sensitivity": 0.8571428571428571, "Specificity": 0.9269972451790633, "AUC": 0.9551357733175915}, "Label_5": {"Optimal Threshold": 0.0020489918533712626, "Accuracy": 0.7871759890859482, "Sensitivity": 1.0, "Specificity": 0.7857142857142857, "AUC": 0.9436813186813187}, "Label_6": {"Optimal Threshold": 0.030246544629335403, "Accuracy": 0.9549795361527967, "Sensitivity": 0.9090909090909091, "Specificity": 0.9556786703601108, "AUC": 0.970284563082347}, "Label_7": {"Optimal Threshold": 0.1345665603876114, "Accuracy": 0.9645293315143247, "Sensitivity": 1.0, "Specificity": 0.9612518628912071, "AUC": 0.9928849574539685}, "Label_8": {"Optimal Threshold": 0.008030973374843597, "Accuracy": 0.8908594815825375, "Sensitivity": 1.0, "Specificity": 0.8905608755129959, "AUC": 0.8967168262653898}, "Label_9": {"Optimal Threshold": 0.022252533584833145, "Accuracy": 0.859481582537517, "Sensitivity": 0.9375, "Specificity": 0.8559201141226819, "AUC": 0.9449001426533524}, "Label_10": {"Optimal Threshold": 0.016712019219994545, "Accuracy": 0.8117326057298773, "Sensitivity": 0.8333333333333334, "Specificity": 0.8111888111888111, "AUC": 0.8689199689199689}, "Label_11": {"Optimal Threshold": 0.03027277998626232, "Accuracy": 0.9631650750341064, "Sensitivity": 0.9444444444444444, "Specificity": 0.9636363636363636, "AUC": 0.9756021756021757}, "Label_12": {"Optimal Threshold": 0.1160898208618164, "Accuracy": 0.8649386084583902, "Sensitivity": 0.9019607843137255, "Specificity": 0.8621700879765396, "AUC": 0.9510953941693979}, "Overall": {"Accuracy": 0.9030328470983316, "Sensitivity": 0.9277106304925675, "Specificity": 0.9020025380579183, "AUC": 0.9539119688884738}}, "label_names": [[6, 2, 3, 11, 12, 4, 7, 0, 10, 8], [6, 2, 3, 11, 12, 4, 7, 5, 9, 1]]}