{"shared_labels": 13, "perf": [0.0863642692565918, 0.9796829223632812], "metrics": {"Label_0": {"Optimal Threshold": 0.04591513052582741, "Accuracy": 0.8731241473396999, "Sensitivity": 0.9420289855072463, "Specificity": 0.8659638554216867, "AUC": 0.9682861882311856}, "Label_1": {"Optimal Threshold": 0.10546472668647766, "Accuracy": 0.9549795361527967, "Sensitivity": 0.9482758620689655, "Specificity": 0.9555555555555556, "AUC": 0.9898084291187739}, "Label_2": {"Optimal Threshold": 0.5098016262054443, "Accuracy": 0.9263301500682128, "Sensitivity": 0.9210526315789473, "Specificity": 0.9287128712871288, "AUC": 0.9738405419489319}, "Label_3": {"Optimal Threshold": 0.5859836339950562, "Accuracy": 0.9345156889495225, "Sensitivity": 0.9230769230769231, "Specificity": 0.939453125, "AUC": 0.9763769089366516}, "Label_4": {"Optimal Threshold": 0.004631983581930399, "Accuracy": 0.8267394270122783, "Sensitivity": 1.0, "Specificity": 0.8250688705234159, "AUC": 0.9669421487603306}, "Label_5": {"Optimal Threshold": 0.004342334344983101, "Accuracy": 0.7667121418826739, "Sensitivity": 1.0, "Specificity": 0.7651098901098901, "AUC": 0.9425824175824176}, "Label_6": {"Optimal Threshold": 0.008761577308177948, "Accuracy": 0.8472032742155525, "Sensitivity": 1.0, "Specificity": 0.8448753462603878, "AUC": 0.9700327373457568}, "Label_7": {"Optimal Threshold": 0.21980725228786469, "Accuracy": 0.9686221009549796, "Sensitivity": 1.0, "Specificity": 0.9657228017883756, "AUC": 0.9932214797365512}, "Label_8": {"Optimal Threshold": 0.001714151818305254, "Accuracy": 0.7012278308321964, "Sensitivity": 1.0, "Specificity": 0.7004103967168263, "AUC": 0.792749658002736}, "Label_9": {"Optimal Threshold": 0.05033121258020401, "Accuracy": 0.9099590723055935, "Sensitivity": 0.90625, "Specificity": 0.9101283880171184, "AUC": 0.9486893723252495}, "Label_10": {"Optimal Threshold": 0.022515125572681427, "Accuracy": 0.8062755798090041, "Sensitivity": 0.8888888888888888, "Specificity": 0.8041958041958042, "AUC": 0.9035742035742036}, "Label_11": {"Optimal Threshold": 0.03290918469429016, "Accuracy": 0.9495225102319236, "Sensitivity": 0.9444444444444444, "Specificity": 0.9496503496503497, "AUC": 0.9781662781662782}, "Label_12": {"Optimal Threshold": 0.05180753767490387, "Accuracy": 0.7885402455661664, "Sensitivity": 1.0, "Specificity": 0.7727272727272727, "AUC": 0.9499166235409119}, "Overall": {"Accuracy": 0.8656732081015848, "Sensitivity": 0.9595398258127243, "Specificity": 0.8636595790195241, "AUC": 0.9503220759438443}}, "label_names": [[8, 3, 12, 11, 10, 6, 5, 9, 0, 7, 1, 4, 2], [8, 3, 12, 11, 10, 6, 5, 9, 0, 7, 1, 4, 2]]}