{"shared_labels": 13, "perf": [0.0902920663356781, 0.9769002199172974], "metrics": {"Label_0": {"Optimal Threshold": 0.12036128342151642, "Accuracy": 0.9399727148703957, "Sensitivity": 0.8888888888888888, "Specificity": 0.946319018404908, "AUC": 0.9651783685526018}, "Label_1": {"Optimal Threshold": 0.04689932242035866, "Accuracy": 0.9386084583901774, "Sensitivity": 0.9459459459459459, "Specificity": 0.9377845220030349, "AUC": 0.9711069187548702}, "Label_2": {"Optimal Threshold": 0.2652354836463928, "Accuracy": 0.9236016371077762, "Sensitivity": 0.9344262295081968, "Specificity": 0.918200408997955, "AUC": 0.9775386368969795}, "Label_3": {"Optimal Threshold": 0.16775034368038177, "Accuracy": 0.9290586630286494, "Sensitivity": 0.9467213114754098, "Specificity": 0.9202453987730062, "AUC": 0.9808743169398907}, "Label_4": {"Optimal Threshold": 0.0323176346719265, "Accuracy": 0.9249658935879945, "Sensitivity": 1.0, "Specificity": 0.9241379310344827, "AUC": 0.9856896551724138}, "Label_5": {"Optimal Threshold": 0.029394902288913727, "Accuracy": 0.9631650750341064, "Sensitivity": 1.0, "Specificity": 0.9627586206896551, "AUC": 0.9877586206896553}, "Label_6": {"Optimal Threshold": 0.016287053003907204, "Accuracy": 0.9236016371077762, "Sensitivity": 1.0, "Specificity": 0.9227586206896552, "AUC": 0.9746551724137931}, "Label_7": {"Optimal Threshold": 0.15858323872089386, "Accuracy": 0.9768076398362893, "Sensitivity": 0.9393939393939394, "Specificity": 0.9805097451274363, "AUC": 0.9887101903593658}, "Label_8": {"Optimal Threshold": 0.03258664160966873, "Accuracy": 0.9522510231923602, "Sensitivity": 1.0, "Specificity": 0.9519230769230769, "AUC": 0.9793956043956044}, "Label_9": {"Optimal Threshold": 0.06940759718418121, "Accuracy": 0.931787175989086, "Sensitivity": 0.972972972972973, "Specificity": 0.9295977011494253, "AUC": 0.9773609816713266}, "Label_10": {"Optimal Threshold": 0.009572576731443405, "Accuracy": 0.7257844474761255, "Sensitivity": 0.9473684210526315, "Specificity": 0.7198879551820728, "AUC": 0.8923042901371074}, "Label_11": {"Optimal Threshold": 0.022460121661424637, "Accuracy": 0.9440654843110505, "Sensitivity": 0.8888888888888888, "Specificity": 0.9461756373937678, "AUC": 0.964956457874305}, "Label_12": {"Optimal Threshold": 0.04401411861181259, "Accuracy": 0.7899045020463847, "Sensitivity": 1.0, "Specificity": 0.7771345875542692, "AUC": 0.9414237475018952}, "Overall": {"Accuracy": 0.9125826424598593, "Sensitivity": 0.9588158921636059, "Specificity": 0.9105717864555959, "AUC": 0.9682271508738314}}, "label_names": [[12, 6, 1, 5, 9, 10, 4, 8, 7, 0, 2, 11, 3], [12, 6, 1, 5, 9, 10, 4, 8, 7, 0, 2, 11, 3]]}