{"shared_labels": 2, "perf": [0.09069664031267166, 0.9760308861732483], "metrics": {"Label_0": {"Optimal Threshold": 0.0546720027923584, "Accuracy": 0.9208731241473397, "Sensitivity": 0.9135802469135802, "Specificity": 0.9217791411042945, "AUC": 0.9636635613118231}, "Label_1": {"Optimal Threshold": 0.11164192110300064, "Accuracy": 0.9590723055934516, "Sensitivity": 0.918918918918919, "Specificity": 0.9635811836115327, "AUC": 0.9666160849772382}, "Label_2": {"Optimal Threshold": 0.45332539081573486, "Accuracy": 0.937244201909959, "Sensitivity": 0.9098360655737705, "Specificity": 0.950920245398773, "AUC": 0.9773039659391868}, "Label_3": {"Optimal Threshold": 0.2680053114891052, "Accuracy": 0.9386084583901774, "Sensitivity": 0.9262295081967213, "Specificity": 0.9447852760736196, "AUC": 0.9805809782426498}, "Label_4": {"Optimal Threshold": 0.08570463210344315, "Accuracy": 0.9795361527967258, "Sensitivity": 0.875, "Specificity": 0.9806896551724138, "AUC": 0.9763793103448276}, "Label_5": {"Optimal Threshold": 0.01943061500787735, "Accuracy": 0.9304229195088677, "Sensitivity": 1.0, "Specificity": 0.9296551724137931, "AUC": 0.981896551724138}, "Label_6": {"Optimal Threshold": 0.010654390789568424, "Accuracy": 0.9004092769440655, "Sensitivity": 1.0, "Specificity": 0.8993103448275862, "AUC": 0.9741379310344828}, "Label_7": {"Optimal Threshold": 0.07048308104276657, "Accuracy": 0.9495225102319236, "Sensitivity": 0.9848484848484849, "Specificity": 0.9460269865067467, "AUC": 0.9893916678024623}, "Label_8": {"Optimal Threshold": 0.0401373952627182, "Accuracy": 0.965893587994543, "Sensitivity": 1.0, "Specificity": 0.9656593406593407, "AUC": 0.9813186813186814}, "Label_9": {"Optimal Threshold": 0.04941396415233612, "Accuracy": 0.922237380627558, "Sensitivity": 0.972972972972973, "Specificity": 0.9195402298850575, "AUC": 0.9797297297297298}, "Label_10": {"Optimal Threshold": 0.0781545341014862, "Accuracy": 0.937244201909959, "Sensitivity": 0.6842105263157895, "Specificity": 0.9439775910364145, "AUC": 0.8854489164086687}, "Label_11": {"Optimal Threshold": 0.008706428110599518, "Accuracy": 0.8990450204638472, "Sensitivity": 0.9629629629629629, "Specificity": 0.896600566572238, "AUC": 0.9717763088867906}, "Label_12": {"Optimal Threshold": 0.07187711447477341, "Accuracy": 0.800818553888131, "Sensitivity": 0.8809523809523809, "Specificity": 0.7959479015918958, "AUC": 0.9179932465026531}, "Overall": {"Accuracy": 0.9262252072620422, "Sensitivity": 0.9253470821273526, "Specificity": 0.9275748949887467, "AUC": 0.9650951487864101}}, "label_names": [[2, 11, 5, 0, 10, 7, 4, 6], [2, 11, 9, 1, 8, 3, 12]]}