{"shared_labels": 2, "perf": [0.08865822851657867, 0.9784734845161438], "metrics": {"Label_0": {"Optimal Threshold": 0.09179654717445374, "Accuracy": 0.903137789904502, "Sensitivity": 0.9565217391304348, "Specificity": 0.8975903614457831, "AUC": 0.9768421512135499}, "Label_1": {"Optimal Threshold": 0.11270617693662643, "Accuracy": 0.9304229195088677, "Sensitivity": 0.9655172413793104, "Specificity": 0.9274074074074075, "AUC": 0.9871519795657727}, "Label_2": {"Optimal Threshold": 0.24773584306240082, "Accuracy": 0.9236016371077762, "Sensitivity": 0.9429824561403509, "Specificity": 0.9148514851485149, "AUC": 0.9744484974813271}, "Label_3": {"Optimal Threshold": 0.5416276454925537, "Accuracy": 0.9358799454297408, "Sensitivity": 0.918552036199095, "Specificity": 0.943359375, "AUC": 0.9749452064479638}, "Label_4": {"Optimal Threshold": 0.01132859755307436, "Accuracy": 0.9331514324693042, "Sensitivity": 0.8571428571428571, "Specificity": 0.9338842975206612, "AUC": 0.9569067296340024}, "Label_5": {"Optimal Threshold": 0.11508434265851974, "Accuracy": 0.9809004092769441, "Sensitivity": 0.8, "Specificity": 0.9821428571428571, "AUC": 0.9401098901098901}, "Label_6": {"Optimal Threshold": 0.024014053866267204, "Accuracy": 0.9331514324693042, "Sensitivity": 1.0, "Specificity": 0.9321329639889196, "AUC": 0.980987156887434}, "Label_7": {"Optimal Threshold": 0.1614086925983429, "Accuracy": 0.9618008185538881, "Sensitivity": 1.0, "Specificity": 0.9582712369597616, "AUC": 0.9915388683236384}, "Label_8": {"Optimal Threshold": 0.0016813441179692745, "Accuracy": 0.7789904502046384, "Sensitivity": 1.0, "Specificity": 0.7783857729138167, "AUC": 0.7948016415868674}, "Label_9": {"Optimal Threshold": 0.02307336963713169, "Accuracy": 0.869031377899045, "Sensitivity": 0.96875, "Specificity": 0.8644793152639088, "AUC": 0.9433398716119828}, "Label_10": {"Optimal Threshold": 0.014764688909053802, "Accuracy": 0.7871759890859482, "Sensitivity": 0.9444444444444444, "Specificity": 0.7832167832167832, "AUC": 0.9294483294483294}, "Label_11": {"Optimal Threshold": 0.03207983821630478, "Accuracy": 0.9263301500682128, "Sensitivity": 1.0, "Specificity": 0.9244755244755245, "AUC": 0.9822066822066823}, "Label_12": {"Optimal Threshold": 0.0544741116464138, "Accuracy": 0.7517053206002728, "Sensitivity": 0.9215686274509803, "Specificity": 0.7390029325513197, "AUC": 0.9115634523604164}, "Overall": {"Accuracy": 0.8934830517368035, "Sensitivity": 0.9442676462990364, "Specificity": 0.8907077163873276, "AUC": 0.9495608043752196}}, "label_names": [[10, 0, 7, 3, 12, 5, 1, 9], [10, 0, 2, 11, 8, 4, 6]]}