{"shared_labels": 11, "perf": [0.08762753754854202, 0.9779751896858215], "metrics": {"Label_0": {"Optimal Threshold": 0.199639230966568, "Accuracy": 0.931787175989086, "Sensitivity": 0.9041095890410958, "Specificity": 0.9348484848484848, "AUC": 0.9740141137401411}, "Label_1": {"Optimal Threshold": 0.09603390097618103, "Accuracy": 0.9345156889495225, "Sensitivity": 0.9545454545454546, "Specificity": 0.9325337331334332, "AUC": 0.9855981100358912}, "Label_2": {"Optimal Threshold": 0.3091830313205719, "Accuracy": 0.927694406548431, "Sensitivity": 0.9016393442622951, "Specificity": 0.9406952965235174, "AUC": 0.9714539542056388}, "Label_3": {"Optimal Threshold": 0.2832638621330261, "Accuracy": 0.9358799454297408, "Sensitivity": 0.9324894514767933, "Specificity": 0.9375, "AUC": 0.9738328569484143}, "Label_4": {"Optimal Threshold": 0.005209128838032484, "Accuracy": 0.8635743519781719, "Sensitivity": 1.0, "Specificity": 0.8614958448753463, "AUC": 0.9624779652480484}, "Label_5": {"Optimal Threshold": 0.012317957356572151, "Accuracy": 0.8963165075034106, "Sensitivity": 1.0, "Specificity": 0.8957475994513031, "AUC": 0.9461591220850479}, "Label_6": {"Optimal Threshold": 0.1439153403043747, "Accuracy": 0.9890859481582538, "Sensitivity": 1.0, "Specificity": 0.9890560875512996, "AUC": 0.9931600547195623}, "Label_7": {"Optimal Threshold": 0.25716087222099304, "Accuracy": 0.975443383356071, "Sensitivity": 0.953125, "Specificity": 0.9775784753363229, "AUC": 0.9878316517189837}, "Label_8": {"Optimal Threshold": 0.0568869486451149, "Accuracy": 0.9727148703956344, "Sensitivity": 0.75, "Specificity": 0.9739368998628258, "AUC": 0.9139231824417009}, "Label_9": {"Optimal Threshold": 0.06750760972499847, "Accuracy": 0.8935879945429741, "Sensitivity": 0.9629629629629629, "Specificity": 0.8909348441926346, "AUC": 0.9688385269121813}, "Label_10": {"Optimal Threshold": 0.0543031208217144, "Accuracy": 0.9208731241473397, "Sensitivity": 0.875, "Specificity": 0.9218967921896792, "AUC": 0.9442991631799164}, "Label_11": {"Optimal Threshold": 0.03828903287649155, "Accuracy": 0.9686221009549796, "Sensitivity": 1.0, "Specificity": 0.9680111265646731, "AUC": 0.9862904828134313}, "Label_12": {"Optimal Threshold": 0.077700674533844, "Accuracy": 0.8731241473396999, "Sensitivity": 0.8636363636363636, "Specificity": 0.8740629685157422, "AUC": 0.9257643905320068}, "Overall": {"Accuracy": 0.929478434253332, "Sensitivity": 0.9305775512249974, "Specificity": 0.9306383194650204, "AUC": 0.9641264288139203}}, "label_names": [[11, 2, 10, 0, 3, 7, 1, 12, 8, 6, 4, 5], [11, 2, 10, 0, 3, 7, 1, 12, 8, 6, 4, 9]]}