{"shared_labels": 11, "perf": [0.0851263701915741, 0.9798734188079834], "metrics": {"Label_0": {"Optimal Threshold": 0.07594772428274155, "Accuracy": 0.91268758526603, "Sensitivity": 0.9130434782608695, "Specificity": 0.9126506024096386, "AUC": 0.9716256329666492}, "Label_1": {"Optimal Threshold": 0.06846730411052704, "Accuracy": 0.9440654843110505, "Sensitivity": 0.9827586206896551, "Specificity": 0.9407407407407408, "AUC": 0.9878671775223499}, "Label_2": {"Optimal Threshold": 0.4791480600833893, "Accuracy": 0.9290586630286494, "Sensitivity": 0.9122807017543859, "Specificity": 0.9366336633663367, "AUC": 0.9728417578599965}, "Label_3": {"Optimal Threshold": 0.4000711441040039, "Accuracy": 0.9304229195088677, "Sensitivity": 0.9276018099547512, "Specificity": 0.931640625, "AUC": 0.9760675904977376}, "Label_4": {"Optimal Threshold": 0.002989755943417549, "Accuracy": 0.8376534788540245, "Sensitivity": 1.0, "Specificity": 0.8360881542699724, "AUC": 0.9683195592286501}, "Label_5": {"Optimal Threshold": 0.002746433252468705, "Accuracy": 0.7708049113233287, "Sensitivity": 1.0, "Specificity": 0.7692307692307693, "AUC": 0.9434065934065934}, "Label_6": {"Optimal Threshold": 0.008147519081830978, "Accuracy": 0.8813096862210096, "Sensitivity": 1.0, "Specificity": 0.8795013850415513, "AUC": 0.9762024678922185}, "Label_7": {"Optimal Threshold": 0.12433652579784393, "Accuracy": 0.9686221009549796, "Sensitivity": 1.0, "Specificity": 0.9657228017883756, "AUC": 0.9942310465842988}, "Label_8": {"Optimal Threshold": 0.001209306181408465, "Accuracy": 0.7053206002728513, "Sensitivity": 1.0, "Specificity": 0.7045143638850889, "AUC": 0.780437756497948}, "Label_9": {"Optimal Threshold": 0.02221527323126793, "Accuracy": 0.9058663028649386, "Sensitivity": 0.90625, "Specificity": 0.905848787446505, "AUC": 0.9486002139800286}, "Label_10": {"Optimal Threshold": 0.010485262610018253, "Accuracy": 0.7844474761255116, "Sensitivity": 0.9444444444444444, "Specificity": 0.7804195804195804, "AUC": 0.9147630147630148}, "Label_11": {"Optimal Threshold": 0.05256059020757675, "Accuracy": 0.9645293315143247, "Sensitivity": 0.9444444444444444, "Specificity": 0.965034965034965, "AUC": 0.982983682983683}, "Label_12": {"Optimal Threshold": 0.031179413199424744, "Accuracy": 0.7803547066848567, "Sensitivity": 0.9607843137254902, "Specificity": 0.7668621700879765, "AUC": 0.940630211028693}, "Overall": {"Accuracy": 0.8703956343792633, "Sensitivity": 0.9608929087133877, "Specificity": 0.8688375852862694, "AUC": 0.9506135927086048}}, "label_names": [[11, 0, 10, 7, 2, 6, 5, 3, 4, 12, 9, 1], [11, 0, 10, 7, 2, 6, 5, 3, 4, 12, 9, 8]]}