{"shared_labels": 13, "perf": [0.0877760574221611, 0.9792605042457581], "label_names": [[10, 6, 3, 8, 12, 0, 4, 2, 7, 9, 5, 1, 11], [10, 6, 3, 8, 12, 0, 4, 2, 7, 9, 5, 1, 11]], "metrics": {"Label_0": {"Optimal Threshold": 0.04468809813261032, "Accuracy": 0.9058663028649386, "Sensitivity": 0.9130434782608695, "Specificity": 0.9051204819277109, "AUC": 0.9690719399336476}, "Label_1": {"Optimal Threshold": 0.032245978713035583, "Accuracy": 0.9358799454297408, "Sensitivity": 0.9655172413793104, "Specificity": 0.9333333333333333, "AUC": 0.9886334610472541}, "Label_2": {"Optimal Threshold": 0.6002916097640991, "Accuracy": 0.922237380627558, "Sensitivity": 0.9166666666666666, "Specificity": 0.9247524752475248, "AUC": 0.9740402987667188}, "Label_3": {"Optimal Threshold": 0.5661797523498535, "Accuracy": 0.927694406548431, "Sensitivity": 0.9276018099547512, "Specificity": 0.927734375, "AUC": 0.9759527007918553}, "Label_4": {"Optimal Threshold": 0.035610273480415344, "Accuracy": 0.9590723055934516, "Sensitivity": 0.8571428571428571, "Specificity": 0.9600550964187328, "AUC": 0.9637937819756002}, "Label_5": {"Optimal Threshold": 0.0037062950432300568, "Accuracy": 0.7899045020463847, "Sensitivity": 1.0, "Specificity": 0.7884615384615384, "AUC": 0.9428571428571428}, "Label_6": {"Optimal Threshold": 0.009945396333932877, "Accuracy": 0.8635743519781719, "Sensitivity": 1.0, "Specificity": 0.8614958448753463, "AUC": 0.9722991689750693}, "Label_7": {"Optimal Threshold": 0.09719397872686386, "Accuracy": 0.9672578444747613, "Sensitivity": 1.0, "Specificity": 0.9642324888226528, "AUC": 0.9943512331137926}, "Label_8": {"Optimal Threshold": 0.0026413919404149055, "Accuracy": 0.7899045020463847, "Sensitivity": 1.0, "Specificity": 0.7893296853625171, "AUC": 0.83515731874145}, "Label_9": {"Optimal Threshold": 0.013161786831915379, "Accuracy": 0.8717598908594816, "Sensitivity": 0.96875, "Specificity": 0.8673323823109843, "AUC": 0.9469507845934378}, "Label_10": {"Optimal Threshold": 0.021279387176036835, "Accuracy": 0.8144611186903138, "Sensitivity": 0.8888888888888888, "Specificity": 0.8125874125874126, "AUC": 0.9012432012432012}, "Label_11": {"Optimal Threshold": 0.01631280407309532, "Accuracy": 0.9249658935879945, "Sensitivity": 1.0, "Specificity": 0.9230769230769231, "AUC": 0.981973581973582}, "Label_12": {"Optimal Threshold": 0.08525168895721436, "Accuracy": 0.8376534788540245, "Sensitivity": 0.9215686274509803, "Specificity": 0.8313782991202346, "AUC": 0.9484790983842217}, "Overall": {"Accuracy": 0.8854024556616644, "Sensitivity": 0.9507061207495635, "Specificity": 0.8837607951188393, "AUC": 0.953446439415152}}}