{"shared_labels": 0, "perf": [0.10051940381526947, 0.970002293586731], "label_names": [[12, 5, 3, 6, 11, 2, 7], [1, 9, 4, 10, 8, 0]], "metrics": {"Label_0": {"Optimal Threshold": 0.10722751915454865, "Accuracy": 0.8963165075034106, "Sensitivity": 0.8985507246376812, "Specificity": 0.8960843373493976, "AUC": 0.9550593679064082}, "Label_1": {"Optimal Threshold": 0.1712847352027893, "Accuracy": 0.956343792633015, "Sensitivity": 0.9482758620689655, "Specificity": 0.957037037037037, "AUC": 0.987381864623244}, "Label_2": {"Optimal Threshold": 0.1298401951789856, "Accuracy": 0.9167803547066848, "Sensitivity": 0.9210526315789473, "Specificity": 0.9148514851485149, "AUC": 0.9674743790168491}, "Label_3": {"Optimal Threshold": 0.07812060415744781, "Accuracy": 0.91268758526603, "Sensitivity": 0.9366515837104072, "Specificity": 0.90234375, "AUC": 0.96953655260181}, "Label_4": {"Optimal Threshold": 0.0029254688415676355, "Accuracy": 0.8608458390177354, "Sensitivity": 1.0, "Specificity": 0.859504132231405, "AUC": 0.9698937426210154}, "Label_5": {"Optimal Threshold": 0.0014205904444679618, "Accuracy": 0.8062755798090041, "Sensitivity": 1.0, "Specificity": 0.804945054945055, "AUC": 0.9412087912087912}, "Label_6": {"Optimal Threshold": 0.003099338850006461, "Accuracy": 0.8417462482946794, "Sensitivity": 1.0, "Specificity": 0.8393351800554016, "AUC": 0.9491312012087636}, "Label_7": {"Optimal Threshold": 0.04344936087727547, "Accuracy": 0.9427012278308322, "Sensitivity": 1.0, "Specificity": 0.9374068554396423, "AUC": 0.9896399211576367}, "Label_8": {"Optimal Threshold": 0.0008693578420206904, "Accuracy": 0.7285129604365621, "Sensitivity": 1.0, "Specificity": 0.7277701778385773, "AUC": 0.7489740082079344}, "Label_9": {"Optimal Threshold": 0.06065097823739052, "Accuracy": 0.9290586630286494, "Sensitivity": 0.9375, "Specificity": 0.9286733238231099, "AUC": 0.9531027104136945}, "Label_10": {"Optimal Threshold": 0.047524888068437576, "Accuracy": 0.9249658935879945, "Sensitivity": 0.8333333333333334, "Specificity": 0.9272727272727272, "AUC": 0.9393162393162393}, "Label_11": {"Optimal Threshold": 0.03119010664522648, "Accuracy": 0.9208731241473397, "Sensitivity": 0.8888888888888888, "Specificity": 0.9216783216783216, "AUC": 0.9478632478632479}, "Label_12": {"Optimal Threshold": 0.0769733116030693, "Accuracy": 0.9004092769440655, "Sensitivity": 0.7254901960784313, "Specificity": 0.9134897360703812, "AUC": 0.9037145650048876}, "Overall": {"Accuracy": 0.8875013117850773, "Sensitivity": 0.9299802477151272, "Specificity": 0.8869532399145824, "AUC": 0.9401766608577324}}}