{"shared_labels": 11, "perf": [0.08564290404319763, 0.9789131879806519], "label_names": [[0, 9, 12, 11, 7, 5, 10, 2, 4, 6, 3, 1], [0, 9, 12, 11, 7, 5, 10, 2, 4, 6, 3, 8]], "metrics": {"Label_0": {"Optimal Threshold": 0.14144101738929749, "Accuracy": 0.9208731241473397, "Sensitivity": 0.9130434782608695, "Specificity": 0.9216867469879518, "AUC": 0.9744194167976252}, "Label_1": {"Optimal Threshold": 0.15858511626720428, "Accuracy": 0.9495225102319236, "Sensitivity": 0.9655172413793104, "Specificity": 0.9481481481481482, "AUC": 0.9872541507024266}, "Label_2": {"Optimal Threshold": 0.3902883529663086, "Accuracy": 0.9208731241473397, "Sensitivity": 0.9122807017543859, "Specificity": 0.9247524752475248, "AUC": 0.9712437033177002}, "Label_3": {"Optimal Threshold": 0.4400785267353058, "Accuracy": 0.9304229195088677, "Sensitivity": 0.918552036199095, "Specificity": 0.935546875, "AUC": 0.9750424208144797}, "Label_4": {"Optimal Threshold": 0.001720951753668487, "Accuracy": 0.7830832196452933, "Sensitivity": 1.0, "Specificity": 0.78099173553719, "AUC": 0.9567099567099567}, "Label_5": {"Optimal Threshold": 0.05414724722504616, "Accuracy": 0.965893587994543, "Sensitivity": 0.8, "Specificity": 0.967032967032967, "AUC": 0.9409340659340659}, "Label_6": {"Optimal Threshold": 0.007413578685373068, "Accuracy": 0.8703956343792633, "Sensitivity": 1.0, "Specificity": 0.868421052631579, "AUC": 0.9764542936288089}, "Label_7": {"Optimal Threshold": 0.20533959567546844, "Accuracy": 0.9686221009549796, "Sensitivity": 1.0, "Specificity": 0.9657228017883756, "AUC": 0.9936541512427287}, "Label_8": {"Optimal Threshold": 0.0021579135209321976, "Accuracy": 0.7789904502046384, "Sensitivity": 1.0, "Specificity": 0.7783857729138167, "AUC": 0.83515731874145}, "Label_9": {"Optimal Threshold": 0.022764019668102264, "Accuracy": 0.8703956343792633, "Sensitivity": 0.96875, "Specificity": 0.8659058487874465, "AUC": 0.9500267475035663}, "Label_10": {"Optimal Threshold": 0.01059882901608944, "Accuracy": 0.7598908594815825, "Sensitivity": 0.9444444444444444, "Specificity": 0.7552447552447552, "AUC": 0.9112665112665114}, "Label_11": {"Optimal Threshold": 0.058605507016181946, "Accuracy": 0.9604365620736699, "Sensitivity": 0.9444444444444444, "Specificity": 0.9608391608391609, "AUC": 0.9811188811188811}, "Label_12": {"Optimal Threshold": 0.07809469848871231, "Accuracy": 0.8226466575716235, "Sensitivity": 0.9215686274509803, "Specificity": 0.8152492668621701, "AUC": 0.9478178368121442}, "Overall": {"Accuracy": 0.8847727988246407, "Sensitivity": 0.945276997994887, "Specificity": 0.8836867390016219, "AUC": 0.9539307272761803}}}