{"shared_labels": 3, "perf": [0.09137172996997833, 0.9757192134857178], "label_names": [[12, 10, 4, 3, 5, 8, 2, 6], [12, 10, 4, 1, 0, 11, 7, 9]], "metrics": {"Label_0": {"Optimal Threshold": 0.1891445368528366, "Accuracy": 0.937244201909959, "Sensitivity": 0.8840579710144928, "Specificity": 0.9427710843373494, "AUC": 0.9658416273790815}, "Label_1": {"Optimal Threshold": 0.0885397270321846, "Accuracy": 0.931787175989086, "Sensitivity": 0.9827586206896551, "Specificity": 0.9274074074074075, "AUC": 0.9874840357598978}, "Label_2": {"Optimal Threshold": 0.16717688739299774, "Accuracy": 0.922237380627558, "Sensitivity": 0.8947368421052632, "Specificity": 0.9346534653465347, "AUC": 0.966440854611777}, "Label_3": {"Optimal Threshold": 0.1863696277141571, "Accuracy": 0.922237380627558, "Sensitivity": 0.9140271493212669, "Specificity": 0.92578125, "AUC": 0.9712775735294117}, "Label_4": {"Optimal Threshold": 0.002785521326586604, "Accuracy": 0.8376534788540245, "Sensitivity": 1.0, "Specificity": 0.8360881542699724, "AUC": 0.9716646989374262}, "Label_5": {"Optimal Threshold": 0.001215630560182035, "Accuracy": 0.713506139154161, "Sensitivity": 1.0, "Specificity": 0.7115384615384616, "AUC": 0.9142857142857143}, "Label_6": {"Optimal Threshold": 0.010031161829829216, "Accuracy": 0.8799454297407913, "Sensitivity": 1.0, "Specificity": 0.8781163434903048, "AUC": 0.9721732561067742}, "Label_7": {"Optimal Threshold": 0.10468500107526779, "Accuracy": 0.9495225102319236, "Sensitivity": 1.0, "Specificity": 0.9448584202682563, "AUC": 0.9917792413826257}, "Label_8": {"Optimal Threshold": 0.005236919037997723, "Accuracy": 0.8417462482946794, "Sensitivity": 1.0, "Specificity": 0.841313269493844, "AUC": 0.8932968536251711}, "Label_9": {"Optimal Threshold": 0.013107902370393276, "Accuracy": 0.8608458390177354, "Sensitivity": 0.96875, "Specificity": 0.8559201141226819, "AUC": 0.9425820256776033}, "Label_10": {"Optimal Threshold": 0.012203637510538101, "Accuracy": 0.7926330150068213, "Sensitivity": 0.9444444444444444, "Specificity": 0.7888111888111888, "AUC": 0.9281274281274281}, "Label_11": {"Optimal Threshold": 0.02133351005613804, "Accuracy": 0.9345156889495225, "Sensitivity": 1.0, "Specificity": 0.9328671328671329, "AUC": 0.9842268842268843}, "Label_12": {"Optimal Threshold": 0.1018282026052475, "Accuracy": 0.8894952251023193, "Sensitivity": 0.8823529411764706, "Specificity": 0.8900293255131965, "AUC": 0.9548904605830602}, "Overall": {"Accuracy": 0.8779515164235492, "Sensitivity": 0.9593175360578149, "Specificity": 0.8777042782666409, "AUC": 0.9572362041717584}}}