{"shared_labels": 4, "perf": [0.09043499082326889, 0.975559651851654], "label_names": [[8, 4, 6, 9, 2, 0, 12, 5, 10], [8, 4, 6, 9, 3, 11, 7, 1]], "metrics": {"Label_0": {"Optimal Threshold": 0.12039148807525635, "Accuracy": 0.931787175989086, "Sensitivity": 0.8695652173913043, "Specificity": 0.9382530120481928, "AUC": 0.9571328793434608}, "Label_1": {"Optimal Threshold": 0.12857016921043396, "Accuracy": 0.9345156889495225, "Sensitivity": 0.9655172413793104, "Specificity": 0.9318518518518518, "AUC": 0.9878416347381865}, "Label_2": {"Optimal Threshold": 0.39638185501098633, "Accuracy": 0.9263301500682128, "Sensitivity": 0.9035087719298246, "Specificity": 0.9366336633663367, "AUC": 0.9706183776272364}, "Label_3": {"Optimal Threshold": 0.37724557518959045, "Accuracy": 0.922237380627558, "Sensitivity": 0.918552036199095, "Specificity": 0.923828125, "AUC": 0.9724794966063348}, "Label_4": {"Optimal Threshold": 0.00439472496509552, "Accuracy": 0.849931787175989, "Sensitivity": 1.0, "Specificity": 0.8484848484848485, "AUC": 0.9748130657221566}, "Label_5": {"Optimal Threshold": 0.08857406675815582, "Accuracy": 0.9836289222373806, "Sensitivity": 0.8, "Specificity": 0.9848901098901099, "AUC": 0.8980769230769231}, "Label_6": {"Optimal Threshold": 0.021976923570036888, "Accuracy": 0.9386084583901774, "Sensitivity": 1.0, "Specificity": 0.9376731301939059, "AUC": 0.9819944598337951}, "Label_7": {"Optimal Threshold": 0.08703524619340897, "Accuracy": 0.9604365620736699, "Sensitivity": 1.0, "Specificity": 0.9567809239940388, "AUC": 0.9907696745348782}, "Label_8": {"Optimal Threshold": 0.003852939698845148, "Accuracy": 0.8635743519781719, "Sensitivity": 1.0, "Specificity": 0.8632010943912448, "AUC": 0.8727770177838577}, "Label_9": {"Optimal Threshold": 0.03378084674477577, "Accuracy": 0.9058663028649386, "Sensitivity": 0.96875, "Specificity": 0.9029957203994294, "AUC": 0.9527906562054207}, "Label_10": {"Optimal Threshold": 0.008942394517362118, "Accuracy": 0.7175989085948158, "Sensitivity": 1.0, "Specificity": 0.7104895104895105, "AUC": 0.9052836052836053}, "Label_11": {"Optimal Threshold": 0.06807203590869904, "Accuracy": 0.9713506139154161, "Sensitivity": 0.9444444444444444, "Specificity": 0.972027972027972, "AUC": 0.9794094794094794}, "Label_12": {"Optimal Threshold": 0.2347484678030014, "Accuracy": 0.9167803547066848, "Sensitivity": 0.7450980392156863, "Specificity": 0.9296187683284457, "AUC": 0.9205048588350296}, "Overall": {"Accuracy": 0.9094343582747402, "Sensitivity": 0.9319565961968974, "Specificity": 0.9105175946512222, "AUC": 0.9511147791538742}}}