{"shared_labels": 8, "perf": [0.0885850116610527, 0.9765328764915466], "label_names": [[0, 1, 9, 10, 4, 7, 2, 5, 12, 3, 8], [0, 1, 9, 10, 4, 7, 2, 5, 6, 11]], "metrics": {"Label_0": {"Optimal Threshold": 0.11418303102254868, "Accuracy": 0.9304229195088677, "Sensitivity": 0.8840579710144928, "Specificity": 0.9352409638554217, "AUC": 0.9689628077527501}, "Label_1": {"Optimal Threshold": 0.12304171174764633, "Accuracy": 0.965893587994543, "Sensitivity": 0.9137931034482759, "Specificity": 0.9703703703703703, "AUC": 0.9868199233716475}, "Label_2": {"Optimal Threshold": 0.3378257155418396, "Accuracy": 0.9290586630286494, "Sensitivity": 0.9122807017543859, "Specificity": 0.9366336633663367, "AUC": 0.9743963870071218}, "Label_3": {"Optimal Threshold": 0.2602471709251404, "Accuracy": 0.9263301500682128, "Sensitivity": 0.9276018099547512, "Specificity": 0.92578125, "AUC": 0.9756610576923077}, "Label_4": {"Optimal Threshold": 0.054011259227991104, "Accuracy": 0.9631650750341064, "Sensitivity": 0.8571428571428571, "Specificity": 0.9641873278236914, "AUC": 0.9622195985832349}, "Label_5": {"Optimal Threshold": 0.003777234349399805, "Accuracy": 0.7803547066848567, "Sensitivity": 1.0, "Specificity": 0.7788461538461539, "AUC": 0.9472527472527473}, "Label_6": {"Optimal Threshold": 0.03236665949225426, "Accuracy": 0.9536152796725784, "Sensitivity": 0.9090909090909091, "Specificity": 0.9542936288088643, "AUC": 0.9590783178040796}, "Label_7": {"Optimal Threshold": 0.13094307482242584, "Accuracy": 0.9713506139154161, "Sensitivity": 1.0, "Specificity": 0.9687034277198212, "AUC": 0.9928849574539687}, "Label_8": {"Optimal Threshold": 0.002662545768544078, "Accuracy": 0.7080491132332879, "Sensitivity": 1.0, "Specificity": 0.707250341997264, "AUC": 0.7626538987688098}, "Label_9": {"Optimal Threshold": 0.022672802209854126, "Accuracy": 0.8799454297407913, "Sensitivity": 0.96875, "Specificity": 0.8758915834522111, "AUC": 0.9537268188302425}, "Label_10": {"Optimal Threshold": 0.01404886320233345, "Accuracy": 0.7776261937244202, "Sensitivity": 0.9444444444444444, "Specificity": 0.7734265734265734, "AUC": 0.9153846153846154}, "Label_11": {"Optimal Threshold": 0.041620731353759766, "Accuracy": 0.9304229195088677, "Sensitivity": 0.9444444444444444, "Specificity": 0.9300699300699301, "AUC": 0.9768453768453769}, "Label_12": {"Optimal Threshold": 0.0965861827135086, "Accuracy": 0.869031377899045, "Sensitivity": 0.7843137254901961, "Specificity": 0.875366568914956, "AUC": 0.8876717842562245}, "Overall": {"Accuracy": 0.8911743100010494, "Sensitivity": 0.9266092282142122, "Specificity": 0.892004752588584, "AUC": 0.9433506377694715}}}