{"shared_labels": 7, "perf": [0.0884920135140419, 0.9753955006599426], "label_names": [[0, 11, 7, 8, 6, 3, 4, 1, 9, 12], [0, 11, 7, 8, 6, 3, 4, 10, 5, 2]], "metrics": {"Label_0": {"Optimal Threshold": 0.0470011904835701, "Accuracy": 0.8963165075034106, "Sensitivity": 0.927536231884058, "Specificity": 0.8930722891566265, "AUC": 0.9716256329666492}, "Label_1": {"Optimal Threshold": 0.03163092955946922, "Accuracy": 0.9345156889495225, "Sensitivity": 0.9655172413793104, "Specificity": 0.9318518518518518, "AUC": 0.9860791826309068}, "Label_2": {"Optimal Threshold": 0.36090734601020813, "Accuracy": 0.927694406548431, "Sensitivity": 0.8903508771929824, "Specificity": 0.9445544554455445, "AUC": 0.969454577036651}, "Label_3": {"Optimal Threshold": 0.3005038797855377, "Accuracy": 0.9290586630286494, "Sensitivity": 0.9276018099547512, "Specificity": 0.9296875, "AUC": 0.9749540441176471}, "Label_4": {"Optimal Threshold": 0.029469260945916176, "Accuracy": 0.9536152796725784, "Sensitivity": 0.8571428571428571, "Specificity": 0.9545454545454546, "AUC": 0.9645808736717827}, "Label_5": {"Optimal Threshold": 0.042963992804288864, "Accuracy": 0.9686221009549796, "Sensitivity": 0.8, "Specificity": 0.9697802197802198, "AUC": 0.9296703296703297}, "Label_6": {"Optimal Threshold": 0.03141389787197113, "Accuracy": 0.956343792633015, "Sensitivity": 0.9090909090909091, "Specificity": 0.9570637119113573, "AUC": 0.972928733316545}, "Label_7": {"Optimal Threshold": 0.12584960460662842, "Accuracy": 0.9699863574351978, "Sensitivity": 1.0, "Specificity": 0.9672131147540983, "AUC": 0.9930291812893611}, "Label_8": {"Optimal Threshold": 0.0023788658436387777, "Accuracy": 0.8049113233287858, "Sensitivity": 1.0, "Specificity": 0.8043775649794802, "AUC": 0.8303693570451436}, "Label_9": {"Optimal Threshold": 0.06924929469823837, "Accuracy": 0.9195088676671214, "Sensitivity": 0.90625, "Specificity": 0.920114122681883, "AUC": 0.9542171897289586}, "Label_10": {"Optimal Threshold": 0.00671758409589529, "Accuracy": 0.7544338335607094, "Sensitivity": 0.8888888888888888, "Specificity": 0.7510489510489511, "AUC": 0.8945609945609946}, "Label_11": {"Optimal Threshold": 0.020536381751298904, "Accuracy": 0.946793997271487, "Sensitivity": 1.0, "Specificity": 0.9454545454545454, "AUC": 0.9857808857808857}, "Label_12": {"Optimal Threshold": 0.08502217382192612, "Accuracy": 0.8158253751705321, "Sensitivity": 0.9019607843137255, "Specificity": 0.8093841642228738, "AUC": 0.9222873900293256}, "Overall": {"Accuracy": 0.9059712456711091, "Sensitivity": 0.921103046142114, "Specificity": 0.9060113804486835, "AUC": 0.9499644901419368}}}