{"shared_labels": 1, "perf": [0.09303829073905945, 0.9718195199966431], "label_names": [[0, 7, 10, 11, 9, 1, 6], [0, 3, 8, 2, 12, 5, 4]], "metrics": {"Label_0": {"Optimal Threshold": 0.15163253247737885, "Accuracy": 0.946793997271487, "Sensitivity": 0.8695652173913043, "Specificity": 0.9548192771084337, "AUC": 0.9714728479133927}, "Label_1": {"Optimal Threshold": 0.05907448008656502, "Accuracy": 0.9440654843110505, "Sensitivity": 0.9655172413793104, "Specificity": 0.9422222222222222, "AUC": 0.9865900383141762}, "Label_2": {"Optimal Threshold": 0.16041523218154907, "Accuracy": 0.9154160982264665, "Sensitivity": 0.9210526315789473, "Specificity": 0.9128712871287129, "AUC": 0.9691332291123849}, "Label_3": {"Optimal Threshold": 0.20940342545509338, "Accuracy": 0.9249658935879945, "Sensitivity": 0.9230769230769231, "Specificity": 0.92578125, "AUC": 0.9721790158371041}, "Label_4": {"Optimal Threshold": 0.00857716053724289, "Accuracy": 0.8649386084583902, "Sensitivity": 0.8571428571428571, "Specificity": 0.8650137741046832, "AUC": 0.9258166076347895}, "Label_5": {"Optimal Threshold": 0.025651300325989723, "Accuracy": 0.9645293315143247, "Sensitivity": 0.8, "Specificity": 0.9656593406593407, "AUC": 0.9233516483516483}, "Label_6": {"Optimal Threshold": 0.01532400120049715, "Accuracy": 0.8731241473396999, "Sensitivity": 1.0, "Specificity": 0.871191135734072, "AUC": 0.9734323847897255}, "Label_7": {"Optimal Threshold": 0.13891452550888062, "Accuracy": 0.9549795361527967, "Sensitivity": 1.0, "Specificity": 0.9508196721311475, "AUC": 0.9927888082303735}, "Label_8": {"Optimal Threshold": 0.004161227960139513, "Accuracy": 0.8130968622100955, "Sensitivity": 1.0, "Specificity": 0.8125854993160054, "AUC": 0.8461012311901505}, "Label_9": {"Optimal Threshold": 0.045620761811733246, "Accuracy": 0.8758526603001364, "Sensitivity": 0.9375, "Specificity": 0.8730385164051355, "AUC": 0.9530581312410842}, "Label_10": {"Optimal Threshold": 0.008281867019832134, "Accuracy": 0.703956343792633, "Sensitivity": 1.0, "Specificity": 0.6965034965034965, "AUC": 0.8812742812742812}, "Label_11": {"Optimal Threshold": 0.04553568363189697, "Accuracy": 0.9263301500682128, "Sensitivity": 0.9444444444444444, "Specificity": 0.9258741258741259, "AUC": 0.977000777000777}, "Label_12": {"Optimal Threshold": 0.07970286905765533, "Accuracy": 0.8281036834924966, "Sensitivity": 0.8235294117647058, "Specificity": 0.8284457478005866, "AUC": 0.9002357541256971}, "Overall": {"Accuracy": 0.8873963689789066, "Sensitivity": 0.9262945174444995, "Specificity": 0.8865250265375354, "AUC": 0.9440334426935065}}}