{"shared_labels": 5, "perf": [0.09014249593019485, 0.9764560461044312], "label_names": [[4, 10, 9, 8, 6, 11, 12, 7, 0], [4, 10, 9, 8, 6, 5, 1, 3, 2]], "metrics": {"Label_0": {"Optimal Threshold": 0.03289405256509781, "Accuracy": 0.8867667121418826, "Sensitivity": 0.9130434782608695, "Specificity": 0.8840361445783133, "AUC": 0.9596865723764624}, "Label_1": {"Optimal Threshold": 0.038555555045604706, "Accuracy": 0.922237380627558, "Sensitivity": 0.9482758620689655, "Specificity": 0.92, "AUC": 0.9815325670498084}, "Label_2": {"Optimal Threshold": 0.3759033977985382, "Accuracy": 0.9249658935879945, "Sensitivity": 0.8947368421052632, "Specificity": 0.9386138613861386, "AUC": 0.9691853395865903}, "Label_3": {"Optimal Threshold": 0.369936466217041, "Accuracy": 0.9304229195088677, "Sensitivity": 0.9049773755656109, "Specificity": 0.94140625, "AUC": 0.9719315610859729}, "Label_4": {"Optimal Threshold": 0.0018896242836490273, "Accuracy": 0.8158253751705321, "Sensitivity": 1.0, "Specificity": 0.8140495867768595, "AUC": 0.9659582841401023}, "Label_5": {"Optimal Threshold": 0.11748512089252472, "Accuracy": 0.9795361527967258, "Sensitivity": 0.8, "Specificity": 0.9807692307692307, "AUC": 0.9162087912087912}, "Label_6": {"Optimal Threshold": 0.025279827415943146, "Accuracy": 0.9195088676671214, "Sensitivity": 1.0, "Specificity": 0.9182825484764543, "AUC": 0.9780911609166457}, "Label_7": {"Optimal Threshold": 0.11273109912872314, "Accuracy": 0.9631650750341064, "Sensitivity": 1.0, "Specificity": 0.9597615499254843, "AUC": 0.9931734051247536}, "Label_8": {"Optimal Threshold": 0.009978994727134705, "Accuracy": 0.8894952251023193, "Sensitivity": 1.0, "Specificity": 0.8891928864569083, "AUC": 0.8926128590971272}, "Label_9": {"Optimal Threshold": 0.025905324146151543, "Accuracy": 0.8922237380627558, "Sensitivity": 0.96875, "Specificity": 0.8887303851640513, "AUC": 0.9564461483594864}, "Label_10": {"Optimal Threshold": 0.026033688336610794, "Accuracy": 0.8376534788540245, "Sensitivity": 0.8888888888888888, "Specificity": 0.8363636363636363, "AUC": 0.9299922299922301}, "Label_11": {"Optimal Threshold": 0.07898370921611786, "Accuracy": 0.9672578444747613, "Sensitivity": 0.8888888888888888, "Specificity": 0.9692307692307692, "AUC": 0.9741258741258741}, "Label_12": {"Optimal Threshold": 0.08956559002399445, "Accuracy": 0.8622100954979536, "Sensitivity": 0.803921568627451, "Specificity": 0.8665689149560117, "AUC": 0.9008970156977747}, "Overall": {"Accuracy": 0.9070206737328156, "Sensitivity": 0.9239602234158415, "Specificity": 0.908231212621835, "AUC": 0.9530647545201245}}}