{"shared_labels": 2, "perf": [0.09234322607517242, 0.9746179580688477], "label_names": [[9, 3, 6, 11, 4, 0, 2, 1], [9, 3, 12, 7, 8, 10, 5]], "metrics": {"Label_0": {"Optimal Threshold": 0.08720695227384567, "Accuracy": 0.9058663028649386, "Sensitivity": 0.855072463768116, "Specificity": 0.911144578313253, "AUC": 0.9573511437052559}, "Label_1": {"Optimal Threshold": 0.10807451605796814, "Accuracy": 0.9536152796725784, "Sensitivity": 0.9137931034482759, "Specificity": 0.957037037037037, "AUC": 0.9826819923371647}, "Label_2": {"Optimal Threshold": 0.27321141958236694, "Accuracy": 0.9195088676671214, "Sensitivity": 0.9298245614035088, "Specificity": 0.9148514851485149, "AUC": 0.9711307972902553}, "Label_3": {"Optimal Threshold": 0.4952279031276703, "Accuracy": 0.9386084583901774, "Sensitivity": 0.9004524886877828, "Specificity": 0.955078125, "AUC": 0.9747772907239819}, "Label_4": {"Optimal Threshold": 0.0017837536288425326, "Accuracy": 0.7680763983628922, "Sensitivity": 1.0, "Specificity": 0.7658402203856749, "AUC": 0.9464777646595828}, "Label_5": {"Optimal Threshold": 0.03990967571735382, "Accuracy": 0.9536152796725784, "Sensitivity": 0.8, "Specificity": 0.9546703296703297, "AUC": 0.9354395604395604}, "Label_6": {"Optimal Threshold": 0.00233841291628778, "Accuracy": 0.8485675306957708, "Sensitivity": 1.0, "Specificity": 0.8462603878116344, "AUC": 0.9560564089649962}, "Label_7": {"Optimal Threshold": 0.06731785833835602, "Accuracy": 0.9522510231923602, "Sensitivity": 1.0, "Specificity": 0.9478390461997019, "AUC": 0.9921398009711071}, "Label_8": {"Optimal Threshold": 0.0028408952057361603, "Accuracy": 0.8717598908594816, "Sensitivity": 1.0, "Specificity": 0.8714090287277702, "AUC": 0.8953488372093024}, "Label_9": {"Optimal Threshold": 0.010826407931745052, "Accuracy": 0.8867667121418826, "Sensitivity": 0.96875, "Specificity": 0.8830242510699001, "AUC": 0.949759272467903}, "Label_10": {"Optimal Threshold": 0.00979446992278099, "Accuracy": 0.757162346521146, "Sensitivity": 0.9444444444444444, "Specificity": 0.7524475524475525, "AUC": 0.9055944055944055}, "Label_11": {"Optimal Threshold": 0.017176516354084015, "Accuracy": 0.9058663028649386, "Sensitivity": 1.0, "Specificity": 0.9034965034965035, "AUC": 0.9733488733488732}, "Label_12": {"Optimal Threshold": 0.05492342635989189, "Accuracy": 0.8635743519781719, "Sensitivity": 0.8431372549019608, "Specificity": 0.8651026392961877, "AUC": 0.9217411304697832}, "Overall": {"Accuracy": 0.8865568265295415, "Sensitivity": 0.9350364858964684, "Specificity": 0.8867847065080046, "AUC": 0.9509113290909362}}}