{"shared_labels": 12, "perf": [0.0879727378487587, 0.9761034250259399], "label_names": [[5, 7, 9, 4, 11, 1, 12, 3, 6, 8, 10, 0, 2], [5, 7, 9, 4, 11, 1, 12, 3, 6, 8, 10, 0]], "metrics": {"Label_0": {"Optimal Threshold": 0.13689418137073517, "Accuracy": 0.946793997271487, "Sensitivity": 0.8405797101449275, "Specificity": 0.9578313253012049, "AUC": 0.9655797101449275}, "Label_1": {"Optimal Threshold": 0.0333511158823967, "Accuracy": 0.931787175989086, "Sensitivity": 0.9482758620689655, "Specificity": 0.9303703703703704, "AUC": 0.9855427841634737}, "Label_2": {"Optimal Threshold": 0.40422406792640686, "Accuracy": 0.9290586630286494, "Sensitivity": 0.8903508771929824, "Specificity": 0.9465346534653465, "AUC": 0.9707052284175787}, "Label_3": {"Optimal Threshold": 0.3807215690612793, "Accuracy": 0.9345156889495225, "Sensitivity": 0.918552036199095, "Specificity": 0.94140625, "AUC": 0.9750070701357466}, "Label_4": {"Optimal Threshold": 0.005306909326463938, "Accuracy": 0.834924965893588, "Sensitivity": 1.0, "Specificity": 0.8333333333333334, "AUC": 0.9632034632034633}, "Label_5": {"Optimal Threshold": 0.004373990930616856, "Accuracy": 0.7871759890859482, "Sensitivity": 1.0, "Specificity": 0.7857142857142857, "AUC": 0.9489010989010989}, "Label_6": {"Optimal Threshold": 0.010714713484048843, "Accuracy": 0.8772169167803547, "Sensitivity": 1.0, "Specificity": 0.8753462603878116, "AUC": 0.9758247292873331}, "Label_7": {"Optimal Threshold": 0.21349987387657166, "Accuracy": 0.9740791268758526, "Sensitivity": 1.0, "Specificity": 0.9716840536512668, "AUC": 0.9932695543483486}, "Label_8": {"Optimal Threshold": 0.0031776782125234604, "Accuracy": 0.7939972714870396, "Sensitivity": 1.0, "Specificity": 0.7934336525307798, "AUC": 0.8440492476060192}, "Label_9": {"Optimal Threshold": 0.0561010017991066, "Accuracy": 0.927694406548431, "Sensitivity": 0.90625, "Specificity": 0.9286733238231099, "AUC": 0.9508291726105563}, "Label_10": {"Optimal Threshold": 0.006281610112637281, "Accuracy": 0.6930422919508867, "Sensitivity": 1.0, "Specificity": 0.6853146853146853, "AUC": 0.9058275058275058}, "Label_11": {"Optimal Threshold": 0.024471621960401535, "Accuracy": 0.9386084583901774, "Sensitivity": 1.0, "Specificity": 0.9370629370629371, "AUC": 0.9832944832944833}, "Label_12": {"Optimal Threshold": 0.10630806535482407, "Accuracy": 0.8144611186903138, "Sensitivity": 0.9803921568627451, "Specificity": 0.8020527859237536, "AUC": 0.9560117302052786}, "Overall": {"Accuracy": 0.8756427746877952, "Sensitivity": 0.9603385109591319, "Specificity": 0.8760583012983758, "AUC": 0.955234290626601}}}