{"shared_labels": 9, "perf": [0.08718950301408768, 0.9784117341041565], "label_names": [[0, 5, 7, 1, 6, 10, 11, 4, 2, 12, 8], [0, 5, 7, 1, 6, 10, 11, 4, 2, 3, 9]], "metrics": {"Label_0": {"Optimal Threshold": 0.17737185955047607, "Accuracy": 0.9536152796725784, "Sensitivity": 0.8405797101449275, "Specificity": 0.9653614457831325, "AUC": 0.9665618997730051}, "Label_1": {"Optimal Threshold": 0.024744480848312378, "Accuracy": 0.9113233287858117, "Sensitivity": 0.9827586206896551, "Specificity": 0.9051851851851852, "AUC": 0.9881736909323117}, "Label_2": {"Optimal Threshold": 0.35546085238456726, "Accuracy": 0.9290586630286494, "Sensitivity": 0.9298245614035088, "Specificity": 0.9287128712871288, "AUC": 0.9735539343408025}, "Label_3": {"Optimal Threshold": 0.22890082001686096, "Accuracy": 0.9249658935879945, "Sensitivity": 0.9457013574660633, "Specificity": 0.916015625, "AUC": 0.9758201357466063}, "Label_4": {"Optimal Threshold": 0.02549002505838871, "Accuracy": 0.9522510231923602, "Sensitivity": 0.8571428571428571, "Specificity": 0.953168044077135, "AUC": 0.9622195985832349}, "Label_5": {"Optimal Threshold": 0.1130000650882721, "Accuracy": 0.9890859481582538, "Sensitivity": 0.8, "Specificity": 0.9903846153846154, "AUC": 0.9502747252747252}, "Label_6": {"Optimal Threshold": 0.014696167781949043, "Accuracy": 0.8922237380627558, "Sensitivity": 1.0, "Specificity": 0.8905817174515236, "AUC": 0.9796021153361874}, "Label_7": {"Optimal Threshold": 0.14205792546272278, "Accuracy": 0.9686221009549796, "Sensitivity": 1.0, "Specificity": 0.9657228017883756, "AUC": 0.9929089947598673}, "Label_8": {"Optimal Threshold": 0.005125888157635927, "Accuracy": 0.8376534788540245, "Sensitivity": 1.0, "Specificity": 0.8372093023255814, "AUC": 0.8652530779753761}, "Label_9": {"Optimal Threshold": 0.06448043882846832, "Accuracy": 0.9208731241473397, "Sensitivity": 0.875, "Specificity": 0.9229671897289586, "AUC": 0.9461483594864479}, "Label_10": {"Optimal Threshold": 0.007816231809556484, "Accuracy": 0.7094133697135061, "Sensitivity": 1.0, "Specificity": 0.7020979020979021, "AUC": 0.9124320124320123}, "Label_11": {"Optimal Threshold": 0.026713501662015915, "Accuracy": 0.9345156889495225, "Sensitivity": 1.0, "Specificity": 0.9328671328671329, "AUC": 0.983061383061383}, "Label_12": {"Optimal Threshold": 0.2435910999774933, "Accuracy": 0.8922237380627558, "Sensitivity": 0.7450980392156863, "Specificity": 0.9032258064516129, "AUC": 0.9103271807256627}, "Overall": {"Accuracy": 0.908909644243887, "Sensitivity": 0.9212388573894382, "Specificity": 0.9087307414944833, "AUC": 0.9543336237252016}}}