{"shared_labels": 6, "perf": [0.09146744757890701, 0.976275622844696], "label_names": [[6, 11, 3, 4, 8, 12, 7, 2, 5, 10], [6, 11, 3, 4, 8, 12, 0, 1, 9]], "metrics": {"Label_0": {"Optimal Threshold": 0.15933431684970856, "Accuracy": 0.8935879945429741, "Sensitivity": 0.8985507246376812, "Specificity": 0.8930722891566265, "AUC": 0.9627859263139514}, "Label_1": {"Optimal Threshold": 0.24928615987300873, "Accuracy": 0.9508867667121419, "Sensitivity": 0.896551724137931, "Specificity": 0.9555555555555556, "AUC": 0.9779821200510856}, "Label_2": {"Optimal Threshold": 0.3197646737098694, "Accuracy": 0.9181446111869032, "Sensitivity": 0.9166666666666666, "Specificity": 0.9188118811881189, "AUC": 0.9688813618203925}, "Label_3": {"Optimal Threshold": 0.45131194591522217, "Accuracy": 0.9263301500682128, "Sensitivity": 0.9230769230769231, "Specificity": 0.927734375, "AUC": 0.9753429015837104}, "Label_4": {"Optimal Threshold": 0.04176533967256546, "Accuracy": 0.9427012278308322, "Sensitivity": 0.8571428571428571, "Specificity": 0.9435261707988981, "AUC": 0.9592680047225501}, "Label_5": {"Optimal Threshold": 0.049411188811063766, "Accuracy": 0.9740791268758526, "Sensitivity": 0.8, "Specificity": 0.9752747252747253, "AUC": 0.9390109890109889}, "Label_6": {"Optimal Threshold": 0.025168413296341896, "Accuracy": 0.9454297407912687, "Sensitivity": 1.0, "Specificity": 0.9445983379501385, "AUC": 0.9813648954923194}, "Label_7": {"Optimal Threshold": 0.2836114764213562, "Accuracy": 0.9699863574351978, "Sensitivity": 1.0, "Specificity": 0.9672131147540983, "AUC": 0.9921157636652084}, "Label_8": {"Optimal Threshold": 0.005460924003273249, "Accuracy": 0.8485675306957708, "Sensitivity": 1.0, "Specificity": 0.8481532147742818, "AUC": 0.8502051983584131}, "Label_9": {"Optimal Threshold": 0.030904214829206467, "Accuracy": 0.8731241473396999, "Sensitivity": 0.90625, "Specificity": 0.8716119828815977, "AUC": 0.9436073466476462}, "Label_10": {"Optimal Threshold": 0.013214373961091042, "Accuracy": 0.7680763983628922, "Sensitivity": 0.9444444444444444, "Specificity": 0.7636363636363637, "AUC": 0.8975912975912976}, "Label_11": {"Optimal Threshold": 0.04150611162185669, "Accuracy": 0.9618008185538881, "Sensitivity": 0.9444444444444444, "Specificity": 0.9622377622377623, "AUC": 0.9818181818181818}, "Label_12": {"Optimal Threshold": 0.06722377240657806, "Accuracy": 0.8144611186903138, "Sensitivity": 1.0, "Specificity": 0.8005865102639296, "AUC": 0.9593755390719337}, "Overall": {"Accuracy": 0.9067058453143038, "Sensitivity": 0.9297790603500729, "Specificity": 0.9055394064209306, "AUC": 0.9530268866267446}}}