{"shared_labels": 1, "perf": [0.09497662633657455, 0.9757871031761169], "metrics": {"Label_0": {"Optimal Threshold": 0.11047228425741196, "Accuracy": 0.9085948158253752, "Sensitivity": 0.8536585365853658, "Specificity": 0.9155145929339478, "AUC": 0.944419467236147}, "Label_1": {"Optimal Threshold": 0.09942056238651276, "Accuracy": 0.9304229195088677, "Sensitivity": 0.90625, "Specificity": 0.9327354260089686, "AUC": 0.9718329596412556}, "Label_2": {"Optimal Threshold": 0.3428613245487213, "Accuracy": 0.9195088676671214, "Sensitivity": 0.9065040650406504, "Specificity": 0.9260780287474333, "AUC": 0.9676633111300312}, "Label_3": {"Optimal Threshold": 0.24146589636802673, "Accuracy": 0.9167803547066848, "Sensitivity": 0.9330543933054394, "Specificity": 0.9089068825910931, "AUC": 0.9702962749648502}, "Label_4": {"Optimal Threshold": 0.006515806540846825, "Accuracy": 0.8867667121418826, "Sensitivity": 1.0, "Specificity": 0.8858321870701513, "AUC": 0.9619440623567171}, "Label_5": {"Optimal Threshold": 0.030450595542788506, "Accuracy": 0.9672578444747613, "Sensitivity": 1.0, "Specificity": 0.967032967032967, "AUC": 0.9901098901098901}, "Label_6": {"Optimal Threshold": 0.10445153713226318, "Accuracy": 0.9822646657571623, "Sensitivity": 1.0, "Specificity": 0.9821428571428571, "AUC": 0.9925824175824175}, "Label_7": {"Optimal Threshold": 0.17145708203315735, "Accuracy": 0.9699863574351978, "Sensitivity": 0.9411764705882353, "Specificity": 0.9721407624633431, "AUC": 0.9895635673624289}, "Label_8": {"Optimal Threshold": 0.02579239197075367, "Accuracy": 0.9727148703956344, "Sensitivity": 1.0, "Specificity": 0.9725651577503429, "AUC": 0.986968449931413}, "Label_9": {"Optimal Threshold": 0.016505395993590355, "Accuracy": 0.8553888130968622, "Sensitivity": 1.0, "Specificity": 0.8494318181818182, "AUC": 0.9667417711598746}, "Label_10": {"Optimal Threshold": 0.022254349663853645, "Accuracy": 0.8458390177353342, "Sensitivity": 0.8888888888888888, "Specificity": 0.8447552447552448, "AUC": 0.9292929292929293}, "Label_11": {"Optimal Threshold": 0.053234074264764786, "Accuracy": 0.9536152796725784, "Sensitivity": 1.0, "Specificity": 0.9527777777777777, "AUC": 0.9881410256410256}, "Label_12": {"Optimal Threshold": 0.10628589242696762, "Accuracy": 0.8744884038199181, "Sensitivity": 0.7254901960784313, "Specificity": 0.8856304985337243, "AUC": 0.8826979472140761}, "Overall": {"Accuracy": 0.9218176094028754, "Sensitivity": 0.935001734652847, "Specificity": 0.9227341693068976, "AUC": 0.9647887748940812}}, "label_names": [[2, 10, 8, 3, 5, 9, 6], [2, 7, 12, 11, 4, 1, 0]]}