{"shared_labels": 5, "perf": [0.09156534075737, 0.9753106832504272], "metrics": {"Label_0": {"Optimal Threshold": 0.17960433661937714, "Accuracy": 0.946793997271487, "Sensitivity": 0.8695652173913043, "Specificity": 0.9548192771084337, "AUC": 0.9705779640300333}, "Label_1": {"Optimal Threshold": 0.05606190115213394, "Accuracy": 0.931787175989086, "Sensitivity": 0.9655172413793104, "Specificity": 0.9288888888888889, "AUC": 0.9877905491698595}, "Label_2": {"Optimal Threshold": 0.5918899774551392, "Accuracy": 0.9236016371077762, "Sensitivity": 0.9166666666666666, "Specificity": 0.9267326732673268, "AUC": 0.9724422442244224}, "Label_3": {"Optimal Threshold": 0.3821159303188324, "Accuracy": 0.9345156889495225, "Sensitivity": 0.9230769230769231, "Specificity": 0.939453125, "AUC": 0.9736195559954751}, "Label_4": {"Optimal Threshold": 0.09527884423732758, "Accuracy": 0.9686221009549796, "Sensitivity": 0.8571428571428571, "Specificity": 0.9696969696969697, "AUC": 0.9584809130263675}, "Label_5": {"Optimal Threshold": 0.05562329664826393, "Accuracy": 0.965893587994543, "Sensitivity": 0.8, "Specificity": 0.967032967032967, "AUC": 0.9173076923076924}, "Label_6": {"Optimal Threshold": 0.01069137267768383, "Accuracy": 0.897680763983629, "Sensitivity": 1.0, "Specificity": 0.8961218836565097, "AUC": 0.9765802064971041}, "Label_7": {"Optimal Threshold": 0.17969857156276703, "Accuracy": 0.9645293315143247, "Sensitivity": 1.0, "Specificity": 0.9612518628912071, "AUC": 0.9931253305129562}, "Label_8": {"Optimal Threshold": 0.0010383767075836658, "Accuracy": 0.7298772169167803, "Sensitivity": 1.0, "Specificity": 0.7291381668946648, "AUC": 0.8187414500683994}, "Label_9": {"Optimal Threshold": 0.028012258931994438, "Accuracy": 0.8703956343792633, "Sensitivity": 0.9375, "Specificity": 0.8673323823109843, "AUC": 0.9442314550641939}, "Label_10": {"Optimal Threshold": 0.0019410011591389775, "Accuracy": 0.7094133697135061, "Sensitivity": 1.0, "Specificity": 0.7020979020979021, "AUC": 0.9056721056721057}, "Label_11": {"Optimal Threshold": 0.02535230666399002, "Accuracy": 0.9427012278308322, "Sensitivity": 0.8888888888888888, "Specificity": 0.9440559440559441, "AUC": 0.9525252525252526}, "Label_12": {"Optimal Threshold": 0.1446215957403183, "Accuracy": 0.8676671214188267, "Sensitivity": 0.8235294117647058, "Specificity": 0.8709677419354839, "AUC": 0.9214248749353113}, "Overall": {"Accuracy": 0.8964214503095813, "Sensitivity": 0.921683631254666, "Specificity": 0.8967376757567139, "AUC": 0.9455784303099364}}, "label_names": [[0, 6, 8, 7, 1, 10, 11, 2, 5], [0, 6, 8, 7, 1, 4, 12, 9, 3]]}