{"shared_labels": 5, "perf": [0.09626466780900955, 0.9694609045982361], "metrics": {"Label_0": {"Optimal Threshold": 0.012487087398767471, "Accuracy": 0.8581173260572987, "Sensitivity": 0.9523809523809523, "Specificity": 0.8459167950693375, "AUC": 0.9533714872697924}, "Label_1": {"Optimal Threshold": 0.05737144127488136, "Accuracy": 0.956343792633015, "Sensitivity": 0.927536231884058, "Specificity": 0.9593373493975904, "AUC": 0.9854635935044527}, "Label_2": {"Optimal Threshold": 0.24435999989509583, "Accuracy": 0.9113233287858117, "Sensitivity": 0.9262672811059908, "Specificity": 0.9050387596899225, "AUC": 0.9692958954024221}, "Label_3": {"Optimal Threshold": 0.19403570890426636, "Accuracy": 0.9004092769440655, "Sensitivity": 0.9466019417475728, "Specificity": 0.8823529411764706, "AUC": 0.9686170114773125}, "Label_4": {"Optimal Threshold": 0.010163008235394955, "Accuracy": 0.903137789904502, "Sensitivity": 1.0, "Specificity": 0.9024725274725275, "AUC": 0.9532967032967034}, "Label_5": {"Optimal Threshold": 0.0031829371582716703, "Accuracy": 0.8035470668485676, "Sensitivity": 1.0, "Specificity": 0.8021978021978022, "AUC": 0.9118131868131868}, "Label_6": {"Optimal Threshold": 0.06961562484502792, "Accuracy": 0.9795361527967258, "Sensitivity": 1.0, "Specificity": 0.9793672627235214, "AUC": 0.9864740944520862}, "Label_7": {"Optimal Threshold": 0.0989927127957344, "Accuracy": 0.9604365620736699, "Sensitivity": 0.9672131147540983, "Specificity": 0.9598214285714286, "AUC": 0.9855093676814989}, "Label_8": {"Optimal Threshold": 0.0034511492121964693, "Accuracy": 0.8963165075034106, "Sensitivity": 1.0, "Specificity": 0.8951724137931034, "AUC": 0.9574137931034482}, "Label_9": {"Optimal Threshold": 0.03406943753361702, "Accuracy": 0.9290586630286494, "Sensitivity": 0.9354838709677419, "Specificity": 0.9287749287749287, "AUC": 0.9782189137027847}, "Label_10": {"Optimal Threshold": 0.005561827681958675, "Accuracy": 0.7012278308321964, "Sensitivity": 1.0, "Specificity": 0.6979310344827586, "AUC": 0.8889655172413793}, "Label_11": {"Optimal Threshold": 0.015726596117019653, "Accuracy": 0.91268758526603, "Sensitivity": 0.92, "Specificity": 0.9124293785310734, "AUC": 0.9594350282485876}, "Label_12": {"Optimal Threshold": 0.06467807292938232, "Accuracy": 0.82537517053206, "Sensitivity": 0.8596491228070176, "Specificity": 0.8224852071005917, "AUC": 0.9091404546870133}, "Overall": {"Accuracy": 0.8875013117850773, "Sensitivity": 0.9565486550498025, "Specificity": 0.8840998329985427, "AUC": 0.9543857728369746}}, "label_names": [[2, 0, 9, 1, 3, 8, 12, 10, 5], [2, 0, 9, 1, 3, 6, 11, 7, 4]]}