{"shared_labels": 12, "perf": [0.08591710776090622, 0.9794145226478577], "metrics": {"Label_0": {"Optimal Threshold": 0.10975626856088638, "Accuracy": 0.9386084583901774, "Sensitivity": 0.8695652173913043, "Specificity": 0.9457831325301205, "AUC": 0.9688755020080322}, "Label_1": {"Optimal Threshold": 0.020209865644574165, "Accuracy": 0.903137789904502, "Sensitivity": 0.9827586206896551, "Specificity": 0.8962962962962963, "AUC": 0.9860280970625799}, "Label_2": {"Optimal Threshold": 0.3011535108089447, "Accuracy": 0.9181446111869032, "Sensitivity": 0.9429824561403509, "Specificity": 0.906930693069307, "AUC": 0.9737884314747264}, "Label_3": {"Optimal Threshold": 0.48517173528671265, "Accuracy": 0.9290586630286494, "Sensitivity": 0.9230769230769231, "Specificity": 0.931640625, "AUC": 0.9764652856334841}, "Label_4": {"Optimal Threshold": 0.002363170962780714, "Accuracy": 0.8090040927694406, "Sensitivity": 1.0, "Specificity": 0.8071625344352618, "AUC": 0.9630066902794175}, "Label_5": {"Optimal Threshold": 0.0569501668214798, "Accuracy": 0.9713506139154161, "Sensitivity": 0.8, "Specificity": 0.9725274725274725, "AUC": 0.9195054945054946}, "Label_6": {"Optimal Threshold": 0.013239393942058086, "Accuracy": 0.8758526603001364, "Sensitivity": 1.0, "Specificity": 0.8739612188365651, "AUC": 0.9719214303701837}, "Label_7": {"Optimal Threshold": 0.11171723157167435, "Accuracy": 0.9686221009549796, "Sensitivity": 1.0, "Specificity": 0.9657228017883756, "AUC": 0.9937983750781212}, "Label_8": {"Optimal Threshold": 0.0020863674581050873, "Accuracy": 0.800818553888131, "Sensitivity": 1.0, "Specificity": 0.8002735978112175, "AUC": 0.8378932968536252}, "Label_9": {"Optimal Threshold": 0.031861092895269394, "Accuracy": 0.922237380627558, "Sensitivity": 0.90625, "Specificity": 0.9229671897289586, "AUC": 0.9493580599144079}, "Label_10": {"Optimal Threshold": 0.01247410662472248, "Accuracy": 0.7680763983628922, "Sensitivity": 0.9444444444444444, "Specificity": 0.7636363636363637, "AUC": 0.9096348096348096}, "Label_11": {"Optimal Threshold": 0.01810084842145443, "Accuracy": 0.9085948158253752, "Sensitivity": 1.0, "Specificity": 0.9062937062937063, "AUC": 0.9807303807303808}, "Label_12": {"Optimal Threshold": 0.030336903408169746, "Accuracy": 0.7885402455661664, "Sensitivity": 0.9607843137254902, "Specificity": 0.7756598240469208, "AUC": 0.9413202231039044}, "Overall": {"Accuracy": 0.8847727988246407, "Sensitivity": 0.9484509211898591, "Specificity": 0.8822196504615819, "AUC": 0.9517173905114743}}, "label_names": [[7, 1, 10, 11, 3, 2, 6, 8, 0, 12, 9, 4, 5], [7, 1, 10, 11, 3, 2, 6, 8, 0, 12, 9, 4]]}