{"shared_labels": 12, "perf": [0.08731503039598465, 0.9760434031486511], "metrics": {"Label_0": {"Optimal Threshold": 0.07028353959321976, "Accuracy": 0.9263301500682128, "Sensitivity": 0.9178082191780822, "Specificity": 0.9272727272727272, "AUC": 0.975051888750519}, "Label_1": {"Optimal Threshold": 0.017574938014149666, "Accuracy": 0.9058663028649386, "Sensitivity": 0.9848484848484849, "Specificity": 0.8980509745127436, "AUC": 0.9870064967516241}, "Label_2": {"Optimal Threshold": 0.45932093262672424, "Accuracy": 0.9304229195088677, "Sensitivity": 0.8729508196721312, "Specificity": 0.9591002044989775, "AUC": 0.9696520164940159}, "Label_3": {"Optimal Threshold": 0.22901079058647156, "Accuracy": 0.9249658935879945, "Sensitivity": 0.9324894514767933, "Specificity": 0.9213709677419355, "AUC": 0.9739944875459371}, "Label_4": {"Optimal Threshold": 0.001563045778311789, "Accuracy": 0.8540245566166439, "Sensitivity": 1.0, "Specificity": 0.8518005540166205, "AUC": 0.9617224880382775}, "Label_5": {"Optimal Threshold": 0.016795501112937927, "Accuracy": 0.9045020463847203, "Sensitivity": 1.0, "Specificity": 0.9039780521262003, "AUC": 0.955761316872428}, "Label_6": {"Optimal Threshold": 0.2877346873283386, "Accuracy": 0.9890859481582538, "Sensitivity": 1.0, "Specificity": 0.9890560875512996, "AUC": 0.9924760601915185}, "Label_7": {"Optimal Threshold": 0.23989054560661316, "Accuracy": 0.9713506139154161, "Sensitivity": 0.953125, "Specificity": 0.9730941704035875, "AUC": 0.9876448056801196}, "Label_8": {"Optimal Threshold": 0.08157927542924881, "Accuracy": 0.975443383356071, "Sensitivity": 0.75, "Specificity": 0.9766803840877915, "AUC": 0.9036351165980796}, "Label_9": {"Optimal Threshold": 0.0582486167550087, "Accuracy": 0.9386084583901774, "Sensitivity": 0.9259259259259259, "Specificity": 0.9390934844192634, "AUC": 0.9754485363550519}, "Label_10": {"Optimal Threshold": 0.032616470009088516, "Accuracy": 0.9058663028649386, "Sensitivity": 0.875, "Specificity": 0.9065550906555091, "AUC": 0.9386331938633194}, "Label_11": {"Optimal Threshold": 0.034591540694236755, "Accuracy": 0.9604365620736699, "Sensitivity": 1.0, "Specificity": 0.9596662030598053, "AUC": 0.985595072521359}, "Label_12": {"Optimal Threshold": 0.15931981801986694, "Accuracy": 0.8799454297407913, "Sensitivity": 0.8484848484848485, "Specificity": 0.8830584707646177, "AUC": 0.9310571986733907}, "Overall": {"Accuracy": 0.9282191205792844, "Sensitivity": 0.927740980737405, "Specificity": 0.9299059516239292, "AUC": 0.964436821410434}}, "label_names": [[1, 9, 5, 6, 4, 10, 0, 7, 12, 11, 8, 3, 2], [1, 9, 5, 6, 4, 10, 0, 7, 12, 11, 8, 3]]}