{"shared_labels": 5, "perf": [0.08931459486484528, 0.976694643497467], "metrics": {"Label_0": {"Optimal Threshold": 0.2873189151287079, "Accuracy": 0.9508867667121419, "Sensitivity": 0.855072463768116, "Specificity": 0.9608433734939759, "AUC": 0.9689628077527501}, "Label_1": {"Optimal Threshold": 0.1386754959821701, "Accuracy": 0.9399727148703957, "Sensitivity": 0.9482758620689655, "Specificity": 0.9392592592592592, "AUC": 0.9861558109833972}, "Label_2": {"Optimal Threshold": 0.5897082090377808, "Accuracy": 0.9304229195088677, "Sensitivity": 0.8771929824561403, "Specificity": 0.9544554455445544, "AUC": 0.9699843668577385}, "Label_3": {"Optimal Threshold": 0.43976789712905884, "Accuracy": 0.931787175989086, "Sensitivity": 0.918552036199095, "Specificity": 0.9375, "AUC": 0.9752810378959277}, "Label_4": {"Optimal Threshold": 0.014452280476689339, "Accuracy": 0.8608458390177354, "Sensitivity": 1.0, "Specificity": 0.859504132231405, "AUC": 0.9691066509248327}, "Label_5": {"Optimal Threshold": 0.008257883600890636, "Accuracy": 0.8390177353342428, "Sensitivity": 1.0, "Specificity": 0.8379120879120879, "AUC": 0.9582417582417583}, "Label_6": {"Optimal Threshold": 0.012686671689152718, "Accuracy": 0.8990450204638472, "Sensitivity": 1.0, "Specificity": 0.8975069252077562, "AUC": 0.9796021153361874}, "Label_7": {"Optimal Threshold": 0.10696554183959961, "Accuracy": 0.9508867667121419, "Sensitivity": 1.0, "Specificity": 0.9463487332339792, "AUC": 0.9918753906062209}, "Label_8": {"Optimal Threshold": 0.004184049088507891, "Accuracy": 0.7871759890859482, "Sensitivity": 1.0, "Specificity": 0.786593707250342, "AUC": 0.8105335157318742}, "Label_9": {"Optimal Threshold": 0.04445597901940346, "Accuracy": 0.859481582537517, "Sensitivity": 0.9375, "Specificity": 0.8559201141226819, "AUC": 0.9407542796005706}, "Label_10": {"Optimal Threshold": 0.017645999789237976, "Accuracy": 0.7844474761255116, "Sensitivity": 0.8888888888888888, "Specificity": 0.7818181818181819, "AUC": 0.9012432012432012}, "Label_11": {"Optimal Threshold": 0.02091219462454319, "Accuracy": 0.9045020463847203, "Sensitivity": 1.0, "Specificity": 0.9020979020979021, "AUC": 0.9787878787878788}, "Label_12": {"Optimal Threshold": 0.08878736197948456, "Accuracy": 0.8308321964529332, "Sensitivity": 0.9411764705882353, "Specificity": 0.8225806451612904, "AUC": 0.9548042090736588}, "Overall": {"Accuracy": 0.8822541714765454, "Sensitivity": 0.9512814387668802, "Specificity": 0.8832569621025704, "AUC": 0.9527179248489227}}, "label_names": [[11, 5, 3, 12, 0, 1, 9, 4, 2], [11, 5, 3, 12, 0, 7, 6, 10, 8]]}