{"shared_labels": 5, "perf": [0.10362579673528671, 0.9656925797462463], "metrics": {"Label_0": {"Optimal Threshold": 0.17803512513637543, "Accuracy": 0.9236016371077762, "Sensitivity": 0.8783783783783784, "Specificity": 0.928679817905918, "AUC": 0.9495140056596809}, "Label_1": {"Optimal Threshold": 0.1090809777379036, "Accuracy": 0.9290586630286494, "Sensitivity": 0.9104477611940298, "Specificity": 0.9309309309309309, "AUC": 0.9639415534937923}, "Label_2": {"Optimal Threshold": 0.2818358242511749, "Accuracy": 0.9017735334242838, "Sensitivity": 0.9004739336492891, "Specificity": 0.9022988505747126, "AUC": 0.9659167256813931}, "Label_3": {"Optimal Threshold": 0.4104086458683014, "Accuracy": 0.931787175989086, "Sensitivity": 0.8768472906403941, "Specificity": 0.9528301886792453, "AUC": 0.9679988846547076}, "Label_4": {"Optimal Threshold": 0.0022042777854949236, "Accuracy": 0.8676671214188267, "Sensitivity": 1.0, "Specificity": 0.8663911845730028, "AUC": 0.967926013380559}, "Label_5": {"Optimal Threshold": 0.0027767347637563944, "Accuracy": 0.7899045020463847, "Sensitivity": 1.0, "Specificity": 0.7881705639614855, "AUC": 0.9449793672627236}, "Label_6": {"Optimal Threshold": 0.009055824019014835, "Accuracy": 0.869031377899045, "Sensitivity": 1.0, "Specificity": 0.8677685950413223, "AUC": 0.9716646989374262}, "Label_7": {"Optimal Threshold": 0.04034891352057457, "Accuracy": 0.9413369713506139, "Sensitivity": 0.90625, "Specificity": 0.9446935724962631, "AUC": 0.9711789985052317}, "Label_8": {"Optimal Threshold": 0.037861645221710205, "Accuracy": 0.9645293315143247, "Sensitivity": 1.0, "Specificity": 0.9642365887207703, "AUC": 0.9818890417239798}, "Label_9": {"Optimal Threshold": 0.021873371675610542, "Accuracy": 0.8990450204638472, "Sensitivity": 0.9259259259259259, "Specificity": 0.8980169971671388, "AUC": 0.9540971566467318}, "Label_10": {"Optimal Threshold": 0.0038371176924556494, "Accuracy": 0.6834924965893588, "Sensitivity": 0.9411764705882353, "Specificity": 0.6773743016759777, "AUC": 0.8447255997371015}, "Label_11": {"Optimal Threshold": 0.024323472753167152, "Accuracy": 0.8949522510231923, "Sensitivity": 0.9583333333333334, "Specificity": 0.8928067700987306, "AUC": 0.9475787494123179}, "Label_12": {"Optimal Threshold": 0.07704194635152817, "Accuracy": 0.8622100954979536, "Sensitivity": 0.875, "Specificity": 0.8608169440242057, "AUC": 0.938161875945537}, "Overall": {"Accuracy": 0.88141462902718, "Sensitivity": 0.936371776439199, "Specificity": 0.8826934850653617, "AUC": 0.9515055900800908}}, "label_names": [[9, 4, 12, 5, 8, 11, 6, 7, 2], [9, 4, 12, 5, 8, 10, 1, 3, 0]]}