{"shared_labels": 9, "perf": [0.08672870695590973, 0.9778531789779663], "metrics": {"Label_0": {"Optimal Threshold": 0.04741121456027031, "Accuracy": 0.8608458390177354, "Sensitivity": 0.9710144927536232, "Specificity": 0.8493975903614458, "AUC": 0.9687663698271347}, "Label_1": {"Optimal Threshold": 0.08729085326194763, "Accuracy": 0.9304229195088677, "Sensitivity": 0.9655172413793104, "Specificity": 0.9274074074074075, "AUC": 0.9888122605363985}, "Label_2": {"Optimal Threshold": 0.3948202133178711, "Accuracy": 0.9249658935879945, "Sensitivity": 0.9254385964912281, "Specificity": 0.9247524752475248, "AUC": 0.9741966301893347}, "Label_3": {"Optimal Threshold": 0.48597005009651184, "Accuracy": 0.9290586630286494, "Sensitivity": 0.9095022624434389, "Specificity": 0.9375, "AUC": 0.9745651866515838}, "Label_4": {"Optimal Threshold": 0.004792134277522564, "Accuracy": 0.8335607094133697, "Sensitivity": 1.0, "Specificity": 0.8319559228650137, "AUC": 0.9667453758362848}, "Label_5": {"Optimal Threshold": 0.0059539698995649815, "Accuracy": 0.8308321964529332, "Sensitivity": 1.0, "Specificity": 0.8296703296703297, "AUC": 0.9428571428571428}, "Label_6": {"Optimal Threshold": 0.010058682411909103, "Accuracy": 0.8608458390177354, "Sensitivity": 1.0, "Specificity": 0.8587257617728532, "AUC": 0.9704104759506422}, "Label_7": {"Optimal Threshold": 0.21145722270011902, "Accuracy": 0.9740791268758526, "Sensitivity": 1.0, "Specificity": 0.9716840536512668, "AUC": 0.99382241238402}, "Label_8": {"Optimal Threshold": 0.003888264764100313, "Accuracy": 0.844474761255116, "Sensitivity": 1.0, "Specificity": 0.8440492476060192, "AUC": 0.8768809849521204}, "Label_9": {"Optimal Threshold": 0.044060755521059036, "Accuracy": 0.91268758526603, "Sensitivity": 0.90625, "Specificity": 0.912981455064194, "AUC": 0.9516315977175464}, "Label_10": {"Optimal Threshold": 0.005783624015748501, "Accuracy": 0.73806275579809, "Sensitivity": 0.9444444444444444, "Specificity": 0.7328671328671329, "AUC": 0.8810411810411811}, "Label_11": {"Optimal Threshold": 0.0374545082449913, "Accuracy": 0.937244201909959, "Sensitivity": 0.9444444444444444, "Specificity": 0.9370629370629371, "AUC": 0.9771561771561771}, "Label_12": {"Optimal Threshold": 0.13582290709018707, "Accuracy": 0.8608458390177354, "Sensitivity": 0.9019607843137255, "Specificity": 0.8577712609970675, "AUC": 0.9470415732275315}, "Overall": {"Accuracy": 0.8798404869346205, "Sensitivity": 0.9591209435592473, "Specificity": 0.8781404288133225, "AUC": 0.9549174898713152}}, "label_names": [[1, 6, 0, 2, 8, 9, 4, 11, 7, 12, 10], [1, 6, 0, 2, 8, 9, 4, 11, 7, 5, 3]]}