{"shared_labels": 9, "perf": [0.09825179725885391, 0.9712117314338684], "metrics": {"Label_0": {"Optimal Threshold": 0.04936351254582405, "Accuracy": 0.9058663028649386, "Sensitivity": 0.9324324324324325, "Specificity": 0.9028831562974203, "AUC": 0.9630480252635033}, "Label_1": {"Optimal Threshold": 0.045093290507793427, "Accuracy": 0.9290586630286494, "Sensitivity": 0.9104477611940298, "Specificity": 0.9309309309309309, "AUC": 0.9726816368607414}, "Label_2": {"Optimal Threshold": 0.3704356849193573, "Accuracy": 0.9236016371077762, "Sensitivity": 0.8815165876777251, "Specificity": 0.9406130268199234, "AUC": 0.9698207768153838}, "Label_3": {"Optimal Threshold": 0.3281461000442505, "Accuracy": 0.922237380627558, "Sensitivity": 0.8916256157635468, "Specificity": 0.9339622641509434, "AUC": 0.9675899247141928}, "Label_4": {"Optimal Threshold": 0.013160561211407185, "Accuracy": 0.9085948158253752, "Sensitivity": 1.0, "Specificity": 0.9077134986225895, "AUC": 0.9710743801652892}, "Label_5": {"Optimal Threshold": 0.020626433193683624, "Accuracy": 0.9399727148703957, "Sensitivity": 0.8333333333333334, "Specificity": 0.9408528198074277, "AUC": 0.9440623567171023}, "Label_6": {"Optimal Threshold": 0.005990875419229269, "Accuracy": 0.8826739427012278, "Sensitivity": 1.0, "Specificity": 0.8815426997245179, "AUC": 0.9752066115702479}, "Label_7": {"Optimal Threshold": 0.038472458720207214, "Accuracy": 0.9481582537517054, "Sensitivity": 0.953125, "Specificity": 0.9476831091180867, "AUC": 0.9818992899850523}, "Label_8": {"Optimal Threshold": 0.027513844892382622, "Accuracy": 0.9495225102319236, "Sensitivity": 1.0, "Specificity": 0.9491059147180193, "AUC": 0.9706556625401193}, "Label_9": {"Optimal Threshold": 0.014221924357116222, "Accuracy": 0.859481582537517, "Sensitivity": 0.9259259259259259, "Specificity": 0.8569405099150141, "AUC": 0.9463854789633827}, "Label_10": {"Optimal Threshold": 0.006464426871389151, "Accuracy": 0.7271487039563438, "Sensitivity": 1.0, "Specificity": 0.7206703910614525, "AUC": 0.8897469602366087}, "Label_11": {"Optimal Threshold": 0.023817019537091255, "Accuracy": 0.9249658935879945, "Sensitivity": 0.9583333333333334, "Specificity": 0.923836389280677, "AUC": 0.972672778561354}, "Label_12": {"Optimal Threshold": 0.07142140716314316, "Accuracy": 0.8744884038199181, "Sensitivity": 0.8472222222222222, "Specificity": 0.8774583963691377, "AUC": 0.9335182383593881}, "Overall": {"Accuracy": 0.899674677300871, "Sensitivity": 0.93338170860635, "Specificity": 0.9010917774473953, "AUC": 0.9583355477501819}}, "label_names": [[9, 11, 2, 0, 10, 5, 6, 12, 7, 3, 4], [9, 11, 2, 0, 10, 5, 6, 12, 7, 8, 1]]}