{"shared_labels": 10, "perf": [0.08664875477552414, 0.9782721996307373], "metrics": {"Label_0": {"Optimal Threshold": 0.049275461584329605, "Accuracy": 0.8635743519781719, "Sensitivity": 0.9565217391304348, "Specificity": 0.8539156626506024, "AUC": 0.9704251789767766}, "Label_1": {"Optimal Threshold": 0.09019813686609268, "Accuracy": 0.9413369713506139, "Sensitivity": 0.9482758620689655, "Specificity": 0.9407407407407408, "AUC": 0.988199233716475}, "Label_2": {"Optimal Threshold": 0.5756305456161499, "Accuracy": 0.9331514324693042, "Sensitivity": 0.8947368421052632, "Specificity": 0.9504950495049505, "AUC": 0.9734670835504603}, "Label_3": {"Optimal Threshold": 0.5180654525756836, "Accuracy": 0.9331514324693042, "Sensitivity": 0.9230769230769231, "Specificity": 0.9375, "AUC": 0.9765801753393665}, "Label_4": {"Optimal Threshold": 0.012410277500748634, "Accuracy": 0.8990450204638472, "Sensitivity": 0.8571428571428571, "Specificity": 0.8994490358126722, "AUC": 0.9478551751279024}, "Label_5": {"Optimal Threshold": 0.004125353414565325, "Accuracy": 0.7953615279672579, "Sensitivity": 1.0, "Specificity": 0.7939560439560439, "AUC": 0.9335164835164835}, "Label_6": {"Optimal Threshold": 0.03355295583605766, "Accuracy": 0.9345156889495225, "Sensitivity": 1.0, "Specificity": 0.9335180055401662, "AUC": 0.9743137748677914}, "Label_7": {"Optimal Threshold": 0.21429011225700378, "Accuracy": 0.9672578444747613, "Sensitivity": 1.0, "Specificity": 0.9642324888226528, "AUC": 0.9921157636652084}, "Label_8": {"Optimal Threshold": 0.0019409630913287401, "Accuracy": 0.7939972714870396, "Sensitivity": 1.0, "Specificity": 0.7934336525307798, "AUC": 0.8071135430916552}, "Label_9": {"Optimal Threshold": 0.017284341156482697, "Accuracy": 0.8717598908594816, "Sensitivity": 0.96875, "Specificity": 0.8673323823109843, "AUC": 0.9506508559201141}, "Label_10": {"Optimal Threshold": 0.010229998268187046, "Accuracy": 0.7803547066848567, "Sensitivity": 0.9444444444444444, "Specificity": 0.7762237762237763, "AUC": 0.9108780108780108}, "Label_11": {"Optimal Threshold": 0.01928539201617241, "Accuracy": 0.9386084583901774, "Sensitivity": 1.0, "Specificity": 0.9370629370629371, "AUC": 0.9844599844599845}, "Label_12": {"Optimal Threshold": 0.05478345602750778, "Accuracy": 0.8076398362892224, "Sensitivity": 0.9411764705882353, "Specificity": 0.7976539589442815, "AUC": 0.9436777643608762}, "Overall": {"Accuracy": 0.8815195718333508, "Sensitivity": 0.9564711645043941, "Specificity": 0.8804241333923528, "AUC": 0.9502502328823925}}, "label_names": [[12, 3, 11, 0, 10, 4, 2, 9, 1, 8, 5, 7], [12, 3, 11, 0, 10, 4, 2, 9, 1, 8, 6]]}