{"shared_labels": 10, "perf": [0.08554393798112869, 0.9794787168502808], "metrics": {"Label_0": {"Optimal Threshold": 0.1297578066587448, "Accuracy": 0.9386084583901774, "Sensitivity": 0.855072463768116, "Specificity": 0.947289156626506, "AUC": 0.9670857342413132}, "Label_1": {"Optimal Threshold": 0.0546417236328125, "Accuracy": 0.9440654843110505, "Sensitivity": 0.9655172413793104, "Specificity": 0.9422222222222222, "AUC": 0.9898850574712644}, "Label_2": {"Optimal Threshold": 0.3797633647918701, "Accuracy": 0.9331514324693042, "Sensitivity": 0.9210526315789473, "Specificity": 0.9386138613861386, "AUC": 0.9710526315789474}, "Label_3": {"Optimal Threshold": 0.2854197919368744, "Accuracy": 0.9181446111869032, "Sensitivity": 0.9366515837104072, "Specificity": 0.91015625, "AUC": 0.9728064903846153}, "Label_4": {"Optimal Threshold": 0.04206041991710663, "Accuracy": 0.956343792633015, "Sensitivity": 0.8571428571428571, "Specificity": 0.9573002754820936, "AUC": 0.9637937819756001}, "Label_5": {"Optimal Threshold": 0.056347765028476715, "Accuracy": 0.9672578444747613, "Sensitivity": 0.8, "Specificity": 0.9684065934065934, "AUC": 0.9381868131868132}, "Label_6": {"Optimal Threshold": 0.011358849704265594, "Accuracy": 0.8963165075034106, "Sensitivity": 1.0, "Specificity": 0.8947368421052632, "AUC": 0.9794762024678922}, "Label_7": {"Optimal Threshold": 0.16989848017692566, "Accuracy": 0.9699863574351978, "Sensitivity": 1.0, "Specificity": 0.9672131147540983, "AUC": 0.9932695543483486}, "Label_8": {"Optimal Threshold": 0.0012904179748147726, "Accuracy": 0.7639836289222374, "Sensitivity": 1.0, "Specificity": 0.7633378932968536, "AUC": 0.8077975376196991}, "Label_9": {"Optimal Threshold": 0.012066501192748547, "Accuracy": 0.8854024556616644, "Sensitivity": 0.96875, "Specificity": 0.8815977175463623, "AUC": 0.952255706134094}, "Label_10": {"Optimal Threshold": 0.006245054304599762, "Accuracy": 0.7312414733969986, "Sensitivity": 1.0, "Specificity": 0.7244755244755244, "AUC": 0.9204351204351204}, "Label_11": {"Optimal Threshold": 0.07844904810190201, "Accuracy": 0.9727148703956344, "Sensitivity": 0.9444444444444444, "Specificity": 0.9734265734265735, "AUC": 0.9826728826728828}, "Label_12": {"Optimal Threshold": 0.030688751488924026, "Accuracy": 0.8281036834924966, "Sensitivity": 0.9215686274509803, "Specificity": 0.8211143695014663, "AUC": 0.9451727905238341}, "Overall": {"Accuracy": 0.9004092769440655, "Sensitivity": 0.9361692191903894, "Specificity": 0.8992223380176689, "AUC": 0.952606946387725}}, "label_names": [[9, 11, 0, 7, 12, 8, 5, 6, 10, 1, 4, 2], [9, 11, 0, 7, 12, 8, 5, 6, 10, 1, 3]]}