{"shared_labels": 2, "perf": [0.10290461033582687, 0.9696387052536011], "metrics": {"Label_0": {"Optimal Threshold": 0.20268380641937256, "Accuracy": 0.9345156889495225, "Sensitivity": 0.8701298701298701, "Specificity": 0.9420731707317073, "AUC": 0.9631968641114983}, "Label_1": {"Optimal Threshold": 0.16736146807670593, "Accuracy": 0.9536152796725784, "Sensitivity": 0.9315068493150684, "Specificity": 0.956060606060606, "AUC": 0.9766915732669157}, "Label_2": {"Optimal Threshold": 0.4325830936431885, "Accuracy": 0.9195088676671214, "Sensitivity": 0.8669354838709677, "Specificity": 0.9463917525773196, "AUC": 0.9644329896907217}, "Label_3": {"Optimal Threshold": 0.1318642944097519, "Accuracy": 0.9017735334242838, "Sensitivity": 0.9333333333333333, "Specificity": 0.8864097363083164, "AUC": 0.9668103448275862}, "Label_4": {"Optimal Threshold": 0.027142392471432686, "Accuracy": 0.937244201909959, "Sensitivity": 0.8888888888888888, "Specificity": 0.9378453038674033, "AUC": 0.9705340699815838}, "Label_5": {"Optimal Threshold": 0.003911799751222134, "Accuracy": 0.7708049113233287, "Sensitivity": 1.0, "Specificity": 0.7692307692307693, "AUC": 0.920054945054945}, "Label_6": {"Optimal Threshold": 0.010705534368753433, "Accuracy": 0.8390177353342428, "Sensitivity": 1.0, "Specificity": 0.8379120879120879, "AUC": 0.9631868131868132}, "Label_7": {"Optimal Threshold": 0.1579677164554596, "Accuracy": 0.9536152796725784, "Sensitivity": 0.9365079365079365, "Specificity": 0.9552238805970149, "AUC": 0.9777303956408433}, "Label_8": {"Optimal Threshold": 0.008516434580087662, "Accuracy": 0.8772169167803547, "Sensitivity": 0.875, "Specificity": 0.8772413793103448, "AUC": 0.911896551724138}, "Label_9": {"Optimal Threshold": 0.0455353707075119, "Accuracy": 0.8267394270122783, "Sensitivity": 0.96875, "Specificity": 0.8202567760342369, "AUC": 0.9482435805991442}, "Label_10": {"Optimal Threshold": 0.010888920165598392, "Accuracy": 0.7462482946793997, "Sensitivity": 0.8666666666666667, "Specificity": 0.7437325905292479, "AUC": 0.8541318477251625}, "Label_11": {"Optimal Threshold": 0.05519675090909004, "Accuracy": 0.946793997271487, "Sensitivity": 1.0, "Specificity": 0.9455307262569832, "AUC": 0.9867729214590863}, "Label_12": {"Optimal Threshold": 0.05346229672431946, "Accuracy": 0.8267394270122783, "Sensitivity": 0.9285714285714286, "Specificity": 0.8183161004431314, "AUC": 0.9311563621017092}, "Overall": {"Accuracy": 0.8795256585161086, "Sensitivity": 0.9281761890218585, "Specificity": 0.879709606143013, "AUC": 0.9488337891823189}}, "label_names": [[12, 2, 3, 9, 1, 6, 7, 0], [12, 2, 10, 11, 4, 8, 5]]}