{"shared_labels": 2, "perf": [0.09126965701580048, 0.9730434417724609], "metrics": {"Label_0": {"Optimal Threshold": 0.15572752058506012, "Accuracy": 0.946793997271487, "Sensitivity": 0.8260869565217391, "Specificity": 0.9593373493975904, "AUC": 0.9627859263139514}, "Label_1": {"Optimal Threshold": 0.08094610273838043, "Accuracy": 0.956343792633015, "Sensitivity": 0.9482758620689655, "Specificity": 0.957037037037037, "AUC": 0.9864623243933589}, "Label_2": {"Optimal Threshold": 0.17342190444469452, "Accuracy": 0.9195088676671214, "Sensitivity": 0.9210526315789473, "Specificity": 0.9188118811881189, "AUC": 0.9716171617161716}, "Label_3": {"Optimal Threshold": 0.2573941648006439, "Accuracy": 0.931787175989086, "Sensitivity": 0.918552036199095, "Specificity": 0.9375, "AUC": 0.9741409785067874}, "Label_4": {"Optimal Threshold": 0.020571621134877205, "Accuracy": 0.922237380627558, "Sensitivity": 0.8571428571428571, "Specificity": 0.9228650137741047, "AUC": 0.9494293585202676}, "Label_5": {"Optimal Threshold": 0.05630915239453316, "Accuracy": 0.9740791268758526, "Sensitivity": 0.8, "Specificity": 0.9752747252747253, "AUC": 0.9296703296703297}, "Label_6": {"Optimal Threshold": 0.0249758493155241, "Accuracy": 0.956343792633015, "Sensitivity": 1.0, "Specificity": 0.9556786703601108, "AUC": 0.9801057668093679}, "Label_7": {"Optimal Threshold": 0.1771707683801651, "Accuracy": 0.965893587994543, "Sensitivity": 0.9838709677419355, "Specificity": 0.9642324888226528, "AUC": 0.9916830921590307}, "Label_8": {"Optimal Threshold": 0.0027609760873019695, "Accuracy": 0.810368349249659, "Sensitivity": 1.0, "Specificity": 0.8098495212038304, "AUC": 0.8290013679890561}, "Label_9": {"Optimal Threshold": 0.021197380498051643, "Accuracy": 0.8649386084583902, "Sensitivity": 0.9375, "Specificity": 0.8616262482168331, "AUC": 0.9472182596291013}, "Label_10": {"Optimal Threshold": 0.005830357316881418, "Accuracy": 0.7585266030013642, "Sensitivity": 1.0, "Specificity": 0.7524475524475525, "AUC": 0.9215229215229216}, "Label_11": {"Optimal Threshold": 0.07993004471063614, "Accuracy": 0.9727148703956344, "Sensitivity": 0.9444444444444444, "Specificity": 0.9734265734265735, "AUC": 0.983916083916084}, "Label_12": {"Optimal Threshold": 0.07257809489965439, "Accuracy": 0.888130968622101, "Sensitivity": 0.7843137254901961, "Specificity": 0.8958944281524927, "AUC": 0.9204186073256282}, "Overall": {"Accuracy": 0.9128974708783713, "Sensitivity": 0.91701842162986, "Specificity": 0.9141524222539711, "AUC": 0.9498440137286196}}, "label_names": [[11, 8, 10, 1, 7, 5, 6, 3], [11, 8, 0, 9, 2, 12, 4]]}