{"shared_labels": 10, "perf": [0.08603416383266449, 0.9766096472740173], "label_names": [[6, 2, 0, 12, 4, 7, 3, 1, 10, 11, 8, 5], [6, 2, 0, 12, 4, 7, 3, 1, 10, 11, 9]], "metrics": {"Label_0": {"Optimal Threshold": 0.06886965781450272, "Accuracy": 0.888130968622101, "Sensitivity": 0.9420289855072463, "Specificity": 0.8825301204819277, "AUC": 0.9734590536057273}, "Label_1": {"Optimal Threshold": 0.08115864545106888, "Accuracy": 0.9427012278308322, "Sensitivity": 0.9655172413793104, "Specificity": 0.9407407407407408, "AUC": 0.9887100893997446}, "Label_2": {"Optimal Threshold": 0.25516751408576965, "Accuracy": 0.9236016371077762, "Sensitivity": 0.9254385964912281, "Specificity": 0.9227722772277228, "AUC": 0.9729025534132361}, "Label_3": {"Optimal Threshold": 0.34352219104766846, "Accuracy": 0.9331514324693042, "Sensitivity": 0.9230769230769231, "Specificity": 0.9375, "AUC": 0.9757582720588236}, "Label_4": {"Optimal Threshold": 0.0014636892592534423, "Accuracy": 0.7858117326057299, "Sensitivity": 1.0, "Specificity": 0.7837465564738292, "AUC": 0.956513183785911}, "Label_5": {"Optimal Threshold": 0.0016838511219248176, "Accuracy": 0.7762619372442019, "Sensitivity": 1.0, "Specificity": 0.7747252747252747, "AUC": 0.9403846153846154}, "Label_6": {"Optimal Threshold": 0.00978012103587389, "Accuracy": 0.888130968622101, "Sensitivity": 1.0, "Specificity": 0.8864265927977839, "AUC": 0.9764542936288089}, "Label_7": {"Optimal Threshold": 0.1945076584815979, "Accuracy": 0.9713506139154161, "Sensitivity": 1.0, "Specificity": 0.9687034277198212, "AUC": 0.9937983750781213}, "Label_8": {"Optimal Threshold": 0.002087102271616459, "Accuracy": 0.7216916780354706, "Sensitivity": 1.0, "Specificity": 0.7209302325581395, "AUC": 0.780437756497948}, "Label_9": {"Optimal Threshold": 0.0260799340903759, "Accuracy": 0.8799454297407913, "Sensitivity": 0.90625, "Specificity": 0.8787446504992867, "AUC": 0.9441868758915835}, "Label_10": {"Optimal Threshold": 0.012044663541018963, "Accuracy": 0.7939972714870396, "Sensitivity": 0.8888888888888888, "Specificity": 0.7916083916083916, "AUC": 0.9003885003885004}, "Label_11": {"Optimal Threshold": 0.016793759539723396, "Accuracy": 0.9167803547066848, "Sensitivity": 1.0, "Specificity": 0.9146853146853147, "AUC": 0.9815850815850815}, "Label_12": {"Optimal Threshold": 0.06333081424236298, "Accuracy": 0.8240109140518418, "Sensitivity": 0.9215686274509803, "Specificity": 0.8167155425219942, "AUC": 0.9433040078201369}, "Overall": {"Accuracy": 0.8650435512645607, "Sensitivity": 0.9594437894457368, "Specificity": 0.863063778618479, "AUC": 0.9482986660414029}}}