{"shared_labels": 11, "perf": [0.08561434596776962, 0.9777452945709229], "label_names": [[3, 1, 11, 12, 2, 4, 7, 5, 10, 0, 6, 9], [3, 1, 11, 12, 2, 4, 7, 5, 10, 0, 6, 8]], "metrics": {"Label_0": {"Optimal Threshold": 0.07924502342939377, "Accuracy": 0.9113233287858117, "Sensitivity": 0.8985507246376812, "Specificity": 0.9126506024096386, "AUC": 0.9696830801466737}, "Label_1": {"Optimal Threshold": 0.07329091429710388, "Accuracy": 0.9440654843110505, "Sensitivity": 0.9655172413793104, "Specificity": 0.9422222222222222, "AUC": 0.9875606641123882}, "Label_2": {"Optimal Threshold": 0.3222888112068176, "Accuracy": 0.9304229195088677, "Sensitivity": 0.9166666666666666, "Specificity": 0.9366336633663367, "AUC": 0.973414973076255}, "Label_3": {"Optimal Threshold": 0.3144906461238861, "Accuracy": 0.9358799454297408, "Sensitivity": 0.918552036199095, "Specificity": 0.943359375, "AUC": 0.9758731617647058}, "Label_4": {"Optimal Threshold": 0.0016903572250157595, "Accuracy": 0.7926330150068213, "Sensitivity": 1.0, "Specificity": 0.790633608815427, "AUC": 0.9586776859504131}, "Label_5": {"Optimal Threshold": 0.05321782827377319, "Accuracy": 0.9686221009549796, "Sensitivity": 0.8, "Specificity": 0.9697802197802198, "AUC": 0.9414835164835165}, "Label_6": {"Optimal Threshold": 0.00792317558079958, "Accuracy": 0.8744884038199181, "Sensitivity": 1.0, "Specificity": 0.8725761772853186, "AUC": 0.9733064719214304}, "Label_7": {"Optimal Threshold": 0.16653725504875183, "Accuracy": 0.9672578444747613, "Sensitivity": 1.0, "Specificity": 0.9642324888226528, "AUC": 0.9933657035719436}, "Label_8": {"Optimal Threshold": 0.002084998646751046, "Accuracy": 0.7012278308321964, "Sensitivity": 1.0, "Specificity": 0.7004103967168263, "AUC": 0.7708618331053352}, "Label_9": {"Optimal Threshold": 0.03696887940168381, "Accuracy": 0.8949522510231923, "Sensitivity": 0.90625, "Specificity": 0.8944365192582026, "AUC": 0.9403530670470756}, "Label_10": {"Optimal Threshold": 0.013989714905619621, "Accuracy": 0.7844474761255116, "Sensitivity": 0.8888888888888888, "Specificity": 0.7818181818181819, "AUC": 0.901010101010101}, "Label_11": {"Optimal Threshold": 0.05595654621720314, "Accuracy": 0.9740791268758526, "Sensitivity": 0.9444444444444444, "Specificity": 0.9748251748251748, "AUC": 0.9849261849261849}, "Label_12": {"Optimal Threshold": 0.04518182948231697, "Accuracy": 0.8090040927694406, "Sensitivity": 0.9411764705882353, "Specificity": 0.7991202346041055, "AUC": 0.9436202633546087}, "Overall": {"Accuracy": 0.8837233707629343, "Sensitivity": 0.9369266517541787, "Specificity": 0.8832845280711006, "AUC": 0.9472412851131254}}}