{"shared_labels": 8, "perf": [0.09202955663204193, 0.9763696193695068], "label_names": [[9, 10, 11, 1, 2, 5, 7, 3, 6, 0, 8], [9, 10, 11, 1, 2, 5, 7, 3, 4, 12]], "metrics": {"Label_0": {"Optimal Threshold": 0.08217423409223557, "Accuracy": 0.937244201909959, "Sensitivity": 0.8260869565217391, "Specificity": 0.9487951807228916, "AUC": 0.9497555439147896}, "Label_1": {"Optimal Threshold": 0.05365903303027153, "Accuracy": 0.946793997271487, "Sensitivity": 0.9655172413793104, "Specificity": 0.9451851851851852, "AUC": 0.9880204342273308}, "Label_2": {"Optimal Threshold": 0.5378066301345825, "Accuracy": 0.9167803547066848, "Sensitivity": 0.9210526315789473, "Specificity": 0.9148514851485149, "AUC": 0.9730241445197151}, "Label_3": {"Optimal Threshold": 0.6411756873130798, "Accuracy": 0.9304229195088677, "Sensitivity": 0.9140271493212669, "Specificity": 0.9375, "AUC": 0.9755726809954751}, "Label_4": {"Optimal Threshold": 0.010849419981241226, "Accuracy": 0.8635743519781719, "Sensitivity": 1.0, "Specificity": 0.8622589531680441, "AUC": 0.9726485635576545}, "Label_5": {"Optimal Threshold": 0.004098959732800722, "Accuracy": 0.7557980900409277, "Sensitivity": 1.0, "Specificity": 0.7541208791208791, "AUC": 0.9340659340659341}, "Label_6": {"Optimal Threshold": 0.039870474487543106, "Accuracy": 0.9331514324693042, "Sensitivity": 0.9090909090909091, "Specificity": 0.9335180055401662, "AUC": 0.967514479979854}, "Label_7": {"Optimal Threshold": 0.12036223709583282, "Accuracy": 0.9699863574351978, "Sensitivity": 1.0, "Specificity": 0.9672131147540983, "AUC": 0.9936781885486274}, "Label_8": {"Optimal Threshold": 0.006310999393463135, "Accuracy": 0.8472032742155525, "Sensitivity": 1.0, "Specificity": 0.8467852257181943, "AUC": 0.857045143638851}, "Label_9": {"Optimal Threshold": 0.04273369535803795, "Accuracy": 0.9331514324693042, "Sensitivity": 0.90625, "Specificity": 0.9343794579172611, "AUC": 0.9535930813124108}, "Label_10": {"Optimal Threshold": 0.014025620184838772, "Accuracy": 0.7926330150068213, "Sensitivity": 0.9444444444444444, "Specificity": 0.7888111888111888, "AUC": 0.9135198135198136}, "Label_11": {"Optimal Threshold": 0.05757588893175125, "Accuracy": 0.9604365620736699, "Sensitivity": 0.9444444444444444, "Specificity": 0.9608391608391609, "AUC": 0.9811188811188811}, "Label_12": {"Optimal Threshold": 0.1390237659215927, "Accuracy": 0.859481582537517, "Sensitivity": 0.8823529411764706, "Specificity": 0.8577712609970675, "AUC": 0.9215111264447128}, "Overall": {"Accuracy": 0.8958967362787281, "Sensitivity": 0.9394820552275026, "Specificity": 0.8963099306094348, "AUC": 0.9523898473726192}}}