{"shared_labels": 13, "perf": [0.08673783391714096, 0.9791415333747864], "label_names": [[7, 10, 8, 6, 9, 5, 1, 2, 12, 4, 11, 0, 3], [7, 10, 8, 6, 9, 5, 1, 2, 12, 4, 11, 0, 3]], "metrics": {"Label_0": {"Optimal Threshold": 0.04029764607548714, "Accuracy": 0.8663028649386084, "Sensitivity": 0.9565217391304348, "Specificity": 0.8569277108433735, "AUC": 0.9707962283918281}, "Label_1": {"Optimal Threshold": 0.08383931964635849, "Accuracy": 0.9536152796725784, "Sensitivity": 0.9482758620689655, "Specificity": 0.9540740740740741, "AUC": 0.9890421455938697}, "Label_2": {"Optimal Threshold": 0.43858763575553894, "Accuracy": 0.9236016371077762, "Sensitivity": 0.9166666666666666, "Specificity": 0.9267326732673268, "AUC": 0.9740750390828556}, "Label_3": {"Optimal Threshold": 0.40720945596694946, "Accuracy": 0.9263301500682128, "Sensitivity": 0.9321266968325792, "Specificity": 0.923828125, "AUC": 0.9758289734162896}, "Label_4": {"Optimal Threshold": 0.02439533732831478, "Accuracy": 0.927694406548431, "Sensitivity": 0.8571428571428571, "Specificity": 0.928374655647383, "AUC": 0.9559228650137741}, "Label_5": {"Optimal Threshold": 0.0030189354438334703, "Accuracy": 0.7653478854024557, "Sensitivity": 1.0, "Specificity": 0.7637362637362637, "AUC": 0.9351648351648352}, "Label_6": {"Optimal Threshold": 0.008953227661550045, "Accuracy": 0.8581173260572987, "Sensitivity": 1.0, "Specificity": 0.8559556786703602, "AUC": 0.9671367413749685}, "Label_7": {"Optimal Threshold": 0.13137631118297577, "Accuracy": 0.965893587994543, "Sensitivity": 1.0, "Specificity": 0.96274217585693, "AUC": 0.9931974424306524}, "Label_8": {"Optimal Threshold": 0.002544405870139599, "Accuracy": 0.7939972714870396, "Sensitivity": 1.0, "Specificity": 0.7934336525307798, "AUC": 0.8235294117647058}, "Label_9": {"Optimal Threshold": 0.046566441655159, "Accuracy": 0.9195088676671214, "Sensitivity": 0.90625, "Specificity": 0.920114122681883, "AUC": 0.9475303138373752}, "Label_10": {"Optimal Threshold": 0.020552219823002815, "Accuracy": 0.8171896316507503, "Sensitivity": 0.8888888888888888, "Specificity": 0.8153846153846154, "AUC": 0.9010878010878011}, "Label_11": {"Optimal Threshold": 0.08179590851068497, "Accuracy": 0.9699863574351978, "Sensitivity": 0.9444444444444444, "Specificity": 0.9706293706293706, "AUC": 0.9824397824397825}, "Label_12": {"Optimal Threshold": 0.019744258373975754, "Accuracy": 0.7285129604365621, "Sensitivity": 1.0, "Specificity": 0.7082111436950147, "AUC": 0.9364326375711575}, "Overall": {"Accuracy": 0.8781614020358905, "Sensitivity": 0.9500243965519105, "Specificity": 0.8753957124628751, "AUC": 0.9501680167053765}}}