{"shared_labels": 4, "perf": [0.09933348745107651, 0.9705103635787964], "label_names": [[8, 9, 12, 4, 1, 6, 11, 7, 5], [8, 9, 12, 4, 2, 0, 3, 10]], "metrics": {"Label_0": {"Optimal Threshold": 0.02804701402783394, "Accuracy": 0.9140518417462483, "Sensitivity": 0.8840579710144928, "Specificity": 0.9171686746987951, "AUC": 0.9583769862056923}, "Label_1": {"Optimal Threshold": 0.06018424034118652, "Accuracy": 0.9508867667121419, "Sensitivity": 0.9482758620689655, "Specificity": 0.9511111111111111, "AUC": 0.9874840357598978}, "Label_2": {"Optimal Threshold": 0.05762358009815216, "Accuracy": 0.9099590723055935, "Sensitivity": 0.9298245614035088, "Specificity": 0.900990099009901, "AUC": 0.966362688900469}, "Label_3": {"Optimal Threshold": 0.08898154646158218, "Accuracy": 0.9236016371077762, "Sensitivity": 0.918552036199095, "Specificity": 0.92578125, "AUC": 0.9685113829185521}, "Label_4": {"Optimal Threshold": 0.0021716239862143993, "Accuracy": 0.8635743519781719, "Sensitivity": 1.0, "Specificity": 0.8622589531680441, "AUC": 0.9771743408107045}, "Label_5": {"Optimal Threshold": 0.0038381987251341343, "Accuracy": 0.7871759890859482, "Sensitivity": 1.0, "Specificity": 0.7857142857142857, "AUC": 0.9376373626373626}, "Label_6": {"Optimal Threshold": 0.018885279074311256, "Accuracy": 0.9085948158253752, "Sensitivity": 1.0, "Specificity": 0.907202216066482, "AUC": 0.972928733316545}, "Label_7": {"Optimal Threshold": 0.07072828710079193, "Accuracy": 0.956343792633015, "Sensitivity": 1.0, "Specificity": 0.9523099850968704, "AUC": 0.9937983750781213}, "Label_8": {"Optimal Threshold": 0.00495527870953083, "Accuracy": 0.8267394270122783, "Sensitivity": 1.0, "Specificity": 0.826265389876881, "AUC": 0.8461012311901506}, "Label_9": {"Optimal Threshold": 0.020647356286644936, "Accuracy": 0.8826739427012278, "Sensitivity": 0.96875, "Specificity": 0.8787446504992867, "AUC": 0.9530135520684736}, "Label_10": {"Optimal Threshold": 0.005573337897658348, "Accuracy": 0.747612551159618, "Sensitivity": 0.9444444444444444, "Specificity": 0.7426573426573426, "AUC": 0.8896658896658897}, "Label_11": {"Optimal Threshold": 0.04554864764213562, "Accuracy": 0.946793997271487, "Sensitivity": 0.9444444444444444, "Specificity": 0.9468531468531468, "AUC": 0.9785547785547786}, "Label_12": {"Optimal Threshold": 0.0517507903277874, "Accuracy": 0.8240109140518418, "Sensitivity": 0.9607843137254902, "Specificity": 0.8137829912023461, "AUC": 0.9576505088839056}, "Overall": {"Accuracy": 0.8801553153531324, "Sensitivity": 0.9614718179461879, "Specificity": 0.8777569304580379, "AUC": 0.952866143537734}}}