{"shared_labels": 5, "perf": [0.09096244722604752, 0.9753121137619019], "label_names": [[9, 0, 10, 3, 7, 5, 1, 6, 8], [9, 0, 10, 3, 7, 4, 12, 11, 2]], "metrics": {"Label_0": {"Optimal Threshold": 0.04019680991768837, "Accuracy": 0.859481582537517, "Sensitivity": 0.9855072463768116, "Specificity": 0.8463855421686747, "AUC": 0.9725641697223677}, "Label_1": {"Optimal Threshold": 0.08223436772823334, "Accuracy": 0.9440654843110505, "Sensitivity": 0.9482758620689655, "Specificity": 0.9437037037037037, "AUC": 0.9877394636015325}, "Label_2": {"Optimal Threshold": 0.2612234652042389, "Accuracy": 0.9208731241473397, "Sensitivity": 0.9254385964912281, "Specificity": 0.9188118811881189, "AUC": 0.9704967865207573}, "Label_3": {"Optimal Threshold": 0.24601562321186066, "Accuracy": 0.922237380627558, "Sensitivity": 0.9411764705882353, "Specificity": 0.9140625, "AUC": 0.9759261877828054}, "Label_4": {"Optimal Threshold": 0.005532791838049889, "Accuracy": 0.9099590723055935, "Sensitivity": 0.8571428571428571, "Specificity": 0.9104683195592287, "AUC": 0.9476584022038568}, "Label_5": {"Optimal Threshold": 0.007041145581752062, "Accuracy": 0.8403819918144612, "Sensitivity": 1.0, "Specificity": 0.8392857142857143, "AUC": 0.9412087912087912}, "Label_6": {"Optimal Threshold": 0.005120461340993643, "Accuracy": 0.8335607094133697, "Sensitivity": 1.0, "Specificity": 0.8310249307479224, "AUC": 0.9546713674137497}, "Label_7": {"Optimal Threshold": 0.210215762257576, "Accuracy": 0.975443383356071, "Sensitivity": 1.0, "Specificity": 0.9731743666169895, "AUC": 0.9934137781837411}, "Label_8": {"Optimal Threshold": 0.0003849458589684218, "Accuracy": 0.5702592087312415, "Sensitivity": 1.0, "Specificity": 0.5690834473324213, "AUC": 0.6942544459644323}, "Label_9": {"Optimal Threshold": 0.011947115883231163, "Accuracy": 0.8867667121418826, "Sensitivity": 0.96875, "Specificity": 0.8830242510699001, "AUC": 0.954083452211127}, "Label_10": {"Optimal Threshold": 0.009361274540424347, "Accuracy": 0.7885402455661664, "Sensitivity": 0.9444444444444444, "Specificity": 0.7846153846153846, "AUC": 0.920979020979021}, "Label_11": {"Optimal Threshold": 0.015895571559667587, "Accuracy": 0.903137789904502, "Sensitivity": 1.0, "Specificity": 0.9006993006993007, "AUC": 0.9752913752913753}, "Label_12": {"Optimal Threshold": 0.1247093677520752, "Accuracy": 0.8472032742155525, "Sensitivity": 0.8431372549019608, "Specificity": 0.8475073313782991, "AUC": 0.8970156977747111}, "Overall": {"Accuracy": 0.8616853814671004, "Sensitivity": 0.9549132870780388, "Specificity": 0.8586035902588969, "AUC": 0.9373309952967896}}}