{"shared_labels": 1, "perf": [0.09077759832143784, 0.9748638272285461], "label_names": [[10, 2, 4, 0, 12, 5, 6], [10, 11, 8, 7, 3, 1, 9]], "metrics": {"Label_0": {"Optimal Threshold": 0.06953340023756027, "Accuracy": 0.9208731241473397, "Sensitivity": 0.8695652173913043, "Specificity": 0.9262048192771084, "AUC": 0.9623057447180025}, "Label_1": {"Optimal Threshold": 0.05542030557990074, "Accuracy": 0.9549795361527967, "Sensitivity": 0.9655172413793104, "Specificity": 0.9540740740740741, "AUC": 0.9874584929757344}, "Label_2": {"Optimal Threshold": 0.30302196741104126, "Accuracy": 0.9249658935879945, "Sensitivity": 0.9166666666666666, "Specificity": 0.9287128712871288, "AUC": 0.9719211394823692}, "Label_3": {"Optimal Threshold": 0.14653025567531586, "Accuracy": 0.91268758526603, "Sensitivity": 0.9457013574660633, "Specificity": 0.8984375, "AUC": 0.9742028421945702}, "Label_4": {"Optimal Threshold": 0.010034799575805664, "Accuracy": 0.9167803547066848, "Sensitivity": 0.8571428571428571, "Specificity": 0.9173553719008265, "AUC": 0.9506099960645416}, "Label_5": {"Optimal Threshold": 0.0027911164797842503, "Accuracy": 0.8362892223738063, "Sensitivity": 1.0, "Specificity": 0.8351648351648352, "AUC": 0.9403846153846154}, "Label_6": {"Optimal Threshold": 0.008143594488501549, "Accuracy": 0.8512960436562074, "Sensitivity": 1.0, "Specificity": 0.8490304709141274, "AUC": 0.9638630067992949}, "Label_7": {"Optimal Threshold": 0.27561742067337036, "Accuracy": 0.9740791268758526, "Sensitivity": 0.9516129032258065, "Specificity": 0.9761549925484352, "AUC": 0.9883419066391039}, "Label_8": {"Optimal Threshold": 0.001910376944579184, "Accuracy": 0.6180081855388813, "Sensitivity": 1.0, "Specificity": 0.6169630642954856, "AUC": 0.679890560875513}, "Label_9": {"Optimal Threshold": 0.04217594116926193, "Accuracy": 0.8813096862210096, "Sensitivity": 0.96875, "Specificity": 0.8773181169757489, "AUC": 0.9519882310984308}, "Label_10": {"Optimal Threshold": 0.026850583031773567, "Accuracy": 0.8608458390177354, "Sensitivity": 0.8888888888888888, "Specificity": 0.8601398601398601, "AUC": 0.9376068376068375}, "Label_11": {"Optimal Threshold": 0.04176511615514755, "Accuracy": 0.9508867667121419, "Sensitivity": 1.0, "Specificity": 0.9496503496503497, "AUC": 0.9795648795648796}, "Label_12": {"Optimal Threshold": 0.10278663039207458, "Accuracy": 0.834924965893588, "Sensitivity": 0.8627450980392157, "Specificity": 0.8328445747800587, "AUC": 0.9124547179575643}, "Overall": {"Accuracy": 0.8798404869346205, "Sensitivity": 0.940506940784624, "Specificity": 0.8786193000775413, "AUC": 0.938507151643189}}}