{"shared_labels": 0, "perf": [0.08990781754255295, 0.9762052893638611], "label_names": [[12, 3, 1, 8, 10, 4, 2], [0, 11, 5, 7, 6, 9]], "metrics": {"Label_0": {"Optimal Threshold": 0.06020209938287735, "Accuracy": 0.8772169167803547, "Sensitivity": 0.9420289855072463, "Specificity": 0.8704819277108434, "AUC": 0.968395320412083}, "Label_1": {"Optimal Threshold": 0.08182305097579956, "Accuracy": 0.9590723055934516, "Sensitivity": 0.9655172413793104, "Specificity": 0.9585185185185185, "AUC": 0.9857726692209451}, "Label_2": {"Optimal Threshold": 0.34884393215179443, "Accuracy": 0.922237380627558, "Sensitivity": 0.9035087719298246, "Specificity": 0.9306930693069307, "AUC": 0.9704707312836547}, "Label_3": {"Optimal Threshold": 0.3617052137851715, "Accuracy": 0.931787175989086, "Sensitivity": 0.9140271493212669, "Specificity": 0.939453125, "AUC": 0.9735576923076923}, "Label_4": {"Optimal Threshold": 0.01075707096606493, "Accuracy": 0.9181446111869032, "Sensitivity": 0.8571428571428571, "Specificity": 0.918732782369146, "AUC": 0.947461629279811}, "Label_5": {"Optimal Threshold": 0.12311067432165146, "Accuracy": 0.975443383356071, "Sensitivity": 0.8, "Specificity": 0.9766483516483516, "AUC": 0.9456043956043957}, "Label_6": {"Optimal Threshold": 0.02854539453983307, "Accuracy": 0.9045020463847203, "Sensitivity": 1.0, "Specificity": 0.9030470914127424, "AUC": 0.9806094182825484}, "Label_7": {"Optimal Threshold": 0.16535575687885284, "Accuracy": 0.9454297407912687, "Sensitivity": 1.0, "Specificity": 0.940387481371088, "AUC": 0.9912984952646507}, "Label_8": {"Optimal Threshold": 0.0039615873247385025, "Accuracy": 0.8540245566166439, "Sensitivity": 1.0, "Specificity": 0.853625170998632, "AUC": 0.8556771545827634}, "Label_9": {"Optimal Threshold": 0.02754282020032406, "Accuracy": 0.8758526603001364, "Sensitivity": 0.9375, "Specificity": 0.8730385164051355, "AUC": 0.9523894436519259}, "Label_10": {"Optimal Threshold": 0.008253584615886211, "Accuracy": 0.7544338335607094, "Sensitivity": 0.9444444444444444, "Specificity": 0.7496503496503496, "AUC": 0.8948717948717948}, "Label_11": {"Optimal Threshold": 0.014732019044458866, "Accuracy": 0.927694406548431, "Sensitivity": 1.0, "Specificity": 0.9258741258741259, "AUC": 0.9817404817404817}, "Label_12": {"Optimal Threshold": 0.1386718451976776, "Accuracy": 0.8717598908594816, "Sensitivity": 0.7843137254901961, "Specificity": 0.8782991202346041, "AUC": 0.9075383819216837}, "Overall": {"Accuracy": 0.9013537621996013, "Sensitivity": 0.9268063980934728, "Specificity": 0.9014192023461898, "AUC": 0.9504144314172639}}}