{"shared_labels": 12, "perf": [0.08766020089387894, 0.9754507541656494], "label_names": [[1, 0, 3, 9, 11, 5, 6, 4, 2, 8, 12, 10, 7], [1, 0, 3, 9, 11, 5, 6, 4, 2, 8, 12, 10]], "metrics": {"Label_0": {"Optimal Threshold": 0.1512613445520401, "Accuracy": 0.9427012278308322, "Sensitivity": 0.8695652173913043, "Specificity": 0.9503012048192772, "AUC": 0.9685699319015191}, "Label_1": {"Optimal Threshold": 0.05478902533650398, "Accuracy": 0.931787175989086, "Sensitivity": 0.9655172413793104, "Specificity": 0.9288888888888889, "AUC": 0.9880970625798212}, "Label_2": {"Optimal Threshold": 0.19523952901363373, "Accuracy": 0.9208731241473397, "Sensitivity": 0.9298245614035088, "Specificity": 0.9168316831683169, "AUC": 0.9723901337502171}, "Label_3": {"Optimal Threshold": 0.15978088974952698, "Accuracy": 0.9208731241473397, "Sensitivity": 0.9366515837104072, "Specificity": 0.9140625, "AUC": 0.9752014988687783}, "Label_4": {"Optimal Threshold": 0.015769708901643753, "Accuracy": 0.9236016371077762, "Sensitivity": 0.8571428571428571, "Specificity": 0.9242424242424242, "AUC": 0.9547422274695001}, "Label_5": {"Optimal Threshold": 0.0026742927730083466, "Accuracy": 0.7708049113233287, "Sensitivity": 1.0, "Specificity": 0.7692307692307693, "AUC": 0.9434065934065934}, "Label_6": {"Optimal Threshold": 0.018986530601978302, "Accuracy": 0.9249658935879945, "Sensitivity": 1.0, "Specificity": 0.9238227146814404, "AUC": 0.9788466381264166}, "Label_7": {"Optimal Threshold": 0.10678081214427948, "Accuracy": 0.9549795361527967, "Sensitivity": 1.0, "Specificity": 0.9508196721311475, "AUC": 0.9923080621123983}, "Label_8": {"Optimal Threshold": 0.004007930401712656, "Accuracy": 0.8390177353342428, "Sensitivity": 1.0, "Specificity": 0.8385772913816689, "AUC": 0.8666210670314637}, "Label_9": {"Optimal Threshold": 0.037083618342876434, "Accuracy": 0.9140518417462483, "Sensitivity": 0.9375, "Specificity": 0.912981455064194, "AUC": 0.9478423680456491}, "Label_10": {"Optimal Threshold": 0.010078982450067997, "Accuracy": 0.7844474761255116, "Sensitivity": 0.8888888888888888, "Specificity": 0.7818181818181819, "AUC": 0.9023310023310023}, "Label_11": {"Optimal Threshold": 0.06326494365930557, "Accuracy": 0.9631650750341064, "Sensitivity": 0.9444444444444444, "Specificity": 0.9636363636363636, "AUC": 0.9822843822843823}, "Label_12": {"Optimal Threshold": 0.09519509971141815, "Accuracy": 0.8553888130968622, "Sensitivity": 0.8627450980392157, "Specificity": 0.8548387096774194, "AUC": 0.9445115289517567}, "Overall": {"Accuracy": 0.8958967362787281, "Sensitivity": 0.9378676840307645, "Specificity": 0.8946193737492377, "AUC": 0.9551655766814999}}}