{"shared_labels": 9, "perf": [0.08628424257040024, 0.978840172290802], "label_names": [[3, 4, 10, 2, 8, 9, 11, 12, 0, 1, 7], [3, 4, 10, 2, 8, 9, 11, 12, 0, 6, 5]], "metrics": {"Label_0": {"Optimal Threshold": 0.030428942292928696, "Accuracy": 0.8840381991814461, "Sensitivity": 0.9565217391304348, "Specificity": 0.8765060240963856, "AUC": 0.9713855421686748}, "Label_1": {"Optimal Threshold": 0.03727603331208229, "Accuracy": 0.9167803547066848, "Sensitivity": 0.9827586206896551, "Specificity": 0.9111111111111111, "AUC": 0.9848786717752235}, "Label_2": {"Optimal Threshold": 0.4467048943042755, "Accuracy": 0.931787175989086, "Sensitivity": 0.9166666666666666, "Specificity": 0.9386138613861386, "AUC": 0.9746221990620115}, "Label_3": {"Optimal Threshold": 0.47912031412124634, "Accuracy": 0.9358799454297408, "Sensitivity": 0.9095022624434389, "Specificity": 0.947265625, "AUC": 0.9766862273755657}, "Label_4": {"Optimal Threshold": 0.045911259949207306, "Accuracy": 0.965893587994543, "Sensitivity": 0.8571428571428571, "Specificity": 0.9669421487603306, "AUC": 0.9657615112160567}, "Label_5": {"Optimal Threshold": 0.003638732945546508, "Accuracy": 0.7858117326057299, "Sensitivity": 1.0, "Specificity": 0.7843406593406593, "AUC": 0.9379120879120879}, "Label_6": {"Optimal Threshold": 0.03360823914408684, "Accuracy": 0.937244201909959, "Sensitivity": 1.0, "Specificity": 0.9362880886426593, "AUC": 0.9740619491312011}, "Label_7": {"Optimal Threshold": 0.1258915662765503, "Accuracy": 0.9577080491132333, "Sensitivity": 0.9838709677419355, "Specificity": 0.9552906110283159, "AUC": 0.9889909138983702}, "Label_8": {"Optimal Threshold": 0.0029874753672629595, "Accuracy": 0.8417462482946794, "Sensitivity": 1.0, "Specificity": 0.841313269493844, "AUC": 0.8584131326949385}, "Label_9": {"Optimal Threshold": 0.0364501066505909, "Accuracy": 0.903137789904502, "Sensitivity": 0.9375, "Specificity": 0.9015691868758916, "AUC": 0.9494472182596291}, "Label_10": {"Optimal Threshold": 0.00946891400963068, "Accuracy": 0.7353342428376535, "Sensitivity": 0.9444444444444444, "Specificity": 0.73006993006993, "AUC": 0.9141414141414141}, "Label_11": {"Optimal Threshold": 0.04304010048508644, "Accuracy": 0.9645293315143247, "Sensitivity": 0.9444444444444444, "Specificity": 0.965034965034965, "AUC": 0.981895881895882}, "Label_12": {"Optimal Threshold": 0.03404313698410988, "Accuracy": 0.7926330150068213, "Sensitivity": 0.9803921568627451, "Specificity": 0.7785923753665689, "AUC": 0.9479040883215456}, "Overall": {"Accuracy": 0.8886556826529541, "Sensitivity": 0.9548649353512787, "Specificity": 0.8871490658620615, "AUC": 0.9558539106040461}}}