{"shared_labels": 7, "perf": [0.08782074600458145, 0.9766881465911865], "label_names": [[3, 6, 1, 7, 8, 11, 12, 2, 5, 10], [3, 6, 1, 7, 8, 11, 12, 9, 4, 0]], "metrics": {"Label_0": {"Optimal Threshold": 0.09708639234304428, "Accuracy": 0.9331514324693042, "Sensitivity": 0.855072463768116, "Specificity": 0.9412650602409639, "AUC": 0.962196612537105}, "Label_1": {"Optimal Threshold": 0.14380916953086853, "Accuracy": 0.9699863574351978, "Sensitivity": 0.9310344827586207, "Specificity": 0.9733333333333334, "AUC": 0.9876883780332056}, "Label_2": {"Optimal Threshold": 0.5109406113624573, "Accuracy": 0.9249658935879945, "Sensitivity": 0.9078947368421053, "Specificity": 0.9326732673267327, "AUC": 0.9714087198193504}, "Label_3": {"Optimal Threshold": 0.47546839714050293, "Accuracy": 0.931787175989086, "Sensitivity": 0.9366515837104072, "Specificity": 0.9296875, "AUC": 0.976801117081448}, "Label_4": {"Optimal Threshold": 0.037917446345090866, "Accuracy": 0.9768076398362893, "Sensitivity": 0.8571428571428571, "Specificity": 0.977961432506887, "AUC": 0.9635970090515545}, "Label_5": {"Optimal Threshold": 0.056918367743492126, "Accuracy": 0.9631650750341064, "Sensitivity": 0.8, "Specificity": 0.9642857142857143, "AUC": 0.9280219780219781}, "Label_6": {"Optimal Threshold": 0.025716392323374748, "Accuracy": 0.9331514324693042, "Sensitivity": 0.9090909090909091, "Specificity": 0.9335180055401662, "AUC": 0.9678922185847394}, "Label_7": {"Optimal Threshold": 0.17303887009620667, "Accuracy": 0.9727148703956344, "Sensitivity": 1.0, "Specificity": 0.970193740685544, "AUC": 0.9935820393250324}, "Label_8": {"Optimal Threshold": 0.0013295215321704745, "Accuracy": 0.6439290586630286, "Sensitivity": 1.0, "Specificity": 0.6429548563611491, "AUC": 0.7558139534883721}, "Label_9": {"Optimal Threshold": 0.07959024608135223, "Accuracy": 0.927694406548431, "Sensitivity": 0.90625, "Specificity": 0.9286733238231099, "AUC": 0.954083452211127}, "Label_10": {"Optimal Threshold": 0.005922004114836454, "Accuracy": 0.7776261937244202, "Sensitivity": 0.8888888888888888, "Specificity": 0.7748251748251749, "AUC": 0.8722610722610722}, "Label_11": {"Optimal Threshold": 0.041631560772657394, "Accuracy": 0.9536152796725784, "Sensitivity": 0.9444444444444444, "Specificity": 0.9538461538461539, "AUC": 0.9803418803418804}, "Label_12": {"Optimal Threshold": 0.06471403688192368, "Accuracy": 0.8922237380627558, "Sensitivity": 0.8823529411764706, "Specificity": 0.8929618768328446, "AUC": 0.9513253981944683}, "Overall": {"Accuracy": 0.9077552733760098, "Sensitivity": 0.9091402544479092, "Specificity": 0.9089368799698287, "AUC": 0.9434626022270256}}}