{"shared_labels": 3, "perf": [0.08786415308713913, 0.9761623740196228], "label_names": [[9, 0, 11, 8, 2, 6, 10, 5], [9, 0, 11, 12, 7, 4, 1, 3]], "metrics": {"Label_0": {"Optimal Threshold": 0.06791362166404724, "Accuracy": 0.8840381991814461, "Sensitivity": 0.9565217391304348, "Specificity": 0.8765060240963856, "AUC": 0.9704033525405972}, "Label_1": {"Optimal Threshold": 0.2682497799396515, "Accuracy": 0.9631650750341064, "Sensitivity": 0.9137931034482759, "Specificity": 0.9674074074074074, "AUC": 0.9836526181353767}, "Label_2": {"Optimal Threshold": 0.2003028690814972, "Accuracy": 0.9263301500682128, "Sensitivity": 0.9298245614035088, "Specificity": 0.9247524752475248, "AUC": 0.9734323432343234}, "Label_3": {"Optimal Threshold": 0.30625736713409424, "Accuracy": 0.9304229195088677, "Sensitivity": 0.9276018099547512, "Specificity": 0.931640625, "AUC": 0.9760764281674208}, "Label_4": {"Optimal Threshold": 0.002322286134585738, "Accuracy": 0.8144611186903138, "Sensitivity": 1.0, "Specificity": 0.8126721763085399, "AUC": 0.9645808736717828}, "Label_5": {"Optimal Threshold": 0.04783770814538002, "Accuracy": 0.965893587994543, "Sensitivity": 0.8, "Specificity": 0.967032967032967, "AUC": 0.9340659340659341}, "Label_6": {"Optimal Threshold": 0.013487853109836578, "Accuracy": 0.91268758526603, "Sensitivity": 1.0, "Specificity": 0.9113573407202216, "AUC": 0.9790984638630068}, "Label_7": {"Optimal Threshold": 0.22140562534332275, "Accuracy": 0.9618008185538881, "Sensitivity": 1.0, "Specificity": 0.9582712369597616, "AUC": 0.99343781548964}, "Label_8": {"Optimal Threshold": 0.0026641241274774075, "Accuracy": 0.781718963165075, "Sensitivity": 1.0, "Specificity": 0.7811217510259918, "AUC": 0.8173734610123119}, "Label_9": {"Optimal Threshold": 0.09028708189725876, "Accuracy": 0.9208731241473397, "Sensitivity": 0.90625, "Specificity": 0.9215406562054208, "AUC": 0.9513641226818831}, "Label_10": {"Optimal Threshold": 0.012326953001320362, "Accuracy": 0.7339699863574352, "Sensitivity": 0.9444444444444444, "Specificity": 0.7286713286713287, "AUC": 0.8777000777000776}, "Label_11": {"Optimal Threshold": 0.022629333660006523, "Accuracy": 0.937244201909959, "Sensitivity": 1.0, "Specificity": 0.9356643356643357, "AUC": 0.985858585858586}, "Label_12": {"Optimal Threshold": 0.059495795518159866, "Accuracy": 0.7639836289222374, "Sensitivity": 0.9607843137254902, "Specificity": 0.749266862170088, "AUC": 0.9287275027312978}, "Overall": {"Accuracy": 0.8843530275999579, "Sensitivity": 0.9491707670851466, "Specificity": 0.8819927066546135, "AUC": 0.9489055060886339}}}