{"shared_labels": 4, "perf": [0.09117265790700912, 0.9699714183807373], "metrics": {"Label_0": {"Optimal Threshold": 0.08352626860141754, "Accuracy": 0.9167803547066848, "Sensitivity": 0.8529411764705882, "Specificity": 0.9233082706766917, "AUC": 0.9490490933215391}, "Label_1": {"Optimal Threshold": 0.045907363295555115, "Accuracy": 0.927694406548431, "Sensitivity": 0.9821428571428571, "Specificity": 0.9231905465288035, "AUC": 0.9859675036927622}, "Label_2": {"Optimal Threshold": 0.3676256537437439, "Accuracy": 0.9440654843110505, "Sensitivity": 0.9067796610169492, "Specificity": 0.9617706237424547, "AUC": 0.9748490945674044}, "Label_3": {"Optimal Threshold": 0.2818988263607025, "Accuracy": 0.9427012278308322, "Sensitivity": 0.9203539823008849, "Specificity": 0.9526627218934911, "AUC": 0.9765931821752107}, "Label_4": {"Optimal Threshold": 0.0387050025165081, "Accuracy": 0.9604365620736699, "Sensitivity": 0.8571428571428571, "Specificity": 0.9614325068870524, "AUC": 0.9240456513183786}, "Label_5": {"Optimal Threshold": 0.0034520812332630157, "Accuracy": 0.8362892223738063, "Sensitivity": 1.0, "Specificity": 0.8347107438016529, "AUC": 0.957103502558048}, "Label_6": {"Optimal Threshold": 0.011075861752033234, "Accuracy": 0.8990450204638472, "Sensitivity": 1.0, "Specificity": 0.8976486860304288, "AUC": 0.9767634854771784}, "Label_7": {"Optimal Threshold": 0.2227497547864914, "Accuracy": 0.9604365620736699, "Sensitivity": 0.9473684210526315, "Specificity": 0.9615384615384616, "AUC": 0.9814439946018894}, "Label_8": {"Optimal Threshold": 0.030026061460375786, "Accuracy": 0.9345156889495225, "Sensitivity": 1.0, "Specificity": 0.9340659340659341, "AUC": 0.9585164835164836}, "Label_9": {"Optimal Threshold": 0.09237987548112869, "Accuracy": 0.9358799454297408, "Sensitivity": 0.8787878787878788, "Specificity": 0.9385714285714286, "AUC": 0.9522077922077922}, "Label_10": {"Optimal Threshold": 0.04707781970500946, "Accuracy": 0.844474761255116, "Sensitivity": 0.9166666666666666, "Specificity": 0.8432732316227461, "AUC": 0.8898520573277854}, "Label_11": {"Optimal Threshold": 0.018044384196400642, "Accuracy": 0.9004092769440655, "Sensitivity": 0.9285714285714286, "Specificity": 0.8998609179415855, "AUC": 0.9598648917146831}, "Label_12": {"Optimal Threshold": 0.05641298368573189, "Accuracy": 0.8021828103683493, "Sensitivity": 0.8703703703703703, "Specificity": 0.7967599410898379, "AUC": 0.8921071292205311}, "Overall": {"Accuracy": 0.9080701017945221, "Sensitivity": 0.9277788691940856, "Specificity": 0.9099072318761977, "AUC": 0.9521818355153605}}, "label_names": [[2, 5, 1, 6, 3, 4, 7, 0, 11], [2, 5, 1, 6, 10, 8, 9, 12]]}