{"shared_labels": 4, "perf": [0.08695153892040253, 0.9803048372268677], "metrics": {"Label_0": {"Optimal Threshold": 0.02509372867643833, "Accuracy": 0.8731241473396999, "Sensitivity": 0.9855072463768116, "Specificity": 0.8614457831325302, "AUC": 0.9724768639776498}, "Label_1": {"Optimal Threshold": 0.04682323336601257, "Accuracy": 0.9358799454297408, "Sensitivity": 0.9655172413793104, "Specificity": 0.9333333333333333, "AUC": 0.9887100893997446}, "Label_2": {"Optimal Threshold": 0.34607458114624023, "Accuracy": 0.9249658935879945, "Sensitivity": 0.9166666666666666, "Specificity": 0.9287128712871288, "AUC": 0.9723206531179432}, "Label_3": {"Optimal Threshold": 0.27974656224250793, "Accuracy": 0.91268758526603, "Sensitivity": 0.9411764705882353, "Specificity": 0.900390625, "AUC": 0.9742735435520362}, "Label_4": {"Optimal Threshold": 0.007845530286431313, "Accuracy": 0.8758526603001364, "Sensitivity": 1.0, "Specificity": 0.8746556473829201, "AUC": 0.9726485635576545}, "Label_5": {"Optimal Threshold": 0.07166945934295654, "Accuracy": 0.9699863574351978, "Sensitivity": 0.8, "Specificity": 0.9711538461538461, "AUC": 0.9406593406593406}, "Label_6": {"Optimal Threshold": 0.017740527167916298, "Accuracy": 0.9304229195088677, "Sensitivity": 1.0, "Specificity": 0.9293628808864266, "AUC": 0.9811130697557291}, "Label_7": {"Optimal Threshold": 0.15727172791957855, "Accuracy": 0.9631650750341064, "Sensitivity": 1.0, "Specificity": 0.9597615499254843, "AUC": 0.9922119128888035}, "Label_8": {"Optimal Threshold": 0.006959216669201851, "Accuracy": 0.8908594815825375, "Sensitivity": 1.0, "Specificity": 0.8905608755129959, "AUC": 0.9103967168262654}, "Label_9": {"Optimal Threshold": 0.010158462449908257, "Accuracy": 0.8813096862210096, "Sensitivity": 0.96875, "Specificity": 0.8773181169757489, "AUC": 0.9522557061340942}, "Label_10": {"Optimal Threshold": 0.017730209976434708, "Accuracy": 0.834924965893588, "Sensitivity": 0.8888888888888888, "Specificity": 0.8335664335664336, "AUC": 0.923076923076923}, "Label_11": {"Optimal Threshold": 0.025431057438254356, "Accuracy": 0.9345156889495225, "Sensitivity": 0.9444444444444444, "Specificity": 0.9342657342657342, "AUC": 0.9760683760683762}, "Label_12": {"Optimal Threshold": 0.05018271505832672, "Accuracy": 0.7844474761255116, "Sensitivity": 0.9411764705882353, "Specificity": 0.7727272727272727, "AUC": 0.9313725490196079}, "Overall": {"Accuracy": 0.9009339909749188, "Sensitivity": 0.9501636483794302, "Specificity": 0.8974811515499889, "AUC": 0.9605834083103206}}, "label_names": [[10, 9, 6, 0, 2, 8, 12, 7, 11], [10, 9, 6, 0, 5, 3, 4, 1]]}