{"shared_labels": 7, "perf": [0.08934881538152695, 0.9779562950134277], "metrics": {"Label_0": {"Optimal Threshold": 0.15932081639766693, "Accuracy": 0.946793997271487, "Sensitivity": 0.855072463768116, "Specificity": 0.9563253012048193, "AUC": 0.9679806181246726}, "Label_1": {"Optimal Threshold": 0.028572645038366318, "Accuracy": 0.9249658935879945, "Sensitivity": 0.9827586206896551, "Specificity": 0.92, "AUC": 0.9887100893997446}, "Label_2": {"Optimal Threshold": 0.5553111433982849, "Accuracy": 0.922237380627558, "Sensitivity": 0.9035087719298246, "Specificity": 0.9306930693069307, "AUC": 0.9684471078686816}, "Label_3": {"Optimal Threshold": 0.5267043113708496, "Accuracy": 0.9290586630286494, "Sensitivity": 0.9230769230769231, "Specificity": 0.931640625, "AUC": 0.9752722002262443}, "Label_4": {"Optimal Threshold": 0.004858074709773064, "Accuracy": 0.8185538881309686, "Sensitivity": 1.0, "Specificity": 0.8168044077134986, "AUC": 0.9576938213301849}, "Label_5": {"Optimal Threshold": 0.002528090262785554, "Accuracy": 0.7789904502046384, "Sensitivity": 1.0, "Specificity": 0.7774725274725275, "AUC": 0.9508241758241758}, "Label_6": {"Optimal Threshold": 0.008465670980513096, "Accuracy": 0.8935879945429741, "Sensitivity": 1.0, "Specificity": 0.8919667590027701, "AUC": 0.9801057668093679}, "Label_7": {"Optimal Threshold": 0.11040812730789185, "Accuracy": 0.9549795361527967, "Sensitivity": 1.0, "Specificity": 0.9508196721311475, "AUC": 0.9913465698764482}, "Label_8": {"Optimal Threshold": 0.0007628626190125942, "Accuracy": 0.7244201909959073, "Sensitivity": 1.0, "Specificity": 0.7236662106703147, "AUC": 0.813953488372093}, "Label_9": {"Optimal Threshold": 0.07657501846551895, "Accuracy": 0.937244201909959, "Sensitivity": 0.90625, "Specificity": 0.9386590584878745, "AUC": 0.9522557061340942}, "Label_10": {"Optimal Threshold": 0.007082498632371426, "Accuracy": 0.6903137789904502, "Sensitivity": 1.0, "Specificity": 0.6825174825174826, "AUC": 0.9096348096348097}, "Label_11": {"Optimal Threshold": 0.07129039615392685, "Accuracy": 0.9699863574351978, "Sensitivity": 0.9444444444444444, "Specificity": 0.9706293706293706, "AUC": 0.9831390831390832}, "Label_12": {"Optimal Threshold": 0.07716021686792374, "Accuracy": 0.8431105047748977, "Sensitivity": 0.8235294117647058, "Specificity": 0.844574780058651, "AUC": 0.9182048185843252}, "Overall": {"Accuracy": 0.8718648336656524, "Sensitivity": 0.9491262027441285, "Specificity": 0.8719822510919529, "AUC": 0.9505821734864557}}, "label_names": [[3, 11, 8, 6, 10, 5, 1, 4, 0, 2], [3, 11, 8, 6, 10, 5, 1, 9, 7, 12]]}