{"shared_labels": 13, "perf": [0.09790258854627609, 0.9730349183082581], "metrics": {"Label_0": {"Optimal Threshold": 0.069425567984581, "Accuracy": 0.9017735334242838, "Sensitivity": 0.935064935064935, "Specificity": 0.8978658536585366, "AUC": 0.9670573329109915}, "Label_1": {"Optimal Threshold": 0.18038639426231384, "Accuracy": 0.9699863574351978, "Sensitivity": 0.9315068493150684, "Specificity": 0.9742424242424242, "AUC": 0.9839352428393524}, "Label_2": {"Optimal Threshold": 0.5319253206253052, "Accuracy": 0.9167803547066848, "Sensitivity": 0.8830645161290323, "Specificity": 0.934020618556701, "AUC": 0.9625457266378451}, "Label_3": {"Optimal Threshold": 0.40888601541519165, "Accuracy": 0.9154160982264665, "Sensitivity": 0.9125, "Specificity": 0.9168356997971603, "AUC": 0.9680358350236646}, "Label_4": {"Optimal Threshold": 0.013409454375505447, "Accuracy": 0.8908594815825375, "Sensitivity": 0.8888888888888888, "Specificity": 0.8908839779005525, "AUC": 0.9605586249232659}, "Label_5": {"Optimal Threshold": 0.0038551841862499714, "Accuracy": 0.834924965893588, "Sensitivity": 1.0, "Specificity": 0.8337912087912088, "AUC": 0.9291208791208792}, "Label_6": {"Optimal Threshold": 0.010275689885020256, "Accuracy": 0.9004092769440655, "Sensitivity": 1.0, "Specificity": 0.8997252747252747, "AUC": 0.9728021978021978}, "Label_7": {"Optimal Threshold": 0.28435954451560974, "Accuracy": 0.9713506139154161, "Sensitivity": 0.9206349206349206, "Specificity": 0.9761194029850746, "AUC": 0.9788438758588013}, "Label_8": {"Optimal Threshold": 0.006510727573186159, "Accuracy": 0.9181446111869032, "Sensitivity": 1.0, "Specificity": 0.9172413793103448, "AUC": 0.973448275862069}, "Label_9": {"Optimal Threshold": 0.04349211975932121, "Accuracy": 0.9085948158253752, "Sensitivity": 0.96875, "Specificity": 0.905848787446505, "AUC": 0.9609040656205422}, "Label_10": {"Optimal Threshold": 0.032689861953258514, "Accuracy": 0.8935879945429741, "Sensitivity": 0.7333333333333333, "Specificity": 0.8969359331476323, "AUC": 0.8730733519034355}, "Label_11": {"Optimal Threshold": 0.044257231056690216, "Accuracy": 0.9645293315143247, "Sensitivity": 1.0, "Specificity": 0.9636871508379888, "AUC": 0.989484061781137}, "Label_12": {"Optimal Threshold": 0.055615007877349854, "Accuracy": 0.7585266030013642, "Sensitivity": 0.9464285714285714, "Specificity": 0.7429837518463811, "AUC": 0.9178096644861785}, "Overall": {"Accuracy": 0.903452618323014, "Sensitivity": 0.9323209242149807, "Specificity": 0.9038601125573683, "AUC": 0.956739933443874}}, "label_names": [[6, 8, 2, 7, 12, 3, 1, 4, 5, 9, 0, 10, 11], [6, 8, 2, 7, 12, 3, 1, 4, 5, 9, 0, 10, 11]]}