{"shared_labels": 13, "perf": [0.08761022239923477, 0.9757144451141357], "metrics": {"Label_0": {"Optimal Threshold": 0.21465733647346497, "Accuracy": 0.931787175989086, "Sensitivity": 0.8695652173913043, "Specificity": 0.9382530120481928, "AUC": 0.9675877422734416}, "Label_1": {"Optimal Threshold": 0.1985364556312561, "Accuracy": 0.9631650750341064, "Sensitivity": 0.9482758620689655, "Specificity": 0.9644444444444444, "AUC": 0.990140485312899}, "Label_2": {"Optimal Threshold": 0.2535097897052765, "Accuracy": 0.9263301500682128, "Sensitivity": 0.9210526315789473, "Specificity": 0.9287128712871288, "AUC": 0.9727549070696543}, "Label_3": {"Optimal Threshold": 0.3254181146621704, "Accuracy": 0.9331514324693042, "Sensitivity": 0.918552036199095, "Specificity": 0.939453125, "AUC": 0.9756698953619909}, "Label_4": {"Optimal Threshold": 0.0020912527106702328, "Accuracy": 0.7735334242837654, "Sensitivity": 1.0, "Specificity": 0.7713498622589532, "AUC": 0.9521841794569068}, "Label_5": {"Optimal Threshold": 0.05064668133854866, "Accuracy": 0.9699863574351978, "Sensitivity": 0.8, "Specificity": 0.9711538461538461, "AUC": 0.9370879120879121}, "Label_6": {"Optimal Threshold": 0.005718880798667669, "Accuracy": 0.8744884038199181, "Sensitivity": 1.0, "Specificity": 0.8725761772853186, "AUC": 0.9754469906824477}, "Label_7": {"Optimal Threshold": 0.1984213888645172, "Accuracy": 0.9686221009549796, "Sensitivity": 1.0, "Specificity": 0.9657228017883756, "AUC": 0.9932455170424499}, "Label_8": {"Optimal Threshold": 0.0029358845204114914, "Accuracy": 0.7953615279672579, "Sensitivity": 1.0, "Specificity": 0.7948016415868673, "AUC": 0.8187414500683994}, "Label_9": {"Optimal Threshold": 0.0639663115143776, "Accuracy": 0.903137789904502, "Sensitivity": 0.9375, "Specificity": 0.9015691868758916, "AUC": 0.9490905848787445}, "Label_10": {"Optimal Threshold": 0.009818718768656254, "Accuracy": 0.781718963165075, "Sensitivity": 0.9444444444444444, "Specificity": 0.7776223776223776, "AUC": 0.9062937062937063}, "Label_11": {"Optimal Threshold": 0.040999095886945724, "Accuracy": 0.9645293315143247, "Sensitivity": 0.9444444444444444, "Specificity": 0.965034965034965, "AUC": 0.9787878787878788}, "Label_12": {"Optimal Threshold": 0.06876904517412186, "Accuracy": 0.7926330150068213, "Sensitivity": 0.9411764705882353, "Specificity": 0.781524926686217, "AUC": 0.9395664424127422}, "Overall": {"Accuracy": 0.8906495959701961, "Sensitivity": 0.9403854697473413, "Specificity": 0.8901707106209673, "AUC": 0.9505075147483979}}, "label_names": [[8, 1, 5, 10, 0, 7, 6, 4, 11, 12, 9, 3, 2], [8, 1, 5, 10, 0, 7, 6, 4, 11, 12, 9, 3, 2]]}