{"shared_labels": 13, "perf": [0.08851893991231918, 0.979861855506897], "metrics": {"Label_0": {"Optimal Threshold": 0.4152286946773529, "Accuracy": 0.9481582537517054, "Sensitivity": 0.8048780487804879, "Specificity": 0.9662058371735791, "AUC": 0.9586939417781274}, "Label_1": {"Optimal Threshold": 0.1867523342370987, "Accuracy": 0.9413369713506139, "Sensitivity": 0.9375, "Specificity": 0.9417040358744395, "AUC": 0.9819460014947683}, "Label_2": {"Optimal Threshold": 0.5796680450439453, "Accuracy": 0.9290586630286494, "Sensitivity": 0.8739837398373984, "Specificity": 0.9568788501026694, "AUC": 0.9676633111300312}, "Label_3": {"Optimal Threshold": 0.46671062707901, "Accuracy": 0.927694406548431, "Sensitivity": 0.9037656903765691, "Specificity": 0.9392712550607287, "AUC": 0.9716768587061474}, "Label_4": {"Optimal Threshold": 0.03272402659058571, "Accuracy": 0.9386084583901774, "Sensitivity": 1.0, "Specificity": 0.938101788170564, "AUC": 0.9708849151765245}, "Label_5": {"Optimal Threshold": 0.03469109162688255, "Accuracy": 0.9645293315143247, "Sensitivity": 1.0, "Specificity": 0.9642857142857143, "AUC": 0.9851648351648351}, "Label_6": {"Optimal Threshold": 0.0976979061961174, "Accuracy": 0.9822646657571623, "Sensitivity": 1.0, "Specificity": 0.9821428571428571, "AUC": 0.9912087912087911}, "Label_7": {"Optimal Threshold": 0.30220159888267517, "Accuracy": 0.9781718963165075, "Sensitivity": 0.9411764705882353, "Specificity": 0.9809384164222874, "AUC": 0.9917773561037319}, "Label_8": {"Optimal Threshold": 0.03995266184210777, "Accuracy": 0.9809004092769441, "Sensitivity": 1.0, "Specificity": 0.9807956104252401, "AUC": 0.9931412894375858}, "Label_9": {"Optimal Threshold": 0.03683102875947952, "Accuracy": 0.897680763983629, "Sensitivity": 0.9310344827586207, "Specificity": 0.8963068181818182, "AUC": 0.9659090909090909}, "Label_10": {"Optimal Threshold": 0.032966677099466324, "Accuracy": 0.903137789904502, "Sensitivity": 0.9444444444444444, "Specificity": 0.9020979020979021, "AUC": 0.9584304584304585}, "Label_11": {"Optimal Threshold": 0.029588017612695694, "Accuracy": 0.9249658935879945, "Sensitivity": 1.0, "Specificity": 0.9236111111111112, "AUC": 0.9842948717948719}, "Label_12": {"Optimal Threshold": 0.0861305370926857, "Accuracy": 0.8758526603001364, "Sensitivity": 0.8235294117647058, "Specificity": 0.8797653958944281, "AUC": 0.9142372491518601}, "Overall": {"Accuracy": 0.937873858746983, "Sensitivity": 0.9354086375808048, "Specificity": 0.9424696609187182, "AUC": 0.9719253054220633}}, "label_names": [[5, 4, 2, 9, 6, 7, 12, 8, 1, 0, 11, 3, 10], [5, 4, 2, 9, 6, 7, 12, 8, 1, 0, 11, 3, 10]]}