{"shared_labels": 13, "perf": [0.0857909619808197, 0.9777476787567139], "metrics": {"Label_0": {"Optimal Threshold": 0.025202186778187752, "Accuracy": 0.8744884038199181, "Sensitivity": 0.9420289855072463, "Specificity": 0.8674698795180723, "AUC": 0.9701196088702637}, "Label_1": {"Optimal Threshold": 0.08190751820802689, "Accuracy": 0.9604365620736699, "Sensitivity": 0.9310344827586207, "Specificity": 0.9629629629629629, "AUC": 0.9880970625798212}, "Label_2": {"Optimal Threshold": 0.2661356031894684, "Accuracy": 0.9263301500682128, "Sensitivity": 0.9254385964912281, "Specificity": 0.9267326732673268, "AUC": 0.972937293729373}, "Label_3": {"Optimal Threshold": 0.279214084148407, "Accuracy": 0.931787175989086, "Sensitivity": 0.9321266968325792, "Specificity": 0.931640625, "AUC": 0.9765801753393666}, "Label_4": {"Optimal Threshold": 0.0014455108903348446, "Accuracy": 0.7980900409276944, "Sensitivity": 1.0, "Specificity": 0.7961432506887053, "AUC": 0.9600550964187327}, "Label_5": {"Optimal Threshold": 0.0019445152720436454, "Accuracy": 0.7694406548431105, "Sensitivity": 1.0, "Specificity": 0.7678571428571429, "AUC": 0.9401098901098901}, "Label_6": {"Optimal Threshold": 0.004778651986271143, "Accuracy": 0.8608458390177354, "Sensitivity": 1.0, "Specificity": 0.8587257617728532, "AUC": 0.970284563082347}, "Label_7": {"Optimal Threshold": 0.15970046818256378, "Accuracy": 0.9672578444747613, "Sensitivity": 1.0, "Specificity": 0.9642324888226528, "AUC": 0.99363011393683}, "Label_8": {"Optimal Threshold": 0.0018931275699287653, "Accuracy": 0.7557980900409277, "Sensitivity": 1.0, "Specificity": 0.7551299589603283, "AUC": 0.8043775649794802}, "Label_9": {"Optimal Threshold": 0.034068506211042404, "Accuracy": 0.897680763983629, "Sensitivity": 0.9375, "Specificity": 0.8958630527817404, "AUC": 0.9469062054208275}, "Label_10": {"Optimal Threshold": 0.010487291030585766, "Accuracy": 0.7680763983628922, "Sensitivity": 0.9444444444444444, "Specificity": 0.7636363636363637, "AUC": 0.908857808857809}, "Label_11": {"Optimal Threshold": 0.034431394189596176, "Accuracy": 0.9536152796725784, "Sensitivity": 0.9444444444444444, "Specificity": 0.9538461538461539, "AUC": 0.9796425796425797}, "Label_12": {"Optimal Threshold": 0.04349178820848465, "Accuracy": 0.7899045020463847, "Sensitivity": 0.9607843137254902, "Specificity": 0.7771260997067448, "AUC": 0.9425852452417918}, "Overall": {"Accuracy": 0.8656732081015845, "Sensitivity": 0.9629078434003119, "Specificity": 0.8631820318323883, "AUC": 0.9503217852468548}}, "label_names": [[2, 3, 11, 10, 0, 4, 7, 9, 5, 12, 8, 6, 1], [2, 3, 11, 10, 0, 4, 7, 9, 5, 12, 8, 6, 1]]}