{"shared_labels": 3, "perf": [0.09523136168718338, 0.9712308645248413], "metrics": {"Label_0": {"Optimal Threshold": 0.0721721276640892, "Accuracy": 0.8894952251023193, "Sensitivity": 0.8805970149253731, "Specificity": 0.8903903903903904, "AUC": 0.9468647752229842}, "Label_1": {"Optimal Threshold": 0.021507112309336662, "Accuracy": 0.8949522510231923, "Sensitivity": 0.9821428571428571, "Specificity": 0.8877400295420975, "AUC": 0.9807712597594429}, "Label_2": {"Optimal Threshold": 0.26092833280563354, "Accuracy": 0.9017735334242838, "Sensitivity": 0.9273504273504274, "Specificity": 0.8897795591182365, "AUC": 0.9668310980936232}, "Label_3": {"Optimal Threshold": 0.44282713532447815, "Accuracy": 0.9099590723055935, "Sensitivity": 0.9411764705882353, "Specificity": 0.896484375, "AUC": 0.9663903421945701}, "Label_4": {"Optimal Threshold": 0.0004830520774703473, "Accuracy": 0.6739427012278308, "Sensitivity": 1.0, "Specificity": 0.6726027397260274, "AUC": 0.7867579908675798}, "Label_5": {"Optimal Threshold": 0.07503953576087952, "Accuracy": 0.984993178717599, "Sensitivity": 0.9, "Specificity": 0.9861687413554634, "AUC": 0.9719225449515906}, "Label_6": {"Optimal Threshold": 0.031135685741901398, "Accuracy": 0.9590723055934516, "Sensitivity": 1.0, "Specificity": 0.9582753824756607, "AUC": 0.9801311345122193}, "Label_7": {"Optimal Threshold": 0.07067274302244186, "Accuracy": 0.9290586630286494, "Sensitivity": 0.9696969696969697, "Specificity": 0.9250374812593704, "AUC": 0.9880059970014993}, "Label_8": {"Optimal Threshold": 0.03719351813197136, "Accuracy": 0.9645293315143247, "Sensitivity": 1.0, "Specificity": 0.9642365887207703, "AUC": 0.98922512608895}, "Label_9": {"Optimal Threshold": 0.007593807764351368, "Accuracy": 0.8403819918144612, "Sensitivity": 0.96875, "Specificity": 0.8345221112696148, "AUC": 0.9446772467902996}, "Label_10": {"Optimal Threshold": 0.051990386098623276, "Accuracy": 0.9017735334242838, "Sensitivity": 0.9166666666666666, "Specificity": 0.9015256588072122, "AUC": 0.9457928802588997}, "Label_11": {"Optimal Threshold": 0.04327220842242241, "Accuracy": 0.9304229195088677, "Sensitivity": 0.9375, "Specificity": 0.9302649930264993, "AUC": 0.9725418410041842}, "Label_12": {"Optimal Threshold": 0.1450972557067871, "Accuracy": 0.903137789904502, "Sensitivity": 0.8333333333333334, "Specificity": 0.9086892488954345, "AUC": 0.9210985654284624}, "Overall": {"Accuracy": 0.8987301920453353, "Sensitivity": 0.9428625953618356, "Specificity": 0.8958244076605214, "AUC": 0.9508469847826386}}, "label_names": [[5, 8, 0, 1, 2, 4, 11, 10], [5, 8, 0, 12, 3, 7, 9, 6]]}