{"shared_labels": 3, "perf": [0.0989978238940239, 0.9706241488456726], "metrics": {"Label_0": {"Optimal Threshold": 0.27182629704475403, "Accuracy": 0.9536152796725784, "Sensitivity": 0.782608695652174, "Specificity": 0.9713855421686747, "AUC": 0.9407412257726558}, "Label_1": {"Optimal Threshold": 0.15844829380512238, "Accuracy": 0.9549795361527967, "Sensitivity": 0.896551724137931, "Specificity": 0.96, "AUC": 0.9701149425287356}, "Label_2": {"Optimal Threshold": 0.12082567811012268, "Accuracy": 0.922237380627558, "Sensitivity": 0.9254385964912281, "Specificity": 0.9207920792079208, "AUC": 0.968898731978461}, "Label_3": {"Optimal Threshold": 0.09033818542957306, "Accuracy": 0.9208731241473397, "Sensitivity": 0.9321266968325792, "Specificity": 0.916015625, "AUC": 0.97265625}, "Label_4": {"Optimal Threshold": 0.005029335152357817, "Accuracy": 0.9263301500682128, "Sensitivity": 0.8571428571428571, "Specificity": 0.9269972451790633, "AUC": 0.9291617473435655}, "Label_5": {"Optimal Threshold": 0.059578701853752136, "Accuracy": 0.9740791268758526, "Sensitivity": 0.8, "Specificity": 0.9752747252747253, "AUC": 0.9467032967032968}, "Label_6": {"Optimal Threshold": 0.008489753119647503, "Accuracy": 0.9004092769440655, "Sensitivity": 1.0, "Specificity": 0.8988919667590027, "AUC": 0.9716696046335935}, "Label_7": {"Optimal Threshold": 0.08014591783285141, "Accuracy": 0.9645293315143247, "Sensitivity": 1.0, "Specificity": 0.9612518628912071, "AUC": 0.9928368828421711}, "Label_8": {"Optimal Threshold": 0.00884005706757307, "Accuracy": 0.8990450204638472, "Sensitivity": 1.0, "Specificity": 0.8987688098495212, "AUC": 0.9240766073871409}, "Label_9": {"Optimal Threshold": 0.0315685011446476, "Accuracy": 0.8908594815825375, "Sensitivity": 0.9375, "Specificity": 0.8887303851640513, "AUC": 0.9489568473609129}, "Label_10": {"Optimal Threshold": 0.012330298312008381, "Accuracy": 0.8267394270122783, "Sensitivity": 0.9444444444444444, "Specificity": 0.8237762237762237, "AUC": 0.923931623931624}, "Label_11": {"Optimal Threshold": 0.05153578147292137, "Accuracy": 0.9645293315143247, "Sensitivity": 0.9444444444444444, "Specificity": 0.965034965034965, "AUC": 0.9746697746697747}, "Label_12": {"Optimal Threshold": 0.17136302590370178, "Accuracy": 0.8894952251023193, "Sensitivity": 0.8627450980392157, "Specificity": 0.8914956011730205, "AUC": 0.9366913920993618}, "Overall": {"Accuracy": 0.9221324378213873, "Sensitivity": 0.9140771197834519, "Specificity": 0.9229550024214134, "AUC": 0.9539314559424071}}, "label_names": [[11, 5, 7, 3, 1, 0, 10, 2], [11, 5, 7, 12, 6, 9, 8, 4]]}