{"shared_labels": 0, "perf": [0.09290526062250137, 0.9757451415061951], "metrics": {"Label_0": {"Optimal Threshold": 0.06404410302639008, "Accuracy": 0.8908594815825375, "Sensitivity": 0.927536231884058, "Specificity": 0.8870481927710844, "AUC": 0.9614763401431815}, "Label_1": {"Optimal Threshold": 0.05941678583621979, "Accuracy": 0.9345156889495225, "Sensitivity": 0.9310344827586207, "Specificity": 0.9348148148148148, "AUC": 0.9822477650063857}, "Label_2": {"Optimal Threshold": 0.3557641804218292, "Accuracy": 0.91268758526603, "Sensitivity": 0.9342105263157895, "Specificity": 0.902970297029703, "AUC": 0.9740750390828558}, "Label_3": {"Optimal Threshold": 0.44089189171791077, "Accuracy": 0.927694406548431, "Sensitivity": 0.9140271493212669, "Specificity": 0.93359375, "AUC": 0.9754489536199096}, "Label_4": {"Optimal Threshold": 0.005401154514402151, "Accuracy": 0.8949522510231923, "Sensitivity": 1.0, "Specificity": 0.8939393939393939, "AUC": 0.9775678866587957}, "Label_5": {"Optimal Threshold": 0.004224083852022886, "Accuracy": 0.8512960436562074, "Sensitivity": 1.0, "Specificity": 0.8502747252747253, "AUC": 0.9491758241758241}, "Label_6": {"Optimal Threshold": 0.0368964746594429, "Accuracy": 0.956343792633015, "Sensitivity": 1.0, "Specificity": 0.9556786703601108, "AUC": 0.9818685469654999}, "Label_7": {"Optimal Threshold": 0.0849815309047699, "Accuracy": 0.9522510231923602, "Sensitivity": 1.0, "Specificity": 0.9478390461997019, "AUC": 0.9904571895581944}, "Label_8": {"Optimal Threshold": 0.004173887427896261, "Accuracy": 0.8649386084583902, "Sensitivity": 1.0, "Specificity": 0.8645690834473324, "AUC": 0.872093023255814}, "Label_9": {"Optimal Threshold": 0.022917423397302628, "Accuracy": 0.9331514324693042, "Sensitivity": 0.90625, "Specificity": 0.9343794579172611, "AUC": 0.9463712553495006}, "Label_10": {"Optimal Threshold": 0.010914149694144726, "Accuracy": 0.7216916780354706, "Sensitivity": 0.9444444444444444, "Specificity": 0.7160839160839161, "AUC": 0.8782439782439783}, "Label_11": {"Optimal Threshold": 0.0898665115237236, "Accuracy": 0.9877216916780355, "Sensitivity": 0.8888888888888888, "Specificity": 0.9902097902097902, "AUC": 0.9606060606060607}, "Label_12": {"Optimal Threshold": 0.05961925536394119, "Accuracy": 0.8813096862210096, "Sensitivity": 0.7843137254901961, "Specificity": 0.8885630498533724, "AUC": 0.907193375884078}, "Overall": {"Accuracy": 0.9007241053625774, "Sensitivity": 0.9408234960848667, "Specificity": 0.8999972452231698, "AUC": 0.9505250183500061}}, "label_names": [[7, 2, 10, 1, 0, 8, 12], [5, 6, 11, 3, 4, 9]]}