{"shared_labels": 0, "perf": [0.09893623739480972, 0.9733863472938538], "metrics": {"Label_0": {"Optimal Threshold": 0.13047383725643158, "Accuracy": 0.9167803547066848, "Sensitivity": 0.8115942028985508, "Specificity": 0.927710843373494, "AUC": 0.9402392177405273}, "Label_1": {"Optimal Threshold": 0.07747828960418701, "Accuracy": 0.8908594815825375, "Sensitivity": 0.9636363636363636, "Specificity": 0.8849557522123894, "AUC": 0.9786537945829982}, "Label_2": {"Optimal Threshold": 0.5174914598464966, "Accuracy": 0.9345156889495225, "Sensitivity": 0.9382239382239382, "Specificity": 0.9324894514767933, "AUC": 0.9771027809002492}, "Label_3": {"Optimal Threshold": 0.5837940573692322, "Accuracy": 0.9304229195088677, "Sensitivity": 0.9409448818897638, "Specificity": 0.9248434237995825, "AUC": 0.9752765768579554}, "Label_4": {"Optimal Threshold": 0.014115782454609871, "Accuracy": 0.9045020463847203, "Sensitivity": 0.8888888888888888, "Specificity": 0.9046961325966851, "AUC": 0.9231123388581952}, "Label_5": {"Optimal Threshold": 0.020291941240429878, "Accuracy": 0.946793997271487, "Sensitivity": 0.8571428571428571, "Specificity": 0.9476584022038568, "AUC": 0.9458874458874459}, "Label_6": {"Optimal Threshold": 0.006779113318771124, "Accuracy": 0.8308321964529332, "Sensitivity": 1.0, "Specificity": 0.8292011019283747, "AUC": 0.9622195985832349}, "Label_7": {"Optimal Threshold": 0.129377543926239, "Accuracy": 0.965893587994543, "Sensitivity": 0.984375, "Specificity": 0.9641255605381166, "AUC": 0.9902840059790733}, "Label_8": {"Optimal Threshold": 0.011067117564380169, "Accuracy": 0.9440654843110505, "Sensitivity": 1.0, "Specificity": 0.9432918395573997, "AUC": 0.9869986168741355}, "Label_9": {"Optimal Threshold": 0.10038314759731293, "Accuracy": 0.9331514324693042, "Sensitivity": 0.8611111111111112, "Specificity": 0.9368723098995696, "AUC": 0.9414952973059142}, "Label_10": {"Optimal Threshold": 0.04423854500055313, "Accuracy": 0.9017735334242838, "Sensitivity": 0.8571428571428571, "Specificity": 0.9026425591098748, "AUC": 0.90035763957878}, "Label_11": {"Optimal Threshold": 0.03922232985496521, "Accuracy": 0.9167803547066848, "Sensitivity": 0.9285714285714286, "Specificity": 0.9165507649513213, "AUC": 0.9615537452811446}, "Label_12": {"Optimal Threshold": 0.14012332260608673, "Accuracy": 0.8799454297407913, "Sensitivity": 0.7719298245614035, "Specificity": 0.8890532544378699, "AUC": 0.9004982871379633}, "Overall": {"Accuracy": 0.9151012698079545, "Sensitivity": 0.9079662580051664, "Specificity": 0.9156993381604099, "AUC": 0.9525907188898167}}, "label_names": [[9, 11, 7, 12, 0, 4, 3], [8, 5, 10, 2, 6, 1]]}