{"shared_labels": 3, "perf": [0.09805064648389816, 0.9719959497451782], "metrics": {"Label_0": {"Optimal Threshold": 0.037036944180727005, "Accuracy": 0.8649386084583902, "Sensitivity": 0.8695652173913043, "Specificity": 0.8644578313253012, "AUC": 0.9403920027937839}, "Label_1": {"Optimal Threshold": 0.19843140244483948, "Accuracy": 0.9618008185538881, "Sensitivity": 0.8909090909090909, "Specificity": 0.967551622418879, "AUC": 0.9809600429069456}, "Label_2": {"Optimal Threshold": 0.2908080518245697, "Accuracy": 0.9263301500682128, "Sensitivity": 0.9382239382239382, "Specificity": 0.919831223628692, "AUC": 0.9760601469462229}, "Label_3": {"Optimal Threshold": 0.1623545140028, "Accuracy": 0.9208731241473397, "Sensitivity": 0.952755905511811, "Specificity": 0.9039665970772442, "AUC": 0.9733286209787451}, "Label_4": {"Optimal Threshold": 0.022734709084033966, "Accuracy": 0.9699863574351978, "Sensitivity": 0.8888888888888888, "Specificity": 0.9709944751381215, "AUC": 0.9373848987108655}, "Label_5": {"Optimal Threshold": 0.0032072465401142836, "Accuracy": 0.7885402455661664, "Sensitivity": 1.0, "Specificity": 0.7865013774104683, "AUC": 0.944706808343172}, "Label_6": {"Optimal Threshold": 0.03873828426003456, "Accuracy": 0.927694406548431, "Sensitivity": 0.8571428571428571, "Specificity": 0.928374655647383, "AUC": 0.9433293978748525}, "Label_7": {"Optimal Threshold": 0.1296529322862625, "Accuracy": 0.9522510231923602, "Sensitivity": 0.96875, "Specificity": 0.9506726457399103, "AUC": 0.9879250747384155}, "Label_8": {"Optimal Threshold": 0.009514447301626205, "Accuracy": 0.9099590723055935, "Sensitivity": 1.0, "Specificity": 0.9087136929460581, "AUC": 0.9817427385892116}, "Label_9": {"Optimal Threshold": 0.017560824751853943, "Accuracy": 0.903137789904502, "Sensitivity": 0.9444444444444444, "Specificity": 0.9010043041606887, "AUC": 0.9459987246931294}, "Label_10": {"Optimal Threshold": 0.01611323468387127, "Accuracy": 0.7899045020463847, "Sensitivity": 0.9285714285714286, "Specificity": 0.7872044506258693, "AUC": 0.8632028611166302}, "Label_11": {"Optimal Threshold": 0.031971074640750885, "Accuracy": 0.9427012278308322, "Sensitivity": 1.0, "Specificity": 0.9415855354659249, "AUC": 0.9822173653884364}, "Label_12": {"Optimal Threshold": 0.16427679359912872, "Accuracy": 0.9085948158253752, "Sensitivity": 0.6842105263157895, "Specificity": 0.9275147928994083, "AUC": 0.8679798608948406}, "Overall": {"Accuracy": 0.9051317032217442, "Sensitivity": 0.9171894074922734, "Specificity": 0.9044902464987654, "AUC": 0.9480945033827115}}, "label_names": [[4, 2, 9, 12, 8, 11, 0, 7], [4, 2, 9, 6, 1, 10, 3, 5]]}