{"shared_labels": 3, "perf": [0.0907820612192154, 0.9764876365661621], "metrics": {"Label_0": {"Optimal Threshold": 0.06914310157299042, "Accuracy": 0.9304229195088677, "Sensitivity": 0.8405797101449275, "Specificity": 0.9397590361445783, "AUC": 0.9480530818927886}, "Label_1": {"Optimal Threshold": 0.1365150809288025, "Accuracy": 0.9440654843110505, "Sensitivity": 0.9482758620689655, "Specificity": 0.9437037037037037, "AUC": 0.9888888888888888}, "Label_2": {"Optimal Threshold": 0.3411579728126526, "Accuracy": 0.9154160982264665, "Sensitivity": 0.9254385964912281, "Specificity": 0.9108910891089109, "AUC": 0.969332985930172}, "Label_3": {"Optimal Threshold": 0.4210064113140106, "Accuracy": 0.9236016371077762, "Sensitivity": 0.9321266968325792, "Specificity": 0.919921875, "AUC": 0.9753782522624435}, "Label_4": {"Optimal Threshold": 0.00796845369040966, "Accuracy": 0.8567530695770805, "Sensitivity": 1.0, "Specificity": 0.8553719008264463, "AUC": 0.9671389216843762}, "Label_5": {"Optimal Threshold": 0.10530918091535568, "Accuracy": 0.9918144611186903, "Sensitivity": 0.8, "Specificity": 0.9931318681318682, "AUC": 0.9434065934065934}, "Label_6": {"Optimal Threshold": 0.013510871678590775, "Accuracy": 0.922237380627558, "Sensitivity": 1.0, "Specificity": 0.9210526315789473, "AUC": 0.9818685469654999}, "Label_7": {"Optimal Threshold": 0.14638948440551758, "Accuracy": 0.9604365620736699, "Sensitivity": 1.0, "Specificity": 0.9567809239940388, "AUC": 0.9928128455362722}, "Label_8": {"Optimal Threshold": 0.0024197374004870653, "Accuracy": 0.7407912687585266, "Sensitivity": 1.0, "Specificity": 0.7400820793433652, "AUC": 0.8132694938440492}, "Label_9": {"Optimal Threshold": 0.046685442328453064, "Accuracy": 0.8990450204638472, "Sensitivity": 0.90625, "Specificity": 0.8987161198288159, "AUC": 0.9488231098430813}, "Label_10": {"Optimal Threshold": 0.006485509220510721, "Accuracy": 0.7312414733969986, "Sensitivity": 1.0, "Specificity": 0.7244755244755244, "AUC": 0.9249417249417249}, "Label_11": {"Optimal Threshold": 0.04155288636684418, "Accuracy": 0.9413369713506139, "Sensitivity": 0.9444444444444444, "Specificity": 0.9412587412587412, "AUC": 0.9779331779331779}, "Label_12": {"Optimal Threshold": 0.08200002461671829, "Accuracy": 0.819918144611187, "Sensitivity": 0.8627450980392157, "Specificity": 0.8167155425219942, "AUC": 0.9242999252486919}, "Overall": {"Accuracy": 0.8905446531640255, "Sensitivity": 0.9353738775401047, "Specificity": 0.8893739258397642, "AUC": 0.9504728883367507}}, "label_names": [[3, 10, 6, 12, 7, 4, 2, 0], [3, 10, 6, 11, 9, 1, 5, 8]]}