{"shared_labels": 12, "perf": [0.08680657297372818, 0.9781069755554199], "metrics": {"Label_0": {"Optimal Threshold": 0.08074463158845901, "Accuracy": 0.9181446111869032, "Sensitivity": 0.8840579710144928, "Specificity": 0.9216867469879518, "AUC": 0.9677187008905186}, "Label_1": {"Optimal Threshold": 0.07745480537414551, "Accuracy": 0.9454297407912687, "Sensitivity": 0.9482758620689655, "Specificity": 0.9451851851851852, "AUC": 0.9883780332056195}, "Label_2": {"Optimal Threshold": 0.32578736543655396, "Accuracy": 0.922237380627558, "Sensitivity": 0.9254385964912281, "Specificity": 0.9207920792079208, "AUC": 0.9727722772277229}, "Label_3": {"Optimal Threshold": 0.38898858428001404, "Accuracy": 0.9304229195088677, "Sensitivity": 0.9140271493212669, "Specificity": 0.9375, "AUC": 0.9758908371040724}, "Label_4": {"Optimal Threshold": 0.028608540073037148, "Accuracy": 0.9508867667121419, "Sensitivity": 0.8571428571428571, "Specificity": 0.9517906336088154, "AUC": 0.9608421881149155}, "Label_5": {"Optimal Threshold": 0.0025065254885703325, "Accuracy": 0.7830832196452933, "Sensitivity": 1.0, "Specificity": 0.7815934065934066, "AUC": 0.9472527472527472}, "Label_6": {"Optimal Threshold": 0.012669362127780914, "Accuracy": 0.9058663028649386, "Sensitivity": 1.0, "Specificity": 0.9044321329639889, "AUC": 0.9782170737849408}, "Label_7": {"Optimal Threshold": 0.08342547714710236, "Accuracy": 0.9577080491132333, "Sensitivity": 1.0, "Specificity": 0.9538002980625931, "AUC": 0.9922359501947021}, "Label_8": {"Optimal Threshold": 0.002034098608419299, "Accuracy": 0.8035470668485676, "Sensitivity": 1.0, "Specificity": 0.8030095759233926, "AUC": 0.8358413132694938}, "Label_9": {"Optimal Threshold": 0.02460436336696148, "Accuracy": 0.9045020463847203, "Sensitivity": 0.9375, "Specificity": 0.9029957203994294, "AUC": 0.9475303138373752}, "Label_10": {"Optimal Threshold": 0.007073467131704092, "Accuracy": 0.6903137789904502, "Sensitivity": 1.0, "Specificity": 0.6825174825174826, "AUC": 0.9055167055167055}, "Label_11": {"Optimal Threshold": 0.01618044078350067, "Accuracy": 0.8990450204638472, "Sensitivity": 1.0, "Specificity": 0.8965034965034965, "AUC": 0.9803418803418803}, "Label_12": {"Optimal Threshold": 0.028037047013640404, "Accuracy": 0.7899045020463847, "Sensitivity": 0.9215686274509803, "Specificity": 0.7800586510263929, "AUC": 0.9367776436087631}, "Overall": {"Accuracy": 0.8770070311680135, "Sensitivity": 0.9529239279607532, "Specificity": 0.8755281083830813, "AUC": 0.9530242818730351}}, "label_names": [[12, 2, 1, 11, 5, 10, 3, 0, 9, 4, 8, 6, 7], [12, 2, 1, 11, 5, 10, 3, 0, 9, 4, 8, 6]]}