{"shared_labels": 12, "perf": [0.08655011653900146, 0.9766767024993896], "metrics": {"Label_0": {"Optimal Threshold": 0.05594766139984131, "Accuracy": 0.8935879945429741, "Sensitivity": 0.9130434782608695, "Specificity": 0.891566265060241, "AUC": 0.9690719399336476}, "Label_1": {"Optimal Threshold": 0.0863649919629097, "Accuracy": 0.956343792633015, "Sensitivity": 0.9482758620689655, "Specificity": 0.957037037037037, "AUC": 0.9883269476372925}, "Label_2": {"Optimal Threshold": 0.19528180360794067, "Accuracy": 0.9208731241473397, "Sensitivity": 0.9298245614035088, "Specificity": 0.9168316831683169, "AUC": 0.9725117248566961}, "Label_3": {"Optimal Threshold": 0.2414497435092926, "Accuracy": 0.931787175989086, "Sensitivity": 0.9276018099547512, "Specificity": 0.93359375, "AUC": 0.976085265837104}, "Label_4": {"Optimal Threshold": 0.0026136867236346006, "Accuracy": 0.8117326057298773, "Sensitivity": 1.0, "Specificity": 0.8099173553719008, "AUC": 0.9634002361275088}, "Label_5": {"Optimal Threshold": 0.06693290174007416, "Accuracy": 0.9727148703956344, "Sensitivity": 0.8, "Specificity": 0.9739010989010989, "AUC": 0.9467032967032968}, "Label_6": {"Optimal Threshold": 0.03118230774998665, "Accuracy": 0.931787175989086, "Sensitivity": 1.0, "Specificity": 0.9307479224376731, "AUC": 0.9778393351800554}, "Label_7": {"Optimal Threshold": 0.10044913738965988, "Accuracy": 0.9454297407912687, "Sensitivity": 1.0, "Specificity": 0.940387481371088, "AUC": 0.9897360703812316}, "Label_8": {"Optimal Threshold": 0.002047979738563299, "Accuracy": 0.800818553888131, "Sensitivity": 1.0, "Specificity": 0.8002735978112175, "AUC": 0.8406292749658003}, "Label_9": {"Optimal Threshold": 0.02306983806192875, "Accuracy": 0.903137789904502, "Sensitivity": 0.9375, "Specificity": 0.9015691868758916, "AUC": 0.9492689015691869}, "Label_10": {"Optimal Threshold": 0.01154588907957077, "Accuracy": 0.6903137789904502, "Sensitivity": 1.0, "Specificity": 0.6825174825174826, "AUC": 0.9003108003108004}, "Label_11": {"Optimal Threshold": 0.058961693197488785, "Accuracy": 0.9699863574351978, "Sensitivity": 0.9444444444444444, "Specificity": 0.9706293706293706, "AUC": 0.9815073815073815}, "Label_12": {"Optimal Threshold": 0.03284978121519089, "Accuracy": 0.7789904502046384, "Sensitivity": 0.9607843137254902, "Specificity": 0.7653958944281525, "AUC": 0.9429590017825312}, "Overall": {"Accuracy": 0.8851925700493232, "Sensitivity": 0.9508826515275407, "Specificity": 0.8826437019699593, "AUC": 0.9537192443686564}}, "label_names": [[5, 9, 0, 11, 6, 4, 12, 10, 8, 3, 2, 1, 7], [5, 9, 0, 11, 6, 4, 12, 10, 8, 3, 2, 1]]}