{"shared_labels": 6, "perf": [0.08940476179122925, 0.9776179194450378], "metrics": {"Label_0": {"Optimal Threshold": 0.11686438322067261, "Accuracy": 0.9345156889495225, "Sensitivity": 0.8918918918918919, "Specificity": 0.9393019726858877, "AUC": 0.962945494811959}, "Label_1": {"Optimal Threshold": 0.15776057541370392, "Accuracy": 0.9590723055934516, "Sensitivity": 0.9154929577464789, "Specificity": 0.9637462235649547, "AUC": 0.9866601421216119}, "Label_2": {"Optimal Threshold": 0.22159573435783386, "Accuracy": 0.9181446111869032, "Sensitivity": 0.9658119658119658, "Specificity": 0.8957915831663327, "AUC": 0.975052669441447}, "Label_3": {"Optimal Threshold": 0.3185839056968689, "Accuracy": 0.9140518417462483, "Sensitivity": 0.9513274336283186, "Specificity": 0.8974358974358975, "AUC": 0.9701349252064024}, "Label_4": {"Optimal Threshold": 0.011002596467733383, "Accuracy": 0.859481582537517, "Sensitivity": 1.0, "Specificity": 0.8579310344827586, "AUC": 0.9462068965517243}, "Label_5": {"Optimal Threshold": 0.00205716909840703, "Accuracy": 0.7844474761255116, "Sensitivity": 1.0, "Specificity": 0.782668500687758, "AUC": 0.9257221458046767}, "Label_6": {"Optimal Threshold": 0.009882720187306404, "Accuracy": 0.8935879945429741, "Sensitivity": 1.0, "Specificity": 0.8930041152263375, "AUC": 0.9591906721536351}, "Label_7": {"Optimal Threshold": 0.07174502313137054, "Accuracy": 0.9495225102319236, "Sensitivity": 0.9365079365079365, "Specificity": 0.9507462686567164, "AUC": 0.9854063018242122}, "Label_8": {"Optimal Threshold": 0.009047056548297405, "Accuracy": 0.9208731241473397, "Sensitivity": 1.0, "Specificity": 0.9204389574759945, "AUC": 0.9537037037037037}, "Label_9": {"Optimal Threshold": 0.09306077659130096, "Accuracy": 0.9263301500682128, "Sensitivity": 0.896551724137931, "Specificity": 0.9275568181818182, "AUC": 0.9454839341692789}, "Label_10": {"Optimal Threshold": 0.02354595437645912, "Accuracy": 0.8485675306957708, "Sensitivity": 1.0, "Specificity": 0.8460471567267683, "AUC": 0.944290337494221}, "Label_11": {"Optimal Threshold": 0.03002873994410038, "Accuracy": 0.9386084583901774, "Sensitivity": 0.9130434782608695, "Specificity": 0.9394366197183098, "AUC": 0.9740355174525414}, "Label_12": {"Optimal Threshold": 0.09648836404085159, "Accuracy": 0.9085948158253752, "Sensitivity": 0.8679245283018868, "Specificity": 0.9117647058823529, "AUC": 0.9351553829078803}, "Overall": {"Accuracy": 0.904292160772379, "Sensitivity": 0.9491193781759445, "Specificity": 0.9019899887609143, "AUC": 0.9587683172033302}}, "label_names": [[6, 0, 11, 12, 2, 9, 3, 1, 4, 7], [6, 0, 11, 12, 2, 9, 8, 10, 5]]}