{"shared_labels": 6, "perf": [0.08961432427167892, 0.9747653007507324], "metrics": {"Label_0": {"Optimal Threshold": 0.12151821702718735, "Accuracy": 0.9440654843110505, "Sensitivity": 0.8115942028985508, "Specificity": 0.9578313253012049, "AUC": 0.9508905185961237}, "Label_1": {"Optimal Threshold": 0.037217140197753906, "Accuracy": 0.9263301500682128, "Sensitivity": 0.9655172413793104, "Specificity": 0.922962962962963, "AUC": 0.9874329501915708}, "Label_2": {"Optimal Threshold": 0.5255455374717712, "Accuracy": 0.9304229195088677, "Sensitivity": 0.8991228070175439, "Specificity": 0.9445544554455445, "AUC": 0.9727722772277229}, "Label_3": {"Optimal Threshold": 0.37237629294395447, "Accuracy": 0.931787175989086, "Sensitivity": 0.918552036199095, "Specificity": 0.9375, "AUC": 0.9758112980769231}, "Label_4": {"Optimal Threshold": 0.20077183842658997, "Accuracy": 0.9863574351978172, "Sensitivity": 0.7142857142857143, "Specificity": 0.9889807162534435, "AUC": 0.9250295159386068}, "Label_5": {"Optimal Threshold": 0.0064365253783762455, "Accuracy": 0.800818553888131, "Sensitivity": 1.0, "Specificity": 0.7994505494505495, "AUC": 0.9252747252747252}, "Label_6": {"Optimal Threshold": 0.031129835173487663, "Accuracy": 0.9004092769440655, "Sensitivity": 0.9090909090909091, "Specificity": 0.9002770083102493, "AUC": 0.948753462603878}, "Label_7": {"Optimal Threshold": 0.14659014344215393, "Accuracy": 0.9672578444747613, "Sensitivity": 1.0, "Specificity": 0.9642324888226528, "AUC": 0.9938464496899188}, "Label_8": {"Optimal Threshold": 0.002545629395172, "Accuracy": 0.7489768076398363, "Sensitivity": 1.0, "Specificity": 0.7482900136798906, "AUC": 0.7708618331053352}, "Label_9": {"Optimal Threshold": 0.05582299456000328, "Accuracy": 0.9290586630286494, "Sensitivity": 0.875, "Specificity": 0.9315263908701854, "AUC": 0.9511858059914409}, "Label_10": {"Optimal Threshold": 0.009423114359378815, "Accuracy": 0.6834924965893588, "Sensitivity": 1.0, "Specificity": 0.6755244755244755, "AUC": 0.9048951048951048}, "Label_11": {"Optimal Threshold": 0.04599440470337868, "Accuracy": 0.9386084583901774, "Sensitivity": 0.8888888888888888, "Specificity": 0.9398601398601398, "AUC": 0.9646464646464646}, "Label_12": {"Optimal Threshold": 0.05403178185224533, "Accuracy": 0.8376534788540245, "Sensitivity": 0.9019607843137255, "Specificity": 0.8328445747800587, "AUC": 0.9447415329768272}, "Overall": {"Accuracy": 0.8865568265295415, "Sensitivity": 0.9141548141595184, "Specificity": 0.8879873154816429, "AUC": 0.939703226093434}}, "label_names": [[1, 12, 3, 10, 7, 2, 5, 11, 6, 9], [1, 12, 3, 10, 7, 2, 4, 8, 0]]}