{"shared_labels": 2, "perf": [0.09354125708341599, 0.9752163887023926], "metrics": {"Label_0": {"Optimal Threshold": 0.07463660836219788, "Accuracy": 0.9440654843110505, "Sensitivity": 0.8709677419354839, "Specificity": 0.9546875, "AUC": 0.966078629032258}, "Label_1": {"Optimal Threshold": 0.06141673028469086, "Accuracy": 0.9304229195088677, "Sensitivity": 0.9733333333333334, "Specificity": 0.925531914893617, "AUC": 0.9867679837892604}, "Label_2": {"Optimal Threshold": 0.22351349890232086, "Accuracy": 0.9181446111869032, "Sensitivity": 0.924901185770751, "Specificity": 0.9145833333333333, "AUC": 0.9690793807641634}, "Label_3": {"Optimal Threshold": 0.18475335836410522, "Accuracy": 0.9181446111869032, "Sensitivity": 0.9421487603305785, "Specificity": 0.9063136456211812, "AUC": 0.9725135075996028}, "Label_4": {"Optimal Threshold": 0.0003110354591626674, "Accuracy": 0.781718963165075, "Sensitivity": 0.9, "Specificity": 0.7800829875518672, "AUC": 0.8976486860304288}, "Label_5": {"Optimal Threshold": 0.004313946235924959, "Accuracy": 0.8731241473396999, "Sensitivity": 1.0, "Specificity": 0.871900826446281, "AUC": 0.9582841401023219}, "Label_6": {"Optimal Threshold": 0.04266097769141197, "Accuracy": 0.9686221009549796, "Sensitivity": 1.0, "Specificity": 0.9684065934065934, "AUC": 0.9873626373626374}, "Label_7": {"Optimal Threshold": 0.10294543951749802, "Accuracy": 0.9508867667121419, "Sensitivity": 0.9523809523809523, "Specificity": 0.9507462686567164, "AUC": 0.9818763326226013}, "Label_8": {"Optimal Threshold": 0.017253825441002846, "Accuracy": 0.9522510231923602, "Sensitivity": 1.0, "Specificity": 0.951856946354883, "AUC": 0.9816597890875746}, "Label_9": {"Optimal Threshold": 0.012584201991558075, "Accuracy": 0.8267394270122783, "Sensitivity": 1.0, "Specificity": 0.8203677510608204, "AUC": 0.9674681753889675}, "Label_10": {"Optimal Threshold": 0.019286883994936943, "Accuracy": 0.888130968622101, "Sensitivity": 0.8461538461538461, "Specificity": 0.8888888888888888, "AUC": 0.9028846153846153}, "Label_11": {"Optimal Threshold": 0.04500330984592438, "Accuracy": 0.9686221009549796, "Sensitivity": 1.0, "Specificity": 0.9678770949720671, "AUC": 0.9872658560630956}, "Label_12": {"Optimal Threshold": 0.10295610129833221, "Accuracy": 0.8935879945429741, "Sensitivity": 0.8703703703703703, "Specificity": 0.8954344624447718, "AUC": 0.9482354224622266}, "Overall": {"Accuracy": 0.9088047014377163, "Sensitivity": 0.9446350915596397, "Specificity": 0.9074367856639248, "AUC": 0.9620865504376733}}, "label_names": [[6, 12, 0, 10, 3, 11, 2, 4], [6, 12, 1, 9, 7, 8, 5]]}