{"shared_labels": 2, "perf": [0.09578313678503036, 0.9730797410011292], "metrics": {"Label_0": {"Optimal Threshold": 0.05036897584795952, "Accuracy": 0.9440654843110505, "Sensitivity": 0.855072463768116, "Specificity": 0.9533132530120482, "AUC": 0.9615418194517199}, "Label_1": {"Optimal Threshold": 0.014991838485002518, "Accuracy": 0.9427012278308322, "Sensitivity": 0.9655172413793104, "Specificity": 0.9407407407407408, "AUC": 0.9876117496807152}, "Label_2": {"Optimal Threshold": 0.3068881928920746, "Accuracy": 0.9167803547066848, "Sensitivity": 0.8991228070175439, "Specificity": 0.9247524752475248, "AUC": 0.9665363904811534}, "Label_3": {"Optimal Threshold": 0.45175617933273315, "Accuracy": 0.9331514324693042, "Sensitivity": 0.8914027149321267, "Specificity": 0.951171875, "AUC": 0.9724264705882353}, "Label_4": {"Optimal Threshold": 0.00325465458445251, "Accuracy": 0.8472032742155525, "Sensitivity": 1.0, "Specificity": 0.8457300275482094, "AUC": 0.970680834317198}, "Label_5": {"Optimal Threshold": 0.00469836313277483, "Accuracy": 0.8485675306957708, "Sensitivity": 1.0, "Specificity": 0.8475274725274725, "AUC": 0.9582417582417583}, "Label_6": {"Optimal Threshold": 0.006723981816321611, "Accuracy": 0.8717598908594816, "Sensitivity": 1.0, "Specificity": 0.8698060941828255, "AUC": 0.9628557038529338}, "Label_7": {"Optimal Threshold": 0.10619611293077469, "Accuracy": 0.9604365620736699, "Sensitivity": 0.9838709677419355, "Specificity": 0.9582712369597616, "AUC": 0.9903610403345993}, "Label_8": {"Optimal Threshold": 0.003683428280055523, "Accuracy": 0.8021828103683493, "Sensitivity": 1.0, "Specificity": 0.801641586867305, "AUC": 0.8358413132694938}, "Label_9": {"Optimal Threshold": 0.02455531433224678, "Accuracy": 0.8990450204638472, "Sensitivity": 0.90625, "Specificity": 0.8987161198288159, "AUC": 0.9423145506419403}, "Label_10": {"Optimal Threshold": 0.015173550695180893, "Accuracy": 0.8212824010914052, "Sensitivity": 0.8333333333333334, "Specificity": 0.820979020979021, "AUC": 0.9034188034188034}, "Label_11": {"Optimal Threshold": 0.016637390479445457, "Accuracy": 0.9263301500682128, "Sensitivity": 0.9444444444444444, "Specificity": 0.9258741258741259, "AUC": 0.9669774669774669}, "Label_12": {"Optimal Threshold": 0.07007099688053131, "Accuracy": 0.8772169167803547, "Sensitivity": 0.8235294117647058, "Specificity": 0.8812316715542522, "AUC": 0.9332413317233051}, "Overall": {"Accuracy": 0.891594081225732, "Sensitivity": 0.9309648757216552, "Specificity": 0.8938273615632386, "AUC": 0.9501576333061018}}, "label_names": [[1, 5, 2, 7, 3, 4, 6, 8], [1, 5, 11, 0, 10, 9, 12]]}