{"shared_labels": 7, "perf": [0.08985699713230133, 0.9756056070327759], "metrics": {"Label_0": {"Optimal Threshold": 0.11648067086935043, "Accuracy": 0.927694406548431, "Sensitivity": 0.8904109589041096, "Specificity": 0.9318181818181818, "AUC": 0.9671647986716478}, "Label_1": {"Optimal Threshold": 0.10790583491325378, "Accuracy": 0.9618008185538881, "Sensitivity": 0.9393939393939394, "Specificity": 0.9640179910044977, "AUC": 0.9885284630412068}, "Label_2": {"Optimal Threshold": 0.21140486001968384, "Accuracy": 0.9236016371077762, "Sensitivity": 0.9098360655737705, "Specificity": 0.9304703476482618, "AUC": 0.9706074625364578}, "Label_3": {"Optimal Threshold": 0.16086971759796143, "Accuracy": 0.9208731241473397, "Sensitivity": 0.9282700421940928, "Specificity": 0.9173387096774194, "AUC": 0.9725483190417858}, "Label_4": {"Optimal Threshold": 0.0023088103625923395, "Accuracy": 0.8321964529331515, "Sensitivity": 1.0, "Specificity": 0.8296398891966759, "AUC": 0.9554268446235206}, "Label_5": {"Optimal Threshold": 0.008478080853819847, "Accuracy": 0.8894952251023193, "Sensitivity": 1.0, "Specificity": 0.8888888888888888, "AUC": 0.9519890260631001}, "Label_6": {"Optimal Threshold": 0.2679423689842224, "Accuracy": 0.9877216916780355, "Sensitivity": 1.0, "Specificity": 0.987688098495212, "AUC": 0.9924760601915185}, "Label_7": {"Optimal Threshold": 0.16152852773666382, "Accuracy": 0.9508867667121419, "Sensitivity": 0.984375, "Specificity": 0.9476831091180867, "AUC": 0.9866405082212257}, "Label_8": {"Optimal Threshold": 0.07084376364946365, "Accuracy": 0.9740791268758526, "Sensitivity": 0.75, "Specificity": 0.9753086419753086, "AUC": 0.9029492455418381}, "Label_9": {"Optimal Threshold": 0.1673566699028015, "Accuracy": 0.9399727148703957, "Sensitivity": 0.9259259259259259, "Specificity": 0.9405099150141643, "AUC": 0.968313922988144}, "Label_10": {"Optimal Threshold": 0.04050348699092865, "Accuracy": 0.9085948158253752, "Sensitivity": 0.875, "Specificity": 0.9093444909344491, "AUC": 0.9419456066945606}, "Label_11": {"Optimal Threshold": 0.048768509179353714, "Accuracy": 0.9645293315143247, "Sensitivity": 1.0, "Specificity": 0.9638386648122392, "AUC": 0.985595072521359}, "Label_12": {"Optimal Threshold": 0.07074887305498123, "Accuracy": 0.8935879945429741, "Sensitivity": 0.8484848484848485, "Specificity": 0.8980509745127436, "AUC": 0.9391894961610104}, "Overall": {"Accuracy": 0.9288487774163079, "Sensitivity": 0.9270535984982066, "Specificity": 0.9295844540843177, "AUC": 0.9633365250997982}}, "label_names": [[11, 12, 7, 2, 8, 10, 1, 0, 5, 3], [11, 12, 7, 2, 8, 10, 1, 9, 4, 6]]}