{"shared_labels": 7, "perf": [0.08880576491355896, 0.9778963327407837], "metrics": {"Label_0": {"Optimal Threshold": 0.047000668942928314, "Accuracy": 0.8758526603001364, "Sensitivity": 0.9565217391304348, "Specificity": 0.8674698795180723, "AUC": 0.9722585996158547}, "Label_1": {"Optimal Threshold": 0.04373941943049431, "Accuracy": 0.9249658935879945, "Sensitivity": 0.9655172413793104, "Specificity": 0.9214814814814815, "AUC": 0.9875862068965517}, "Label_2": {"Optimal Threshold": 0.19859077036380768, "Accuracy": 0.9249658935879945, "Sensitivity": 0.9210526315789473, "Specificity": 0.9267326732673268, "AUC": 0.9745527184297378}, "Label_3": {"Optimal Threshold": 0.2503058910369873, "Accuracy": 0.9290586630286494, "Sensitivity": 0.9276018099547512, "Specificity": 0.9296875, "AUC": 0.9759968891402715}, "Label_4": {"Optimal Threshold": 0.0017385869286954403, "Accuracy": 0.7653478854024557, "Sensitivity": 1.0, "Specificity": 0.7630853994490359, "AUC": 0.9468713105076741}, "Label_5": {"Optimal Threshold": 0.0021583435591310263, "Accuracy": 0.772169167803547, "Sensitivity": 1.0, "Specificity": 0.7706043956043956, "AUC": 0.9428571428571428}, "Label_6": {"Optimal Threshold": 0.026459230110049248, "Accuracy": 0.9331514324693042, "Sensitivity": 1.0, "Specificity": 0.9321329639889196, "AUC": 0.9796021153361874}, "Label_7": {"Optimal Threshold": 0.13580307364463806, "Accuracy": 0.9699863574351978, "Sensitivity": 0.9838709677419355, "Specificity": 0.9687034277198212, "AUC": 0.9920676890534108}, "Label_8": {"Optimal Threshold": 0.009349475614726543, "Accuracy": 0.878581173260573, "Sensitivity": 1.0, "Specificity": 0.8782489740082079, "AUC": 0.8789329685362517}, "Label_9": {"Optimal Threshold": 0.04987609386444092, "Accuracy": 0.9072305593451568, "Sensitivity": 0.9375, "Specificity": 0.905848787446505, "AUC": 0.9510966476462197}, "Label_10": {"Optimal Threshold": 0.016850922256708145, "Accuracy": 0.8076398362892224, "Sensitivity": 0.9444444444444444, "Specificity": 0.8041958041958042, "AUC": 0.9078477078477079}, "Label_11": {"Optimal Threshold": 0.04091932252049446, "Accuracy": 0.9672578444747613, "Sensitivity": 0.9444444444444444, "Specificity": 0.9678321678321679, "AUC": 0.976923076923077}, "Label_12": {"Optimal Threshold": 0.05158226564526558, "Accuracy": 0.7312414733969986, "Sensitivity": 0.9411764705882353, "Specificity": 0.7155425219941349, "AUC": 0.904232074061296}, "Overall": {"Accuracy": 0.8759576031063071, "Sensitivity": 0.9632407499432696, "Specificity": 0.8731973828081439, "AUC": 0.9531403959116448}}, "label_names": [[8, 6, 11, 9, 0, 5, 2, 1, 4, 3], [8, 6, 11, 9, 0, 5, 2, 12, 7, 10]]}