{"shared_labels": 6, "perf": [0.09126543998718262, 0.9753971695899963], "metrics": {"Label_0": {"Optimal Threshold": 0.05418018996715546, "Accuracy": 0.9154160982264665, "Sensitivity": 0.8266666666666667, "Specificity": 0.925531914893617, "AUC": 0.9426342451874367}, "Label_1": {"Optimal Threshold": 0.009682773612439632, "Accuracy": 0.8717598908594816, "Sensitivity": 0.9833333333333333, "Specificity": 0.861812778603269, "AUC": 0.9803120356612185}, "Label_2": {"Optimal Threshold": 0.20638829469680786, "Accuracy": 0.9181446111869032, "Sensitivity": 0.9588477366255144, "Specificity": 0.8979591836734694, "AUC": 0.9756781725035694}, "Label_3": {"Optimal Threshold": 0.23023751378059387, "Accuracy": 0.9249658935879945, "Sensitivity": 0.9423868312757202, "Specificity": 0.9163265306122449, "AUC": 0.9749391114470479}, "Label_4": {"Optimal Threshold": 0.0445629246532917, "Accuracy": 0.9549795361527967, "Sensitivity": 0.8888888888888888, "Specificity": 0.9558011049723757, "AUC": 0.9694597912829958}, "Label_5": {"Optimal Threshold": 0.02662866748869419, "Accuracy": 0.9440654843110505, "Sensitivity": 1.0, "Specificity": 0.9434482758620689, "AUC": 0.9894827586206897}, "Label_6": {"Optimal Threshold": 0.022692766040563583, "Accuracy": 0.9331514324693042, "Sensitivity": 1.0, "Specificity": 0.9323204419889503, "AUC": 0.982965009208103}, "Label_7": {"Optimal Threshold": 0.1853705793619156, "Accuracy": 0.9577080491132333, "Sensitivity": 0.9322033898305084, "Specificity": 0.9599406528189911, "AUC": 0.9778956897852437}, "Label_8": {"Optimal Threshold": 0.012165229767560959, "Accuracy": 0.9263301500682128, "Sensitivity": 1.0, "Specificity": 0.9255172413793104, "AUC": 0.9739655172413793}, "Label_9": {"Optimal Threshold": 0.013391103595495224, "Accuracy": 0.8458390177353342, "Sensitivity": 0.9696969696969697, "Specificity": 0.84, "AUC": 0.9557142857142857}, "Label_10": {"Optimal Threshold": 0.0022712377831339836, "Accuracy": 0.6507503410641201, "Sensitivity": 1.0, "Specificity": 0.6454293628808865, "AUC": 0.8850415512465373}, "Label_11": {"Optimal Threshold": 0.020706776529550552, "Accuracy": 0.9440654843110505, "Sensitivity": 1.0, "Specificity": 0.9425770308123249, "AUC": 0.9858469703670942}, "Label_12": {"Optimal Threshold": 0.061934396624565125, "Accuracy": 0.8485675306957708, "Sensitivity": 0.9148936170212766, "Specificity": 0.8440233236151603, "AUC": 0.9425593945785001}, "Overall": {"Accuracy": 0.8950571938293629, "Sensitivity": 0.9551474948722212, "Specificity": 0.8915913724702051, "AUC": 0.9643457332957002}}, "label_names": [[11, 1, 2, 9, 5, 6, 10, 12, 0, 3], [11, 1, 2, 9, 5, 6, 8, 7, 4]]}