{"shared_labels": 6, "perf": [0.09269338846206665, 0.9752727746963501], "metrics": {"Label_0": {"Optimal Threshold": 0.05834759771823883, "Accuracy": 0.878581173260573, "Sensitivity": 0.9710144927536232, "Specificity": 0.8689759036144579, "AUC": 0.9730225248821373}, "Label_1": {"Optimal Threshold": 0.26043635606765747, "Accuracy": 0.9727148703956344, "Sensitivity": 0.896551724137931, "Specificity": 0.9792592592592593, "AUC": 0.9845466155810983}, "Label_2": {"Optimal Threshold": 0.5033268928527832, "Accuracy": 0.9236016371077762, "Sensitivity": 0.9210526315789473, "Specificity": 0.9247524752475248, "AUC": 0.975160673962133}, "Label_3": {"Optimal Threshold": 0.5526764988899231, "Accuracy": 0.9331514324693042, "Sensitivity": 0.9230769230769231, "Specificity": 0.9375, "AUC": 0.9777113970588235}, "Label_4": {"Optimal Threshold": 0.012051094323396683, "Accuracy": 0.8717598908594816, "Sensitivity": 1.0, "Specificity": 0.8705234159779615, "AUC": 0.975206611570248}, "Label_5": {"Optimal Threshold": 0.0040070549584925175, "Accuracy": 0.7667121418826739, "Sensitivity": 1.0, "Specificity": 0.7651098901098901, "AUC": 0.9403846153846154}, "Label_6": {"Optimal Threshold": 0.01151141058653593, "Accuracy": 0.9017735334242838, "Sensitivity": 0.9090909090909091, "Specificity": 0.9016620498614959, "AUC": 0.9516494585746663}, "Label_7": {"Optimal Threshold": 0.16745030879974365, "Accuracy": 0.9618008185538881, "Sensitivity": 1.0, "Specificity": 0.9582712369597616, "AUC": 0.9916830921590308}, "Label_8": {"Optimal Threshold": 0.0032704537734389305, "Accuracy": 0.7789904502046384, "Sensitivity": 1.0, "Specificity": 0.7783857729138167, "AUC": 0.8023255813953488}, "Label_9": {"Optimal Threshold": 0.03131559118628502, "Accuracy": 0.8485675306957708, "Sensitivity": 0.9375, "Specificity": 0.8445078459343794, "AUC": 0.9432952924393723}, "Label_10": {"Optimal Threshold": 0.01022555772215128, "Accuracy": 0.703956343792633, "Sensitivity": 1.0, "Specificity": 0.6965034965034965, "AUC": 0.9081585081585082}, "Label_11": {"Optimal Threshold": 0.012064823880791664, "Accuracy": 0.8567530695770805, "Sensitivity": 1.0, "Specificity": 0.8531468531468531, "AUC": 0.964024864024864}, "Label_12": {"Optimal Threshold": 0.13220201432704926, "Accuracy": 0.8390177353342428, "Sensitivity": 0.7647058823529411, "Specificity": 0.844574780058651, "AUC": 0.8742165487896038}, "Overall": {"Accuracy": 0.8644138944275371, "Sensitivity": 0.9479225048454827, "Specificity": 0.8633209984298111, "AUC": 0.94318352184465}}, "label_names": [[0, 2, 3, 5, 10, 8, 12, 4, 7, 11], [0, 2, 3, 5, 10, 8, 9, 6, 1]]}