{"shared_labels": 1, "perf": [0.09656665474176407, 0.9716129302978516], "metrics": {"Label_0": {"Optimal Threshold": 0.052428897470235825, "Accuracy": 0.8922237380627558, "Sensitivity": 0.8452380952380952, "Specificity": 0.8983050847457628, "AUC": 0.9402560716120039}, "Label_1": {"Optimal Threshold": 0.16788378357887268, "Accuracy": 0.9536152796725784, "Sensitivity": 0.855072463768116, "Specificity": 0.963855421686747, "AUC": 0.9697267330190327}, "Label_2": {"Optimal Threshold": 0.2106119692325592, "Accuracy": 0.9058663028649386, "Sensitivity": 0.9354838709677419, "Specificity": 0.8934108527131783, "AUC": 0.9730646947451148}, "Label_3": {"Optimal Threshold": 0.07775142043828964, "Accuracy": 0.8813096862210096, "Sensitivity": 0.9805825242718447, "Specificity": 0.8425047438330171, "AUC": 0.9685156868885981}, "Label_4": {"Optimal Threshold": 0.025110987946391106, "Accuracy": 0.9195088676671214, "Sensitivity": 1.0, "Specificity": 0.9189560439560439, "AUC": 0.971978021978022}, "Label_5": {"Optimal Threshold": 0.008273901417851448, "Accuracy": 0.878581173260573, "Sensitivity": 1.0, "Specificity": 0.8777472527472527, "AUC": 0.9618131868131868}, "Label_6": {"Optimal Threshold": 0.08585851639509201, "Accuracy": 0.9713506139154161, "Sensitivity": 1.0, "Specificity": 0.9711141678129298, "AUC": 0.9880788629069234}, "Label_7": {"Optimal Threshold": 0.1417742520570755, "Accuracy": 0.9618008185538881, "Sensitivity": 0.9672131147540983, "Specificity": 0.9613095238095238, "AUC": 0.9878268930523029}, "Label_8": {"Optimal Threshold": 0.03490561246871948, "Accuracy": 0.9536152796725784, "Sensitivity": 1.0, "Specificity": 0.953103448275862, "AUC": 0.9737931034482759}, "Label_9": {"Optimal Threshold": 0.03856140375137329, "Accuracy": 0.8922237380627558, "Sensitivity": 0.967741935483871, "Specificity": 0.8888888888888888, "AUC": 0.9738535061115706}, "Label_10": {"Optimal Threshold": 0.01624150760471821, "Accuracy": 0.7462482946793997, "Sensitivity": 0.75, "Specificity": 0.7462068965517241, "AUC": 0.82}, "Label_11": {"Optimal Threshold": 0.03611699119210243, "Accuracy": 0.9427012278308322, "Sensitivity": 0.92, "Specificity": 0.943502824858757, "AUC": 0.9763276836158192}, "Label_12": {"Optimal Threshold": 0.060522761195898056, "Accuracy": 0.8553888130968622, "Sensitivity": 0.8421052631578947, "Specificity": 0.856508875739645, "AUC": 0.9149018997197135}, "Overall": {"Accuracy": 0.9041872179662085, "Sensitivity": 0.9279567128955126, "Specificity": 0.9011856942784102, "AUC": 0.9553951033777358}}, "label_names": [[2, 6, 7, 8, 9, 3, 10], [2, 1, 11, 4, 12, 0, 5]]}