{"shared_labels": 1, "perf": [0.09412037581205368, 0.9735636711120605], "metrics": {"Label_0": {"Optimal Threshold": 0.023426568135619164, "Accuracy": 0.9004092769440655, "Sensitivity": 0.9130434782608695, "Specificity": 0.8990963855421686, "AUC": 0.9686572376462371}, "Label_1": {"Optimal Threshold": 0.05499303340911865, "Accuracy": 0.9522510231923602, "Sensitivity": 0.9482758620689655, "Specificity": 0.9525925925925925, "AUC": 0.9837547892720306}, "Label_2": {"Optimal Threshold": 0.318067342042923, "Accuracy": 0.927694406548431, "Sensitivity": 0.9210526315789473, "Specificity": 0.9306930693069307, "AUC": 0.9741618898731979}, "Label_3": {"Optimal Threshold": 0.29878920316696167, "Accuracy": 0.927694406548431, "Sensitivity": 0.9366515837104072, "Specificity": 0.923828125, "AUC": 0.9758996747737556}, "Label_4": {"Optimal Threshold": 0.0169613528996706, "Accuracy": 0.9549795361527967, "Sensitivity": 0.8571428571428571, "Specificity": 0.9559228650137741, "AUC": 0.953758362849272}, "Label_5": {"Optimal Threshold": 0.05819718912243843, "Accuracy": 0.9795361527967258, "Sensitivity": 0.8, "Specificity": 0.9807692307692307, "AUC": 0.9228021978021977}, "Label_6": {"Optimal Threshold": 0.023667635396122932, "Accuracy": 0.9358799454297408, "Sensitivity": 1.0, "Specificity": 0.9349030470914127, "AUC": 0.9824981113069755}, "Label_7": {"Optimal Threshold": 0.05249563604593277, "Accuracy": 0.9522510231923602, "Sensitivity": 1.0, "Specificity": 0.9478390461997019, "AUC": 0.9917792413826259}, "Label_8": {"Optimal Threshold": 0.0011789471609517932, "Accuracy": 0.7421555252387448, "Sensitivity": 1.0, "Specificity": 0.7414500683994528, "AUC": 0.8296853625170999}, "Label_9": {"Optimal Threshold": 0.007104594260454178, "Accuracy": 0.8267394270122783, "Sensitivity": 0.96875, "Specificity": 0.8202567760342369, "AUC": 0.9440531383737518}, "Label_10": {"Optimal Threshold": 0.0029423667583614588, "Accuracy": 0.6916780354706685, "Sensitivity": 1.0, "Specificity": 0.6839160839160839, "AUC": 0.8878010878010878}, "Label_11": {"Optimal Threshold": 0.008230459876358509, "Accuracy": 0.8663028649386084, "Sensitivity": 1.0, "Specificity": 0.862937062937063, "AUC": 0.9728049728049728}, "Label_12": {"Optimal Threshold": 0.09442038834095001, "Accuracy": 0.7680763983628922, "Sensitivity": 0.9411764705882353, "Specificity": 0.7551319648093842, "AUC": 0.9169110459433041}, "Overall": {"Accuracy": 0.8788960016790848, "Sensitivity": 0.9450840679500216, "Specificity": 0.876102793662464, "AUC": 0.9465051624881932}}, "label_names": [[2, 3, 12, 1, 10, 9, 7], [2, 4, 6, 5, 0, 8, 11]]}