{"shared_labels": 10, "perf": [0.08897586911916733, 0.9781866669654846], "metrics": {"Label_0": {"Optimal Threshold": 0.13943728804588318, "Accuracy": 0.9331514324693042, "Sensitivity": 0.9178082191780822, "Specificity": 0.9348484848484848, "AUC": 0.9780406807804067}, "Label_1": {"Optimal Threshold": 0.0544346384704113, "Accuracy": 0.9358799454297408, "Sensitivity": 0.9552238805970149, "Specificity": 0.933933933933934, "AUC": 0.98545560485859}, "Label_2": {"Optimal Threshold": 0.6181869506835938, "Accuracy": 0.9208731241473397, "Sensitivity": 0.8732394366197183, "Specificity": 0.9403846153846154, "AUC": 0.9670910075839654}, "Label_3": {"Optimal Threshold": 0.24326512217521667, "Accuracy": 0.8990450204638472, "Sensitivity": 0.9565217391304348, "Specificity": 0.876425855513308, "AUC": 0.9707022281001451}, "Label_4": {"Optimal Threshold": 0.017060749232769012, "Accuracy": 0.9208731241473397, "Sensitivity": 0.8333333333333334, "Specificity": 0.921595598349381, "AUC": 0.9154057771664373}, "Label_5": {"Optimal Threshold": 0.0010362199973315, "Accuracy": 0.7489768076398363, "Sensitivity": 1.0, "Specificity": 0.747599451303155, "AUC": 0.923525377229081}, "Label_6": {"Optimal Threshold": 0.013475942425429821, "Accuracy": 0.9181446111869032, "Sensitivity": 1.0, "Specificity": 0.9172413793103448, "AUC": 0.9710344827586207}, "Label_7": {"Optimal Threshold": 0.17303776741027832, "Accuracy": 0.9672578444747613, "Sensitivity": 0.9076923076923077, "Specificity": 0.9730538922155688, "AUC": 0.9809074159373561}, "Label_8": {"Optimal Threshold": 0.025843661278486252, "Accuracy": 0.9604365620736699, "Sensitivity": 1.0, "Specificity": 0.96, "AUC": 0.9862068965517241}, "Label_9": {"Optimal Threshold": 0.146264910697937, "Accuracy": 0.9522510231923602, "Sensitivity": 0.9333333333333333, "Specificity": 0.9530583214793741, "AUC": 0.979706021811285}, "Label_10": {"Optimal Threshold": 0.028879357501864433, "Accuracy": 0.8731241473396999, "Sensitivity": 1.0, "Specificity": 0.871012482662968, "AUC": 0.956426259824318}, "Label_11": {"Optimal Threshold": 0.036461520940065384, "Accuracy": 0.956343792633015, "Sensitivity": 1.0, "Specificity": 0.9553695955369595, "AUC": 0.9836122733612273}, "Label_12": {"Optimal Threshold": 0.11407532542943954, "Accuracy": 0.8553888130968622, "Sensitivity": 0.8490566037735849, "Specificity": 0.8558823529411764, "AUC": 0.9041065482796893}, "Overall": {"Accuracy": 0.9109035575611292, "Sensitivity": 0.9404776041275239, "Specificity": 0.9108004587291745, "AUC": 0.9617092749417574}}, "label_names": [[6, 7, 9, 1, 2, 0, 11, 12, 4, 8, 10, 3], [6, 7, 9, 1, 2, 0, 11, 12, 4, 8, 5]]}