{"shared_labels": 9, "perf": [0.08952973783016205, 0.976560652256012], "metrics": {"Label_0": {"Optimal Threshold": 0.10529237985610962, "Accuracy": 0.9386084583901774, "Sensitivity": 0.8695652173913043, "Specificity": 0.9457831325301205, "AUC": 0.9703160467958791}, "Label_1": {"Optimal Threshold": 0.05163571238517761, "Accuracy": 0.9495225102319236, "Sensitivity": 0.9655172413793104, "Specificity": 0.9481481481481482, "AUC": 0.9892464878671775}, "Label_2": {"Optimal Threshold": 0.37362298369407654, "Accuracy": 0.9208731241473397, "Sensitivity": 0.868421052631579, "Specificity": 0.9445544554455445, "AUC": 0.9643998610387354}, "Label_3": {"Optimal Threshold": 0.4474332630634308, "Accuracy": 0.9290586630286494, "Sensitivity": 0.8778280542986425, "Specificity": 0.951171875, "AUC": 0.9677425056561086}, "Label_4": {"Optimal Threshold": 0.10609022527933121, "Accuracy": 0.9836289222373806, "Sensitivity": 0.8571428571428571, "Specificity": 0.9848484848484849, "AUC": 0.9730421094057458}, "Label_5": {"Optimal Threshold": 0.06281998008489609, "Accuracy": 0.9727148703956344, "Sensitivity": 0.8, "Specificity": 0.9739010989010989, "AUC": 0.9401098901098901}, "Label_6": {"Optimal Threshold": 0.04224248230457306, "Accuracy": 0.9399727148703957, "Sensitivity": 1.0, "Specificity": 0.9390581717451524, "AUC": 0.9804835054142534}, "Label_7": {"Optimal Threshold": 0.119559146463871, "Accuracy": 0.9590723055934516, "Sensitivity": 1.0, "Specificity": 0.9552906110283159, "AUC": 0.9917071294649296}, "Label_8": {"Optimal Threshold": 0.0018573375418782234, "Accuracy": 0.8062755798090041, "Sensitivity": 1.0, "Specificity": 0.8057455540355677, "AUC": 0.8255813953488372}, "Label_9": {"Optimal Threshold": 0.00964971724897623, "Accuracy": 0.8854024556616644, "Sensitivity": 0.96875, "Specificity": 0.8815977175463623, "AUC": 0.9527460770328103}, "Label_10": {"Optimal Threshold": 0.014283645898103714, "Accuracy": 0.8158253751705321, "Sensitivity": 0.8888888888888888, "Specificity": 0.813986013986014, "AUC": 0.927039627039627}, "Label_11": {"Optimal Threshold": 0.019739151000976562, "Accuracy": 0.927694406548431, "Sensitivity": 0.9444444444444444, "Specificity": 0.9272727272727272, "AUC": 0.9774669774669775}, "Label_12": {"Optimal Threshold": 0.05069025978446007, "Accuracy": 0.8362892223738063, "Sensitivity": 0.9215686274509803, "Specificity": 0.8299120234604106, "AUC": 0.9468978207118625}, "Overall": {"Accuracy": 0.9126875852660299, "Sensitivity": 0.9201635679713852, "Specificity": 0.9154823087652268, "AUC": 0.9543676487194488}}, "label_names": [[10, 8, 11, 0, 6, 5, 9, 12, 1, 3, 2], [10, 8, 11, 0, 6, 5, 9, 12, 1, 7, 4]]}