{"shared_labels": 9, "perf": [0.08732857555150986, 0.9786928296089172], "metrics": {"Label_0": {"Optimal Threshold": 0.07848557829856873, "Accuracy": 0.9195088676671214, "Sensitivity": 0.9130434782608695, "Specificity": 0.9201807228915663, "AUC": 0.9705343111576742}, "Label_1": {"Optimal Threshold": 0.03866128623485565, "Accuracy": 0.927694406548431, "Sensitivity": 0.9827586206896551, "Specificity": 0.922962962962963, "AUC": 0.9898850574712643}, "Label_2": {"Optimal Threshold": 0.2169271856546402, "Accuracy": 0.91268758526603, "Sensitivity": 0.9210526315789473, "Specificity": 0.9089108910891089, "AUC": 0.967787041862081}, "Label_3": {"Optimal Threshold": 0.20211997628211975, "Accuracy": 0.9181446111869032, "Sensitivity": 0.9411764705882353, "Specificity": 0.908203125, "AUC": 0.9723734445701357}, "Label_4": {"Optimal Threshold": 0.006609569303691387, "Accuracy": 0.869031377899045, "Sensitivity": 1.0, "Specificity": 0.8677685950413223, "AUC": 0.9763872491145218}, "Label_5": {"Optimal Threshold": 0.006535591557621956, "Accuracy": 0.8294679399727148, "Sensitivity": 1.0, "Specificity": 0.8282967032967034, "AUC": 0.9549450549450549}, "Label_6": {"Optimal Threshold": 0.015303084626793861, "Accuracy": 0.9236016371077762, "Sensitivity": 1.0, "Specificity": 0.9224376731301939, "AUC": 0.9777134223117602}, "Label_7": {"Optimal Threshold": 0.168212428689003, "Accuracy": 0.9577080491132333, "Sensitivity": 1.0, "Specificity": 0.9538002980625931, "AUC": 0.9909379356761694}, "Label_8": {"Optimal Threshold": 0.0033156131394207478, "Accuracy": 0.8076398362892224, "Sensitivity": 1.0, "Specificity": 0.8071135430916553, "AUC": 0.847469220246238}, "Label_9": {"Optimal Threshold": 0.029578538611531258, "Accuracy": 0.8908594815825375, "Sensitivity": 0.96875, "Specificity": 0.8873038516405135, "AUC": 0.9528798145506419}, "Label_10": {"Optimal Threshold": 0.0053283171728253365, "Accuracy": 0.7312414733969986, "Sensitivity": 1.0, "Specificity": 0.7244755244755244, "AUC": 0.9268842268842269}, "Label_11": {"Optimal Threshold": 0.018438637256622314, "Accuracy": 0.9440654843110505, "Sensitivity": 0.9444444444444444, "Specificity": 0.9440559440559441, "AUC": 0.9782439782439782}, "Label_12": {"Optimal Threshold": 0.11588732153177261, "Accuracy": 0.8922237380627558, "Sensitivity": 0.8627450980392157, "Specificity": 0.8944281524926686, "AUC": 0.9513253981944683}, "Overall": {"Accuracy": 0.8864518837233708, "Sensitivity": 0.9641515956616437, "Specificity": 0.883841383633135, "AUC": 0.9582589350175549}}, "label_names": [[4, 11, 5, 9, 1, 12, 6, 8, 10, 3, 2], [4, 11, 5, 9, 1, 12, 6, 8, 10, 7, 0]]}