{"shared_labels": 7, "perf": [0.09180089086294174, 0.9764942526817322], "metrics": {"Label_0": {"Optimal Threshold": 0.05621799826622009, "Accuracy": 0.8854024556616644, "Sensitivity": 0.9047619047619048, "Specificity": 0.8828967642526965, "AUC": 0.9517022525497102}, "Label_1": {"Optimal Threshold": 0.1100735142827034, "Accuracy": 0.9440654843110505, "Sensitivity": 0.9130434782608695, "Specificity": 0.947289156626506, "AUC": 0.983695652173913}, "Label_2": {"Optimal Threshold": 0.3452467620372772, "Accuracy": 0.9154160982264665, "Sensitivity": 0.8847926267281107, "Specificity": 0.9282945736434108, "AUC": 0.9625531382845711}, "Label_3": {"Optimal Threshold": 0.22724278271198273, "Accuracy": 0.9113233287858117, "Sensitivity": 0.912621359223301, "Specificity": 0.9108159392789373, "AUC": 0.9610729352812217}, "Label_4": {"Optimal Threshold": 0.027553295716643333, "Accuracy": 0.9004092769440655, "Sensitivity": 1.0, "Specificity": 0.8997252747252747, "AUC": 0.9656593406593407}, "Label_5": {"Optimal Threshold": 0.002707344014197588, "Accuracy": 0.7899045020463847, "Sensitivity": 1.0, "Specificity": 0.7884615384615384, "AUC": 0.9513736263736264}, "Label_6": {"Optimal Threshold": 0.09409190714359283, "Accuracy": 0.9795361527967258, "Sensitivity": 1.0, "Specificity": 0.9793672627235214, "AUC": 0.994268684089867}, "Label_7": {"Optimal Threshold": 0.11012348532676697, "Accuracy": 0.965893587994543, "Sensitivity": 0.9836065573770492, "Specificity": 0.9642857142857143, "AUC": 0.9878024980483997}, "Label_8": {"Optimal Threshold": 0.008126111701130867, "Accuracy": 0.903137789904502, "Sensitivity": 1.0, "Specificity": 0.9020689655172414, "AUC": 0.9708620689655172}, "Label_9": {"Optimal Threshold": 0.07204973697662354, "Accuracy": 0.927694406548431, "Sensitivity": 0.9354838709677419, "Specificity": 0.9273504273504274, "AUC": 0.9772079772079773}, "Label_10": {"Optimal Threshold": 0.013631537556648254, "Accuracy": 0.7653478854024557, "Sensitivity": 1.0, "Specificity": 0.7627586206896552, "AUC": 0.9201724137931034}, "Label_11": {"Optimal Threshold": 0.04379795119166374, "Accuracy": 0.9522510231923602, "Sensitivity": 1.0, "Specificity": 0.9505649717514124, "AUC": 0.9858757062146892}, "Label_12": {"Optimal Threshold": 0.10344614088535309, "Accuracy": 0.8990450204638472, "Sensitivity": 0.8947368421052632, "Specificity": 0.8994082840236687, "AUC": 0.9416848333852382}, "Overall": {"Accuracy": 0.9030328470983313, "Sensitivity": 0.9560805107249416, "Specificity": 0.9033298071792311, "AUC": 0.9656870097713212}}, "label_names": [[12, 6, 0, 9, 1, 11, 10, 7, 2, 3], [12, 6, 0, 9, 1, 11, 10, 5, 8, 4]]}