{"shared_labels": 8, "perf": [0.0883106142282486, 0.9755510687828064], "metrics": {"Label_0": {"Optimal Threshold": 0.06638439744710922, "Accuracy": 0.8813096862210096, "Sensitivity": 0.9565217391304348, "Specificity": 0.8734939759036144, "AUC": 0.9711454513707003}, "Label_1": {"Optimal Threshold": 0.11333758383989334, "Accuracy": 0.9508867667121419, "Sensitivity": 0.9482758620689655, "Specificity": 0.9511111111111111, "AUC": 0.9895785440613026}, "Label_2": {"Optimal Threshold": 0.2522767186164856, "Accuracy": 0.9236016371077762, "Sensitivity": 0.9342105263157895, "Specificity": 0.9188118811881189, "AUC": 0.9730849400729547}, "Label_3": {"Optimal Threshold": 0.2434447854757309, "Accuracy": 0.9263301500682128, "Sensitivity": 0.9276018099547512, "Specificity": 0.92578125, "AUC": 0.974609375}, "Label_4": {"Optimal Threshold": 0.02885650284588337, "Accuracy": 0.9399727148703957, "Sensitivity": 0.8571428571428571, "Specificity": 0.940771349862259, "AUC": 0.9600550964187328}, "Label_5": {"Optimal Threshold": 0.06735950708389282, "Accuracy": 0.9713506139154161, "Sensitivity": 0.8, "Specificity": 0.9725274725274725, "AUC": 0.9392857142857143}, "Label_6": {"Optimal Threshold": 0.008330410346388817, "Accuracy": 0.8894952251023193, "Sensitivity": 1.0, "Specificity": 0.8878116343490304, "AUC": 0.9751951649458575}, "Label_7": {"Optimal Threshold": 0.15455351769924164, "Accuracy": 0.9645293315143247, "Sensitivity": 1.0, "Specificity": 0.9612518628912071, "AUC": 0.9926926590067785}, "Label_8": {"Optimal Threshold": 0.001267110463231802, "Accuracy": 0.7735334242837654, "Sensitivity": 1.0, "Specificity": 0.7729138166894665, "AUC": 0.7954856361149111}, "Label_9": {"Optimal Threshold": 0.03562513738870621, "Accuracy": 0.9167803547066848, "Sensitivity": 0.875, "Specificity": 0.9186875891583453, "AUC": 0.9457025677603423}, "Label_10": {"Optimal Threshold": 0.006329320836812258, "Accuracy": 0.7053206002728513, "Sensitivity": 0.9444444444444444, "Specificity": 0.6993006993006993, "AUC": 0.9073815073815074}, "Label_11": {"Optimal Threshold": 0.013134853914380074, "Accuracy": 0.9386084583901774, "Sensitivity": 1.0, "Specificity": 0.9370629370629371, "AUC": 0.9852369852369853}, "Label_12": {"Optimal Threshold": 0.11586994677782059, "Accuracy": 0.888130968622101, "Sensitivity": 0.7254901960784313, "Specificity": 0.9002932551319648, "AUC": 0.8938243919268587}, "Overall": {"Accuracy": 0.8976807639836288, "Sensitivity": 0.9206682642412057, "Specificity": 0.8969091411674022, "AUC": 0.9464060025832806}}, "label_names": [[4, 0, 8, 11, 6, 1, 7, 10, 3, 5, 12], [4, 0, 8, 11, 6, 1, 7, 10, 2, 9]]}