{"shared_labels": 8, "perf": [0.08895611017942429, 0.9753239750862122], "metrics": {"Label_0": {"Optimal Threshold": 0.15311093628406525, "Accuracy": 0.9386084583901774, "Sensitivity": 0.8709677419354839, "Specificity": 0.9484375, "AUC": 0.9578125000000001}, "Label_1": {"Optimal Threshold": 0.12326459586620331, "Accuracy": 0.9481582537517054, "Sensitivity": 0.96, "Specificity": 0.9468085106382979, "AUC": 0.9872137791286727}, "Label_2": {"Optimal Threshold": 0.39828431606292725, "Accuracy": 0.931787175989086, "Sensitivity": 0.8972332015810277, "Specificity": 0.95, "AUC": 0.9719120553359684}, "Label_3": {"Optimal Threshold": 0.29735586047172546, "Accuracy": 0.9236016371077762, "Sensitivity": 0.9421487603305785, "Specificity": 0.9144602851323829, "AUC": 0.9775799094443789}, "Label_4": {"Optimal Threshold": 0.0016329403733834624, "Accuracy": 0.8458390177353342, "Sensitivity": 0.9, "Specificity": 0.8450899031811895, "AUC": 0.9128630705394191}, "Label_5": {"Optimal Threshold": 0.0006095027201808989, "Accuracy": 0.7435197817189632, "Sensitivity": 1.0, "Specificity": 0.7410468319559229, "AUC": 0.9268004722550178}, "Label_6": {"Optimal Threshold": 0.016061512753367424, "Accuracy": 0.9386084583901774, "Sensitivity": 1.0, "Specificity": 0.9381868131868132, "AUC": 0.9799450549450549}, "Label_7": {"Optimal Threshold": 0.07879488915205002, "Accuracy": 0.965893587994543, "Sensitivity": 0.9523809523809523, "Specificity": 0.9671641791044776, "AUC": 0.9861644160151622}, "Label_8": {"Optimal Threshold": 0.0021605982910841703, "Accuracy": 0.869031377899045, "Sensitivity": 1.0, "Specificity": 0.8679504814305364, "AUC": 0.9543787253553416}, "Label_9": {"Optimal Threshold": 0.016926627606153488, "Accuracy": 0.8431105047748977, "Sensitivity": 1.0, "Specificity": 0.8373408769448374, "AUC": 0.975084321618975}, "Label_10": {"Optimal Threshold": 0.03155921399593353, "Accuracy": 0.9004092769440655, "Sensitivity": 0.8461538461538461, "Specificity": 0.9013888888888889, "AUC": 0.9191239316239317}, "Label_11": {"Optimal Threshold": 0.035519007593393326, "Accuracy": 0.9713506139154161, "Sensitivity": 1.0, "Specificity": 0.9706703910614525, "AUC": 0.9856227407163983}, "Label_12": {"Optimal Threshold": 0.15660467743873596, "Accuracy": 0.9045020463847203, "Sensitivity": 0.8333333333333334, "Specificity": 0.9101620029455081, "AUC": 0.9419625811378389}, "Overall": {"Accuracy": 0.9018784762304546, "Sensitivity": 0.9386321412088633, "Specificity": 0.9029774357284851, "AUC": 0.9597279660089354}}, "label_names": [[4, 10, 12, 3, 9, 8, 1, 7, 11, 6, 2], [4, 10, 12, 3, 9, 8, 1, 7, 5, 0]]}