{"shared_labels": 1, "perf": [0.09783437848091125, 0.9710701704025269], "metrics": {"Label_0": {"Optimal Threshold": 0.09949982911348343, "Accuracy": 0.9085948158253752, "Sensitivity": 0.9452054794520548, "Specificity": 0.9045454545454545, "AUC": 0.9701535907015358}, "Label_1": {"Optimal Threshold": 0.039902910590171814, "Accuracy": 0.937244201909959, "Sensitivity": 0.9696969696969697, "Specificity": 0.9340329835082459, "AUC": 0.9879605651719595}, "Label_2": {"Optimal Threshold": 0.19265522062778473, "Accuracy": 0.9045020463847203, "Sensitivity": 0.8975409836065574, "Specificity": 0.9079754601226994, "AUC": 0.9590750611820712}, "Label_3": {"Optimal Threshold": 0.21307186782360077, "Accuracy": 0.9140518417462483, "Sensitivity": 0.9071729957805907, "Specificity": 0.9173387096774194, "AUC": 0.9626633319722335}, "Label_4": {"Optimal Threshold": 0.000785949407145381, "Accuracy": 0.7803547066848567, "Sensitivity": 1.0, "Specificity": 0.7770083102493075, "AUC": 0.9408209519012843}, "Label_5": {"Optimal Threshold": 0.004550204612314701, "Accuracy": 0.8512960436562074, "Sensitivity": 1.0, "Specificity": 0.850480109739369, "AUC": 0.9523319615912209}, "Label_6": {"Optimal Threshold": 0.32205232977867126, "Accuracy": 0.9972714870395635, "Sensitivity": 1.0, "Specificity": 0.9972640218878249, "AUC": 0.9979480164158687}, "Label_7": {"Optimal Threshold": 0.1451825648546219, "Accuracy": 0.956343792633015, "Sensitivity": 0.984375, "Specificity": 0.953662182361734, "AUC": 0.9816657324364724}, "Label_8": {"Optimal Threshold": 0.0019214198691770434, "Accuracy": 0.7844474761255116, "Sensitivity": 1.0, "Specificity": 0.7832647462277091, "AUC": 0.9262688614540466}, "Label_9": {"Optimal Threshold": 0.05236264318227768, "Accuracy": 0.9290586630286494, "Sensitivity": 0.8888888888888888, "Specificity": 0.9305949008498584, "AUC": 0.9636449480642114}, "Label_10": {"Optimal Threshold": 0.023669859394431114, "Accuracy": 0.9072305593451568, "Sensitivity": 0.875, "Specificity": 0.9079497907949791, "AUC": 0.932618549511855}, "Label_11": {"Optimal Threshold": 0.04214084893465042, "Accuracy": 0.9672578444747613, "Sensitivity": 1.0, "Specificity": 0.9666203059805285, "AUC": 0.9846016292469699}, "Label_12": {"Optimal Threshold": 0.050245389342308044, "Accuracy": 0.8717598908594816, "Sensitivity": 0.8333333333333334, "Specificity": 0.8755622188905547, "AUC": 0.9245604470492027}, "Overall": {"Accuracy": 0.9007241053625775, "Sensitivity": 0.9462472039044921, "Specificity": 0.9004845534488987, "AUC": 0.9603318189768408}}, "label_names": [[10, 11, 6, 5, 7, 1, 12], [10, 9, 8, 2, 4, 0, 3]]}