{"shared_labels": 1, "perf": [0.09373275190591812, 0.9769723415374756], "metrics": {"Label_0": {"Optimal Threshold": 0.09061535447835922, "Accuracy": 0.9154160982264665, "Sensitivity": 0.8985507246376812, "Specificity": 0.9171686746987951, "AUC": 0.9632224550375416}, "Label_1": {"Optimal Threshold": 0.04397913068532944, "Accuracy": 0.9195088676671214, "Sensitivity": 1.0, "Specificity": 0.9125925925925926, "AUC": 0.9892209450830141}, "Label_2": {"Optimal Threshold": 0.1628604382276535, "Accuracy": 0.9140518417462483, "Sensitivity": 0.9166666666666666, "Specificity": 0.9128712871287129, "AUC": 0.9660934514504081}, "Label_3": {"Optimal Threshold": 0.1802007257938385, "Accuracy": 0.9113233287858117, "Sensitivity": 0.918552036199095, "Specificity": 0.908203125, "AUC": 0.9699077347285068}, "Label_4": {"Optimal Threshold": 0.014159134589135647, "Accuracy": 0.9085948158253752, "Sensitivity": 1.0, "Specificity": 0.9077134986225895, "AUC": 0.9813065722156631}, "Label_5": {"Optimal Threshold": 0.024390090256929398, "Accuracy": 0.9631650750341064, "Sensitivity": 0.8, "Specificity": 0.9642857142857143, "AUC": 0.9304945054945055}, "Label_6": {"Optimal Threshold": 0.023897899314761162, "Accuracy": 0.9195088676671214, "Sensitivity": 1.0, "Specificity": 0.9182825484764543, "AUC": 0.9696549987408714}, "Label_7": {"Optimal Threshold": 0.08010765165090561, "Accuracy": 0.9549795361527967, "Sensitivity": 1.0, "Specificity": 0.9508196721311475, "AUC": 0.9917311667708283}, "Label_8": {"Optimal Threshold": 0.0023835194297134876, "Accuracy": 0.7967257844474761, "Sensitivity": 1.0, "Specificity": 0.7961696306429549, "AUC": 0.83515731874145}, "Label_9": {"Optimal Threshold": 0.02896433137357235, "Accuracy": 0.8813096862210096, "Sensitivity": 0.9375, "Specificity": 0.8787446504992867, "AUC": 0.9428940798858774}, "Label_10": {"Optimal Threshold": 0.006589246913790703, "Accuracy": 0.7025920873124147, "Sensitivity": 1.0, "Specificity": 0.6951048951048951, "AUC": 0.9095571095571094}, "Label_11": {"Optimal Threshold": 0.04372100159525871, "Accuracy": 0.946793997271487, "Sensitivity": 0.9444444444444444, "Specificity": 0.9468531468531468, "AUC": 0.9771561771561772}, "Label_12": {"Optimal Threshold": 0.15716123580932617, "Accuracy": 0.8867667121418826, "Sensitivity": 0.9411764705882353, "Specificity": 0.8826979472140762, "AUC": 0.9645793801391525}, "Overall": {"Accuracy": 0.8939028229614858, "Sensitivity": 0.9505300263489326, "Specificity": 0.8916544140961822, "AUC": 0.9531519919231618}}, "label_names": [[12, 11, 1, 10, 9, 6, 8], [12, 4, 2, 5, 7, 3, 0]]}