{"shared_labels": 13, "perf": [0.08593983948230743, 0.9788923263549805], "label_names": [[9, 0, 7, 10, 8, 3, 11, 4, 2, 12, 1, 5, 6], [9, 0, 7, 10, 8, 3, 11, 4, 2, 12, 1, 5, 6]], "metrics": {"Label_0": {"Optimal Threshold": 0.06111881509423256, "Accuracy": 0.8990450204638472, "Sensitivity": 0.927536231884058, "Specificity": 0.8960843373493976, "AUC": 0.9714728479133927}, "Label_1": {"Optimal Threshold": 0.09143611788749695, "Accuracy": 0.9413369713506139, "Sensitivity": 0.9482758620689655, "Specificity": 0.9407407407407408, "AUC": 0.9895274584929757}, "Label_2": {"Optimal Threshold": 0.46648797392845154, "Accuracy": 0.927694406548431, "Sensitivity": 0.9078947368421053, "Specificity": 0.9366336633663367, "AUC": 0.97369289560535}, "Label_3": {"Optimal Threshold": 0.3828405737876892, "Accuracy": 0.9290586630286494, "Sensitivity": 0.9321266968325792, "Specificity": 0.927734375, "AUC": 0.9759615384615385}, "Label_4": {"Optimal Threshold": 0.002994995564222336, "Accuracy": 0.8130968622100955, "Sensitivity": 1.0, "Specificity": 0.8112947658402204, "AUC": 0.9637937819756002}, "Label_5": {"Optimal Threshold": 0.0032122398260980844, "Accuracy": 0.7844474761255116, "Sensitivity": 1.0, "Specificity": 0.782967032967033, "AUC": 0.942032967032967}, "Label_6": {"Optimal Threshold": 0.0071634566411376, "Accuracy": 0.8540245566166439, "Sensitivity": 1.0, "Specificity": 0.8518005540166205, "AUC": 0.9690254343993956}, "Label_7": {"Optimal Threshold": 0.13370978832244873, "Accuracy": 0.965893587994543, "Sensitivity": 1.0, "Specificity": 0.96274217585693, "AUC": 0.9933176289601461}, "Label_8": {"Optimal Threshold": 0.002539661480113864, "Accuracy": 0.8076398362892224, "Sensitivity": 1.0, "Specificity": 0.8071135430916553, "AUC": 0.8454172366621067}, "Label_9": {"Optimal Threshold": 0.02479000762104988, "Accuracy": 0.8867667121418826, "Sensitivity": 0.9375, "Specificity": 0.884450784593438, "AUC": 0.9511412268188302}, "Label_10": {"Optimal Threshold": 0.013830453157424927, "Accuracy": 0.7899045020463847, "Sensitivity": 0.8888888888888888, "Specificity": 0.7874125874125875, "AUC": 0.8972027972027973}, "Label_11": {"Optimal Threshold": 0.05080362781882286, "Accuracy": 0.9618008185538881, "Sensitivity": 0.9444444444444444, "Specificity": 0.9622377622377623, "AUC": 0.9787101787101787}, "Label_12": {"Optimal Threshold": 0.10222695767879486, "Accuracy": 0.8308321964529332, "Sensitivity": 0.9411764705882353, "Specificity": 0.8225806451612904, "AUC": 0.9490541084468979}, "Overall": {"Accuracy": 0.876272431524819, "Sensitivity": 0.9559879485807137, "Specificity": 0.8749071513564625, "AUC": 0.9538730846678598}}}