{"shared_labels": 0, "perf": [0.10250242799520493, 0.964530348777771], "label_names": [[9, 11, 12, 6, 0, 3, 2], [7, 8, 1, 4, 5, 10]], "metrics": {"Label_0": {"Optimal Threshold": 0.19541659951210022, "Accuracy": 0.9645293315143247, "Sensitivity": 0.7681159420289855, "Specificity": 0.9849397590361446, "AUC": 0.9494718002444562}, "Label_1": {"Optimal Threshold": 0.15699513256549835, "Accuracy": 0.9699863574351978, "Sensitivity": 0.9482758620689655, "Specificity": 0.9718518518518519, "AUC": 0.9916730523627075}, "Label_2": {"Optimal Threshold": 0.14717595279216766, "Accuracy": 0.922237380627558, "Sensitivity": 0.9035087719298246, "Specificity": 0.9306930693069307, "AUC": 0.9667622025360432}, "Label_3": {"Optimal Threshold": 0.1495693325996399, "Accuracy": 0.9263301500682128, "Sensitivity": 0.9140271493212669, "Specificity": 0.931640625, "AUC": 0.9673978365384616}, "Label_4": {"Optimal Threshold": 0.08922842890024185, "Accuracy": 0.9713506139154161, "Sensitivity": 0.8571428571428571, "Specificity": 0.9724517906336089, "AUC": 0.9598583234946871}, "Label_5": {"Optimal Threshold": 0.0026389961130917072, "Accuracy": 0.7967257844474761, "Sensitivity": 1.0, "Specificity": 0.7953296703296703, "AUC": 0.9546703296703297}, "Label_6": {"Optimal Threshold": 0.014085979200899601, "Accuracy": 0.9099590723055935, "Sensitivity": 1.0, "Specificity": 0.9085872576177285, "AUC": 0.9741878619994964}, "Label_7": {"Optimal Threshold": 0.19385826587677002, "Accuracy": 0.9672578444747613, "Sensitivity": 0.967741935483871, "Specificity": 0.9672131147540983, "AUC": 0.9903610403345994}, "Label_8": {"Optimal Threshold": 0.002320125000551343, "Accuracy": 0.8376534788540245, "Sensitivity": 1.0, "Specificity": 0.8372093023255814, "AUC": 0.8775649794801641}, "Label_9": {"Optimal Threshold": 0.01434190385043621, "Accuracy": 0.8894952251023193, "Sensitivity": 0.90625, "Specificity": 0.8887303851640513, "AUC": 0.9425820256776035}, "Label_10": {"Optimal Threshold": 0.0030710778664797544, "Accuracy": 0.6534788540245566, "Sensitivity": 1.0, "Specificity": 0.6447552447552447, "AUC": 0.8864024864024864}, "Label_11": {"Optimal Threshold": 0.032031308859586716, "Accuracy": 0.9481582537517054, "Sensitivity": 0.9444444444444444, "Specificity": 0.9482517482517483, "AUC": 0.9795648795648796}, "Label_12": {"Optimal Threshold": 0.026689963415265083, "Accuracy": 0.7244201909959073, "Sensitivity": 0.9215686274509803, "Specificity": 0.7096774193548387, "AUC": 0.9053820941866483}, "Overall": {"Accuracy": 0.8831986567320811, "Sensitivity": 0.9331596607593228, "Specificity": 0.8839485567985766, "AUC": 0.9496829932686588}}}