{"shared_labels": 5, "perf": [0.09322802722454071, 0.9711272716522217], "label_names": [[2, 6, 3, 8, 4, 12, 1, 9, 11], [2, 6, 3, 8, 4, 7, 0, 5, 10]], "metrics": {"Label_0": {"Optimal Threshold": 0.06862525641918182, "Accuracy": 0.927694406548431, "Sensitivity": 0.855072463768116, "Specificity": 0.9352409638554217, "AUC": 0.9601449275362319}, "Label_1": {"Optimal Threshold": 0.03202264755964279, "Accuracy": 0.91268758526603, "Sensitivity": 0.9655172413793104, "Specificity": 0.9081481481481481, "AUC": 0.9797956577266923}, "Label_2": {"Optimal Threshold": 0.19138865172863007, "Accuracy": 0.9236016371077762, "Sensitivity": 0.9298245614035088, "Specificity": 0.9207920792079208, "AUC": 0.9727375369115858}, "Label_3": {"Optimal Threshold": 0.23265758156776428, "Accuracy": 0.9304229195088677, "Sensitivity": 0.9321266968325792, "Specificity": 0.9296875, "AUC": 0.9754843042986425}, "Label_4": {"Optimal Threshold": 0.02822817862033844, "Accuracy": 0.9522510231923602, "Sensitivity": 0.8571428571428571, "Specificity": 0.953168044077135, "AUC": 0.9531680440771351}, "Label_5": {"Optimal Threshold": 0.021110614761710167, "Accuracy": 0.9399727148703957, "Sensitivity": 0.8, "Specificity": 0.9409340659340659, "AUC": 0.9252747252747253}, "Label_6": {"Optimal Threshold": 0.02116124890744686, "Accuracy": 0.9249658935879945, "Sensitivity": 1.0, "Specificity": 0.9238227146814404, "AUC": 0.9798539410727776}, "Label_7": {"Optimal Threshold": 0.1295599788427353, "Accuracy": 0.9699863574351978, "Sensitivity": 0.9838709677419355, "Specificity": 0.9687034277198212, "AUC": 0.9915629056295371}, "Label_8": {"Optimal Threshold": 0.004305640235543251, "Accuracy": 0.8758526603001364, "Sensitivity": 1.0, "Specificity": 0.8755129958960328, "AUC": 0.9076607387140903}, "Label_9": {"Optimal Threshold": 0.1135244145989418, "Accuracy": 0.9454297407912687, "Sensitivity": 0.84375, "Specificity": 0.9500713266761769, "AUC": 0.9428049215406562}, "Label_10": {"Optimal Threshold": 0.019993478432297707, "Accuracy": 0.8581173260572987, "Sensitivity": 0.7777777777777778, "Specificity": 0.8601398601398601, "AUC": 0.8850038850038849}, "Label_11": {"Optimal Threshold": 0.012103031389415264, "Accuracy": 0.8294679399727148, "Sensitivity": 1.0, "Specificity": 0.8251748251748252, "AUC": 0.9637140637140638}, "Label_12": {"Optimal Threshold": 0.04384640231728554, "Accuracy": 0.772169167803547, "Sensitivity": 0.8823529411764706, "Specificity": 0.7639296187683284, "AUC": 0.9113621988384797}, "Overall": {"Accuracy": 0.9048168748032321, "Sensitivity": 0.909802731324812, "Specificity": 0.9042558130983982, "AUC": 0.9498898346414233}}}