{"shared_labels": 4, "perf": [0.08733199536800385, 0.9761817455291748], "label_names": [[9, 0, 12, 5, 6, 11, 3, 10, 8], [9, 0, 12, 5, 4, 1, 2, 7]], "metrics": {"Label_0": {"Optimal Threshold": 0.09451474249362946, "Accuracy": 0.9413369713506139, "Sensitivity": 0.8985507246376812, "Specificity": 0.9457831325301205, "AUC": 0.9733935742971889}, "Label_1": {"Optimal Threshold": 0.14641675353050232, "Accuracy": 0.9631650750341064, "Sensitivity": 0.9482758620689655, "Specificity": 0.9644444444444444, "AUC": 0.989808429118774}, "Label_2": {"Optimal Threshold": 0.23465707898139954, "Accuracy": 0.9236016371077762, "Sensitivity": 0.9298245614035088, "Specificity": 0.9207920792079208, "AUC": 0.9724596143824908}, "Label_3": {"Optimal Threshold": 0.26590079069137573, "Accuracy": 0.9290586630286494, "Sensitivity": 0.9230769230769231, "Specificity": 0.931640625, "AUC": 0.9733190752262444}, "Label_4": {"Optimal Threshold": 0.0299687422811985, "Accuracy": 0.9263301500682128, "Sensitivity": 0.8571428571428571, "Specificity": 0.9269972451790633, "AUC": 0.9541519086973632}, "Label_5": {"Optimal Threshold": 0.04349124804139137, "Accuracy": 0.9631650750341064, "Sensitivity": 0.8, "Specificity": 0.9642857142857143, "AUC": 0.9321428571428572}, "Label_6": {"Optimal Threshold": 0.01813150756061077, "Accuracy": 0.9290586630286494, "Sensitivity": 1.0, "Specificity": 0.9279778393351801, "AUC": 0.9799798539410727}, "Label_7": {"Optimal Threshold": 0.12382037192583084, "Accuracy": 0.956343792633015, "Sensitivity": 1.0, "Specificity": 0.9523099850968704, "AUC": 0.9918994279121196}, "Label_8": {"Optimal Threshold": 0.0037920321337878704, "Accuracy": 0.8335607094133697, "Sensitivity": 1.0, "Specificity": 0.8331053351573188, "AUC": 0.8556771545827634}, "Label_9": {"Optimal Threshold": 0.010901996865868568, "Accuracy": 0.8717598908594816, "Sensitivity": 0.96875, "Specificity": 0.8673323823109843, "AUC": 0.9508737517831669}, "Label_10": {"Optimal Threshold": 0.0020495837088674307, "Accuracy": 0.6330150068212824, "Sensitivity": 1.0, "Specificity": 0.6237762237762238, "AUC": 0.8502719502719502}, "Label_11": {"Optimal Threshold": 0.03401786834001541, "Accuracy": 0.9195088676671214, "Sensitivity": 0.9444444444444444, "Specificity": 0.9188811188811189, "AUC": 0.9753690753690754}, "Label_12": {"Optimal Threshold": 0.033755023032426834, "Accuracy": 0.82537517053206, "Sensitivity": 0.9607843137254902, "Specificity": 0.8152492668621701, "AUC": 0.9558967281927434}, "Overall": {"Accuracy": 0.8934830517368033, "Sensitivity": 0.9408345912692209, "Specificity": 0.8917365686205484, "AUC": 0.950403338532139}}}