{"shared_labels": 9, "perf": [0.08570201694965363, 0.9764484167098999], "label_names": [[3, 12, 9, 6, 2, 11, 7, 10, 0, 8, 5], [3, 12, 9, 6, 2, 11, 7, 10, 0, 4, 1]], "metrics": {"Label_0": {"Optimal Threshold": 0.04873733967542648, "Accuracy": 0.9004092769440655, "Sensitivity": 0.9420289855072463, "Specificity": 0.8960843373493976, "AUC": 0.9755107386066003}, "Label_1": {"Optimal Threshold": 0.027725839987397194, "Accuracy": 0.9099590723055935, "Sensitivity": 0.9655172413793104, "Specificity": 0.9051851851851852, "AUC": 0.9856194125159643}, "Label_2": {"Optimal Threshold": 0.2749782204627991, "Accuracy": 0.9249658935879945, "Sensitivity": 0.9254385964912281, "Specificity": 0.9247524752475248, "AUC": 0.9743095362167796}, "Label_3": {"Optimal Threshold": 0.16242393851280212, "Accuracy": 0.9181446111869032, "Sensitivity": 0.9502262443438914, "Specificity": 0.904296875, "AUC": 0.9760234021493213}, "Label_4": {"Optimal Threshold": 0.029128141701221466, "Accuracy": 0.927694406548431, "Sensitivity": 0.8571428571428571, "Specificity": 0.928374655647383, "AUC": 0.9510035419126327}, "Label_5": {"Optimal Threshold": 0.002265125745907426, "Accuracy": 0.8035470668485676, "Sensitivity": 1.0, "Specificity": 0.8021978021978022, "AUC": 0.942032967032967}, "Label_6": {"Optimal Threshold": 0.013493292033672333, "Accuracy": 0.91268758526603, "Sensitivity": 1.0, "Specificity": 0.9113573407202216, "AUC": 0.9760765550239234}, "Label_7": {"Optimal Threshold": 0.1620899885892868, "Accuracy": 0.9740791268758526, "Sensitivity": 1.0, "Specificity": 0.9716840536512668, "AUC": 0.9941589346666025}, "Label_8": {"Optimal Threshold": 0.0027491904329508543, "Accuracy": 0.8376534788540245, "Sensitivity": 1.0, "Specificity": 0.8372093023255814, "AUC": 0.8625170998632011}, "Label_9": {"Optimal Threshold": 0.025396691635251045, "Accuracy": 0.8990450204638472, "Sensitivity": 0.9375, "Specificity": 0.8972895863052782, "AUC": 0.9533256062767475}, "Label_10": {"Optimal Threshold": 0.0047992211766541, "Accuracy": 0.6766712141882674, "Sensitivity": 1.0, "Specificity": 0.6685314685314685, "AUC": 0.902097902097902}, "Label_11": {"Optimal Threshold": 0.017645593732595444, "Accuracy": 0.937244201909959, "Sensitivity": 1.0, "Specificity": 0.9356643356643357, "AUC": 0.980963480963481}, "Label_12": {"Optimal Threshold": 0.04290998727083206, "Accuracy": 0.7708049113233287, "Sensitivity": 1.0, "Specificity": 0.7536656891495601, "AUC": 0.9491116094531654}, "Overall": {"Accuracy": 0.8763773743309895, "Sensitivity": 0.9675272249895794, "Specificity": 0.8720225466903853, "AUC": 0.9555962143676375}}}