{"shared_labels": 12, "perf": [0.08535481989383698, 0.979505181312561], "label_names": [[2, 11, 5, 0, 12, 10, 3, 4, 8, 1, 9, 7, 6], [2, 11, 5, 0, 12, 10, 3, 4, 8, 1, 9, 7]], "metrics": {"Label_0": {"Optimal Threshold": 0.059343475848436356, "Accuracy": 0.8663028649386084, "Sensitivity": 0.9710144927536232, "Specificity": 0.8554216867469879, "AUC": 0.9700759559979046}, "Label_1": {"Optimal Threshold": 0.0718950480222702, "Accuracy": 0.931787175989086, "Sensitivity": 0.9655172413793104, "Specificity": 0.9288888888888889, "AUC": 0.9887867177522349}, "Label_2": {"Optimal Threshold": 0.4325554370880127, "Accuracy": 0.9290586630286494, "Sensitivity": 0.9166666666666666, "Specificity": 0.9346534653465347, "AUC": 0.9751172485669619}, "Label_3": {"Optimal Threshold": 0.3008745610713959, "Accuracy": 0.9263301500682128, "Sensitivity": 0.9411764705882353, "Specificity": 0.919921875, "AUC": 0.9777379100678734}, "Label_4": {"Optimal Threshold": 0.00580165209248662, "Accuracy": 0.8390177353342428, "Sensitivity": 1.0, "Specificity": 0.837465564738292, "AUC": 0.9671389216843763}, "Label_5": {"Optimal Threshold": 0.0032308974768966436, "Accuracy": 0.7844474761255116, "Sensitivity": 1.0, "Specificity": 0.782967032967033, "AUC": 0.9406593406593406}, "Label_6": {"Optimal Threshold": 0.006201357115060091, "Accuracy": 0.8403819918144612, "Sensitivity": 1.0, "Specificity": 0.8379501385041551, "AUC": 0.9619743137748678}, "Label_7": {"Optimal Threshold": 0.09567897021770477, "Accuracy": 0.9672578444747613, "Sensitivity": 1.0, "Specificity": 0.9642324888226528, "AUC": 0.9934137781837411}, "Label_8": {"Optimal Threshold": 0.0019894379656761885, "Accuracy": 0.8185538881309686, "Sensitivity": 1.0, "Specificity": 0.8180574555403557, "AUC": 0.8283173734610123}, "Label_9": {"Optimal Threshold": 0.06599754840135574, "Accuracy": 0.91268758526603, "Sensitivity": 0.90625, "Specificity": 0.912981455064194, "AUC": 0.9469062054208275}, "Label_10": {"Optimal Threshold": 0.012661974877119064, "Accuracy": 0.781718963165075, "Sensitivity": 0.8888888888888888, "Specificity": 0.779020979020979, "AUC": 0.897902097902098}, "Label_11": {"Optimal Threshold": 0.02389962412416935, "Accuracy": 0.9631650750341064, "Sensitivity": 0.9444444444444444, "Specificity": 0.9636363636363636, "AUC": 0.9806526806526806}, "Label_12": {"Optimal Threshold": 0.04879755154252052, "Accuracy": 0.7871759890859482, "Sensitivity": 0.9411764705882353, "Specificity": 0.7756598240469208, "AUC": 0.9374389051808407}, "Overall": {"Accuracy": 0.8729142617273585, "Sensitivity": 0.9596257442545697, "Specificity": 0.8700659398710274, "AUC": 0.9512401114849814}}}