{"shared_labels": 6, "perf": [0.09645608067512512, 0.9714168906211853], "label_names": [[3, 5, 6, 8, 2, 4, 12, 10, 0, 1], [3, 5, 6, 8, 2, 4, 11, 7, 9]], "metrics": {"Label_0": {"Optimal Threshold": 0.11856444925069809, "Accuracy": 0.9358799454297408, "Sensitivity": 0.8115942028985508, "Specificity": 0.9487951807228916, "AUC": 0.9527457656713811}, "Label_1": {"Optimal Threshold": 0.06501253694295883, "Accuracy": 0.9440654843110505, "Sensitivity": 0.896551724137931, "Specificity": 0.9481481481481482, "AUC": 0.9693486590038315}, "Label_2": {"Optimal Threshold": 0.3638377785682678, "Accuracy": 0.931787175989086, "Sensitivity": 0.9035087719298246, "Specificity": 0.9445544554455445, "AUC": 0.973102310231023}, "Label_3": {"Optimal Threshold": 0.1638241708278656, "Accuracy": 0.9249658935879945, "Sensitivity": 0.9366515837104072, "Specificity": 0.919921875, "AUC": 0.975943863122172}, "Label_4": {"Optimal Threshold": 0.019135570153594017, "Accuracy": 0.9699863574351978, "Sensitivity": 0.8571428571428571, "Specificity": 0.9710743801652892, "AUC": 0.9555293191656828}, "Label_5": {"Optimal Threshold": 0.05147675424814224, "Accuracy": 0.975443383356071, "Sensitivity": 0.8, "Specificity": 0.9766483516483516, "AUC": 0.9472527472527472}, "Label_6": {"Optimal Threshold": 0.013049745000898838, "Accuracy": 0.9181446111869032, "Sensitivity": 1.0, "Specificity": 0.9168975069252078, "AUC": 0.9782170737849408}, "Label_7": {"Optimal Threshold": 0.08560105413198471, "Accuracy": 0.9577080491132333, "Sensitivity": 1.0, "Specificity": 0.9538002980625931, "AUC": 0.9921878755829048}, "Label_8": {"Optimal Threshold": 0.0031541292555630207, "Accuracy": 0.8403819918144612, "Sensitivity": 1.0, "Specificity": 0.8399452804377565, "AUC": 0.8673050615595075}, "Label_9": {"Optimal Threshold": 0.013536380603909492, "Accuracy": 0.8840381991814461, "Sensitivity": 0.96875, "Specificity": 0.8801711840228246, "AUC": 0.9453905135520684}, "Label_10": {"Optimal Threshold": 0.005966560915112495, "Accuracy": 0.703956343792633, "Sensitivity": 1.0, "Specificity": 0.6965034965034965, "AUC": 0.8668220668220668}, "Label_11": {"Optimal Threshold": 0.01684166118502617, "Accuracy": 0.888130968622101, "Sensitivity": 1.0, "Specificity": 0.8853146853146853, "AUC": 0.9686091686091686}, "Label_12": {"Optimal Threshold": 0.016315246000885963, "Accuracy": 0.7789904502046384, "Sensitivity": 0.8431372549019608, "Specificity": 0.7741935483870968, "AUC": 0.8909205911103445}, "Overall": {"Accuracy": 0.8964214503095812, "Sensitivity": 0.9244104919016564, "Specificity": 0.8966129531372219, "AUC": 0.9448750011898337}}}