{"shared_labels": 7, "perf": [0.08741894364356995, 0.9782614707946777], "label_names": [[11, 1, 10, 4, 0, 3, 12, 2, 6, 8], [11, 1, 10, 4, 0, 3, 12, 9, 7, 5]], "metrics": {"Label_0": {"Optimal Threshold": 0.0287692379206419, "Accuracy": 0.9058663028649386, "Sensitivity": 0.927536231884058, "Specificity": 0.9036144578313253, "AUC": 0.9733935742971888}, "Label_1": {"Optimal Threshold": 0.038116198033094406, "Accuracy": 0.9508867667121419, "Sensitivity": 0.9655172413793104, "Specificity": 0.9496296296296296, "AUC": 0.9903703703703703}, "Label_2": {"Optimal Threshold": 0.253306120634079, "Accuracy": 0.9236016371077762, "Sensitivity": 0.9122807017543859, "Specificity": 0.9287128712871288, "AUC": 0.9712176480805975}, "Label_3": {"Optimal Threshold": 0.39792826771736145, "Accuracy": 0.937244201909959, "Sensitivity": 0.9095022624434389, "Specificity": 0.94921875, "AUC": 0.9754843042986425}, "Label_4": {"Optimal Threshold": 0.019845111295580864, "Accuracy": 0.9481582537517054, "Sensitivity": 0.8571428571428571, "Specificity": 0.9490358126721763, "AUC": 0.9582841401023219}, "Label_5": {"Optimal Threshold": 0.004319126717746258, "Accuracy": 0.7776261937244202, "Sensitivity": 1.0, "Specificity": 0.7760989010989011, "AUC": 0.9370879120879121}, "Label_6": {"Optimal Threshold": 0.00649739196524024, "Accuracy": 0.8553888130968622, "Sensitivity": 1.0, "Specificity": 0.853185595567867, "AUC": 0.9560564089649963}, "Label_7": {"Optimal Threshold": 0.1466752588748932, "Accuracy": 0.9508867667121419, "Sensitivity": 1.0, "Specificity": 0.9463487332339792, "AUC": 0.9915388683236382}, "Label_8": {"Optimal Threshold": 0.001117768115364015, "Accuracy": 0.5566166439290586, "Sensitivity": 1.0, "Specificity": 0.5554035567715458, "AUC": 0.7264021887824897}, "Label_9": {"Optimal Threshold": 0.04104692488908768, "Accuracy": 0.8635743519781719, "Sensitivity": 0.9375, "Specificity": 0.8601997146932953, "AUC": 0.9363409415121255}, "Label_10": {"Optimal Threshold": 0.009400681592524052, "Accuracy": 0.7557980900409277, "Sensitivity": 1.0, "Specificity": 0.7496503496503496, "AUC": 0.9264180264180264}, "Label_11": {"Optimal Threshold": 0.024550506845116615, "Accuracy": 0.9358799454297408, "Sensitivity": 1.0, "Specificity": 0.9342657342657342, "AUC": 0.9846930846930846}, "Label_12": {"Optimal Threshold": 0.06335313618183136, "Accuracy": 0.8308321964529332, "Sensitivity": 0.9411764705882353, "Specificity": 0.8225806451612904, "AUC": 0.9516991547352078}, "Overall": {"Accuracy": 0.860950781823906, "Sensitivity": 0.9577427511686374, "Specificity": 0.8598419039894787, "AUC": 0.9445374325128155}}}