{"shared_labels": 1, "perf": [0.08757302910089493, 0.9778023958206177], "label_names": [[12, 1, 7, 8, 2, 4, 11], [12, 5, 0, 3, 10, 6, 9]], "metrics": {"Label_0": {"Optimal Threshold": 0.01686016097664833, "Accuracy": 0.8826739427012278, "Sensitivity": 0.9565217391304348, "Specificity": 0.875, "AUC": 0.9721931203073162}, "Label_1": {"Optimal Threshold": 0.07758840173482895, "Accuracy": 0.9727148703956344, "Sensitivity": 0.9137931034482759, "Specificity": 0.9777777777777777, "AUC": 0.9879182630906768}, "Label_2": {"Optimal Threshold": 0.5803647041320801, "Accuracy": 0.9331514324693042, "Sensitivity": 0.8903508771929824, "Specificity": 0.9524752475247524, "AUC": 0.9727635921486886}, "Label_3": {"Optimal Threshold": 0.37603920698165894, "Accuracy": 0.9290586630286494, "Sensitivity": 0.9276018099547512, "Specificity": 0.9296875, "AUC": 0.9762885322398189}, "Label_4": {"Optimal Threshold": 0.01001388393342495, "Accuracy": 0.8840381991814461, "Sensitivity": 1.0, "Specificity": 0.8829201101928374, "AUC": 0.9795356158992522}, "Label_5": {"Optimal Threshold": 0.02278580330312252, "Accuracy": 0.9413369713506139, "Sensitivity": 0.8, "Specificity": 0.9423076923076923, "AUC": 0.9247252747252748}, "Label_6": {"Optimal Threshold": 0.008938740007579327, "Accuracy": 0.8854024556616644, "Sensitivity": 1.0, "Specificity": 0.8836565096952909, "AUC": 0.970284563082347}, "Label_7": {"Optimal Threshold": 0.22441305220127106, "Accuracy": 0.9713506139154161, "Sensitivity": 0.9838709677419355, "Specificity": 0.970193740685544, "AUC": 0.9932214797365512}, "Label_8": {"Optimal Threshold": 0.005353910382837057, "Accuracy": 0.82537517053206, "Sensitivity": 1.0, "Specificity": 0.8248974008207934, "AUC": 0.8296853625170999}, "Label_9": {"Optimal Threshold": 0.035265401005744934, "Accuracy": 0.922237380627558, "Sensitivity": 0.90625, "Specificity": 0.9229671897289586, "AUC": 0.9542617689015692}, "Label_10": {"Optimal Threshold": 0.002842753194272518, "Accuracy": 0.6575716234652115, "Sensitivity": 1.0, "Specificity": 0.6489510489510489, "AUC": 0.8811188811188811}, "Label_11": {"Optimal Threshold": 0.044890064746141434, "Accuracy": 0.9577080491132333, "Sensitivity": 0.9444444444444444, "Specificity": 0.958041958041958, "AUC": 0.9784770784770784}, "Label_12": {"Optimal Threshold": 0.04464491456747055, "Accuracy": 0.8635743519781719, "Sensitivity": 0.9215686274509803, "Specificity": 0.8592375366568915, "AUC": 0.9569029958024264}, "Overall": {"Accuracy": 0.8943225941861687, "Sensitivity": 0.9418770437972158, "Specificity": 0.894470285567965, "AUC": 0.9521058867728448}}}