{"shared_labels": 8, "perf": [0.08829426765441895, 0.9770251512527466], "label_names": [[10, 11, 3, 1, 6, 12, 9, 4, 2, 5, 7], [10, 11, 3, 1, 6, 12, 9, 4, 0, 8]], "metrics": {"Label_0": {"Optimal Threshold": 0.06413740664720535, "Accuracy": 0.9331514324693042, "Sensitivity": 0.855072463768116, "Specificity": 0.9412650602409639, "AUC": 0.9588571678016413}, "Label_1": {"Optimal Threshold": 0.023464281111955643, "Accuracy": 0.9304229195088677, "Sensitivity": 0.9655172413793104, "Specificity": 0.9274074074074075, "AUC": 0.9873563218390804}, "Label_2": {"Optimal Threshold": 0.3671884834766388, "Accuracy": 0.9263301500682128, "Sensitivity": 0.8991228070175439, "Specificity": 0.9386138613861386, "AUC": 0.9695761681431301}, "Label_3": {"Optimal Threshold": 0.44286131858825684, "Accuracy": 0.9386084583901774, "Sensitivity": 0.9140271493212669, "Specificity": 0.94921875, "AUC": 0.9746624010180995}, "Label_4": {"Optimal Threshold": 0.014576981775462627, "Accuracy": 0.9386084583901774, "Sensitivity": 0.8571428571428571, "Specificity": 0.9393939393939394, "AUC": 0.9592680047225502}, "Label_5": {"Optimal Threshold": 0.06601332128047943, "Accuracy": 0.9768076398362893, "Sensitivity": 0.8, "Specificity": 0.978021978021978, "AUC": 0.9428571428571428}, "Label_6": {"Optimal Threshold": 0.01941772922873497, "Accuracy": 0.9495225102319236, "Sensitivity": 1.0, "Specificity": 0.9487534626038782, "AUC": 0.9833795013850416}, "Label_7": {"Optimal Threshold": 0.08175736665725708, "Accuracy": 0.9618008185538881, "Sensitivity": 1.0, "Specificity": 0.9582712369597616, "AUC": 0.9916109802413345}, "Label_8": {"Optimal Threshold": 0.002718644216656685, "Accuracy": 0.7271487039563438, "Sensitivity": 1.0, "Specificity": 0.7264021887824897, "AUC": 0.8235294117647058}, "Label_9": {"Optimal Threshold": 0.04888217896223068, "Accuracy": 0.9181446111869032, "Sensitivity": 0.9375, "Specificity": 0.9172610556348074, "AUC": 0.9502942225392297}, "Label_10": {"Optimal Threshold": 0.007103797048330307, "Accuracy": 0.6984993178717599, "Sensitivity": 1.0, "Specificity": 0.6909090909090909, "AUC": 0.9127428127428128}, "Label_11": {"Optimal Threshold": 0.0673389732837677, "Accuracy": 0.9631650750341064, "Sensitivity": 0.9444444444444444, "Specificity": 0.9636363636363636, "AUC": 0.982983682983683}, "Label_12": {"Optimal Threshold": 0.03046339564025402, "Accuracy": 0.7667121418826739, "Sensitivity": 1.0, "Specificity": 0.749266862170088, "AUC": 0.9506066356161232}, "Overall": {"Accuracy": 0.8945324797985099, "Sensitivity": 0.9363713048518106, "Specificity": 0.8944939428574544, "AUC": 0.952901881050352}}}