{"shared_labels": 10, "perf": [0.08595728874206543, 0.9771705269813538], "label_names": [[6, 5, 11, 1, 12, 2, 4, 9, 0, 3, 8, 7], [6, 5, 11, 1, 12, 2, 4, 9, 0, 3, 10]], "metrics": {"Label_0": {"Optimal Threshold": 0.10935303568840027, "Accuracy": 0.9427012278308322, "Sensitivity": 0.855072463768116, "Specificity": 0.9518072289156626, "AUC": 0.9676313951458007}, "Label_1": {"Optimal Threshold": 0.049228470772504807, "Accuracy": 0.9495225102319236, "Sensitivity": 0.9482758620689655, "Specificity": 0.9496296296296296, "AUC": 0.9871519795657727}, "Label_2": {"Optimal Threshold": 0.31016820669174194, "Accuracy": 0.9304229195088677, "Sensitivity": 0.9166666666666666, "Specificity": 0.9366336633663367, "AUC": 0.9739708181344451}, "Label_3": {"Optimal Threshold": 0.34011077880859375, "Accuracy": 0.9358799454297408, "Sensitivity": 0.9230769230769231, "Specificity": 0.94140625, "AUC": 0.9762178308823529}, "Label_4": {"Optimal Threshold": 0.033256057649850845, "Accuracy": 0.9672578444747613, "Sensitivity": 0.8571428571428571, "Specificity": 0.9683195592286501, "AUC": 0.9691066509248327}, "Label_5": {"Optimal Threshold": 0.0034687283914536238, "Accuracy": 0.8294679399727148, "Sensitivity": 1.0, "Specificity": 0.8282967032967034, "AUC": 0.9557692307692308}, "Label_6": {"Optimal Threshold": 0.020829467102885246, "Accuracy": 0.9236016371077762, "Sensitivity": 1.0, "Specificity": 0.9224376731301939, "AUC": 0.9814908083606144}, "Label_7": {"Optimal Threshold": 0.09945382922887802, "Accuracy": 0.9577080491132333, "Sensitivity": 1.0, "Specificity": 0.9538002980625931, "AUC": 0.9921398009711071}, "Label_8": {"Optimal Threshold": 0.004498080350458622, "Accuracy": 0.8458390177353342, "Sensitivity": 1.0, "Specificity": 0.8454172366621067, "AUC": 0.8864569083447332}, "Label_9": {"Optimal Threshold": 0.04822882264852524, "Accuracy": 0.922237380627558, "Sensitivity": 0.90625, "Specificity": 0.9229671897289586, "AUC": 0.9473074179743224}, "Label_10": {"Optimal Threshold": 0.0054808491840958595, "Accuracy": 0.6371077762619373, "Sensitivity": 1.0, "Specificity": 0.627972027972028, "AUC": 0.8832944832944832}, "Label_11": {"Optimal Threshold": 0.03310966119170189, "Accuracy": 0.9427012278308322, "Sensitivity": 0.9444444444444444, "Specificity": 0.9426573426573427, "AUC": 0.9754467754467754}, "Label_12": {"Optimal Threshold": 0.05211304873228073, "Accuracy": 0.8663028649386084, "Sensitivity": 0.8823529411764706, "Specificity": 0.8651026392961877, "AUC": 0.9441952734172848}, "Overall": {"Accuracy": 0.8962115646972401, "Sensitivity": 0.9410217044880341, "Specificity": 0.8966498032266457, "AUC": 0.956936874863981}}}