{"shared_labels": 2, "perf": [0.09440961480140686, 0.9723342061042786], "label_names": [[3, 11, 6, 8, 1, 4, 2, 0], [3, 11, 10, 5, 7, 12, 9]], "metrics": {"Label_0": {"Optimal Threshold": 0.03371798247098923, "Accuracy": 0.8403819918144612, "Sensitivity": 0.9130434782608695, "Specificity": 0.8328313253012049, "AUC": 0.9516107909900471}, "Label_1": {"Optimal Threshold": 0.061636000871658325, "Accuracy": 0.9290586630286494, "Sensitivity": 0.9137931034482759, "Specificity": 0.9303703703703704, "AUC": 0.9724137931034482}, "Label_2": {"Optimal Threshold": 0.36793842911720276, "Accuracy": 0.9072305593451568, "Sensitivity": 0.9166666666666666, "Specificity": 0.902970297029703, "AUC": 0.9687250303977766}, "Label_3": {"Optimal Threshold": 0.5693495273590088, "Accuracy": 0.9263301500682128, "Sensitivity": 0.9140271493212669, "Specificity": 0.931640625, "AUC": 0.9758554864253395}, "Label_4": {"Optimal Threshold": 0.02411668747663498, "Accuracy": 0.9140518417462483, "Sensitivity": 0.8571428571428571, "Specificity": 0.9146005509641874, "AUC": 0.9492325855962219}, "Label_5": {"Optimal Threshold": 0.0528712272644043, "Accuracy": 0.9768076398362893, "Sensitivity": 0.8, "Specificity": 0.978021978021978, "AUC": 0.910989010989011}, "Label_6": {"Optimal Threshold": 0.02386939711868763, "Accuracy": 0.9263301500682128, "Sensitivity": 1.0, "Specificity": 0.925207756232687, "AUC": 0.9726769075799547}, "Label_7": {"Optimal Threshold": 0.06431234627962112, "Accuracy": 0.9481582537517054, "Sensitivity": 1.0, "Specificity": 0.9433681073025335, "AUC": 0.9921638382770058}, "Label_8": {"Optimal Threshold": 0.00895523838698864, "Accuracy": 0.8772169167803547, "Sensitivity": 1.0, "Specificity": 0.8768809849521204, "AUC": 0.8994528043775651}, "Label_9": {"Optimal Threshold": 0.1169000044465065, "Accuracy": 0.9440654843110505, "Sensitivity": 0.84375, "Specificity": 0.948644793152639, "AUC": 0.9365192582025678}, "Label_10": {"Optimal Threshold": 0.0056557804346084595, "Accuracy": 0.6971350613915416, "Sensitivity": 0.9444444444444444, "Specificity": 0.6909090909090909, "AUC": 0.8856254856254856}, "Label_11": {"Optimal Threshold": 0.021076755598187447, "Accuracy": 0.9549795361527967, "Sensitivity": 0.9444444444444444, "Specificity": 0.9552447552447553, "AUC": 0.9818958818958818}, "Label_12": {"Optimal Threshold": 0.07470013201236725, "Accuracy": 0.849931787175989, "Sensitivity": 0.8431372549019608, "Specificity": 0.8504398826979472, "AUC": 0.9085734000345006}, "Overall": {"Accuracy": 0.8993598488823592, "Sensitivity": 0.9146499537408298, "Specificity": 0.8985485013214782, "AUC": 0.9465949441149851}}}