{"shared_labels": 11, "perf": [0.08635199069976807, 0.9778523445129395], "label_names": [[4, 7, 2, 9, 3, 10, 5, 8, 6, 12, 1, 0], [4, 7, 2, 9, 3, 10, 5, 8, 6, 12, 1, 11]], "metrics": {"Label_0": {"Optimal Threshold": 0.057681094855070114, "Accuracy": 0.9045020463847203, "Sensitivity": 0.8840579710144928, "Specificity": 0.9066265060240963, "AUC": 0.9624803562074384}, "Label_1": {"Optimal Threshold": 0.04767948389053345, "Accuracy": 0.922237380627558, "Sensitivity": 0.9827586206896551, "Specificity": 0.917037037037037, "AUC": 0.9874840357598978}, "Label_2": {"Optimal Threshold": 0.36266613006591797, "Accuracy": 0.9331514324693042, "Sensitivity": 0.9078947368421053, "Specificity": 0.9445544554455445, "AUC": 0.9733715476810839}, "Label_3": {"Optimal Threshold": 0.25836315751075745, "Accuracy": 0.931787175989086, "Sensitivity": 0.9321266968325792, "Specificity": 0.931640625, "AUC": 0.9758024604072398}, "Label_4": {"Optimal Threshold": 0.0017767203971743584, "Accuracy": 0.8171896316507503, "Sensitivity": 1.0, "Specificity": 0.8154269972451791, "AUC": 0.9624163715072807}, "Label_5": {"Optimal Threshold": 0.06029004976153374, "Accuracy": 0.9740791268758526, "Sensitivity": 0.8, "Specificity": 0.9752747252747253, "AUC": 0.9439560439560439}, "Label_6": {"Optimal Threshold": 0.005284426733851433, "Accuracy": 0.8553888130968622, "Sensitivity": 1.0, "Specificity": 0.853185595567867, "AUC": 0.9711659531604129}, "Label_7": {"Optimal Threshold": 0.17578066885471344, "Accuracy": 0.9645293315143247, "Sensitivity": 1.0, "Specificity": 0.9612518628912071, "AUC": 0.9929330320657661}, "Label_8": {"Optimal Threshold": 0.008105103857815266, "Accuracy": 0.8758526603001364, "Sensitivity": 1.0, "Specificity": 0.8755129958960328, "AUC": 0.893296853625171}, "Label_9": {"Optimal Threshold": 0.041818924248218536, "Accuracy": 0.8826739427012278, "Sensitivity": 0.96875, "Specificity": 0.8787446504992867, "AUC": 0.9502942225392297}, "Label_10": {"Optimal Threshold": 0.019268659874796867, "Accuracy": 0.8185538881309686, "Sensitivity": 0.8333333333333334, "Specificity": 0.8181818181818182, "AUC": 0.905128205128205}, "Label_11": {"Optimal Threshold": 0.02303919568657875, "Accuracy": 0.9399727148703957, "Sensitivity": 1.0, "Specificity": 0.9384615384615385, "AUC": 0.9818181818181818}, "Label_12": {"Optimal Threshold": 0.03419090062379837, "Accuracy": 0.7871759890859482, "Sensitivity": 0.9607843137254902, "Specificity": 0.7741935483870968, "AUC": 0.9433327583232707}, "Overall": {"Accuracy": 0.8928533948997797, "Sensitivity": 0.9438235132644353, "Specificity": 0.8915455658393407, "AUC": 0.9571907709368633}}}