{"shared_labels": 6, "perf": [0.09443266689777374, 0.9716219305992126], "metrics": {"Label_0": {"Optimal Threshold": 0.04800759255886078, "Accuracy": 0.8813096862210096, "Sensitivity": 0.855072463768116, "Specificity": 0.8840361445783133, "AUC": 0.9372489959839357}, "Label_1": {"Optimal Threshold": 0.0829077959060669, "Accuracy": 0.937244201909959, "Sensitivity": 0.896551724137931, "Specificity": 0.9407407407407408, "AUC": 0.9740740740740741}, "Label_2": {"Optimal Threshold": 0.23312005400657654, "Accuracy": 0.9181446111869032, "Sensitivity": 0.9298245614035088, "Specificity": 0.9128712871287129, "AUC": 0.9711481674483238}, "Label_3": {"Optimal Threshold": 0.4641589820384979, "Accuracy": 0.9358799454297408, "Sensitivity": 0.9140271493212669, "Specificity": 0.9453125, "AUC": 0.9744414592760181}, "Label_4": {"Optimal Threshold": 0.022302355617284775, "Accuracy": 0.9017735334242838, "Sensitivity": 0.8571428571428571, "Specificity": 0.9022038567493113, "AUC": 0.9425423061786699}, "Label_5": {"Optimal Threshold": 0.08067423105239868, "Accuracy": 0.9740791268758526, "Sensitivity": 0.8, "Specificity": 0.9752747252747253, "AUC": 0.9318681318681319}, "Label_6": {"Optimal Threshold": 0.011985004879534245, "Accuracy": 0.8908594815825375, "Sensitivity": 1.0, "Specificity": 0.889196675900277, "AUC": 0.971921430370184}, "Label_7": {"Optimal Threshold": 0.2139178067445755, "Accuracy": 0.9618008185538881, "Sensitivity": 1.0, "Specificity": 0.9582712369597616, "AUC": 0.9932935916542474}, "Label_8": {"Optimal Threshold": 0.003574710339307785, "Accuracy": 0.7994542974079127, "Sensitivity": 1.0, "Specificity": 0.79890560875513, "AUC": 0.874829001367989}, "Label_9": {"Optimal Threshold": 0.04064952954649925, "Accuracy": 0.8908594815825375, "Sensitivity": 0.90625, "Specificity": 0.8901569186875892, "AUC": 0.9458363052781741}, "Label_10": {"Optimal Threshold": 0.007959584705531597, "Accuracy": 0.7353342428376535, "Sensitivity": 0.9444444444444444, "Specificity": 0.73006993006993, "AUC": 0.9177156177156177}, "Label_11": {"Optimal Threshold": 0.018230902031064034, "Accuracy": 0.9154160982264665, "Sensitivity": 1.0, "Specificity": 0.9132867132867133, "AUC": 0.9804972804972805}, "Label_12": {"Optimal Threshold": 0.15280598402023315, "Accuracy": 0.8458390177353342, "Sensitivity": 0.9607843137254902, "Specificity": 0.8372434017595308, "AUC": 0.9574780058651027}, "Overall": {"Accuracy": 0.8913841956133909, "Sensitivity": 0.9280075010725858, "Specificity": 0.8905822876839028, "AUC": 0.9517611051982884}}, "label_names": [[3, 8, 7, 10, 12, 11, 2, 1, 0, 9], [3, 8, 7, 10, 12, 11, 4, 6, 5]]}