{"shared_labels": 6, "perf": [0.09607452899217606, 0.9707194566726685], "metrics": {"Label_0": {"Optimal Threshold": 0.028212448582053185, "Accuracy": 0.8758526603001364, "Sensitivity": 0.8955223880597015, "Specificity": 0.8738738738738738, "AUC": 0.9490610012998072}, "Label_1": {"Optimal Threshold": 0.01870449259877205, "Accuracy": 0.9072305593451568, "Sensitivity": 0.9642857142857143, "Specificity": 0.9025110782865583, "AUC": 0.9805074910318634}, "Label_2": {"Optimal Threshold": 0.309187114238739, "Accuracy": 0.9045020463847203, "Sensitivity": 0.9188034188034188, "Specificity": 0.8977955911823647, "AUC": 0.9617268725485159}, "Label_3": {"Optimal Threshold": 0.5104197859764099, "Accuracy": 0.9249658935879945, "Sensitivity": 0.9049773755656109, "Specificity": 0.93359375, "AUC": 0.9699784360859728}, "Label_4": {"Optimal Threshold": 7.839855970814824e-05, "Accuracy": 0.6221009549795361, "Sensitivity": 1.0, "Specificity": 0.6205479452054794, "AUC": 0.8159817351598173}, "Label_5": {"Optimal Threshold": 0.04288434237241745, "Accuracy": 0.9822646657571623, "Sensitivity": 0.9, "Specificity": 0.983402489626556, "AUC": 0.9762102351313968}, "Label_6": {"Optimal Threshold": 0.028915902599692345, "Accuracy": 0.937244201909959, "Sensitivity": 1.0, "Specificity": 0.9360222531293463, "AUC": 0.9770514603616133}, "Label_7": {"Optimal Threshold": 0.0483362190425396, "Accuracy": 0.9290586630286494, "Sensitivity": 0.9848484848484849, "Specificity": 0.9235382308845578, "AUC": 0.9884603152968969}, "Label_8": {"Optimal Threshold": 0.02609473094344139, "Accuracy": 0.9495225102319236, "Sensitivity": 1.0, "Specificity": 0.9491059147180193, "AUC": 0.9821182943603851}, "Label_9": {"Optimal Threshold": 0.04609885439276695, "Accuracy": 0.927694406548431, "Sensitivity": 0.875, "Specificity": 0.9300998573466477, "AUC": 0.9403530670470757}, "Label_10": {"Optimal Threshold": 0.02559392713010311, "Accuracy": 0.8540245566166439, "Sensitivity": 0.9166666666666666, "Specificity": 0.8529819694868238, "AUC": 0.9472954230235784}, "Label_11": {"Optimal Threshold": 0.0310705304145813, "Accuracy": 0.956343792633015, "Sensitivity": 1.0, "Specificity": 0.9553695955369595, "AUC": 0.9889295676429568}, "Label_12": {"Optimal Threshold": 0.10353898257017136, "Accuracy": 0.8362892223738063, "Sensitivity": 0.7962962962962963, "Specificity": 0.8394698085419735, "AUC": 0.904243713522064}, "Overall": {"Accuracy": 0.8928533948997797, "Sensitivity": 0.935107718809684, "Specificity": 0.8921778736783968, "AUC": 0.9524552009624572}}, "label_names": [[0, 5, 11, 10, 3, 4, 9, 2, 1, 12], [0, 5, 11, 10, 3, 4, 6, 8, 7]]}