{"shared_labels": 11, "perf": [0.08843047171831131, 0.9757775068283081], "metrics": {"Label_0": {"Optimal Threshold": 0.07823794335126877, "Accuracy": 0.9045020463847203, "Sensitivity": 0.9130434782608695, "Specificity": 0.9036144578313253, "AUC": 0.9677841801990571}, "Label_1": {"Optimal Threshold": 0.03313034772872925, "Accuracy": 0.9195088676671214, "Sensitivity": 0.9827586206896551, "Specificity": 0.914074074074074, "AUC": 0.9894252873563218}, "Label_2": {"Optimal Threshold": 0.3908963203430176, "Accuracy": 0.9236016371077762, "Sensitivity": 0.8947368421052632, "Specificity": 0.9366336633663367, "AUC": 0.9693503560882404}, "Label_3": {"Optimal Threshold": 0.35143470764160156, "Accuracy": 0.931787175989086, "Sensitivity": 0.918552036199095, "Specificity": 0.9375, "AUC": 0.9739642251131222}, "Label_4": {"Optimal Threshold": 0.02016478031873703, "Accuracy": 0.9345156889495225, "Sensitivity": 0.8571428571428571, "Specificity": 0.9352617079889807, "AUC": 0.9553325462416372}, "Label_5": {"Optimal Threshold": 0.04370817169547081, "Accuracy": 0.9645293315143247, "Sensitivity": 0.8, "Specificity": 0.9656593406593407, "AUC": 0.9346153846153846}, "Label_6": {"Optimal Threshold": 0.008513126522302628, "Accuracy": 0.8758526603001364, "Sensitivity": 1.0, "Specificity": 0.8739612188365651, "AUC": 0.9712918660287081}, "Label_7": {"Optimal Threshold": 0.108479343354702, "Accuracy": 0.9740791268758526, "Sensitivity": 1.0, "Specificity": 0.9716840536512668, "AUC": 0.9937743377722225}, "Label_8": {"Optimal Threshold": 0.001654015970416367, "Accuracy": 0.8335607094133697, "Sensitivity": 1.0, "Specificity": 0.8331053351573188, "AUC": 0.8618331053351573}, "Label_9": {"Optimal Threshold": 0.019004883244633675, "Accuracy": 0.8949522510231923, "Sensitivity": 0.9375, "Specificity": 0.8930099857346647, "AUC": 0.9510074893009987}, "Label_10": {"Optimal Threshold": 0.007173377089202404, "Accuracy": 0.7175989085948158, "Sensitivity": 1.0, "Specificity": 0.7104895104895105, "AUC": 0.9044289044289044}, "Label_11": {"Optimal Threshold": 0.018198775127530098, "Accuracy": 0.8990450204638472, "Sensitivity": 1.0, "Specificity": 0.8965034965034965, "AUC": 0.9724941724941724}, "Label_12": {"Optimal Threshold": 0.042879872024059296, "Accuracy": 0.7830832196452933, "Sensitivity": 0.9803921568627451, "Specificity": 0.7683284457478006, "AUC": 0.9464665631648554}, "Overall": {"Accuracy": 0.888970511071466, "Sensitivity": 0.9449327685584988, "Specificity": 0.8876788684646677, "AUC": 0.9532129552414449}}, "label_names": [[6, 5, 3, 9, 0, 4, 1, 10, 12, 7, 8, 2], [6, 5, 3, 9, 0, 4, 1, 10, 12, 7, 8, 11]]}