{"shared_labels": 11, "perf": [0.08890379220247269, 0.9763198494911194], "metrics": {"Label_0": {"Optimal Threshold": 0.02827615849673748, "Accuracy": 0.8949522510231923, "Sensitivity": 0.9130434782608695, "Specificity": 0.8930722891566265, "AUC": 0.9681115767417496}, "Label_1": {"Optimal Threshold": 0.03809720277786255, "Accuracy": 0.9440654843110505, "Sensitivity": 0.9482758620689655, "Specificity": 0.9437037037037037, "AUC": 0.986743295019157}, "Label_2": {"Optimal Threshold": 0.3296850323677063, "Accuracy": 0.927694406548431, "Sensitivity": 0.9078947368421053, "Specificity": 0.9366336633663367, "AUC": 0.9725117248566961}, "Label_3": {"Optimal Threshold": 0.33084431290626526, "Accuracy": 0.9345156889495225, "Sensitivity": 0.9230769230769231, "Specificity": 0.939453125, "AUC": 0.9754754666289592}, "Label_4": {"Optimal Threshold": 0.017775017768144608, "Accuracy": 0.9427012278308322, "Sensitivity": 0.8571428571428571, "Specificity": 0.9435261707988981, "AUC": 0.9604486422668241}, "Label_5": {"Optimal Threshold": 0.0021044397726655006, "Accuracy": 0.7762619372442019, "Sensitivity": 1.0, "Specificity": 0.7747252747252747, "AUC": 0.9458791208791208}, "Label_6": {"Optimal Threshold": 0.0074875447899103165, "Accuracy": 0.8649386084583902, "Sensitivity": 1.0, "Specificity": 0.8628808864265928, "AUC": 0.9725509947116595}, "Label_7": {"Optimal Threshold": 0.09313435852527618, "Accuracy": 0.9672578444747613, "Sensitivity": 1.0, "Specificity": 0.9642324888226528, "AUC": 0.9939425989135137}, "Label_8": {"Optimal Threshold": 0.003812164533883333, "Accuracy": 0.8090040927694406, "Sensitivity": 1.0, "Specificity": 0.8084815321477428, "AUC": 0.8365253077975376}, "Label_9": {"Optimal Threshold": 0.06584921479225159, "Accuracy": 0.946793997271487, "Sensitivity": 0.875, "Specificity": 0.9500713266761769, "AUC": 0.9486893723252496}, "Label_10": {"Optimal Threshold": 0.011363407596945763, "Accuracy": 0.7939972714870396, "Sensitivity": 0.8888888888888888, "Specificity": 0.7916083916083916, "AUC": 0.9027195027195027}, "Label_11": {"Optimal Threshold": 0.04261409491300583, "Accuracy": 0.9590723055934516, "Sensitivity": 0.9444444444444444, "Specificity": 0.9594405594405594, "AUC": 0.9804972804972805}, "Label_12": {"Optimal Threshold": 0.13410352170467377, "Accuracy": 0.869031377899045, "Sensitivity": 0.7647058823529411, "Specificity": 0.8768328445747801, "AUC": 0.9002070036225635}, "Overall": {"Accuracy": 0.8946374226046804, "Sensitivity": 0.9248056210059997, "Specificity": 0.8957432504959797, "AUC": 0.949561683613832}}, "label_names": [[7, 1, 10, 3, 8, 0, 4, 6, 11, 2, 5, 9], [7, 1, 10, 3, 8, 0, 4, 6, 11, 2, 5, 12]]}