{"shared_labels": 5, "perf": [0.09266363084316254, 0.9728420972824097], "metrics": {"Label_0": {"Optimal Threshold": 0.2652338743209839, "Accuracy": 0.9549795361527967, "Sensitivity": 0.8767123287671232, "Specificity": 0.9636363636363636, "AUC": 0.9737650477376504}, "Label_1": {"Optimal Threshold": 0.11855106055736542, "Accuracy": 0.931787175989086, "Sensitivity": 0.9552238805970149, "Specificity": 0.9294294294294294, "AUC": 0.9859486352023664}, "Label_2": {"Optimal Threshold": 0.1550176590681076, "Accuracy": 0.9072305593451568, "Sensitivity": 0.9248826291079812, "Specificity": 0.9, "AUC": 0.9686348862405201}, "Label_3": {"Optimal Threshold": 0.14125820994377136, "Accuracy": 0.9099590723055935, "Sensitivity": 0.9516908212560387, "Specificity": 0.8935361216730038, "AUC": 0.9726768428206682}, "Label_4": {"Optimal Threshold": 0.01772502064704895, "Accuracy": 0.9263301500682128, "Sensitivity": 0.8333333333333334, "Specificity": 0.9270976616231087, "AUC": 0.887666208161394}, "Label_5": {"Optimal Threshold": 0.028119215741753578, "Accuracy": 0.9454297407912687, "Sensitivity": 0.75, "Specificity": 0.9465020576131687, "AUC": 0.9046639231824416}, "Label_6": {"Optimal Threshold": 0.0079126488417387, "Accuracy": 0.91268758526603, "Sensitivity": 1.0, "Specificity": 0.9117241379310345, "AUC": 0.9725862068965516}, "Label_7": {"Optimal Threshold": 0.020503003150224686, "Accuracy": 0.9331514324693042, "Sensitivity": 0.9692307692307692, "Specificity": 0.9296407185628742, "AUC": 0.9797558728696454}, "Label_8": {"Optimal Threshold": 0.004658345598727465, "Accuracy": 0.8990450204638472, "Sensitivity": 1.0, "Specificity": 0.8979310344827586, "AUC": 0.9712068965517241}, "Label_9": {"Optimal Threshold": 0.05646564066410065, "Accuracy": 0.9331514324693042, "Sensitivity": 0.9333333333333333, "Specificity": 0.9331436699857752, "AUC": 0.969606448553817}, "Label_10": {"Optimal Threshold": 0.0160064734518528, "Accuracy": 0.82537517053206, "Sensitivity": 1.0, "Specificity": 0.8224687933425797, "AUC": 0.9489135460009247}, "Label_11": {"Optimal Threshold": 0.04386568441987038, "Accuracy": 0.9577080491132333, "Sensitivity": 1.0, "Specificity": 0.9567642956764296, "AUC": 0.9836994421199442}, "Label_12": {"Optimal Threshold": 0.12004684656858444, "Accuracy": 0.8826739427012278, "Sensitivity": 0.7547169811320755, "Specificity": 0.8926470588235295, "AUC": 0.8747225305216427}, "Overall": {"Accuracy": 0.9168852975128554, "Sensitivity": 0.9191633905198208, "Specificity": 0.9157324109830811, "AUC": 0.9533728066814839}}, "label_names": [[11, 2, 3, 6, 1, 4, 0, 12, 8], [11, 2, 3, 6, 1, 10, 5, 9, 7]]}