{"shared_labels": 5, "perf": [0.08814243972301483, 0.9799169301986694], "metrics": {"Label_0": {"Optimal Threshold": 0.04113471880555153, "Accuracy": 0.8867667121418826, "Sensitivity": 0.9420289855072463, "Specificity": 0.8810240963855421, "AUC": 0.9679369652523137}, "Label_1": {"Optimal Threshold": 0.21549570560455322, "Accuracy": 0.9699863574351978, "Sensitivity": 0.9137931034482759, "Specificity": 0.9748148148148148, "AUC": 0.9872541507024266}, "Label_2": {"Optimal Threshold": 0.4926939904689789, "Accuracy": 0.9236016371077762, "Sensitivity": 0.9298245614035088, "Specificity": 0.9207920792079208, "AUC": 0.9747524752475247}, "Label_3": {"Optimal Threshold": 0.5409502983093262, "Accuracy": 0.9304229195088677, "Sensitivity": 0.9276018099547512, "Specificity": 0.931640625, "AUC": 0.9773932409502262}, "Label_4": {"Optimal Threshold": 0.003769730916246772, "Accuracy": 0.8458390177353342, "Sensitivity": 1.0, "Specificity": 0.8443526170798898, "AUC": 0.970680834317198}, "Label_5": {"Optimal Threshold": 0.0066146813333034515, "Accuracy": 0.8117326057298773, "Sensitivity": 1.0, "Specificity": 0.8104395604395604, "AUC": 0.9527472527472527}, "Label_6": {"Optimal Threshold": 0.015172488987445831, "Accuracy": 0.8894952251023193, "Sensitivity": 1.0, "Specificity": 0.8878116343490304, "AUC": 0.9714177788970032}, "Label_7": {"Optimal Threshold": 0.17986908555030823, "Accuracy": 0.956343792633015, "Sensitivity": 0.9838709677419355, "Specificity": 0.9538002980625931, "AUC": 0.991851353300322}, "Label_8": {"Optimal Threshold": 0.007155206985771656, "Accuracy": 0.8949522510231923, "Sensitivity": 1.0, "Specificity": 0.8946648426812586, "AUC": 0.8980848153214774}, "Label_9": {"Optimal Threshold": 0.06695614755153656, "Accuracy": 0.922237380627558, "Sensitivity": 0.875, "Specificity": 0.9243937232524965, "AUC": 0.943518188302425}, "Label_10": {"Optimal Threshold": 0.02641979046165943, "Accuracy": 0.844474761255116, "Sensitivity": 0.8888888888888888, "Specificity": 0.8433566433566434, "AUC": 0.9128205128205128}, "Label_11": {"Optimal Threshold": 0.04524562507867813, "Accuracy": 0.9577080491132333, "Sensitivity": 0.9444444444444444, "Specificity": 0.958041958041958, "AUC": 0.9805749805749806}, "Label_12": {"Optimal Threshold": 0.04347708076238632, "Accuracy": 0.781718963165075, "Sensitivity": 0.9803921568627451, "Specificity": 0.7668621700879765, "AUC": 0.9475015812776724}, "Overall": {"Accuracy": 0.8934830517368033, "Sensitivity": 0.9527573014039844, "Specificity": 0.8916919279045911, "AUC": 0.9597333945931795}}, "label_names": [[12, 5, 3, 11, 2, 6, 0, 10, 4], [12, 5, 3, 11, 2, 8, 7, 1, 9]]}