{"shared_labels": 10, "perf": [0.0869399830698967, 0.9785861372947693], "metrics": {"Label_0": {"Optimal Threshold": 0.09089779108762741, "Accuracy": 0.897680763983629, "Sensitivity": 0.9420289855072463, "Specificity": 0.8930722891566265, "AUC": 0.9697485594552122}, "Label_1": {"Optimal Threshold": 0.08812837302684784, "Accuracy": 0.9358799454297408, "Sensitivity": 0.9482758620689655, "Specificity": 0.9348148148148148, "AUC": 0.9869220945083015}, "Label_2": {"Optimal Threshold": 0.3906194269657135, "Accuracy": 0.9208731241473397, "Sensitivity": 0.9254385964912281, "Specificity": 0.9188118811881189, "AUC": 0.9729720340455098}, "Label_3": {"Optimal Threshold": 0.4411151111125946, "Accuracy": 0.9290586630286494, "Sensitivity": 0.9276018099547512, "Specificity": 0.9296875, "AUC": 0.9760057268099549}, "Label_4": {"Optimal Threshold": 0.004844043869525194, "Accuracy": 0.8212824010914052, "Sensitivity": 1.0, "Specificity": 0.8195592286501377, "AUC": 0.966745375836285}, "Label_5": {"Optimal Threshold": 0.0028747881297022104, "Accuracy": 0.7858117326057299, "Sensitivity": 1.0, "Specificity": 0.7843406593406593, "AUC": 0.951923076923077}, "Label_6": {"Optimal Threshold": 0.017191704362630844, "Accuracy": 0.9304229195088677, "Sensitivity": 1.0, "Specificity": 0.9293628808864266, "AUC": 0.9836313271216319}, "Label_7": {"Optimal Threshold": 0.1778995841741562, "Accuracy": 0.9618008185538881, "Sensitivity": 0.9838709677419355, "Specificity": 0.9597615499254843, "AUC": 0.9916109802413345}, "Label_8": {"Optimal Threshold": 0.0019986501429229975, "Accuracy": 0.7544338335607094, "Sensitivity": 1.0, "Specificity": 0.7537619699042407, "AUC": 0.8160054719562243}, "Label_9": {"Optimal Threshold": 0.03428361937403679, "Accuracy": 0.8676671214188267, "Sensitivity": 0.9375, "Specificity": 0.8644793152639088, "AUC": 0.9440977175463623}, "Label_10": {"Optimal Threshold": 0.017052389681339264, "Accuracy": 0.7271487039563438, "Sensitivity": 0.9444444444444444, "Specificity": 0.7216783216783217, "AUC": 0.8787878787878788}, "Label_11": {"Optimal Threshold": 0.02741151489317417, "Accuracy": 0.9345156889495225, "Sensitivity": 0.9444444444444444, "Specificity": 0.9342657342657342, "AUC": 0.9776223776223777}, "Label_12": {"Optimal Threshold": 0.033755309879779816, "Accuracy": 0.7585266030013642, "Sensitivity": 1.0, "Specificity": 0.7404692082111437, "AUC": 0.9452877925363694}, "Overall": {"Accuracy": 0.8634694091720012, "Sensitivity": 0.9656619315886936, "Specificity": 0.8603127194835091, "AUC": 0.9508738779531168}}, "label_names": [[3, 12, 2, 6, 0, 5, 8, 4, 1, 11, 10, 7], [3, 12, 2, 6, 0, 5, 8, 4, 1, 11, 9]]}