{"shared_labels": 10, "perf": [0.09045016020536423, 0.9790395498275757], "metrics": {"Label_0": {"Optimal Threshold": 0.19854186475276947, "Accuracy": 0.927694406548431, "Sensitivity": 0.8571428571428571, "Specificity": 0.9368258859784283, "AUC": 0.9490608261794702}, "Label_1": {"Optimal Threshold": 0.22789043188095093, "Accuracy": 0.9577080491132333, "Sensitivity": 0.9452054794520548, "Specificity": 0.9590909090909091, "AUC": 0.9849937733499377}, "Label_2": {"Optimal Threshold": 0.3799712061882019, "Accuracy": 0.9181446111869032, "Sensitivity": 0.9469387755102041, "Specificity": 0.9036885245901639, "AUC": 0.9751840080294413}, "Label_3": {"Optimal Threshold": 0.4719468951225281, "Accuracy": 0.9304229195088677, "Sensitivity": 0.9149797570850202, "Specificity": 0.9382716049382716, "AUC": 0.9777494543576415}, "Label_4": {"Optimal Threshold": 0.013978516682982445, "Accuracy": 0.8935879945429741, "Sensitivity": 1.0, "Specificity": 0.8925619834710744, "AUC": 0.9803227075954348}, "Label_5": {"Optimal Threshold": 0.012027783319354057, "Accuracy": 0.8908594815825375, "Sensitivity": 0.8571428571428571, "Specificity": 0.8911845730027548, "AUC": 0.9336875245966154}, "Label_6": {"Optimal Threshold": 0.02215433306992054, "Accuracy": 0.922237380627558, "Sensitivity": 1.0, "Specificity": 0.9210526315789473, "AUC": 0.9700327373457568}, "Label_7": {"Optimal Threshold": 0.11801817268133163, "Accuracy": 0.9549795361527967, "Sensitivity": 0.9375, "Specificity": 0.9566517189835575, "AUC": 0.9868740657698056}, "Label_8": {"Optimal Threshold": 0.054935455322265625, "Accuracy": 0.9768076398362893, "Sensitivity": 1.0, "Specificity": 0.9767123287671233, "AUC": 0.9858447488584475}, "Label_9": {"Optimal Threshold": 0.02819846384227276, "Accuracy": 0.9154160982264665, "Sensitivity": 0.95, "Specificity": 0.9134199134199135, "AUC": 0.9579004329004328}, "Label_10": {"Optimal Threshold": 0.030256014317274094, "Accuracy": 0.8867667121418826, "Sensitivity": 0.9375, "Specificity": 0.8856345885634589, "AUC": 0.9414225941422595}, "Label_11": {"Optimal Threshold": 0.019648004323244095, "Accuracy": 0.922237380627558, "Sensitivity": 1.0, "Specificity": 0.9201680672268907, "AUC": 0.9855521155830752}, "Label_12": {"Optimal Threshold": 0.09606137126684189, "Accuracy": 0.810368349249659, "Sensitivity": 0.9137931034482759, "Specificity": 0.8014814814814815, "AUC": 0.9287611749680714}, "Overall": {"Accuracy": 0.9159408122573198, "Sensitivity": 0.94309252536779, "Specificity": 0.9151341700840749, "AUC": 0.9659527818212609}}, "label_names": [[2, 12, 9, 1, 7, 10, 5, 3, 8, 11, 6, 0], [2, 12, 9, 1, 7, 10, 5, 3, 8, 11, 4]]}