{"shared_labels": 8, "perf": [0.10030137002468109, 0.9715360403060913], "metrics": {"Label_0": {"Optimal Threshold": 0.06873700767755508, "Accuracy": 0.8703956343792633, "Sensitivity": 0.9069767441860465, "Specificity": 0.865533230293663, "AUC": 0.9464073901010028}, "Label_1": {"Optimal Threshold": 0.23582975566387177, "Accuracy": 0.956343792633015, "Sensitivity": 0.9166666666666666, "Specificity": 0.9606656580937972, "AUC": 0.9754160363086233}, "Label_2": {"Optimal Threshold": 0.21741271018981934, "Accuracy": 0.9058663028649386, "Sensitivity": 0.8884297520661157, "Specificity": 0.9144602851323829, "AUC": 0.9618000033663799}, "Label_3": {"Optimal Threshold": 0.12860439717769623, "Accuracy": 0.9045020463847203, "Sensitivity": 0.9527896995708155, "Specificity": 0.882, "AUC": 0.969450643776824}, "Label_4": {"Optimal Threshold": 0.005824036430567503, "Accuracy": 0.8744884038199181, "Sensitivity": 1.0, "Specificity": 0.8725761772853186, "AUC": 0.9678922185847394}, "Label_5": {"Optimal Threshold": 0.00045309215784072876, "Accuracy": 0.6712141882673943, "Sensitivity": 1.0, "Specificity": 0.6694101508916324, "AUC": 0.8665980795610425}, "Label_6": {"Optimal Threshold": 0.07775357365608215, "Accuracy": 0.9836289222373806, "Sensitivity": 1.0, "Specificity": 0.9835841313269493, "AUC": 0.9911080711354309}, "Label_7": {"Optimal Threshold": 0.26086851954460144, "Accuracy": 0.975443383356071, "Sensitivity": 0.9473684210526315, "Specificity": 0.977810650887574, "AUC": 0.984999480950898}, "Label_8": {"Optimal Threshold": 0.012451511807739735, "Accuracy": 0.9304229195088677, "Sensitivity": 1.0, "Specificity": 0.9300411522633745, "AUC": 0.9790809327846365}, "Label_9": {"Optimal Threshold": 0.02501228079199791, "Accuracy": 0.8826739427012278, "Sensitivity": 1.0, "Specificity": 0.8780141843971632, "AUC": 0.9744680851063829}, "Label_10": {"Optimal Threshold": 0.013073232024908066, "Accuracy": 0.8949522510231923, "Sensitivity": 0.7333333333333333, "Specificity": 0.8983286908077994, "AUC": 0.871402042711235}, "Label_11": {"Optimal Threshold": 0.025403808802366257, "Accuracy": 0.9590723055934516, "Sensitivity": 0.9444444444444444, "Specificity": 0.9594405594405594, "AUC": 0.9801087801087801}, "Label_12": {"Optimal Threshold": 0.04388830065727234, "Accuracy": 0.7980900409276944, "Sensitivity": 0.9166666666666666, "Specificity": 0.787518573551263, "AUC": 0.9136206042595344}, "Overall": {"Accuracy": 0.8928533948997797, "Sensitivity": 0.9389750559989783, "Specificity": 0.8907218034131905, "AUC": 0.9524886437504239}}, "label_names": [[9, 11, 3, 8, 7, 5, 12, 6, 0, 1, 4], [9, 11, 3, 8, 7, 5, 12, 6, 2, 10]]}