{"shared_labels": 8, "perf": [0.08875305950641632, 0.9755353331565857], "metrics": {"Label_0": {"Optimal Threshold": 0.14414851367473602, "Accuracy": 0.9358799454297408, "Sensitivity": 0.8695652173913043, "Specificity": 0.9427710843373494, "AUC": 0.9702287410511612}, "Label_1": {"Optimal Threshold": 0.28542211651802063, "Accuracy": 0.9795361527967258, "Sensitivity": 0.896551724137931, "Specificity": 0.9866666666666667, "AUC": 0.9875351213282249}, "Label_2": {"Optimal Threshold": 0.3191789984703064, "Accuracy": 0.9236016371077762, "Sensitivity": 0.9254385964912281, "Specificity": 0.9227722772277228, "AUC": 0.972424874066354}, "Label_3": {"Optimal Threshold": 0.3155707120895386, "Accuracy": 0.922237380627558, "Sensitivity": 0.9230769230769231, "Specificity": 0.921875, "AUC": 0.9747154270361991}, "Label_4": {"Optimal Threshold": 0.00819496437907219, "Accuracy": 0.8867667121418826, "Sensitivity": 0.8571428571428571, "Specificity": 0.8870523415977961, "AUC": 0.9354584809130263}, "Label_5": {"Optimal Threshold": 0.06779933720827103, "Accuracy": 0.9699863574351978, "Sensitivity": 0.8, "Specificity": 0.9711538461538461, "AUC": 0.9052197802197802}, "Label_6": {"Optimal Threshold": 0.019137294963002205, "Accuracy": 0.9017735334242838, "Sensitivity": 1.0, "Specificity": 0.9002770083102493, "AUC": 0.9763283807605138}, "Label_7": {"Optimal Threshold": 0.18713584542274475, "Accuracy": 0.9686221009549796, "Sensitivity": 1.0, "Specificity": 0.9657228017883756, "AUC": 0.9928368828421711}, "Label_8": {"Optimal Threshold": 0.003664561314508319, "Accuracy": 0.800818553888131, "Sensitivity": 1.0, "Specificity": 0.8002735978112175, "AUC": 0.8358413132694938}, "Label_9": {"Optimal Threshold": 0.06325914710760117, "Accuracy": 0.9181446111869032, "Sensitivity": 0.84375, "Specificity": 0.9215406562054208, "AUC": 0.9424037089871612}, "Label_10": {"Optimal Threshold": 0.006321363151073456, "Accuracy": 0.6234652114597544, "Sensitivity": 1.0, "Specificity": 0.6139860139860139, "AUC": 0.8609168609168608}, "Label_11": {"Optimal Threshold": 0.05940507352352142, "Accuracy": 0.9604365620736699, "Sensitivity": 0.9444444444444444, "Specificity": 0.9608391608391609, "AUC": 0.9823620823620824}, "Label_12": {"Optimal Threshold": 0.09032014012336731, "Accuracy": 0.8090040927694406, "Sensitivity": 0.8627450980392157, "Specificity": 0.8049853372434017, "AUC": 0.9150135127364729}, "Overall": {"Accuracy": 0.8923286808689264, "Sensitivity": 0.9171319123633772, "Specificity": 0.892301214782094, "AUC": 0.9424065512684232}}, "label_names": [[11, 6, 1, 8, 7, 0, 3, 2, 9, 12, 10], [11, 6, 1, 8, 7, 0, 3, 2, 5, 4]]}