{"shared_labels": 10, "perf": [0.08819848299026489, 0.9752721190452576], "metrics": {"Label_0": {"Optimal Threshold": 0.1906011998653412, "Accuracy": 0.9290586630286494, "Sensitivity": 0.8695652173913043, "Specificity": 0.9352409638554217, "AUC": 0.9673694779116466}, "Label_1": {"Optimal Threshold": 0.13983556628227234, "Accuracy": 0.9454297407912687, "Sensitivity": 0.9655172413793104, "Specificity": 0.9437037037037037, "AUC": 0.9890166028097063}, "Label_2": {"Optimal Threshold": 0.15926702320575714, "Accuracy": 0.9195088676671214, "Sensitivity": 0.9342105263157895, "Specificity": 0.9128712871287129, "AUC": 0.9739621330554108}, "Label_3": {"Optimal Threshold": 0.19686216115951538, "Accuracy": 0.931787175989086, "Sensitivity": 0.9321266968325792, "Specificity": 0.931640625, "AUC": 0.976765766402715}, "Label_4": {"Optimal Threshold": 0.0023051754105836153, "Accuracy": 0.7994542974079127, "Sensitivity": 1.0, "Specificity": 0.7975206611570248, "AUC": 0.9543486816214088}, "Label_5": {"Optimal Threshold": 0.0030825051944702864, "Accuracy": 0.8049113233287858, "Sensitivity": 1.0, "Specificity": 0.8035714285714286, "AUC": 0.9434065934065934}, "Label_6": {"Optimal Threshold": 0.005293909460306168, "Accuracy": 0.8553888130968622, "Sensitivity": 1.0, "Specificity": 0.853185595567867, "AUC": 0.9696549987408712}, "Label_7": {"Optimal Threshold": 0.13023625314235687, "Accuracy": 0.9686221009549796, "Sensitivity": 1.0, "Specificity": 0.9657228017883756, "AUC": 0.9937262631604249}, "Label_8": {"Optimal Threshold": 0.002760736970230937, "Accuracy": 0.834924965893588, "Sensitivity": 1.0, "Specificity": 0.8344733242134063, "AUC": 0.8488372093023255}, "Label_9": {"Optimal Threshold": 0.05588294193148613, "Accuracy": 0.91268758526603, "Sensitivity": 0.90625, "Specificity": 0.912981455064194, "AUC": 0.9505616975748931}, "Label_10": {"Optimal Threshold": 0.010263947769999504, "Accuracy": 0.7776261937244202, "Sensitivity": 0.9444444444444444, "Specificity": 0.7734265734265734, "AUC": 0.9133644133644133}, "Label_11": {"Optimal Threshold": 0.014383646659553051, "Accuracy": 0.8635743519781719, "Sensitivity": 1.0, "Specificity": 0.8601398601398601, "AUC": 0.9700854700854701}, "Label_12": {"Optimal Threshold": 0.07593503594398499, "Accuracy": 0.8062755798090041, "Sensitivity": 0.9803921568627451, "Specificity": 0.7932551319648093, "AUC": 0.9506066356161232}, "Overall": {"Accuracy": 0.8730192045335291, "Sensitivity": 0.9640389448635518, "Specificity": 0.870594877813952, "AUC": 0.9539773802347694}}, "label_names": [[7, 3, 5, 9, 12, 2, 1, 10, 0, 4, 8, 11], [7, 3, 5, 9, 12, 2, 1, 10, 0, 4, 6]]}