{"shared_labels": 10, "perf": [0.10133349150419235, 0.9696520566940308], "metrics": {"Label_0": {"Optimal Threshold": 0.02605755254626274, "Accuracy": 0.8485675306957708, "Sensitivity": 0.9186046511627907, "Specificity": 0.839258114374034, "AUC": 0.9457244527515186}, "Label_1": {"Optimal Threshold": 0.06800410896539688, "Accuracy": 0.9331514324693042, "Sensitivity": 0.9722222222222222, "Specificity": 0.9288956127080181, "AUC": 0.9802697932425617}, "Label_2": {"Optimal Threshold": 0.1139145940542221, "Accuracy": 0.9058663028649386, "Sensitivity": 0.9173553719008265, "Specificity": 0.90020366598778, "AUC": 0.9643416202386763}, "Label_3": {"Optimal Threshold": 0.09776465594768524, "Accuracy": 0.9099590723055935, "Sensitivity": 0.944206008583691, "Specificity": 0.894, "AUC": 0.9692274678111589}, "Label_4": {"Optimal Threshold": 0.004195982590317726, "Accuracy": 0.8608458390177354, "Sensitivity": 1.0, "Specificity": 0.8587257617728532, "AUC": 0.9712918660287082}, "Label_5": {"Optimal Threshold": 0.00110826815944165, "Accuracy": 0.7066848567530696, "Sensitivity": 1.0, "Specificity": 0.7050754458161865, "AUC": 0.8532235939643348}, "Label_6": {"Optimal Threshold": 0.13245627284049988, "Accuracy": 0.9836289222373806, "Sensitivity": 1.0, "Specificity": 0.9835841313269493, "AUC": 0.991108071135431}, "Label_7": {"Optimal Threshold": 0.10789806395769119, "Accuracy": 0.9631650750341064, "Sensitivity": 0.9473684210526315, "Specificity": 0.9644970414201184, "AUC": 0.9865047233468286}, "Label_8": {"Optimal Threshold": 0.006382535677403212, "Accuracy": 0.8608458390177354, "Sensitivity": 1.0, "Specificity": 0.8600823045267489, "AUC": 0.9626200274348422}, "Label_9": {"Optimal Threshold": 0.02538774535059929, "Accuracy": 0.8431105047748977, "Sensitivity": 0.9642857142857143, "Specificity": 0.8382978723404255, "AUC": 0.9522796352583587}, "Label_10": {"Optimal Threshold": 0.013216625899076462, "Accuracy": 0.7776261937244202, "Sensitivity": 0.9333333333333333, "Specificity": 0.7743732590529248, "AUC": 0.9041782729805015}, "Label_11": {"Optimal Threshold": 0.017115075141191483, "Accuracy": 0.9099590723055935, "Sensitivity": 1.0, "Specificity": 0.9076923076923077, "AUC": 0.9866355866355867}, "Label_12": {"Optimal Threshold": 0.09697336703538895, "Accuracy": 0.8826739427012278, "Sensitivity": 0.8166666666666667, "Specificity": 0.888558692421991, "AUC": 0.9086181277860326}, "Overall": {"Accuracy": 0.8758526603001364, "Sensitivity": 0.954926337631375, "Specificity": 0.8725572468800261, "AUC": 0.9520017875857338}}, "label_names": [[8, 7, 4, 10, 6, 1, 2, 3, 11, 12, 9, 0], [8, 7, 4, 10, 6, 1, 2, 3, 11, 12, 5]]}