{"shared_labels": 0, "perf": [0.08751558512449265, 0.9768166542053223], "label_names": [[10, 7, 11, 8, 3, 1, 4], [12, 6, 5, 0, 9, 2]], "metrics": {"Label_0": {"Optimal Threshold": 0.08468179404735565, "Accuracy": 0.9413369713506139, "Sensitivity": 0.8405797101449275, "Specificity": 0.9518072289156626, "AUC": 0.9646629998253885}, "Label_1": {"Optimal Threshold": 0.03800777345895767, "Accuracy": 0.9345156889495225, "Sensitivity": 0.9655172413793104, "Specificity": 0.9318518518518518, "AUC": 0.9869987228607918}, "Label_2": {"Optimal Threshold": 0.26390352845191956, "Accuracy": 0.927694406548431, "Sensitivity": 0.9122807017543859, "Specificity": 0.9346534653465347, "AUC": 0.9737797463956922}, "Label_3": {"Optimal Threshold": 0.46510690450668335, "Accuracy": 0.9345156889495225, "Sensitivity": 0.9140271493212669, "Specificity": 0.943359375, "AUC": 0.9769425197963801}, "Label_4": {"Optimal Threshold": 0.041359882801771164, "Accuracy": 0.9618008185538881, "Sensitivity": 0.8571428571428571, "Specificity": 0.9628099173553719, "AUC": 0.9596615505706414}, "Label_5": {"Optimal Threshold": 0.044948600232601166, "Accuracy": 0.9590723055934516, "Sensitivity": 0.8, "Specificity": 0.9601648351648352, "AUC": 0.9412087912087912}, "Label_6": {"Optimal Threshold": 0.013263809494674206, "Accuracy": 0.8922237380627558, "Sensitivity": 1.0, "Specificity": 0.8905817174515236, "AUC": 0.9772097708385796}, "Label_7": {"Optimal Threshold": 0.14197267591953278, "Accuracy": 0.9672578444747613, "Sensitivity": 0.9838709677419355, "Specificity": 0.9657228017883756, "AUC": 0.9937262631604249}, "Label_8": {"Optimal Threshold": 0.003806245978921652, "Accuracy": 0.8335607094133697, "Sensitivity": 1.0, "Specificity": 0.8331053351573188, "AUC": 0.8796169630642955}, "Label_9": {"Optimal Threshold": 0.015379582531750202, "Accuracy": 0.8608458390177354, "Sensitivity": 0.96875, "Specificity": 0.8559201141226819, "AUC": 0.9424928673323822}, "Label_10": {"Optimal Threshold": 0.04226309061050415, "Accuracy": 0.8826739427012278, "Sensitivity": 0.7777777777777778, "Specificity": 0.8853146853146853, "AUC": 0.9015540015540016}, "Label_11": {"Optimal Threshold": 0.0556330606341362, "Accuracy": 0.9645293315143247, "Sensitivity": 0.8888888888888888, "Specificity": 0.9664335664335665, "AUC": 0.9740481740481741}, "Label_12": {"Optimal Threshold": 0.05818059295415878, "Accuracy": 0.8526603001364257, "Sensitivity": 0.9019607843137255, "Specificity": 0.8489736070381232, "AUC": 0.9361163820366857}, "Overall": {"Accuracy": 0.9163605834820022, "Sensitivity": 0.9085227752665445, "Specificity": 0.9177460385338871, "AUC": 0.9544629809763253}}}