{"shared_labels": 5, "perf": [0.08786486089229584, 0.9779991507530212], "label_names": [[8, 0, 10, 2, 9, 7, 6, 5, 1], [8, 0, 10, 2, 9, 12, 11, 3, 4]], "metrics": {"Label_0": {"Optimal Threshold": 0.032306428998708725, "Accuracy": 0.8758526603001364, "Sensitivity": 0.9710144927536232, "Specificity": 0.8659638554216867, "AUC": 0.9723677317967522}, "Label_1": {"Optimal Threshold": 0.051698166877031326, "Accuracy": 0.9208731241473397, "Sensitivity": 0.9655172413793104, "Specificity": 0.917037037037037, "AUC": 0.9877394636015325}, "Label_2": {"Optimal Threshold": 0.1962980329990387, "Accuracy": 0.9099590723055935, "Sensitivity": 0.956140350877193, "Specificity": 0.8891089108910891, "AUC": 0.9748132708007643}, "Label_3": {"Optimal Threshold": 0.2715292274951935, "Accuracy": 0.9195088676671214, "Sensitivity": 0.9411764705882353, "Specificity": 0.91015625, "AUC": 0.9751396351809956}, "Label_4": {"Optimal Threshold": 0.007007619831711054, "Accuracy": 0.8362892223738063, "Sensitivity": 1.0, "Specificity": 0.8347107438016529, "AUC": 0.9622195985832349}, "Label_5": {"Optimal Threshold": 0.002602232387289405, "Accuracy": 0.7530695770804912, "Sensitivity": 1.0, "Specificity": 0.7513736263736264, "AUC": 0.9277472527472528}, "Label_6": {"Optimal Threshold": 0.016420982778072357, "Accuracy": 0.8663028649386084, "Sensitivity": 1.0, "Specificity": 0.8642659279778393, "AUC": 0.9725509947116595}, "Label_7": {"Optimal Threshold": 0.1268376111984253, "Accuracy": 0.9604365620736699, "Sensitivity": 1.0, "Specificity": 0.9567809239940388, "AUC": 0.992452285947791}, "Label_8": {"Optimal Threshold": 0.0027389677707105875, "Accuracy": 0.8335607094133697, "Sensitivity": 1.0, "Specificity": 0.8331053351573188, "AUC": 0.8570451436388509}, "Label_9": {"Optimal Threshold": 0.026242025196552277, "Accuracy": 0.8963165075034106, "Sensitivity": 0.9375, "Specificity": 0.8944365192582026, "AUC": 0.9522111269614837}, "Label_10": {"Optimal Threshold": 0.01996181346476078, "Accuracy": 0.8144611186903138, "Sensitivity": 0.8888888888888888, "Specificity": 0.8125874125874126, "AUC": 0.9197358197358197}, "Label_11": {"Optimal Threshold": 0.01722264476120472, "Accuracy": 0.8813096862210096, "Sensitivity": 0.9444444444444444, "Specificity": 0.8797202797202798, "AUC": 0.9604506604506604}, "Label_12": {"Optimal Threshold": 0.05710521712899208, "Accuracy": 0.8622100954979536, "Sensitivity": 0.8823529411764706, "Specificity": 0.8607038123167156, "AUC": 0.9269449715370018}, "Overall": {"Accuracy": 0.8715500052471403, "Sensitivity": 0.9605411407775513, "Specificity": 0.8669192795797614, "AUC": 0.9524167658226}}}