{"shared_labels": 13, "perf": [0.0887392982840538, 0.9781599640846252], "label_names": [[7, 11, 3, 8, 1, 0, 10, 6, 4, 12, 2, 5, 9], [7, 11, 3, 8, 1, 0, 10, 6, 4, 12, 2, 5, 9]], "metrics": {"Label_0": {"Optimal Threshold": 0.12579642236232758, "Accuracy": 0.9522510231923602, "Sensitivity": 0.855072463768116, "Specificity": 0.9623493975903614, "AUC": 0.9688318491356731}, "Label_1": {"Optimal Threshold": 0.04277132824063301, "Accuracy": 0.9508867667121419, "Sensitivity": 0.9655172413793104, "Specificity": 0.9496296296296296, "AUC": 0.9885568326947637}, "Label_2": {"Optimal Threshold": 0.3500403165817261, "Accuracy": 0.9099590723055935, "Sensitivity": 0.9517543859649122, "Specificity": 0.8910891089108911, "AUC": 0.9721556366162932}, "Label_3": {"Optimal Threshold": 0.5563662052154541, "Accuracy": 0.9263301500682128, "Sensitivity": 0.9230769230769231, "Specificity": 0.927734375, "AUC": 0.9750866091628959}, "Label_4": {"Optimal Threshold": 0.0149608813226223, "Accuracy": 0.9263301500682128, "Sensitivity": 0.8571428571428571, "Specificity": 0.9269972451790633, "AUC": 0.9561196379378197}, "Label_5": {"Optimal Threshold": 0.005049238912761211, "Accuracy": 0.7830832196452933, "Sensitivity": 1.0, "Specificity": 0.7815934065934066, "AUC": 0.9423076923076923}, "Label_6": {"Optimal Threshold": 0.05319010093808174, "Accuracy": 0.9440654843110505, "Sensitivity": 0.9090909090909091, "Specificity": 0.9445983379501385, "AUC": 0.9721732561067742}, "Label_7": {"Optimal Threshold": 0.1853923797607422, "Accuracy": 0.9686221009549796, "Sensitivity": 1.0, "Specificity": 0.9657228017883756, "AUC": 0.9936781885486274}, "Label_8": {"Optimal Threshold": 0.0037904437631368637, "Accuracy": 0.8049113233287858, "Sensitivity": 1.0, "Specificity": 0.8043775649794802, "AUC": 0.8440492476060191}, "Label_9": {"Optimal Threshold": 0.02803119458258152, "Accuracy": 0.9099590723055935, "Sensitivity": 0.9375, "Specificity": 0.9087018544935807, "AUC": 0.9536376604850213}, "Label_10": {"Optimal Threshold": 0.018809234723448753, "Accuracy": 0.8076398362892224, "Sensitivity": 0.8888888888888888, "Specificity": 0.8055944055944056, "AUC": 0.9014763014763015}, "Label_11": {"Optimal Threshold": 0.0478622131049633, "Accuracy": 0.9645293315143247, "Sensitivity": 0.9444444444444444, "Specificity": 0.965034965034965, "AUC": 0.9815850815850815}, "Label_12": {"Optimal Threshold": 0.1242842748761177, "Accuracy": 0.8335607094133697, "Sensitivity": 0.9215686274509803, "Specificity": 0.8269794721407625, "AUC": 0.9468690702087287}, "Overall": {"Accuracy": 0.8986252492391646, "Sensitivity": 0.9349274416313341, "Specificity": 0.8969540434526968, "AUC": 0.9535790049132071}}}