{"shared_labels": 4, "perf": [0.09186720848083496, 0.9748111367225647], "label_names": [[5, 0, 3, 6, 2, 9, 7, 10, 12], [5, 0, 3, 6, 4, 11, 1, 8]], "metrics": {"Label_0": {"Optimal Threshold": 0.036113541573286057, "Accuracy": 0.8431105047748977, "Sensitivity": 0.9855072463768116, "Specificity": 0.8283132530120482, "AUC": 0.9679587916884931}, "Label_1": {"Optimal Threshold": 0.10557996481657028, "Accuracy": 0.9399727148703957, "Sensitivity": 0.9482758620689655, "Specificity": 0.9392592592592592, "AUC": 0.985772669220945}, "Label_2": {"Optimal Threshold": 0.3167737126350403, "Accuracy": 0.9195088676671214, "Sensitivity": 0.9078947368421053, "Specificity": 0.9247524752475248, "AUC": 0.9703491401771757}, "Label_3": {"Optimal Threshold": 0.43413519859313965, "Accuracy": 0.9304229195088677, "Sensitivity": 0.9140271493212669, "Specificity": 0.9375, "AUC": 0.974918693438914}, "Label_4": {"Optimal Threshold": 0.0022143267560750246, "Accuracy": 0.7844474761255116, "Sensitivity": 1.0, "Specificity": 0.7823691460055097, "AUC": 0.9535615899252263}, "Label_5": {"Optimal Threshold": 0.07037350535392761, "Accuracy": 0.9727148703956344, "Sensitivity": 0.8, "Specificity": 0.9739010989010989, "AUC": 0.9384615384615385}, "Label_6": {"Optimal Threshold": 0.013527577742934227, "Accuracy": 0.922237380627558, "Sensitivity": 1.0, "Specificity": 0.9210526315789473, "AUC": 0.9780911609166456}, "Label_7": {"Optimal Threshold": 0.10790977627038956, "Accuracy": 0.9618008185538881, "Sensitivity": 1.0, "Specificity": 0.9582712369597616, "AUC": 0.9925965097831835}, "Label_8": {"Optimal Threshold": 0.0030097083654254675, "Accuracy": 0.7667121418826739, "Sensitivity": 1.0, "Specificity": 0.7660738714090287, "AUC": 0.8331053351573188}, "Label_9": {"Optimal Threshold": 0.0234022568911314, "Accuracy": 0.8717598908594816, "Sensitivity": 0.96875, "Specificity": 0.8673323823109843, "AUC": 0.9444097717546361}, "Label_10": {"Optimal Threshold": 0.005417647305876017, "Accuracy": 0.6466575716234653, "Sensitivity": 1.0, "Specificity": 0.6377622377622377, "AUC": 0.85003885003885}, "Label_11": {"Optimal Threshold": 0.049626272171735764, "Accuracy": 0.9440654843110505, "Sensitivity": 0.9444444444444444, "Specificity": 0.9440559440559441, "AUC": 0.9735042735042735}, "Label_12": {"Optimal Threshold": 0.21187913417816162, "Accuracy": 0.9085948158253752, "Sensitivity": 0.7254901960784313, "Specificity": 0.9222873900293255, "AUC": 0.9088321545627048}, "Overall": {"Accuracy": 0.8778465736173785, "Sensitivity": 0.9380299719332327, "Specificity": 0.8771485328101283, "AUC": 0.9439692675869156}}}