{"shared_labels": 1, "perf": [0.09166575223207474, 0.9749282002449036], "label_names": [[4, 2, 10, 3, 9, 1, 8], [4, 11, 6, 5, 7, 0, 12]], "metrics": {"Label_0": {"Optimal Threshold": 0.03102959506213665, "Accuracy": 0.927694406548431, "Sensitivity": 0.8840579710144928, "Specificity": 0.9322289156626506, "AUC": 0.9651868342936966}, "Label_1": {"Optimal Threshold": 0.020587341859936714, "Accuracy": 0.9427012278308322, "Sensitivity": 0.9482758620689655, "Specificity": 0.9422222222222222, "AUC": 0.9851596424010217}, "Label_2": {"Optimal Threshold": 0.5434232950210571, "Accuracy": 0.9290586630286494, "Sensitivity": 0.8991228070175439, "Specificity": 0.9425742574257425, "AUC": 0.970922355393434}, "Label_3": {"Optimal Threshold": 0.4798293113708496, "Accuracy": 0.9358799454297408, "Sensitivity": 0.9095022624434389, "Specificity": 0.947265625, "AUC": 0.9732837245475113}, "Label_4": {"Optimal Threshold": 0.0015542153269052505, "Accuracy": 0.8635743519781719, "Sensitivity": 1.0, "Specificity": 0.8622589531680441, "AUC": 0.9777646595828413}, "Label_5": {"Optimal Threshold": 0.009176208637654781, "Accuracy": 0.8567530695770805, "Sensitivity": 1.0, "Specificity": 0.8557692307692307, "AUC": 0.9673076923076923}, "Label_6": {"Optimal Threshold": 0.022129882127046585, "Accuracy": 0.91268758526603, "Sensitivity": 1.0, "Specificity": 0.9113573407202216, "AUC": 0.9816167212289095}, "Label_7": {"Optimal Threshold": 0.0593898631632328, "Accuracy": 0.9481582537517054, "Sensitivity": 1.0, "Specificity": 0.9433681073025335, "AUC": 0.9914186817941445}, "Label_8": {"Optimal Threshold": 0.0018021942814812064, "Accuracy": 0.8144611186903138, "Sensitivity": 1.0, "Specificity": 0.813953488372093, "AUC": 0.8406292749658002}, "Label_9": {"Optimal Threshold": 0.01668228581547737, "Accuracy": 0.878581173260573, "Sensitivity": 0.96875, "Specificity": 0.8744650499286734, "AUC": 0.9486002139800285}, "Label_10": {"Optimal Threshold": 0.013232972472906113, "Accuracy": 0.7953615279672579, "Sensitivity": 0.8888888888888888, "Specificity": 0.793006993006993, "AUC": 0.8988344988344988}, "Label_11": {"Optimal Threshold": 0.028029367327690125, "Accuracy": 0.927694406548431, "Sensitivity": 0.9444444444444444, "Specificity": 0.9272727272727272, "AUC": 0.9728049728049728}, "Label_12": {"Optimal Threshold": 0.0356736034154892, "Accuracy": 0.7803547066848567, "Sensitivity": 0.9019607843137255, "Specificity": 0.7712609970674487, "AUC": 0.9147835087114025}, "Overall": {"Accuracy": 0.8856123412740057, "Sensitivity": 0.9496156169378077, "Specificity": 0.8859233775321985, "AUC": 0.9529471369881501}}}