{"shared_labels": 9, "perf": [0.0884508490562439, 0.977057158946991], "label_names": [[3, 8, 2, 11, 12, 5, 1, 4, 10, 6, 0], [3, 8, 2, 11, 12, 5, 1, 4, 10, 9, 7]], "metrics": {"Label_0": {"Optimal Threshold": 0.05292382091283798, "Accuracy": 0.897680763983629, "Sensitivity": 0.8840579710144928, "Specificity": 0.8990963855421686, "AUC": 0.961934695302951}, "Label_1": {"Optimal Threshold": 0.21678927540779114, "Accuracy": 0.9795361527967258, "Sensitivity": 0.8793103448275862, "Specificity": 0.9881481481481481, "AUC": 0.9864623243933589}, "Label_2": {"Optimal Threshold": 0.3225925862789154, "Accuracy": 0.9304229195088677, "Sensitivity": 0.9122807017543859, "Specificity": 0.9386138613861386, "AUC": 0.9740576689247872}, "Label_3": {"Optimal Threshold": 0.1812230348587036, "Accuracy": 0.9236016371077762, "Sensitivity": 0.9366515837104072, "Specificity": 0.91796875, "AUC": 0.9765359869909502}, "Label_4": {"Optimal Threshold": 0.011759686283767223, "Accuracy": 0.9140518417462483, "Sensitivity": 0.8571428571428571, "Specificity": 0.9146005509641874, "AUC": 0.9470680834317198}, "Label_5": {"Optimal Threshold": 0.050471436232328415, "Accuracy": 0.9727148703956344, "Sensitivity": 0.8, "Specificity": 0.9739010989010989, "AUC": 0.9236263736263737}, "Label_6": {"Optimal Threshold": 0.010983249172568321, "Accuracy": 0.8922237380627558, "Sensitivity": 1.0, "Specificity": 0.8905817174515236, "AUC": 0.9750692520775623}, "Label_7": {"Optimal Threshold": 0.08520926535129547, "Accuracy": 0.9522510231923602, "Sensitivity": 1.0, "Specificity": 0.9478390461997019, "AUC": 0.9907937118407769}, "Label_8": {"Optimal Threshold": 0.001976306550204754, "Accuracy": 0.747612551159618, "Sensitivity": 1.0, "Specificity": 0.746922024623803, "AUC": 0.7626538987688098}, "Label_9": {"Optimal Threshold": 0.04752598702907562, "Accuracy": 0.91268758526603, "Sensitivity": 0.875, "Specificity": 0.9144079885877318, "AUC": 0.9407542796005707}, "Label_10": {"Optimal Threshold": 0.008086876012384892, "Accuracy": 0.7366984993178718, "Sensitivity": 1.0, "Specificity": 0.73006993006993, "AUC": 0.9216006216006216}, "Label_11": {"Optimal Threshold": 0.014101031236350536, "Accuracy": 0.9058663028649386, "Sensitivity": 1.0, "Specificity": 0.9034965034965035, "AUC": 0.9804972804972805}, "Label_12": {"Optimal Threshold": 0.12617987394332886, "Accuracy": 0.8731241473396999, "Sensitivity": 0.8823529411764706, "Specificity": 0.8724340175953079, "AUC": 0.9501753780691162}, "Overall": {"Accuracy": 0.8952670794417041, "Sensitivity": 0.9251381845866308, "Specificity": 0.8952369248435572, "AUC": 0.9454791965480676}}}