{"shared_labels": 8, "perf": [0.0908350721001625, 0.9722844362258911], "label_names": [[7, 9, 11, 1, 5, 0, 4, 12, 6, 10, 3], [7, 9, 11, 1, 5, 0, 4, 12, 2, 8]], "metrics": {"Label_0": {"Optimal Threshold": 0.056134629994630814, "Accuracy": 0.9290586630286494, "Sensitivity": 0.8840579710144928, "Specificity": 0.9337349397590361, "AUC": 0.9650122228042605}, "Label_1": {"Optimal Threshold": 0.03445246070623398, "Accuracy": 0.9536152796725784, "Sensitivity": 0.9482758620689655, "Specificity": 0.9540740740740741, "AUC": 0.9873563218390805}, "Label_2": {"Optimal Threshold": 0.19944673776626587, "Accuracy": 0.9290586630286494, "Sensitivity": 0.9078947368421053, "Specificity": 0.9386138613861386, "AUC": 0.9719558797985062}, "Label_3": {"Optimal Threshold": 0.32117822766304016, "Accuracy": 0.9331514324693042, "Sensitivity": 0.9049773755656109, "Specificity": 0.9453125, "AUC": 0.9743619202488688}, "Label_4": {"Optimal Threshold": 0.0026914915069937706, "Accuracy": 0.8553888130968622, "Sensitivity": 1.0, "Specificity": 0.8539944903581267, "AUC": 0.9742227469500196}, "Label_5": {"Optimal Threshold": 0.00347157777287066, "Accuracy": 0.8021828103683493, "Sensitivity": 1.0, "Specificity": 0.8008241758241759, "AUC": 0.9434065934065935}, "Label_6": {"Optimal Threshold": 0.01077140960842371, "Accuracy": 0.9181446111869032, "Sensitivity": 0.9090909090909091, "Specificity": 0.9182825484764543, "AUC": 0.9483757239989926}, "Label_7": {"Optimal Threshold": 0.07385534793138504, "Accuracy": 0.9672578444747613, "Sensitivity": 1.0, "Specificity": 0.9642324888226528, "AUC": 0.9930051439834624}, "Label_8": {"Optimal Threshold": 0.0007241692510433495, "Accuracy": 0.7680763983628922, "Sensitivity": 1.0, "Specificity": 0.7674418604651163, "AUC": 0.7968536251709987}, "Label_9": {"Optimal Threshold": 0.023292381316423416, "Accuracy": 0.9072305593451568, "Sensitivity": 0.90625, "Specificity": 0.9072753209700428, "AUC": 0.9515424393723252}, "Label_10": {"Optimal Threshold": 0.008772260509431362, "Accuracy": 0.8049113233287858, "Sensitivity": 0.9444444444444444, "Specificity": 0.8013986013986014, "AUC": 0.8924630924630925}, "Label_11": {"Optimal Threshold": 0.028367267921566963, "Accuracy": 0.9699863574351978, "Sensitivity": 0.9444444444444444, "Specificity": 0.9706293706293706, "AUC": 0.9800310800310801}, "Label_12": {"Optimal Threshold": 0.09239393472671509, "Accuracy": 0.82537517053206, "Sensitivity": 0.9411764705882353, "Specificity": 0.8167155425219942, "AUC": 0.9507503881317922}, "Overall": {"Accuracy": 0.8894952251023194, "Sensitivity": 0.9454317087737854, "Specificity": 0.8901945980527525, "AUC": 0.9484105521691595}}}