{"shared_labels": 3, "perf": [0.09179344028234482, 0.9762133359909058], "label_names": [[4, 6, 8, 12, 11, 1, 0, 2], [4, 6, 8, 5, 3, 7, 10, 9]], "metrics": {"Label_0": {"Optimal Threshold": 0.06383886188268661, "Accuracy": 0.9249658935879945, "Sensitivity": 0.855072463768116, "Specificity": 0.9322289156626506, "AUC": 0.9586607298760258}, "Label_1": {"Optimal Threshold": 0.024060577154159546, "Accuracy": 0.9154160982264665, "Sensitivity": 0.9827586206896551, "Specificity": 0.9096296296296297, "AUC": 0.9842911877394636}, "Label_2": {"Optimal Threshold": 0.2748611271381378, "Accuracy": 0.9208731241473397, "Sensitivity": 0.9166666666666666, "Specificity": 0.9227722772277228, "AUC": 0.9727288518325516}, "Label_3": {"Optimal Threshold": 0.39484354853630066, "Accuracy": 0.9181446111869032, "Sensitivity": 0.9411764705882353, "Specificity": 0.908203125, "AUC": 0.9745033229638009}, "Label_4": {"Optimal Threshold": 0.06033146381378174, "Accuracy": 0.975443383356071, "Sensitivity": 0.8571428571428571, "Specificity": 0.9765840220385675, "AUC": 0.9673356946084218}, "Label_5": {"Optimal Threshold": 0.1038571298122406, "Accuracy": 0.9836289222373806, "Sensitivity": 0.8, "Specificity": 0.9848901098901099, "AUC": 0.9277472527472528}, "Label_6": {"Optimal Threshold": 0.021207932382822037, "Accuracy": 0.9249658935879945, "Sensitivity": 1.0, "Specificity": 0.9238227146814404, "AUC": 0.9817426340972047}, "Label_7": {"Optimal Threshold": 0.19218729436397552, "Accuracy": 0.9699863574351978, "Sensitivity": 1.0, "Specificity": 0.9672131147540983, "AUC": 0.9919715398298158}, "Label_8": {"Optimal Threshold": 0.006158770993351936, "Accuracy": 0.8540245566166439, "Sensitivity": 1.0, "Specificity": 0.853625170998632, "AUC": 0.8850889192886456}, "Label_9": {"Optimal Threshold": 0.037095602601766586, "Accuracy": 0.9331514324693042, "Sensitivity": 0.90625, "Specificity": 0.9343794579172611, "AUC": 0.9523002853067045}, "Label_10": {"Optimal Threshold": 0.006802767515182495, "Accuracy": 0.6739427012278308, "Sensitivity": 1.0, "Specificity": 0.6657342657342658, "AUC": 0.9172494172494173}, "Label_11": {"Optimal Threshold": 0.031928133219480515, "Accuracy": 0.897680763983629, "Sensitivity": 1.0, "Specificity": 0.8951048951048951, "AUC": 0.9771561771561772}, "Label_12": {"Optimal Threshold": 0.07417453825473785, "Accuracy": 0.8144611186903138, "Sensitivity": 0.803921568627451, "Specificity": 0.8152492668621701, "AUC": 0.9023920418607325}, "Overall": {"Accuracy": 0.9005142197502363, "Sensitivity": 0.9279222036525371, "Specificity": 0.8991874588847263, "AUC": 0.9533206195812471}}}