{"shared_labels": 2, "perf": [0.08706045895814896, 0.977142870426178], "label_names": [[11, 10, 0, 5, 2, 7, 8, 4], [11, 10, 6, 12, 3, 9, 1]], "metrics": {"Label_0": {"Optimal Threshold": 0.13827726244926453, "Accuracy": 0.9399727148703957, "Sensitivity": 0.855072463768116, "Specificity": 0.9487951807228916, "AUC": 0.9656670158896457}, "Label_1": {"Optimal Threshold": 0.3438222110271454, "Accuracy": 0.9686221009549796, "Sensitivity": 0.9137931034482759, "Specificity": 0.9733333333333334, "AUC": 0.9881481481481481}, "Label_2": {"Optimal Threshold": 0.18806204199790955, "Accuracy": 0.9058663028649386, "Sensitivity": 0.9517543859649122, "Specificity": 0.8851485148514852, "AUC": 0.9743095362167795}, "Label_3": {"Optimal Threshold": 0.3150557279586792, "Accuracy": 0.9386084583901774, "Sensitivity": 0.9140271493212669, "Specificity": 0.94921875, "AUC": 0.9749893947963801}, "Label_4": {"Optimal Threshold": 0.0020071635954082012, "Accuracy": 0.8267394270122783, "Sensitivity": 1.0, "Specificity": 0.8250688705234159, "AUC": 0.967335694608422}, "Label_5": {"Optimal Threshold": 0.0038232107181102037, "Accuracy": 0.781718963165075, "Sensitivity": 1.0, "Specificity": 0.7802197802197802, "AUC": 0.9428571428571428}, "Label_6": {"Optimal Threshold": 0.017475031316280365, "Accuracy": 0.9331514324693042, "Sensitivity": 1.0, "Specificity": 0.9321329639889196, "AUC": 0.9733064719214304}, "Label_7": {"Optimal Threshold": 0.11756770312786102, "Accuracy": 0.9727148703956344, "Sensitivity": 0.9838709677419355, "Specificity": 0.9716840536512668, "AUC": 0.9930532185952597}, "Label_8": {"Optimal Threshold": 0.0008245453354902565, "Accuracy": 0.7066848567530696, "Sensitivity": 1.0, "Specificity": 0.7058823529411765, "AUC": 0.7612859097127223}, "Label_9": {"Optimal Threshold": 0.018856942653656006, "Accuracy": 0.9004092769440655, "Sensitivity": 0.9375, "Specificity": 0.8987161198288159, "AUC": 0.9535039229671897}, "Label_10": {"Optimal Threshold": 0.01691250316798687, "Accuracy": 0.8226466575716235, "Sensitivity": 0.9444444444444444, "Specificity": 0.8195804195804196, "AUC": 0.9368298368298368}, "Label_11": {"Optimal Threshold": 0.029124243184924126, "Accuracy": 0.9495225102319236, "Sensitivity": 1.0, "Specificity": 0.9482517482517483, "AUC": 0.9852369852369852}, "Label_12": {"Optimal Threshold": 0.11225564777851105, "Accuracy": 0.8949522510231923, "Sensitivity": 0.7647058823529411, "Specificity": 0.9046920821114369, "AUC": 0.9210223678914381}, "Overall": {"Accuracy": 0.8878161402035889, "Sensitivity": 0.9434744920801457, "Specificity": 0.88790185923113, "AUC": 0.9490419727439524}}}