{"shared_labels": 12, "perf": [0.0868871808052063, 0.9775598049163818], "label_names": [[9, 1, 12, 2, 4, 7, 3, 8, 10, 6, 5, 11, 0], [9, 1, 12, 2, 4, 7, 3, 8, 10, 6, 5, 11]], "metrics": {"Label_0": {"Optimal Threshold": 0.06537555903196335, "Accuracy": 0.9058663028649386, "Sensitivity": 0.8695652173913043, "Specificity": 0.9096385542168675, "AUC": 0.9589881264187183}, "Label_1": {"Optimal Threshold": 0.033212363719940186, "Accuracy": 0.9249658935879945, "Sensitivity": 0.9827586206896551, "Specificity": 0.92, "AUC": 0.9879182630906769}, "Label_2": {"Optimal Threshold": 0.228077232837677, "Accuracy": 0.9236016371077762, "Sensitivity": 0.9254385964912281, "Specificity": 0.9227722772277228, "AUC": 0.9726420010422094}, "Label_3": {"Optimal Threshold": 0.2818135619163513, "Accuracy": 0.9290586630286494, "Sensitivity": 0.9230769230769231, "Specificity": 0.931640625, "AUC": 0.9760499151583711}, "Label_4": {"Optimal Threshold": 0.025090517476201057, "Accuracy": 0.9440654843110505, "Sensitivity": 0.8571428571428571, "Specificity": 0.9449035812672176, "AUC": 0.9598583234946871}, "Label_5": {"Optimal Threshold": 0.03947944566607475, "Accuracy": 0.9549795361527967, "Sensitivity": 0.8, "Specificity": 0.9560439560439561, "AUC": 0.9370879120879121}, "Label_6": {"Optimal Threshold": 0.02767951972782612, "Accuracy": 0.9249658935879945, "Sensitivity": 0.9090909090909091, "Specificity": 0.925207756232687, "AUC": 0.9668849156383782}, "Label_7": {"Optimal Threshold": 0.17665554583072662, "Accuracy": 0.9727148703956344, "Sensitivity": 1.0, "Specificity": 0.970193740685544, "AUC": 0.9929330320657661}, "Label_8": {"Optimal Threshold": 0.0028446854557842016, "Accuracy": 0.7953615279672579, "Sensitivity": 1.0, "Specificity": 0.7948016415868673, "AUC": 0.8392612859097127}, "Label_9": {"Optimal Threshold": 0.040786102414131165, "Accuracy": 0.9099590723055935, "Sensitivity": 0.90625, "Specificity": 0.9101283880171184, "AUC": 0.9497592724679029}, "Label_10": {"Optimal Threshold": 0.010527115315198898, "Accuracy": 0.7339699863574352, "Sensitivity": 0.9444444444444444, "Specificity": 0.7286713286713287, "AUC": 0.9016317016317016}, "Label_11": {"Optimal Threshold": 0.02779506891965866, "Accuracy": 0.9399727148703957, "Sensitivity": 1.0, "Specificity": 0.9384615384615385, "AUC": 0.9841491841491842}, "Label_12": {"Optimal Threshold": 0.04153040051460266, "Accuracy": 0.8062755798090041, "Sensitivity": 0.9411764705882353, "Specificity": 0.7961876832844574, "AUC": 0.9434190098326721}, "Overall": {"Accuracy": 0.8973659355651169, "Sensitivity": 0.9276110799165813, "Specificity": 0.8960500823611774, "AUC": 0.9515833033067609}}}