{"shared_labels": 11, "perf": [0.08816877007484436, 0.9782965183258057], "label_names": [[11, 9, 5, 10, 8, 7, 0, 4, 6, 2, 3, 12], [11, 9, 5, 10, 8, 7, 0, 4, 6, 2, 3, 1]], "metrics": {"Label_0": {"Optimal Threshold": 0.013132072985172272, "Accuracy": 0.859481582537517, "Sensitivity": 0.9710144927536232, "Specificity": 0.8478915662650602, "AUC": 0.9713637157324951}, "Label_1": {"Optimal Threshold": 0.00817258469760418, "Accuracy": 0.903137789904502, "Sensitivity": 0.9827586206896551, "Specificity": 0.8962962962962963, "AUC": 0.9836781609195403}, "Label_2": {"Optimal Threshold": 0.3197636604309082, "Accuracy": 0.9208731241473397, "Sensitivity": 0.9429824561403509, "Specificity": 0.9108910891089109, "AUC": 0.9740229286086503}, "Label_3": {"Optimal Threshold": 0.42767810821533203, "Accuracy": 0.9304229195088677, "Sensitivity": 0.9276018099547512, "Specificity": 0.931640625, "AUC": 0.9765448246606334}, "Label_4": {"Optimal Threshold": 0.002189730294048786, "Accuracy": 0.8417462482946794, "Sensitivity": 1.0, "Specificity": 0.8402203856749312, "AUC": 0.9712711530893348}, "Label_5": {"Optimal Threshold": 0.004251769743859768, "Accuracy": 0.7830832196452933, "Sensitivity": 1.0, "Specificity": 0.7815934065934066, "AUC": 0.9442307692307692}, "Label_6": {"Optimal Threshold": 0.016350064426660538, "Accuracy": 0.8772169167803547, "Sensitivity": 1.0, "Specificity": 0.8753462603878116, "AUC": 0.9762024678922185}, "Label_7": {"Optimal Threshold": 0.18038326501846313, "Accuracy": 0.9672578444747613, "Sensitivity": 1.0, "Specificity": 0.9642324888226528, "AUC": 0.9931012932070574}, "Label_8": {"Optimal Threshold": 0.010846151039004326, "Accuracy": 0.849931787175989, "Sensitivity": 1.0, "Specificity": 0.8495212038303693, "AUC": 0.8727770177838577}, "Label_9": {"Optimal Threshold": 0.022700805217027664, "Accuracy": 0.878581173260573, "Sensitivity": 0.96875, "Specificity": 0.8744650499286734, "AUC": 0.9494917974322397}, "Label_10": {"Optimal Threshold": 0.01895338110625744, "Accuracy": 0.7899045020463847, "Sensitivity": 0.9444444444444444, "Specificity": 0.786013986013986, "AUC": 0.9223776223776223}, "Label_11": {"Optimal Threshold": 0.03168245404958725, "Accuracy": 0.9440654843110505, "Sensitivity": 1.0, "Specificity": 0.9426573426573427, "AUC": 0.9851592851592852}, "Label_12": {"Optimal Threshold": 0.14132548868656158, "Accuracy": 0.8894952251023193, "Sensitivity": 0.803921568627451, "Specificity": 0.8958944281524927, "AUC": 0.9173998044965787}, "Overall": {"Accuracy": 0.8796306013222794, "Sensitivity": 0.9647287225084828, "Specificity": 0.876666471440918, "AUC": 0.956740064660791}}}