{"shared_labels": 6, "perf": [0.08790206164121628, 0.9767414927482605], "label_names": [[12, 2, 11, 9, 5, 8, 6, 4, 3, 7], [12, 2, 11, 9, 5, 8, 10, 1, 0]], "metrics": {"Label_0": {"Optimal Threshold": 0.2007358819246292, "Accuracy": 0.9413369713506139, "Sensitivity": 0.7971014492753623, "Specificity": 0.9563253012048193, "AUC": 0.9528767242884582}, "Label_1": {"Optimal Threshold": 0.19059573113918304, "Accuracy": 0.9618008185538881, "Sensitivity": 0.9137931034482759, "Specificity": 0.965925925925926, "AUC": 0.9825287356321839}, "Label_2": {"Optimal Threshold": 0.298562616109848, "Accuracy": 0.927694406548431, "Sensitivity": 0.9210526315789473, "Specificity": 0.9306930693069307, "AUC": 0.9756470383880493}, "Label_3": {"Optimal Threshold": 0.1587502360343933, "Accuracy": 0.9195088676671214, "Sensitivity": 0.9366515837104072, "Specificity": 0.912109375, "AUC": 0.974918693438914}, "Label_4": {"Optimal Threshold": 0.023401586338877678, "Accuracy": 0.9481582537517054, "Sensitivity": 0.8571428571428571, "Specificity": 0.9490358126721763, "AUC": 0.9510035419126329}, "Label_5": {"Optimal Threshold": 0.031059417873620987, "Accuracy": 0.956343792633015, "Sensitivity": 0.8, "Specificity": 0.9574175824175825, "AUC": 0.9324175824175824}, "Label_6": {"Optimal Threshold": 0.01992720738053322, "Accuracy": 0.91268758526603, "Sensitivity": 1.0, "Specificity": 0.9113573407202216, "AUC": 0.9755729035507429}, "Label_7": {"Optimal Threshold": 0.10713501274585724, "Accuracy": 0.9713506139154161, "Sensitivity": 1.0, "Specificity": 0.9687034277198212, "AUC": 0.9936781885486274}, "Label_8": {"Optimal Threshold": 0.009595194831490517, "Accuracy": 0.9208731241473397, "Sensitivity": 1.0, "Specificity": 0.920656634746922, "AUC": 0.9274965800273598}, "Label_9": {"Optimal Threshold": 0.014599937945604324, "Accuracy": 0.8894952251023193, "Sensitivity": 0.96875, "Specificity": 0.8858773181169758, "AUC": 0.9508737517831669}, "Label_10": {"Optimal Threshold": 0.005696439184248447, "Accuracy": 0.7271487039563438, "Sensitivity": 0.8888888888888888, "Specificity": 0.7230769230769231, "AUC": 0.8822843822843823}, "Label_11": {"Optimal Threshold": 0.03909646347165108, "Accuracy": 0.9686221009549796, "Sensitivity": 0.9444444444444444, "Specificity": 0.9692307692307692, "AUC": 0.9803418803418803}, "Label_12": {"Optimal Threshold": 0.027836285531520844, "Accuracy": 0.7926330150068213, "Sensitivity": 1.0, "Specificity": 0.7771260997067448, "AUC": 0.9519866597665458}, "Overall": {"Accuracy": 0.9105887291426172, "Sensitivity": 0.925217304499168, "Specificity": 0.9098104292189085, "AUC": 0.9562789740292712}}}