{"shared_labels": 2, "perf": [0.0929660052061081, 0.9757493138313293], "metrics": {"Label_0": {"Optimal Threshold": 0.25134891271591187, "Accuracy": 0.9440654843110505, "Sensitivity": 0.8115942028985508, "Specificity": 0.9578313253012049, "AUC": 0.9564344333857168}, "Label_1": {"Optimal Threshold": 0.2698468267917633, "Accuracy": 0.9604365620736699, "Sensitivity": 0.9137931034482759, "Specificity": 0.9644444444444444, "AUC": 0.9811238825031928}, "Label_2": {"Optimal Threshold": 0.2797949016094208, "Accuracy": 0.9099590723055935, "Sensitivity": 0.9429824561403509, "Specificity": 0.8950495049504951, "AUC": 0.971434775056453}, "Label_3": {"Optimal Threshold": 0.6350394487380981, "Accuracy": 0.9331514324693042, "Sensitivity": 0.9049773755656109, "Specificity": 0.9453125, "AUC": 0.9763238829185521}, "Label_4": {"Optimal Threshold": 0.003202594118192792, "Accuracy": 0.8185538881309686, "Sensitivity": 1.0, "Specificity": 0.8168044077134986, "AUC": 0.9634002361275088}, "Label_5": {"Optimal Threshold": 0.07510802149772644, "Accuracy": 0.9645293315143247, "Sensitivity": 0.8, "Specificity": 0.9656593406593407, "AUC": 0.9332417582417583}, "Label_6": {"Optimal Threshold": 0.011032824404537678, "Accuracy": 0.8813096862210096, "Sensitivity": 1.0, "Specificity": 0.8795013850415513, "AUC": 0.9637370939309997}, "Label_7": {"Optimal Threshold": 0.33123525977134705, "Accuracy": 0.9699863574351978, "Sensitivity": 1.0, "Specificity": 0.9672131147540983, "AUC": 0.9930772559011587}, "Label_8": {"Optimal Threshold": 0.007589442189782858, "Accuracy": 0.9045020463847203, "Sensitivity": 1.0, "Specificity": 0.9042407660738714, "AUC": 0.9165526675786593}, "Label_9": {"Optimal Threshold": 0.018110133707523346, "Accuracy": 0.8485675306957708, "Sensitivity": 0.9375, "Specificity": 0.8445078459343794, "AUC": 0.9357614122681882}, "Label_10": {"Optimal Threshold": 0.011321053840219975, "Accuracy": 0.7530695770804912, "Sensitivity": 0.8888888888888888, "Specificity": 0.7496503496503496, "AUC": 0.8817404817404817}, "Label_11": {"Optimal Threshold": 0.021757500246167183, "Accuracy": 0.9331514324693042, "Sensitivity": 1.0, "Specificity": 0.9314685314685315, "AUC": 0.9805749805749806}, "Label_12": {"Optimal Threshold": 0.05486103519797325, "Accuracy": 0.7462482946793997, "Sensitivity": 0.9803921568627451, "Specificity": 0.7287390029325513, "AUC": 0.9340463458110516}, "Overall": {"Accuracy": 0.8898100535208312, "Sensitivity": 0.9369329372157248, "Specificity": 0.8884940399172551, "AUC": 0.952880708156823}}, "label_names": [[3, 8, 2, 1, 4, 6, 10, 0], [3, 8, 11, 7, 5, 9, 12]]}