{"shared_labels": 2, "perf": [0.0929047092795372, 0.9773650169372559], "metrics": {"Label_0": {"Optimal Threshold": 0.08238794654607773, "Accuracy": 0.9045020463847203, "Sensitivity": 0.9047619047619048, "Specificity": 0.9044684129429892, "AUC": 0.95417858977181}, "Label_1": {"Optimal Threshold": 0.5291754007339478, "Accuracy": 0.965893587994543, "Sensitivity": 0.9178082191780822, "Specificity": 0.9712121212121212, "AUC": 0.9822540473225405}, "Label_2": {"Optimal Threshold": 0.5809905529022217, "Accuracy": 0.9440654843110505, "Sensitivity": 0.8938775510204081, "Specificity": 0.9692622950819673, "AUC": 0.9770742723318836}, "Label_3": {"Optimal Threshold": 0.4496227502822876, "Accuracy": 0.937244201909959, "Sensitivity": 0.9109311740890689, "Specificity": 0.9506172839506173, "AUC": 0.9802485796637843}, "Label_4": {"Optimal Threshold": 0.008687809109687805, "Accuracy": 0.8485675306957708, "Sensitivity": 1.0, "Specificity": 0.8471074380165289, "AUC": 0.9752066115702479}, "Label_5": {"Optimal Threshold": 0.00968585442751646, "Accuracy": 0.8758526603001364, "Sensitivity": 0.8571428571428571, "Specificity": 0.8760330578512396, "AUC": 0.923258559622196}, "Label_6": {"Optimal Threshold": 0.03164557367563248, "Accuracy": 0.9577080491132333, "Sensitivity": 1.0, "Specificity": 0.9570637119113573, "AUC": 0.9833795013850416}, "Label_7": {"Optimal Threshold": 0.09270042926073074, "Accuracy": 0.927694406548431, "Sensitivity": 0.96875, "Specificity": 0.9237668161434978, "AUC": 0.9864069506726457}, "Label_8": {"Optimal Threshold": 0.020826544612646103, "Accuracy": 0.9195088676671214, "Sensitivity": 1.0, "Specificity": 0.9191780821917809, "AUC": 0.9648401826484019}, "Label_9": {"Optimal Threshold": 0.050261639058589935, "Accuracy": 0.8894952251023193, "Sensitivity": 0.95, "Specificity": 0.886002886002886, "AUC": 0.9561688311688312}, "Label_10": {"Optimal Threshold": 0.0090611781924963, "Accuracy": 0.7503410641200545, "Sensitivity": 0.9375, "Specificity": 0.7461645746164575, "AUC": 0.8756101813110182}, "Label_11": {"Optimal Threshold": 0.08267062902450562, "Accuracy": 0.9536152796725784, "Sensitivity": 0.9473684210526315, "Specificity": 0.9537815126050421, "AUC": 0.9780333185905942}, "Label_12": {"Optimal Threshold": 0.031243175268173218, "Accuracy": 0.7953615279672579, "Sensitivity": 0.9137931034482759, "Specificity": 0.7851851851851852, "AUC": 0.9278927203065134}, "Overall": {"Accuracy": 0.8976807639836287, "Sensitivity": 0.9386102485148637, "Specificity": 0.8992187213624361, "AUC": 0.9588117189511929}}, "label_names": [[12, 3, 7, 4, 11, 8, 9, 1], [12, 3, 2, 10, 0, 5, 6]]}