{"shared_labels": 5, "perf": [0.09560809284448624, 0.9733730554580688], "metrics": {"Label_0": {"Optimal Threshold": 0.08960571140050888, "Accuracy": 0.897680763983629, "Sensitivity": 0.8260869565217391, "Specificity": 0.9051204819277109, "AUC": 0.9397153832722193}, "Label_1": {"Optimal Threshold": 0.32622483372688293, "Accuracy": 0.9590723055934516, "Sensitivity": 0.8909090909090909, "Specificity": 0.9646017699115044, "AUC": 0.9817913649772055}, "Label_2": {"Optimal Threshold": 0.2022344172000885, "Accuracy": 0.9263301500682128, "Sensitivity": 0.9420849420849421, "Specificity": 0.9177215189873418, "AUC": 0.9735676001498786}, "Label_3": {"Optimal Threshold": 0.22377626597881317, "Accuracy": 0.9331514324693042, "Sensitivity": 0.952755905511811, "Specificity": 0.9227557411273486, "AUC": 0.9764354873177387}, "Label_4": {"Optimal Threshold": 0.03202077001333237, "Accuracy": 0.9495225102319236, "Sensitivity": 0.8888888888888888, "Specificity": 0.9502762430939227, "AUC": 0.9536525475751996}, "Label_5": {"Optimal Threshold": 0.029523273929953575, "Accuracy": 0.9577080491132333, "Sensitivity": 0.8571428571428571, "Specificity": 0.9586776859504132, "AUC": 0.9502164502164502}, "Label_6": {"Optimal Threshold": 0.016229137778282166, "Accuracy": 0.9413369713506139, "Sensitivity": 1.0, "Specificity": 0.940771349862259, "AUC": 0.982487209759937}, "Label_7": {"Optimal Threshold": 0.12356704473495483, "Accuracy": 0.9686221009549796, "Sensitivity": 0.96875, "Specificity": 0.968609865470852, "AUC": 0.9881819880418535}, "Label_8": {"Optimal Threshold": 0.005074158310890198, "Accuracy": 0.9236016371077762, "Sensitivity": 1.0, "Specificity": 0.9225449515905948, "AUC": 0.9864453665283541}, "Label_9": {"Optimal Threshold": 0.06174143776297569, "Accuracy": 0.9481582537517054, "Sensitivity": 0.9166666666666666, "Specificity": 0.9497847919655668, "AUC": 0.9473138849035547}, "Label_10": {"Optimal Threshold": 0.023470710963010788, "Accuracy": 0.8431105047748977, "Sensitivity": 0.9285714285714286, "Specificity": 0.8414464534075105, "AUC": 0.9060202662427976}, "Label_11": {"Optimal Threshold": 0.03317787125706673, "Accuracy": 0.9290586630286494, "Sensitivity": 1.0, "Specificity": 0.9276773296244785, "AUC": 0.9830121200079476}, "Label_12": {"Optimal Threshold": 0.02396220900118351, "Accuracy": 0.8212824010914052, "Sensitivity": 0.8947368421052632, "Specificity": 0.8150887573964497, "AUC": 0.9104380774421259}, "Overall": {"Accuracy": 0.9229719802707526, "Sensitivity": 0.928199506030976, "Specificity": 0.9219289954089193, "AUC": 0.9599444420334818}}, "label_names": [[8, 5, 3, 9, 12, 2, 10, 0, 4], [8, 5, 3, 9, 12, 7, 11, 6, 1]]}