{"shared_labels": 5, "perf": [0.08775696903467178, 0.976536750793457], "metrics": {"Label_0": {"Optimal Threshold": 0.17669391632080078, "Accuracy": 0.9236016371077762, "Sensitivity": 0.8695652173913043, "Specificity": 0.9292168674698795, "AUC": 0.9678496595075956}, "Label_1": {"Optimal Threshold": 0.0986650288105011, "Accuracy": 0.9399727148703957, "Sensitivity": 0.9310344827586207, "Specificity": 0.9407407407407408, "AUC": 0.9828352490421456}, "Label_2": {"Optimal Threshold": 0.31119003891944885, "Accuracy": 0.9249658935879945, "Sensitivity": 0.9122807017543859, "Specificity": 0.9306930693069307, "AUC": 0.9711307972902553}, "Label_3": {"Optimal Threshold": 0.2921498417854309, "Accuracy": 0.9304229195088677, "Sensitivity": 0.9140271493212669, "Specificity": 0.9375, "AUC": 0.9743530825791855}, "Label_4": {"Optimal Threshold": 0.004488290753215551, "Accuracy": 0.8526603001364257, "Sensitivity": 1.0, "Specificity": 0.8512396694214877, "AUC": 0.9730421094057459}, "Label_5": {"Optimal Threshold": 0.0785352811217308, "Accuracy": 0.9863574351978172, "Sensitivity": 0.8, "Specificity": 0.9876373626373627, "AUC": 0.942032967032967}, "Label_6": {"Optimal Threshold": 0.04042629152536392, "Accuracy": 0.9699863574351978, "Sensitivity": 0.9090909090909091, "Specificity": 0.9709141274238227, "AUC": 0.9755729035507428}, "Label_7": {"Optimal Threshold": 0.13656651973724365, "Accuracy": 0.9699863574351978, "Sensitivity": 1.0, "Specificity": 0.9672131147540983, "AUC": 0.9929089947598673}, "Label_8": {"Optimal Threshold": 0.0010748922359198332, "Accuracy": 0.6957708049113234, "Sensitivity": 1.0, "Specificity": 0.6949384404924761, "AUC": 0.7414500683994528}, "Label_9": {"Optimal Threshold": 0.10905344039201736, "Accuracy": 0.9427012278308322, "Sensitivity": 0.875, "Specificity": 0.9457917261055635, "AUC": 0.9533256062767476}, "Label_10": {"Optimal Threshold": 0.006218306720256805, "Accuracy": 0.7107776261937244, "Sensitivity": 0.9444444444444444, "Specificity": 0.7048951048951049, "AUC": 0.8953379953379954}, "Label_11": {"Optimal Threshold": 0.017281297594308853, "Accuracy": 0.9017735334242838, "Sensitivity": 1.0, "Specificity": 0.8993006993006993, "AUC": 0.9763791763791765}, "Label_12": {"Optimal Threshold": 0.03915035352110863, "Accuracy": 0.7762619372442019, "Sensitivity": 1.0, "Specificity": 0.7595307917888563, "AUC": 0.9498878730377781}, "Overall": {"Accuracy": 0.8865568265295416, "Sensitivity": 0.9350340695969948, "Specificity": 0.8861239780259248, "AUC": 0.945854344815358}}, "label_names": [[5, 12, 0, 7, 4, 1, 2, 9, 6], [5, 12, 0, 7, 4, 10, 8, 11, 3]]}