{"shared_labels": 13, "perf": [0.08659068495035172, 0.9774300456047058], "metrics": {"Label_0": {"Optimal Threshold": 0.06757454574108124, "Accuracy": 0.9236016371077762, "Sensitivity": 0.8695652173913043, "Specificity": 0.9292168674698795, "AUC": 0.9670202549327745}, "Label_1": {"Optimal Threshold": 0.07812704890966415, "Accuracy": 0.9577080491132333, "Sensitivity": 0.9482758620689655, "Specificity": 0.9585185185185185, "AUC": 0.9890676883780333}, "Label_2": {"Optimal Threshold": 0.2927844226360321, "Accuracy": 0.922237380627558, "Sensitivity": 0.9210526315789473, "Specificity": 0.9227722772277228, "AUC": 0.9718777140871981}, "Label_3": {"Optimal Threshold": 0.42235952615737915, "Accuracy": 0.9358799454297408, "Sensitivity": 0.918552036199095, "Specificity": 0.943359375, "AUC": 0.9748479920814479}, "Label_4": {"Optimal Threshold": 0.0029828501865267754, "Accuracy": 0.8390177353342428, "Sensitivity": 1.0, "Specificity": 0.837465564738292, "AUC": 0.9643841007477372}, "Label_5": {"Optimal Threshold": 0.003730097087100148, "Accuracy": 0.7789904502046384, "Sensitivity": 1.0, "Specificity": 0.7774725274725275, "AUC": 0.9392857142857143}, "Label_6": {"Optimal Threshold": 0.010934768244624138, "Accuracy": 0.8635743519781719, "Sensitivity": 1.0, "Specificity": 0.8614958448753463, "AUC": 0.9725509947116595}, "Label_7": {"Optimal Threshold": 0.14071902632713318, "Accuracy": 0.9631650750341064, "Sensitivity": 1.0, "Specificity": 0.9597615499254843, "AUC": 0.9920917263593096}, "Label_8": {"Optimal Threshold": 0.002743532881140709, "Accuracy": 0.7339699863574352, "Sensitivity": 1.0, "Specificity": 0.7332421340629275, "AUC": 0.8050615595075239}, "Label_9": {"Optimal Threshold": 0.03745948523283005, "Accuracy": 0.897680763983629, "Sensitivity": 0.9375, "Specificity": 0.8958630527817404, "AUC": 0.9474411554921541}, "Label_10": {"Optimal Threshold": 0.015294400975108147, "Accuracy": 0.7762619372442019, "Sensitivity": 0.9444444444444444, "Specificity": 0.772027972027972, "AUC": 0.9101010101010101}, "Label_11": {"Optimal Threshold": 0.07858052104711533, "Accuracy": 0.9727148703956344, "Sensitivity": 0.9444444444444444, "Specificity": 0.9734265734265735, "AUC": 0.9825951825951826}, "Label_12": {"Optimal Threshold": 0.05294683948159218, "Accuracy": 0.7844474761255116, "Sensitivity": 0.9411764705882353, "Specificity": 0.7727272727272727, "AUC": 0.9406302110286929}, "Overall": {"Accuracy": 0.8730192045335291, "Sensitivity": 0.9557700851319567, "Specificity": 0.8721038100195583, "AUC": 0.9505350234083415}}, "label_names": [[6, 2, 7, 11, 12, 8, 4, 5, 1, 9, 3, 0, 10], [6, 2, 7, 11, 12, 8, 4, 5, 1, 9, 3, 0, 10]]}