{"shared_labels": 13, "perf": [0.10449394583702087, 0.9709622859954834], "metrics": {"Label_0": {"Optimal Threshold": 0.05471429601311684, "Accuracy": 0.903137789904502, "Sensitivity": 0.8604651162790697, "Specificity": 0.9088098918083463, "AUC": 0.9556809604255778}, "Label_1": {"Optimal Threshold": 0.07018838822841644, "Accuracy": 0.9549795361527967, "Sensitivity": 0.9444444444444444, "Specificity": 0.9561270801815431, "AUC": 0.984787359220037}, "Label_2": {"Optimal Threshold": 0.045665986835956573, "Accuracy": 0.897680763983629, "Sensitivity": 0.9421487603305785, "Specificity": 0.8757637474541752, "AUC": 0.9643921159381259}, "Label_3": {"Optimal Threshold": 0.08164981007575989, "Accuracy": 0.9154160982264665, "Sensitivity": 0.9227467811158798, "Specificity": 0.912, "AUC": 0.9688240343347639}, "Label_4": {"Optimal Threshold": 0.012152012437582016, "Accuracy": 0.9358799454297408, "Sensitivity": 0.9090909090909091, "Specificity": 0.9362880886426593, "AUC": 0.967514479979854}, "Label_5": {"Optimal Threshold": 0.0010104755638167262, "Accuracy": 0.7162346521145976, "Sensitivity": 1.0, "Specificity": 0.7146776406035665, "AUC": 0.8810013717421125}, "Label_6": {"Optimal Threshold": 0.1956585943698883, "Accuracy": 0.9986357435197817, "Sensitivity": 1.0, "Specificity": 0.9986320109439124, "AUC": 0.9986320109439124}, "Label_7": {"Optimal Threshold": 0.16648736596107483, "Accuracy": 0.9713506139154161, "Sensitivity": 0.9473684210526315, "Specificity": 0.9733727810650887, "AUC": 0.9858559119692724}, "Label_8": {"Optimal Threshold": 0.005642553325742483, "Accuracy": 0.8854024556616644, "Sensitivity": 1.0, "Specificity": 0.8847736625514403, "AUC": 0.96639231824417}, "Label_9": {"Optimal Threshold": 0.020235948264598846, "Accuracy": 0.8894952251023193, "Sensitivity": 1.0, "Specificity": 0.8851063829787233, "AUC": 0.974113475177305}, "Label_10": {"Optimal Threshold": 0.011509181000292301, "Accuracy": 0.819918144611187, "Sensitivity": 0.8666666666666667, "Specificity": 0.8189415041782729, "AUC": 0.8803156917363045}, "Label_11": {"Optimal Threshold": 0.020482107996940613, "Accuracy": 0.937244201909959, "Sensitivity": 1.0, "Specificity": 0.9356643356643357, "AUC": 0.9870240870240871}, "Label_12": {"Optimal Threshold": 0.05275330692529678, "Accuracy": 0.8772169167803547, "Sensitivity": 0.8166666666666667, "Specificity": 0.8826151560178306, "AUC": 0.9099554234769688}, "Overall": {"Accuracy": 0.9001993913317242, "Sensitivity": 0.9391998281266805, "Specificity": 0.8986747909299919, "AUC": 0.9557299415548072}}, "label_names": [[12, 1, 5, 2, 0, 8, 6, 10, 9, 7, 4, 11, 3], [12, 1, 5, 2, 0, 8, 6, 10, 9, 7, 4, 11, 3]]}