{"shared_labels": 7, "perf": [0.08939217776060104, 0.9777116179466248], "metrics": {"Label_0": {"Optimal Threshold": 0.13127084076404572, "Accuracy": 0.888130968622101, "Sensitivity": 0.9420289855072463, "Specificity": 0.8825301204819277, "AUC": 0.9689628077527501}, "Label_1": {"Optimal Threshold": 0.22111201286315918, "Accuracy": 0.9590723055934516, "Sensitivity": 0.9482758620689655, "Specificity": 0.96, "AUC": 0.989272030651341}, "Label_2": {"Optimal Threshold": 0.3315993547439575, "Accuracy": 0.9099590723055935, "Sensitivity": 0.9122807017543859, "Specificity": 0.9089108910891089, "AUC": 0.9694980024318222}, "Label_3": {"Optimal Threshold": 0.38334769010543823, "Accuracy": 0.9195088676671214, "Sensitivity": 0.918552036199095, "Specificity": 0.919921875, "AUC": 0.9734869909502263}, "Label_4": {"Optimal Threshold": 0.009096870198845863, "Accuracy": 0.8526603001364257, "Sensitivity": 1.0, "Specificity": 0.8512396694214877, "AUC": 0.9757969303423849}, "Label_5": {"Optimal Threshold": 0.0035117301158607006, "Accuracy": 0.8035470668485676, "Sensitivity": 1.0, "Specificity": 0.8021978021978022, "AUC": 0.9552197802197803}, "Label_6": {"Optimal Threshold": 0.008942271582782269, "Accuracy": 0.9004092769440655, "Sensitivity": 1.0, "Specificity": 0.8988919667590027, "AUC": 0.9789725509947117}, "Label_7": {"Optimal Threshold": 0.1481146216392517, "Accuracy": 0.9631650750341064, "Sensitivity": 1.0, "Specificity": 0.9597615499254843, "AUC": 0.9920676890534109}, "Label_8": {"Optimal Threshold": 0.001102918409742415, "Accuracy": 0.6875852660300137, "Sensitivity": 1.0, "Specificity": 0.6867305061559508, "AUC": 0.7756497948016416}, "Label_9": {"Optimal Threshold": 0.018310559913516045, "Accuracy": 0.8676671214188267, "Sensitivity": 0.96875, "Specificity": 0.8630527817403709, "AUC": 0.9503833808844508}, "Label_10": {"Optimal Threshold": 0.02824944444000721, "Accuracy": 0.8581173260572987, "Sensitivity": 0.7777777777777778, "Specificity": 0.8601398601398601, "AUC": 0.8783216783216783}, "Label_11": {"Optimal Threshold": 0.011451317928731441, "Accuracy": 0.9208731241473397, "Sensitivity": 0.9444444444444444, "Specificity": 0.9202797202797203, "AUC": 0.9702408702408702}, "Label_12": {"Optimal Threshold": 0.04762652516365051, "Accuracy": 0.781718963165075, "Sensitivity": 0.9215686274509803, "Specificity": 0.7712609970674487, "AUC": 0.930021275372319}, "Overall": {"Accuracy": 0.870185748766922, "Sensitivity": 0.9487444950156074, "Specificity": 0.8680705954044743, "AUC": 0.9467610601551836}}, "label_names": [[4, 5, 0, 6, 1, 9, 7, 11, 10, 12], [4, 5, 0, 6, 1, 9, 7, 3, 2, 8]]}