{"shared_labels": 7, "perf": [0.10025212913751602, 0.974055290222168], "metrics": {"Label_0": {"Optimal Threshold": 0.17126275599002838, "Accuracy": 0.9154160982264665, "Sensitivity": 0.922077922077922, "Specificity": 0.9146341463414634, "AUC": 0.9717096927462782}, "Label_1": {"Optimal Threshold": 0.29075270891189575, "Accuracy": 0.9672578444747613, "Sensitivity": 0.9178082191780822, "Specificity": 0.9727272727272728, "AUC": 0.9856994603569946}, "Label_2": {"Optimal Threshold": 0.3255777359008789, "Accuracy": 0.9099590723055935, "Sensitivity": 0.8870967741935484, "Specificity": 0.9216494845360824, "AUC": 0.9632108413701364}, "Label_3": {"Optimal Threshold": 0.21292823553085327, "Accuracy": 0.9072305593451568, "Sensitivity": 0.9125, "Specificity": 0.9046653144016227, "AUC": 0.9669117647058824}, "Label_4": {"Optimal Threshold": 0.03670135512948036, "Accuracy": 0.9072305593451568, "Sensitivity": 0.8888888888888888, "Specificity": 0.9074585635359116, "AUC": 0.9602516881522407}, "Label_5": {"Optimal Threshold": 0.01145645696669817, "Accuracy": 0.8826739427012278, "Sensitivity": 1.0, "Specificity": 0.8818681318681318, "AUC": 0.9505494505494505}, "Label_6": {"Optimal Threshold": 0.01090063527226448, "Accuracy": 0.878581173260573, "Sensitivity": 1.0, "Specificity": 0.8777472527472527, "AUC": 0.9692307692307692}, "Label_7": {"Optimal Threshold": 0.1459560990333557, "Accuracy": 0.9577080491132333, "Sensitivity": 0.9206349206349206, "Specificity": 0.9611940298507463, "AUC": 0.9762852404643451}, "Label_8": {"Optimal Threshold": 0.02555265836417675, "Accuracy": 0.9495225102319236, "Sensitivity": 1.0, "Specificity": 0.9489655172413793, "AUC": 0.983448275862069}, "Label_9": {"Optimal Threshold": 0.030698901042342186, "Accuracy": 0.8512960436562074, "Sensitivity": 0.96875, "Specificity": 0.8459343794579173, "AUC": 0.9505171184022825}, "Label_10": {"Optimal Threshold": 0.049301303923130035, "Accuracy": 0.9154160982264665, "Sensitivity": 0.7333333333333333, "Specificity": 0.9192200557103064, "AUC": 0.883008356545961}, "Label_11": {"Optimal Threshold": 0.08644091337919235, "Accuracy": 0.9686221009549796, "Sensitivity": 1.0, "Specificity": 0.9678770949720671, "AUC": 0.9898948406178114}, "Label_12": {"Optimal Threshold": 0.05436871200799942, "Accuracy": 0.800818553888131, "Sensitivity": 0.8928571428571429, "Specificity": 0.793205317577548, "AUC": 0.9190757543785609}, "Overall": {"Accuracy": 0.9085948158253753, "Sensitivity": 0.9264574770126028, "Specificity": 0.9090112739205926, "AUC": 0.9592148656448294}}, "label_names": [[11, 1, 2, 0, 10, 5, 12, 9, 6, 4], [11, 1, 2, 0, 10, 5, 12, 3, 8, 7]]}