{"shared_labels": 4, "perf": [0.10104923695325851, 0.9706780910491943], "metrics": {"Label_0": {"Optimal Threshold": 0.02031858265399933, "Accuracy": 0.8813096862210096, "Sensitivity": 0.8953488372093024, "Specificity": 0.8794435857805255, "AUC": 0.9445742424787031}, "Label_1": {"Optimal Threshold": 0.05682968348264694, "Accuracy": 0.9345156889495225, "Sensitivity": 0.9444444444444444, "Specificity": 0.9334341906202723, "AUC": 0.9809211632207093}, "Label_2": {"Optimal Threshold": 0.4549843668937683, "Accuracy": 0.9113233287858117, "Sensitivity": 0.9090909090909091, "Specificity": 0.9124236252545825, "AUC": 0.9641480533907862}, "Label_3": {"Optimal Threshold": 0.258470356464386, "Accuracy": 0.9113233287858117, "Sensitivity": 0.9399141630901288, "Specificity": 0.898, "AUC": 0.9698283261802575}, "Label_4": {"Optimal Threshold": 0.022807370871305466, "Accuracy": 0.9399727148703957, "Sensitivity": 0.9090909090909091, "Specificity": 0.9404432132963989, "AUC": 0.9731805590531353}, "Label_5": {"Optimal Threshold": 0.0028689466416835785, "Accuracy": 0.7366984993178718, "Sensitivity": 1.0, "Specificity": 0.7352537722908093, "AUC": 0.9084362139917697}, "Label_6": {"Optimal Threshold": 0.08130025118589401, "Accuracy": 0.9822646657571623, "Sensitivity": 1.0, "Specificity": 0.9822161422708618, "AUC": 0.9904240766073872}, "Label_7": {"Optimal Threshold": 0.11209186166524887, "Accuracy": 0.9577080491132333, "Sensitivity": 0.9298245614035088, "Specificity": 0.9600591715976331, "AUC": 0.9838575729263989}, "Label_8": {"Optimal Threshold": 0.0029579256661236286, "Accuracy": 0.8294679399727148, "Sensitivity": 1.0, "Specificity": 0.8285322359396433, "AUC": 0.953360768175583}, "Label_9": {"Optimal Threshold": 0.1382489800453186, "Accuracy": 0.9399727148703957, "Sensitivity": 0.8928571428571429, "Specificity": 0.9418439716312057, "AUC": 0.9684397163120568}, "Label_10": {"Optimal Threshold": 0.03856052830815315, "Accuracy": 0.8622100954979536, "Sensitivity": 0.8, "Specificity": 0.8635097493036211, "AUC": 0.8672237697307335}, "Label_11": {"Optimal Threshold": 0.07454966008663177, "Accuracy": 0.9781718963165075, "Sensitivity": 0.9444444444444444, "Specificity": 0.9790209790209791, "AUC": 0.987024087024087}, "Label_12": {"Optimal Threshold": 0.08431971073150635, "Accuracy": 0.8062755798090041, "Sensitivity": 0.8333333333333334, "Specificity": 0.8038632986627043, "AUC": 0.8897721644378405}, "Overall": {"Accuracy": 0.8977857067897994, "Sensitivity": 0.9229499034587788, "Specificity": 0.8967726104360951, "AUC": 0.9523992856561114}}, "label_names": [[8, 5, 11, 4, 6, 2, 12, 1, 7], [8, 5, 11, 4, 10, 3, 0, 9]]}