{"shared_labels": 4, "perf": [0.09435786306858063, 0.972407341003418], "metrics": {"Label_0": {"Optimal Threshold": 0.20044894516468048, "Accuracy": 0.9085948158253752, "Sensitivity": 0.8840579710144928, "Specificity": 0.911144578313253, "AUC": 0.9591845643443339}, "Label_1": {"Optimal Threshold": 0.15239755809307098, "Accuracy": 0.9440654843110505, "Sensitivity": 0.9310344827586207, "Specificity": 0.9451851851851852, "AUC": 0.9831162196679438}, "Label_2": {"Optimal Threshold": 0.20409801602363586, "Accuracy": 0.927694406548431, "Sensitivity": 0.8991228070175439, "Specificity": 0.9405940594059405, "AUC": 0.9703317700191072}, "Label_3": {"Optimal Threshold": 0.20683002471923828, "Accuracy": 0.931787175989086, "Sensitivity": 0.918552036199095, "Specificity": 0.9375, "AUC": 0.975228011877828}, "Label_4": {"Optimal Threshold": 0.0016667782329022884, "Accuracy": 0.8076398362892224, "Sensitivity": 1.0, "Specificity": 0.8057851239669421, "AUC": 0.9608421881149153}, "Label_5": {"Optimal Threshold": 0.10156594216823578, "Accuracy": 0.9768076398362893, "Sensitivity": 0.8, "Specificity": 0.978021978021978, "AUC": 0.9447802197802198}, "Label_6": {"Optimal Threshold": 0.054626304656267166, "Accuracy": 0.9740791268758526, "Sensitivity": 0.9090909090909091, "Specificity": 0.9750692520775623, "AUC": 0.9775875094434651}, "Label_7": {"Optimal Threshold": 0.05782219395041466, "Accuracy": 0.9686221009549796, "Sensitivity": 1.0, "Specificity": 0.9657228017883756, "AUC": 0.9935820393250324}, "Label_8": {"Optimal Threshold": 0.006945508066564798, "Accuracy": 0.9085948158253752, "Sensitivity": 1.0, "Specificity": 0.908344733242134, "AUC": 0.9131326949384405}, "Label_9": {"Optimal Threshold": 0.04895487800240517, "Accuracy": 0.9167803547066848, "Sensitivity": 0.90625, "Specificity": 0.9172610556348074, "AUC": 0.9513641226818831}, "Label_10": {"Optimal Threshold": 0.009464173577725887, "Accuracy": 0.7448840381991815, "Sensitivity": 0.9444444444444444, "Specificity": 0.7398601398601399, "AUC": 0.8933954933954934}, "Label_11": {"Optimal Threshold": 0.019801674410700798, "Accuracy": 0.9167803547066848, "Sensitivity": 1.0, "Specificity": 0.9146853146853147, "AUC": 0.976068376068376}, "Label_12": {"Optimal Threshold": 0.04095744714140892, "Accuracy": 0.6507503410641201, "Sensitivity": 1.0, "Specificity": 0.624633431085044, "AUC": 0.9058996032430567}, "Overall": {"Accuracy": 0.8905446531640255, "Sensitivity": 0.9378886654250083, "Specificity": 0.8895236656358982, "AUC": 0.9541932933000072}}, "label_names": [[9, 3, 7, 6, 11, 10, 12, 8, 2], [9, 3, 7, 6, 0, 5, 1, 4]]}