{"shared_labels": 10, "perf": [0.08674754202365875, 0.9778331518173218], "metrics": {"Label_0": {"Optimal Threshold": 0.2884308695793152, "Accuracy": 0.9536152796725784, "Sensitivity": 0.8405797101449275, "Specificity": 0.9653614457831325, "AUC": 0.9692683778592631}, "Label_1": {"Optimal Threshold": 0.1463145762681961, "Accuracy": 0.9536152796725784, "Sensitivity": 0.9482758620689655, "Specificity": 0.9540740740740741, "AUC": 0.9880970625798212}, "Label_2": {"Optimal Threshold": 0.4110890328884125, "Accuracy": 0.922237380627558, "Sensitivity": 0.9122807017543859, "Specificity": 0.9267326732673268, "AUC": 0.9730415146777835}, "Label_3": {"Optimal Threshold": 0.4449683427810669, "Accuracy": 0.931787175989086, "Sensitivity": 0.918552036199095, "Specificity": 0.9375, "AUC": 0.9758024604072398}, "Label_4": {"Optimal Threshold": 0.03999258950352669, "Accuracy": 0.9522510231923602, "Sensitivity": 0.8571428571428571, "Specificity": 0.953168044077135, "AUC": 0.9545454545454546}, "Label_5": {"Optimal Threshold": 0.06293994188308716, "Accuracy": 0.9795361527967258, "Sensitivity": 0.8, "Specificity": 0.9807692307692307, "AUC": 0.942032967032967}, "Label_6": {"Optimal Threshold": 0.03738751634955406, "Accuracy": 0.9536152796725784, "Sensitivity": 0.9090909090909091, "Specificity": 0.9542936288088643, "AUC": 0.9740619491312013}, "Label_7": {"Optimal Threshold": 0.10222183912992477, "Accuracy": 0.965893587994543, "Sensitivity": 1.0, "Specificity": 0.96274217585693, "AUC": 0.9940868227489063}, "Label_8": {"Optimal Threshold": 0.0028834177646785975, "Accuracy": 0.7844474761255116, "Sensitivity": 1.0, "Specificity": 0.7838577291381669, "AUC": 0.807797537619699}, "Label_9": {"Optimal Threshold": 0.04182356595993042, "Accuracy": 0.8362892223738063, "Sensitivity": 0.9375, "Specificity": 0.8316690442225392, "AUC": 0.9363855206847361}, "Label_10": {"Optimal Threshold": 0.010000867769122124, "Accuracy": 0.7121418826739427, "Sensitivity": 0.8888888888888888, "Specificity": 0.7076923076923077, "AUC": 0.8785547785547786}, "Label_11": {"Optimal Threshold": 0.020697791129350662, "Accuracy": 0.9413369713506139, "Sensitivity": 0.9444444444444444, "Specificity": 0.9412587412587412, "AUC": 0.9788655788655789}, "Label_12": {"Optimal Threshold": 0.05660340189933777, "Accuracy": 0.8171896316507503, "Sensitivity": 0.9411764705882353, "Specificity": 0.8079178885630498, "AUC": 0.9450577885112988}, "Overall": {"Accuracy": 0.9003043341378949, "Sensitivity": 0.9152255292555931, "Specificity": 0.9005413064239612, "AUC": 0.9475075240937484}}, "label_names": [[1, 4, 7, 0, 2, 11, 3, 6, 12, 5, 9, 8], [1, 4, 7, 0, 2, 11, 3, 6, 12, 5, 10]]}