{"shared_labels": 10, "perf": [0.10184502601623535, 0.9668647646903992], "metrics": {"Label_0": {"Optimal Threshold": 0.0866677388548851, "Accuracy": 0.9140518417462483, "Sensitivity": 0.9459459459459459, "Specificity": 0.9104704097116844, "AUC": 0.9668621580609441}, "Label_1": {"Optimal Threshold": 0.052653733640909195, "Accuracy": 0.9208731241473397, "Sensitivity": 0.9402985074626866, "Specificity": 0.918918918918919, "AUC": 0.9769396261933575}, "Label_2": {"Optimal Threshold": 0.21779225766658783, "Accuracy": 0.922237380627558, "Sensitivity": 0.8815165876777251, "Specificity": 0.9386973180076629, "AUC": 0.9646093225109404}, "Label_3": {"Optimal Threshold": 0.16156592965126038, "Accuracy": 0.9236016371077762, "Sensitivity": 0.9064039408866995, "Specificity": 0.930188679245283, "AUC": 0.9696997862254857}, "Label_4": {"Optimal Threshold": 0.004043062683194876, "Accuracy": 0.8608458390177354, "Sensitivity": 1.0, "Specificity": 0.859504132231405, "AUC": 0.957693821330185}, "Label_5": {"Optimal Threshold": 0.016828589141368866, "Accuracy": 0.946793997271487, "Sensitivity": 0.8333333333333334, "Specificity": 0.9477303988995873, "AUC": 0.948188904172398}, "Label_6": {"Optimal Threshold": 0.00656217522919178, "Accuracy": 0.8990450204638472, "Sensitivity": 1.0, "Specificity": 0.8980716253443526, "AUC": 0.9752066115702479}, "Label_7": {"Optimal Threshold": 0.07735998928546906, "Accuracy": 0.956343792633015, "Sensitivity": 0.9375, "Specificity": 0.9581464872944694, "AUC": 0.9810117713004485}, "Label_8": {"Optimal Threshold": 0.01506364718079567, "Accuracy": 0.931787175989086, "Sensitivity": 1.0, "Specificity": 0.9312242090784044, "AUC": 0.9637780834479597}, "Label_9": {"Optimal Threshold": 0.10267303138971329, "Accuracy": 0.9263301500682128, "Sensitivity": 0.8518518518518519, "Specificity": 0.9291784702549575, "AUC": 0.9480117511278984}, "Label_10": {"Optimal Threshold": 0.004808314610272646, "Accuracy": 0.6616643929058663, "Sensitivity": 0.9411764705882353, "Specificity": 0.6550279329608939, "AUC": 0.8591850147880381}, "Label_11": {"Optimal Threshold": 0.01860133185982704, "Accuracy": 0.9454297407912687, "Sensitivity": 0.9583333333333334, "Specificity": 0.9449929478138223, "AUC": 0.9736718382698636}, "Label_12": {"Optimal Threshold": 0.08763135224580765, "Accuracy": 0.8990450204638472, "Sensitivity": 0.8333333333333334, "Specificity": 0.9062027231467473, "AUC": 0.9370692553370314}, "Overall": {"Accuracy": 0.9006191625564066, "Sensitivity": 0.9253610234163958, "Specificity": 0.9021810963775531, "AUC": 0.9555329187949844}}, "label_names": [[3, 1, 7, 11, 12, 0, 5, 6, 10, 4, 8, 2], [3, 1, 7, 11, 12, 0, 5, 6, 10, 4, 9]]}