{"shared_labels": 0, "perf": [0.08857803791761398, 0.9758580327033997], "metrics": {"Label_0": {"Optimal Threshold": 0.0717415064573288, "Accuracy": 0.8717598908594816, "Sensitivity": 0.9565217391304348, "Specificity": 0.8629518072289156, "AUC": 0.9656233630172867}, "Label_1": {"Optimal Threshold": 0.07434684038162231, "Accuracy": 0.9331514324693042, "Sensitivity": 0.9482758620689655, "Specificity": 0.9318518518518518, "AUC": 0.9836526181353767}, "Label_2": {"Optimal Threshold": 0.21923185884952545, "Accuracy": 0.9263301500682128, "Sensitivity": 0.9166666666666666, "Specificity": 0.9306930693069307, "AUC": 0.9730415146777835}, "Label_3": {"Optimal Threshold": 0.14802691340446472, "Accuracy": 0.9290586630286494, "Sensitivity": 0.9321266968325792, "Specificity": 0.927734375, "AUC": 0.9746889140271493}, "Label_4": {"Optimal Threshold": 0.03717099130153656, "Accuracy": 0.9590723055934516, "Sensitivity": 0.8571428571428571, "Specificity": 0.9600550964187328, "AUC": 0.9620228256591893}, "Label_5": {"Optimal Threshold": 0.005217608995735645, "Accuracy": 0.810368349249659, "Sensitivity": 1.0, "Specificity": 0.8090659340659341, "AUC": 0.954945054945055}, "Label_6": {"Optimal Threshold": 0.010741581209003925, "Accuracy": 0.9208731241473397, "Sensitivity": 1.0, "Specificity": 0.9196675900277008, "AUC": 0.9801057668093679}, "Label_7": {"Optimal Threshold": 0.10668645799160004, "Accuracy": 0.9645293315143247, "Sensitivity": 1.0, "Specificity": 0.9612518628912071, "AUC": 0.9923801740300947}, "Label_8": {"Optimal Threshold": 0.007035779766738415, "Accuracy": 0.8472032742155525, "Sensitivity": 1.0, "Specificity": 0.8467852257181943, "AUC": 0.8645690834473324}, "Label_9": {"Optimal Threshold": 0.026002641767263412, "Accuracy": 0.8799454297407913, "Sensitivity": 0.9375, "Specificity": 0.8773181169757489, "AUC": 0.9549750356633381}, "Label_10": {"Optimal Threshold": 0.032007355242967606, "Accuracy": 0.8799454297407913, "Sensitivity": 0.7777777777777778, "Specificity": 0.8825174825174825, "AUC": 0.9038073038073038}, "Label_11": {"Optimal Threshold": 0.022244326770305634, "Accuracy": 0.9072305593451568, "Sensitivity": 0.9444444444444444, "Specificity": 0.9062937062937063, "AUC": 0.9717171717171718}, "Label_12": {"Optimal Threshold": 0.08355230838060379, "Accuracy": 0.8158253751705321, "Sensitivity": 0.9607843137254902, "Specificity": 0.8049853372434017, "AUC": 0.9396814444252773}, "Overall": {"Accuracy": 0.8957917934725574, "Sensitivity": 0.9408646429068628, "Specificity": 0.8939362658107542, "AUC": 0.9554777131047482}}, "label_names": [[7, 5, 11, 0, 2, 4, 8], [12, 3, 1, 6, 10, 9]]}