{"shared_labels": 0, "perf": [0.09483999013900757, 0.9701921343803406], "metrics": {"Label_0": {"Optimal Threshold": 0.10134713351726532, "Accuracy": 0.9386084583901774, "Sensitivity": 0.8658536585365854, "Specificity": 0.9477726574500768, "AUC": 0.9637705593645798}, "Label_1": {"Optimal Threshold": 0.032297533005476, "Accuracy": 0.9386084583901774, "Sensitivity": 0.9375, "Specificity": 0.9387144992526159, "AUC": 0.9811986173393124}, "Label_2": {"Optimal Threshold": 0.2158561795949936, "Accuracy": 0.9113233287858117, "Sensitivity": 0.9024390243902439, "Specificity": 0.9158110882956879, "AUC": 0.963531493631158}, "Label_3": {"Optimal Threshold": 0.17432862520217896, "Accuracy": 0.9140518417462483, "Sensitivity": 0.9205020920502092, "Specificity": 0.9109311740890689, "AUC": 0.9673064218318568}, "Label_4": {"Optimal Threshold": 0.0035019887145608664, "Accuracy": 0.8567530695770805, "Sensitivity": 1.0, "Specificity": 0.8555708390646493, "AUC": 0.9465841357175608}, "Label_5": {"Optimal Threshold": 0.022888973355293274, "Accuracy": 0.9399727148703957, "Sensitivity": 1.0, "Specificity": 0.9395604395604396, "AUC": 0.9826923076923076}, "Label_6": {"Optimal Threshold": 0.1416865587234497, "Accuracy": 0.9863574351978172, "Sensitivity": 1.0, "Specificity": 0.9862637362637363, "AUC": 0.9934065934065934}, "Label_7": {"Optimal Threshold": 0.1687595695257187, "Accuracy": 0.975443383356071, "Sensitivity": 0.9411764705882353, "Specificity": 0.9780058651026393, "AUC": 0.9900810764188372}, "Label_8": {"Optimal Threshold": 0.05410552769899368, "Accuracy": 0.9699863574351978, "Sensitivity": 1.0, "Specificity": 0.9698216735253772, "AUC": 0.9862825788751715}, "Label_9": {"Optimal Threshold": 0.026159042492508888, "Accuracy": 0.8635743519781719, "Sensitivity": 1.0, "Specificity": 0.8579545454545454, "AUC": 0.9659090909090908}, "Label_10": {"Optimal Threshold": 0.007870909757912159, "Accuracy": 0.772169167803547, "Sensitivity": 1.0, "Specificity": 0.7664335664335664, "AUC": 0.9285936285936286}, "Label_11": {"Optimal Threshold": 0.21015553176403046, "Accuracy": 0.9822646657571623, "Sensitivity": 1.0, "Specificity": 0.9819444444444444, "AUC": 0.9894230769230768}, "Label_12": {"Optimal Threshold": 0.0948755145072937, "Accuracy": 0.8226466575716235, "Sensitivity": 0.8823529411764706, "Specificity": 0.8181818181818182, "AUC": 0.9105284342475993}, "Overall": {"Accuracy": 0.9132122992968832, "Sensitivity": 0.9576787835955188, "Specificity": 0.9128435651629742, "AUC": 0.9668698473039056}}, "label_names": [[7, 12, 10, 8, 5, 2, 1], [11, 4, 6, 9, 0, 3]]}