{"shared_labels": 10, "perf": [0.08705860376358032, 0.9787693619728088], "metrics": {"Label_0": {"Optimal Threshold": 0.13567133247852325, "Accuracy": 0.9536152796725784, "Sensitivity": 0.8405797101449275, "Specificity": 0.9653614457831325, "AUC": 0.966125371049415}, "Label_1": {"Optimal Threshold": 0.03733484819531441, "Accuracy": 0.937244201909959, "Sensitivity": 0.9655172413793104, "Specificity": 0.9348148148148148, "AUC": 0.9870242656449553}, "Label_2": {"Optimal Threshold": 0.38567841053009033, "Accuracy": 0.9208731241473397, "Sensitivity": 0.9254385964912281, "Specificity": 0.9188118811881189, "AUC": 0.973649470210179}, "Label_3": {"Optimal Threshold": 0.5121579170227051, "Accuracy": 0.9358799454297408, "Sensitivity": 0.9230769230769231, "Specificity": 0.94140625, "AUC": 0.9759261877828054}, "Label_4": {"Optimal Threshold": 0.0008628768846392632, "Accuracy": 0.7353342428376535, "Sensitivity": 1.0, "Specificity": 0.7327823691460055, "AUC": 0.940181031090122}, "Label_5": {"Optimal Threshold": 0.003648631274700165, "Accuracy": 0.7762619372442019, "Sensitivity": 1.0, "Specificity": 0.7747252747252747, "AUC": 0.9376373626373627}, "Label_6": {"Optimal Threshold": 0.0364457443356514, "Accuracy": 0.9358799454297408, "Sensitivity": 0.9090909090909091, "Specificity": 0.9362880886426593, "AUC": 0.9624779652480484}, "Label_7": {"Optimal Threshold": 0.13868045806884766, "Accuracy": 0.9631650750341064, "Sensitivity": 1.0, "Specificity": 0.9597615499254843, "AUC": 0.9936781885486274}, "Label_8": {"Optimal Threshold": 0.006501049734652042, "Accuracy": 0.8294679399727148, "Sensitivity": 1.0, "Specificity": 0.8290013679890561, "AUC": 0.8358413132694937}, "Label_9": {"Optimal Threshold": 0.04372797906398773, "Accuracy": 0.8990450204638472, "Sensitivity": 0.9375, "Specificity": 0.8972895863052782, "AUC": 0.950472539229672}, "Label_10": {"Optimal Threshold": 0.00922965444624424, "Accuracy": 0.7557980900409277, "Sensitivity": 0.9444444444444444, "Specificity": 0.7510489510489511, "AUC": 0.9131313131313131}, "Label_11": {"Optimal Threshold": 0.02045181393623352, "Accuracy": 0.8908594815825375, "Sensitivity": 1.0, "Specificity": 0.8881118881118881, "AUC": 0.9758352758352759}, "Label_12": {"Optimal Threshold": 0.03993496298789978, "Accuracy": 0.8144611186903138, "Sensitivity": 0.9215686274509803, "Specificity": 0.8064516129032258, "AUC": 0.9389626818469323}, "Overall": {"Accuracy": 0.8729142617273588, "Sensitivity": 0.9513243424675941, "Specificity": 0.8719888523526069, "AUC": 0.9500725358095541}}, "label_names": [[0, 12, 7, 10, 1, 5, 3, 2, 11, 9, 8, 6], [0, 12, 7, 10, 1, 5, 3, 2, 11, 9, 4]]}