{"shared_labels": 10, "perf": [0.08629058301448822, 0.9759839773178101], "metrics": {"Label_0": {"Optimal Threshold": 0.06344348937273026, "Accuracy": 0.8949522510231923, "Sensitivity": 0.8676470588235294, "Specificity": 0.8977443609022556, "AUC": 0.9464396284829721}, "Label_1": {"Optimal Threshold": 0.13650283217430115, "Accuracy": 0.9604365620736699, "Sensitivity": 0.9285714285714286, "Specificity": 0.9630723781388478, "AUC": 0.9874446085672083}, "Label_2": {"Optimal Threshold": 0.49550390243530273, "Accuracy": 0.9440654843110505, "Sensitivity": 0.9110169491525424, "Specificity": 0.959758551307847, "AUC": 0.9743375507280974}, "Label_3": {"Optimal Threshold": 0.5013734102249146, "Accuracy": 0.9440654843110505, "Sensitivity": 0.9292035398230089, "Specificity": 0.9506903353057199, "AUC": 0.9790630290970659}, "Label_4": {"Optimal Threshold": 0.052822962403297424, "Accuracy": 0.9672578444747613, "Sensitivity": 0.8571428571428571, "Specificity": 0.9683195592286501, "AUC": 0.9199134199134199}, "Label_5": {"Optimal Threshold": 0.0027042264118790627, "Accuracy": 0.8062755798090041, "Sensitivity": 1.0, "Specificity": 0.8044077134986226, "AUC": 0.9559228650137742}, "Label_6": {"Optimal Threshold": 0.006107467692345381, "Accuracy": 0.8867667121418826, "Sensitivity": 1.0, "Specificity": 0.8852005532503457, "AUC": 0.9618257261410788}, "Label_7": {"Optimal Threshold": 0.2344941794872284, "Accuracy": 0.9781718963165075, "Sensitivity": 0.9473684210526315, "Specificity": 0.9807692307692307, "AUC": 0.9891778262223607}, "Label_8": {"Optimal Threshold": 0.008935069665312767, "Accuracy": 0.9413369713506139, "Sensitivity": 1.0, "Specificity": 0.9409340659340659, "AUC": 0.9697802197802199}, "Label_9": {"Optimal Threshold": 0.0817909836769104, "Accuracy": 0.9590723055934516, "Sensitivity": 0.8787878787878788, "Specificity": 0.9628571428571429, "AUC": 0.9587445887445888}, "Label_10": {"Optimal Threshold": 0.051181405782699585, "Accuracy": 0.922237380627558, "Sensitivity": 0.9166666666666666, "Specificity": 0.9223300970873787, "AUC": 0.9422098936662043}, "Label_11": {"Optimal Threshold": 0.005843101069331169, "Accuracy": 0.8840381991814461, "Sensitivity": 1.0, "Specificity": 0.8817802503477051, "AUC": 0.9713888336975959}, "Label_12": {"Optimal Threshold": 0.1437865048646927, "Accuracy": 0.8935879945429741, "Sensitivity": 0.7962962962962963, "Specificity": 0.9013254786450663, "AUC": 0.9104347351770032}, "Overall": {"Accuracy": 0.9217126665967049, "Sensitivity": 0.9255923920243722, "Specificity": 0.9245530551748368, "AUC": 0.958975609633199}}, "label_names": [[4, 7, 6, 10, 11, 5, 3, 9, 1, 12, 8, 2], [4, 7, 6, 10, 11, 5, 3, 9, 1, 12, 0]]}