{"shared_labels": 0, "perf": [0.09333387762308121, 0.9749385714530945], "metrics": {"Label_0": {"Optimal Threshold": 0.06688243895769119, "Accuracy": 0.9017735334242838, "Sensitivity": 0.88, "Specificity": 0.9042553191489362, "AUC": 0.9431408308004052}, "Label_1": {"Optimal Threshold": 0.016046851873397827, "Accuracy": 0.8908594815825375, "Sensitivity": 0.9666666666666667, "Specificity": 0.8841010401188707, "AUC": 0.97592867756315}, "Label_2": {"Optimal Threshold": 0.2801610231399536, "Accuracy": 0.9195088676671214, "Sensitivity": 0.9382716049382716, "Specificity": 0.9102040816326531, "AUC": 0.9742000503905266}, "Label_3": {"Optimal Threshold": 0.3374171555042267, "Accuracy": 0.927694406548431, "Sensitivity": 0.9259259259259259, "Specificity": 0.9285714285714286, "AUC": 0.9738977072310406}, "Label_4": {"Optimal Threshold": 0.08766599744558334, "Accuracy": 0.9686221009549796, "Sensitivity": 0.8888888888888888, "Specificity": 0.9696132596685083, "AUC": 0.9788213627992634}, "Label_5": {"Optimal Threshold": 0.03251194208860397, "Accuracy": 0.9481582537517054, "Sensitivity": 1.0, "Specificity": 0.9475862068965517, "AUC": 0.9927586206896551}, "Label_6": {"Optimal Threshold": 0.03544629365205765, "Accuracy": 0.9113233287858117, "Sensitivity": 1.0, "Specificity": 0.9102209944751382, "AUC": 0.9740638428483733}, "Label_7": {"Optimal Threshold": 0.2478540539741516, "Accuracy": 0.9536152796725784, "Sensitivity": 0.9322033898305084, "Specificity": 0.9554896142433235, "AUC": 0.9791781924256904}, "Label_8": {"Optimal Threshold": 0.014262935146689415, "Accuracy": 0.8567530695770805, "Sensitivity": 1.0, "Specificity": 0.8551724137931035, "AUC": 0.9489655172413793}, "Label_9": {"Optimal Threshold": 0.03321954607963562, "Accuracy": 0.8376534788540245, "Sensitivity": 0.9696969696969697, "Specificity": 0.8314285714285714, "AUC": 0.9536363636363636}, "Label_10": {"Optimal Threshold": 0.018753571435809135, "Accuracy": 0.8362892223738063, "Sensitivity": 1.0, "Specificity": 0.8337950138504155, "AUC": 0.9542936288088643}, "Label_11": {"Optimal Threshold": 0.03726303577423096, "Accuracy": 0.9249658935879945, "Sensitivity": 1.0, "Specificity": 0.9229691876750701, "AUC": 0.9844464101430046}, "Label_12": {"Optimal Threshold": 0.15533968806266785, "Accuracy": 0.8703956343792633, "Sensitivity": 0.8723404255319149, "Specificity": 0.8702623906705539, "AUC": 0.9337820234476769}, "Overall": {"Accuracy": 0.9036625039353553, "Sensitivity": 0.9518456824214727, "Specificity": 0.9018207324748558, "AUC": 0.9667010175404147}}, "label_names": [[6, 7, 8, 9, 11, 1, 2], [12, 0, 4, 5, 3, 10]]}