{"shared_labels": 0, "perf": [0.08938637375831604, 0.9768320918083191], "metrics": {"Label_0": {"Optimal Threshold": 0.01909097656607628, "Accuracy": 0.8553888130968622, "Sensitivity": 0.9565217391304348, "Specificity": 0.8448795180722891, "AUC": 0.9648376113148245}, "Label_1": {"Optimal Threshold": 0.05479402840137482, "Accuracy": 0.9577080491132333, "Sensitivity": 0.9482758620689655, "Specificity": 0.9585185185185185, "AUC": 0.9879182630906768}, "Label_2": {"Optimal Threshold": 0.37064066529273987, "Accuracy": 0.9263301500682128, "Sensitivity": 0.9254385964912281, "Specificity": 0.9267326732673268, "AUC": 0.9731978461003995}, "Label_3": {"Optimal Threshold": 0.430176705121994, "Accuracy": 0.9331514324693042, "Sensitivity": 0.9230769230769231, "Specificity": 0.9375, "AUC": 0.9744591346153846}, "Label_4": {"Optimal Threshold": 0.0014005202101543546, "Accuracy": 0.8376534788540245, "Sensitivity": 1.0, "Specificity": 0.8360881542699724, "AUC": 0.9706808343171979}, "Label_5": {"Optimal Threshold": 0.06379007548093796, "Accuracy": 0.9768076398362893, "Sensitivity": 0.8, "Specificity": 0.978021978021978, "AUC": 0.9368131868131868}, "Label_6": {"Optimal Threshold": 0.013548936694860458, "Accuracy": 0.888130968622101, "Sensitivity": 1.0, "Specificity": 0.8864265927977839, "AUC": 0.9721732561067741}, "Label_7": {"Optimal Threshold": 0.07240165770053864, "Accuracy": 0.9536152796725784, "Sensitivity": 1.0, "Specificity": 0.9493293591654247, "AUC": 0.9916109802413345}, "Label_8": {"Optimal Threshold": 0.0021368726156651974, "Accuracy": 0.757162346521146, "Sensitivity": 1.0, "Specificity": 0.7564979480164159, "AUC": 0.7968536251709987}, "Label_9": {"Optimal Threshold": 0.006255812011659145, "Accuracy": 0.834924965893588, "Sensitivity": 0.96875, "Specificity": 0.8288159771754636, "AUC": 0.9445880884450786}, "Label_10": {"Optimal Threshold": 0.031153235584497452, "Accuracy": 0.8894952251023193, "Sensitivity": 0.7777777777777778, "Specificity": 0.8923076923076924, "AUC": 0.9111888111888111}, "Label_11": {"Optimal Threshold": 0.03083822876214981, "Accuracy": 0.9358799454297408, "Sensitivity": 1.0, "Specificity": 0.9342657342657342, "AUC": 0.9804195804195804}, "Label_12": {"Optimal Threshold": 0.03605452924966812, "Accuracy": 0.757162346521146, "Sensitivity": 0.9411764705882353, "Specificity": 0.7434017595307918, "AUC": 0.9194698407222126}, "Overall": {"Accuracy": 0.8848777416308112, "Sensitivity": 0.941616720702582, "Specificity": 0.8825219927237993, "AUC": 0.9480162352728047}}, "label_names": [[6, 7, 4, 9, 0, 2, 11], [10, 3, 8, 1, 12, 5]]}