{"shared_labels": 1, "perf": [0.08987724781036377, 0.976906955242157], "metrics": {"Label_0": {"Optimal Threshold": 0.04975805804133415, "Accuracy": 0.8676671214188267, "Sensitivity": 0.8840579710144928, "Specificity": 0.8659638554216867, "AUC": 0.9551903265234852}, "Label_1": {"Optimal Threshold": 0.08523091673851013, "Accuracy": 0.9522510231923602, "Sensitivity": 0.9310344827586207, "Specificity": 0.9540740740740741, "AUC": 0.9814048531289911}, "Label_2": {"Optimal Threshold": 0.4920549690723419, "Accuracy": 0.9236016371077762, "Sensitivity": 0.9078947368421053, "Specificity": 0.9306930693069307, "AUC": 0.9713652944241793}, "Label_3": {"Optimal Threshold": 0.3015413284301758, "Accuracy": 0.9290586630286494, "Sensitivity": 0.9321266968325792, "Specificity": 0.927734375, "AUC": 0.9752722002262444}, "Label_4": {"Optimal Threshold": 0.018635883927345276, "Accuracy": 0.9495225102319236, "Sensitivity": 0.8571428571428571, "Specificity": 0.9504132231404959, "AUC": 0.9378197560015742}, "Label_5": {"Optimal Threshold": 0.07655937969684601, "Accuracy": 0.9836289222373806, "Sensitivity": 0.8, "Specificity": 0.9848901098901099, "AUC": 0.9464285714285714}, "Label_6": {"Optimal Threshold": 0.021879810839891434, "Accuracy": 0.9345156889495225, "Sensitivity": 1.0, "Specificity": 0.9335180055401662, "AUC": 0.9762024678922185}, "Label_7": {"Optimal Threshold": 0.09496760368347168, "Accuracy": 0.9590723055934516, "Sensitivity": 0.9838709677419355, "Specificity": 0.9567809239940388, "AUC": 0.9897841449930291}, "Label_8": {"Optimal Threshold": 0.001100498135201633, "Accuracy": 0.7639836289222374, "Sensitivity": 1.0, "Specificity": 0.7633378932968536, "AUC": 0.8372093023255814}, "Label_9": {"Optimal Threshold": 0.02219424955546856, "Accuracy": 0.8826739427012278, "Sensitivity": 0.9375, "Specificity": 0.8801711840228246, "AUC": 0.9473074179743224}, "Label_10": {"Optimal Threshold": 0.0055218106135725975, "Accuracy": 0.7257844474761255, "Sensitivity": 1.0, "Specificity": 0.7188811188811188, "AUC": 0.918026418026418}, "Label_11": {"Optimal Threshold": 0.03888717666268349, "Accuracy": 0.9263301500682128, "Sensitivity": 0.8888888888888888, "Specificity": 0.9272727272727272, "AUC": 0.957109557109557}, "Label_12": {"Optimal Threshold": 0.07579355686903, "Accuracy": 0.8240109140518418, "Sensitivity": 0.9803921568627451, "Specificity": 0.8123167155425219, "AUC": 0.9598930481283423}, "Overall": {"Accuracy": 0.8940077657676564, "Sensitivity": 0.9309929813910943, "Specificity": 0.892772867337196, "AUC": 0.9502317967832704}}, "label_names": [[12, 2, 5, 11, 7, 10, 6], [12, 8, 4, 1, 0, 9, 3]]}