{"shared_labels": 7, "perf": [0.088759645819664, 0.9761711359024048], "metrics": {"Label_0": {"Optimal Threshold": 0.04282676801085472, "Accuracy": 0.869031377899045, "Sensitivity": 0.9130434782608695, "Specificity": 0.8644578313253012, "AUC": 0.963811768814388}, "Label_1": {"Optimal Threshold": 0.03898458182811737, "Accuracy": 0.922237380627558, "Sensitivity": 0.9655172413793104, "Specificity": 0.9185185185185185, "AUC": 0.9874840357598978}, "Label_2": {"Optimal Threshold": 0.3676431179046631, "Accuracy": 0.9331514324693042, "Sensitivity": 0.9122807017543859, "Specificity": 0.9425742574257425, "AUC": 0.9737623762376236}, "Label_3": {"Optimal Threshold": 0.3599621057510376, "Accuracy": 0.9290586630286494, "Sensitivity": 0.918552036199095, "Specificity": 0.93359375, "AUC": 0.9742470305429863}, "Label_4": {"Optimal Threshold": 0.01728847250342369, "Accuracy": 0.9181446111869032, "Sensitivity": 0.8571428571428571, "Specificity": 0.918732782369146, "AUC": 0.9470680834317198}, "Label_5": {"Optimal Threshold": 0.04158138483762741, "Accuracy": 0.956343792633015, "Sensitivity": 0.8, "Specificity": 0.9574175824175825, "AUC": 0.929945054945055}, "Label_6": {"Optimal Threshold": 0.049299806356430054, "Accuracy": 0.9536152796725784, "Sensitivity": 0.9090909090909091, "Specificity": 0.9542936288088643, "AUC": 0.9722991689750693}, "Label_7": {"Optimal Threshold": 0.12084444612264633, "Accuracy": 0.956343792633015, "Sensitivity": 1.0, "Specificity": 0.9523099850968704, "AUC": 0.9925965097831835}, "Label_8": {"Optimal Threshold": 0.003026423044502735, "Accuracy": 0.8472032742155525, "Sensitivity": 1.0, "Specificity": 0.8467852257181943, "AUC": 0.872093023255814}, "Label_9": {"Optimal Threshold": 0.011214361526072025, "Accuracy": 0.8567530695770805, "Sensitivity": 0.96875, "Specificity": 0.8516405135520685, "AUC": 0.9490460057061342}, "Label_10": {"Optimal Threshold": 0.009315049275755882, "Accuracy": 0.7653478854024557, "Sensitivity": 0.9444444444444444, "Specificity": 0.7608391608391608, "AUC": 0.9133644133644134}, "Label_11": {"Optimal Threshold": 0.018245434388518333, "Accuracy": 0.9004092769440655, "Sensitivity": 0.9444444444444444, "Specificity": 0.8993006993006993, "AUC": 0.9683760683760684}, "Label_12": {"Optimal Threshold": 0.12283563613891602, "Accuracy": 0.869031377899045, "Sensitivity": 0.8235294117647058, "Specificity": 0.8724340175953079, "AUC": 0.9157035248116842}, "Overall": {"Accuracy": 0.8982054780144821, "Sensitivity": 0.9197535018831556, "Specificity": 0.8979152271513429, "AUC": 0.9507536203080029}}, "label_names": [[1, 8, 5, 7, 9, 2, 10, 0, 12, 6], [1, 8, 5, 7, 9, 2, 10, 11, 4, 3]]}