{"shared_labels": 7, "perf": [0.0936133861541748, 0.9746373295783997], "metrics": {"Label_0": {"Optimal Threshold": 0.03894536569714546, "Accuracy": 0.9085948158253752, "Sensitivity": 0.8941176470588236, "Specificity": 0.9104938271604939, "AUC": 0.9633079157588962}, "Label_1": {"Optimal Threshold": 0.11534266173839569, "Accuracy": 0.9577080491132333, "Sensitivity": 0.8933333333333333, "Specificity": 0.9650455927051672, "AUC": 0.9808510638297873}, "Label_2": {"Optimal Threshold": 0.41687679290771484, "Accuracy": 0.9113233287858117, "Sensitivity": 0.9506726457399103, "Specificity": 0.8941176470588236, "AUC": 0.9695594829860196}, "Label_3": {"Optimal Threshold": 0.66249680519104, "Accuracy": 0.9304229195088677, "Sensitivity": 0.9212962962962963, "Specificity": 0.9342359767891683, "AUC": 0.9738878143133461}, "Label_4": {"Optimal Threshold": 0.08603844046592712, "Accuracy": 0.965893587994543, "Sensitivity": 1.0, "Specificity": 0.9655172413793104, "AUC": 0.9860344827586208}, "Label_5": {"Optimal Threshold": 0.007208426017314196, "Accuracy": 0.8049113233287858, "Sensitivity": 1.0, "Specificity": 0.803840877914952, "AUC": 0.8981481481481481}, "Label_6": {"Optimal Threshold": 0.028118059039115906, "Accuracy": 0.9358799454297408, "Sensitivity": 1.0, "Specificity": 0.9355281207133059, "AUC": 0.9811385459533608}, "Label_7": {"Optimal Threshold": 0.11790948361158371, "Accuracy": 0.9481582537517054, "Sensitivity": 0.9807692307692307, "Specificity": 0.9456681350954479, "AUC": 0.9926860951090025}, "Label_8": {"Optimal Threshold": 0.004878425970673561, "Accuracy": 0.8799454297407913, "Sensitivity": 1.0, "Specificity": 0.8794520547945206, "AUC": 0.9593607305936074}, "Label_9": {"Optimal Threshold": 0.06683804094791412, "Accuracy": 0.9427012278308322, "Sensitivity": 1.0, "Specificity": 0.9407616361071932, "AUC": 0.989774330042313}, "Label_10": {"Optimal Threshold": 0.032675448805093765, "Accuracy": 0.9263301500682128, "Sensitivity": 0.9166666666666666, "Specificity": 0.926490984743412, "AUC": 0.9583911234396671}, "Label_11": {"Optimal Threshold": 0.052226606756448746, "Accuracy": 0.9699863574351978, "Sensitivity": 0.9473684210526315, "Specificity": 0.9705882352941176, "AUC": 0.9823824266548725}, "Label_12": {"Optimal Threshold": 0.07002108544111252, "Accuracy": 0.8731241473396999, "Sensitivity": 0.7419354838709677, "Specificity": 0.8852459016393442, "AUC": 0.8718811595596364}, "Overall": {"Accuracy": 0.9196138104732922, "Sensitivity": 0.9420122865221431, "Specificity": 0.9197681716457888, "AUC": 0.9621079476267137}}, "label_names": [[0, 8, 11, 3, 9, 10, 1, 5, 4, 12], [0, 8, 11, 3, 9, 10, 1, 7, 2, 6]]}