{"shared_labels": 11, "perf": [0.0902426615357399, 0.9741318225860596], "metrics": {"Label_0": {"Optimal Threshold": 0.03342406451702118, "Accuracy": 0.8990450204638472, "Sensitivity": 0.8529411764705882, "Specificity": 0.9037593984962407, "AUC": 0.9524104378593543}, "Label_1": {"Optimal Threshold": 0.04501733183860779, "Accuracy": 0.956343792633015, "Sensitivity": 0.9642857142857143, "Specificity": 0.9556868537666174, "AUC": 0.9878138847858199}, "Label_2": {"Optimal Threshold": 0.37866199016571045, "Accuracy": 0.9304229195088677, "Sensitivity": 0.9279661016949152, "Specificity": 0.93158953722334, "AUC": 0.9760256453978107}, "Label_3": {"Optimal Threshold": 0.46894291043281555, "Accuracy": 0.9386084583901774, "Sensitivity": 0.9247787610619469, "Specificity": 0.9447731755424064, "AUC": 0.9778324693232795}, "Label_4": {"Optimal Threshold": 0.03340476006269455, "Accuracy": 0.9686221009549796, "Sensitivity": 0.8571428571428571, "Specificity": 0.9696969696969697, "AUC": 0.9362455726092089}, "Label_5": {"Optimal Threshold": 0.0039757234044373035, "Accuracy": 0.834924965893588, "Sensitivity": 1.0, "Specificity": 0.8333333333333334, "AUC": 0.9462809917355373}, "Label_6": {"Optimal Threshold": 0.007198710460215807, "Accuracy": 0.8635743519781719, "Sensitivity": 1.0, "Specificity": 0.8616874135546335, "AUC": 0.9528354080221301}, "Label_7": {"Optimal Threshold": 0.11831621080636978, "Accuracy": 0.9549795361527967, "Sensitivity": 0.9824561403508771, "Specificity": 0.9526627218934911, "AUC": 0.9890480639468494}, "Label_8": {"Optimal Threshold": 0.04729579761624336, "Accuracy": 0.9768076398362893, "Sensitivity": 1.0, "Specificity": 0.9766483516483516, "AUC": 0.9879120879120878}, "Label_9": {"Optimal Threshold": 0.02845510095357895, "Accuracy": 0.903137789904502, "Sensitivity": 0.8787878787878788, "Specificity": 0.9042857142857142, "AUC": 0.9423376623376624}, "Label_10": {"Optimal Threshold": 0.037025414407253265, "Accuracy": 0.888130968622101, "Sensitivity": 0.9166666666666666, "Specificity": 0.8876560332871013, "AUC": 0.924757281553398}, "Label_11": {"Optimal Threshold": 0.028020620346069336, "Accuracy": 0.9440654843110505, "Sensitivity": 1.0, "Specificity": 0.9429763560500696, "AUC": 0.980528511821975}, "Label_12": {"Optimal Threshold": 0.04176556318998337, "Accuracy": 0.7926330150068213, "Sensitivity": 0.7962962962962963, "Specificity": 0.792341678939617, "AUC": 0.8679157802869143}, "Overall": {"Accuracy": 0.9116381572043235, "Sensitivity": 0.9308708917505955, "Specificity": 0.9120844259782989, "AUC": 0.9555341382763097}}, "label_names": [[11, 6, 2, 4, 5, 8, 3, 10, 7, 0, 1, 12], [11, 6, 2, 4, 5, 8, 3, 10, 7, 0, 1, 9]]}