{"shared_labels": 11, "perf": [0.08903972059488297, 0.9788082838058472], "metrics": {"Label_0": {"Optimal Threshold": 0.10652655363082886, "Accuracy": 0.927694406548431, "Sensitivity": 0.8840579710144928, "Specificity": 0.9322289156626506, "AUC": 0.9635280251440544}, "Label_1": {"Optimal Threshold": 0.04979623854160309, "Accuracy": 0.9386084583901774, "Sensitivity": 0.9827586206896551, "Specificity": 0.9348148148148148, "AUC": 0.987816091954023}, "Label_2": {"Optimal Threshold": 0.5261493921279907, "Accuracy": 0.922237380627558, "Sensitivity": 0.9035087719298246, "Specificity": 0.9306930693069307, "AUC": 0.9736407851311447}, "Label_3": {"Optimal Threshold": 0.49505603313446045, "Accuracy": 0.927694406548431, "Sensitivity": 0.9230769230769231, "Specificity": 0.9296875, "AUC": 0.9763503959276019}, "Label_4": {"Optimal Threshold": 0.0028589190915226936, "Accuracy": 0.8226466575716235, "Sensitivity": 1.0, "Specificity": 0.8209366391184573, "AUC": 0.9647776465958283}, "Label_5": {"Optimal Threshold": 0.03362303227186203, "Accuracy": 0.9345156889495225, "Sensitivity": 0.8, "Specificity": 0.9354395604395604, "AUC": 0.9249999999999999}, "Label_6": {"Optimal Threshold": 0.006205265875905752, "Accuracy": 0.8281036834924966, "Sensitivity": 1.0, "Specificity": 0.8254847645429363, "AUC": 0.9692772601359859}, "Label_7": {"Optimal Threshold": 0.12616710364818573, "Accuracy": 0.9631650750341064, "Sensitivity": 1.0, "Specificity": 0.9597615499254843, "AUC": 0.9933416662660449}, "Label_8": {"Optimal Threshold": 0.005495230667293072, "Accuracy": 0.8458390177353342, "Sensitivity": 1.0, "Specificity": 0.8454172366621067, "AUC": 0.8638850889192886}, "Label_9": {"Optimal Threshold": 0.050137411803007126, "Accuracy": 0.897680763983629, "Sensitivity": 0.9375, "Specificity": 0.8958630527817404, "AUC": 0.9518099144079886}, "Label_10": {"Optimal Threshold": 0.012044738046824932, "Accuracy": 0.7585266030013642, "Sensitivity": 0.9444444444444444, "Specificity": 0.7538461538461538, "AUC": 0.9044289044289044}, "Label_11": {"Optimal Threshold": 0.01621224544942379, "Accuracy": 0.8990450204638472, "Sensitivity": 1.0, "Specificity": 0.8965034965034965, "AUC": 0.9808080808080808}, "Label_12": {"Optimal Threshold": 0.11406710743904114, "Accuracy": 0.8049113233287858, "Sensitivity": 1.0, "Specificity": 0.7903225806451613, "AUC": 0.9540566959921799}, "Overall": {"Accuracy": 0.882359114282716, "Sensitivity": 0.9519497485504108, "Specificity": 0.8808461026345765, "AUC": 0.9545169658239326}}, "label_names": [[5, 11, 3, 2, 1, 12, 8, 4, 9, 10, 7, 0], [5, 11, 3, 2, 1, 12, 8, 4, 9, 10, 7, 6]]}