{"shared_labels": 0, "perf": [0.09703931957483292, 0.9717391133308411], "metrics": {"Label_0": {"Optimal Threshold": 0.03378644213080406, "Accuracy": 0.9045020463847203, "Sensitivity": 0.8985507246376812, "Specificity": 0.9051204819277109, "AUC": 0.9647939584424655}, "Label_1": {"Optimal Threshold": 0.05159542337059975, "Accuracy": 0.9181446111869032, "Sensitivity": 0.9827586206896551, "Specificity": 0.9125925925925926, "AUC": 0.9865389527458492}, "Label_2": {"Optimal Threshold": 0.14825186133384705, "Accuracy": 0.9058663028649386, "Sensitivity": 0.9078947368421053, "Specificity": 0.904950495049505, "AUC": 0.967430953621678}, "Label_3": {"Optimal Threshold": 0.1216924786567688, "Accuracy": 0.9045020463847203, "Sensitivity": 0.9276018099547512, "Specificity": 0.89453125, "AUC": 0.9699784360859729}, "Label_4": {"Optimal Threshold": 0.037239596247673035, "Accuracy": 0.9631650750341064, "Sensitivity": 0.8571428571428571, "Specificity": 0.9641873278236914, "AUC": 0.9608421881149153}, "Label_5": {"Optimal Threshold": 0.0038055949844419956, "Accuracy": 0.800818553888131, "Sensitivity": 1.0, "Specificity": 0.7994505494505495, "AUC": 0.9563186813186813}, "Label_6": {"Optimal Threshold": 0.0541711263358593, "Accuracy": 0.965893587994543, "Sensitivity": 1.0, "Specificity": 0.9653739612188366, "AUC": 0.9894233190632082}, "Label_7": {"Optimal Threshold": 0.04549182951450348, "Accuracy": 0.946793997271487, "Sensitivity": 0.9838709677419355, "Specificity": 0.9433681073025335, "AUC": 0.9887986154511803}, "Label_8": {"Optimal Threshold": 0.008683464489877224, "Accuracy": 0.8649386084583902, "Sensitivity": 1.0, "Specificity": 0.8645690834473324, "AUC": 0.8816689466484268}, "Label_9": {"Optimal Threshold": 0.03673473373055458, "Accuracy": 0.91268758526603, "Sensitivity": 0.90625, "Specificity": 0.912981455064194, "AUC": 0.9494472182596292}, "Label_10": {"Optimal Threshold": 0.032983798533678055, "Accuracy": 0.8990450204638472, "Sensitivity": 0.7222222222222222, "Specificity": 0.9034965034965035, "AUC": 0.8734265734265735}, "Label_11": {"Optimal Threshold": 0.035975418984889984, "Accuracy": 0.9413369713506139, "Sensitivity": 0.9444444444444444, "Specificity": 0.9412587412587412, "AUC": 0.9794094794094794}, "Label_12": {"Optimal Threshold": 0.12069505453109741, "Accuracy": 0.8390177353342428, "Sensitivity": 0.8235294117647058, "Specificity": 0.8401759530791789, "AUC": 0.9180898165717901}, "Overall": {"Accuracy": 0.9051317032217441, "Sensitivity": 0.919558907341566, "Specificity": 0.9040043462854899, "AUC": 0.9527820876276809}}, "label_names": [[3, 7, 2, 12, 10, 4, 1], [6, 5, 9, 8, 11, 0]]}