{"shared_labels": 0, "perf": [0.09342917799949646, 0.975001335144043], "metrics": {"Label_0": {"Optimal Threshold": 0.04367543011903763, "Accuracy": 0.9290586630286494, "Sensitivity": 0.8924731182795699, "Specificity": 0.934375, "AUC": 0.9664482526881721}, "Label_1": {"Optimal Threshold": 0.06610394269227982, "Accuracy": 0.9454297407912687, "Sensitivity": 0.9466666666666667, "Specificity": 0.9452887537993921, "AUC": 0.9867071935157041}, "Label_2": {"Optimal Threshold": 0.22011235356330872, "Accuracy": 0.9249658935879945, "Sensitivity": 0.9209486166007905, "Specificity": 0.9270833333333334, "AUC": 0.9749752964426877}, "Label_3": {"Optimal Threshold": 0.3569285571575165, "Accuracy": 0.931787175989086, "Sensitivity": 0.9380165289256198, "Specificity": 0.9287169042769857, "AUC": 0.9784299203851139}, "Label_4": {"Optimal Threshold": 0.001031785155646503, "Accuracy": 0.8117326057298773, "Sensitivity": 0.9, "Specificity": 0.8105117565698479, "AUC": 0.9078838174273859}, "Label_5": {"Optimal Threshold": 0.0036019596736878157, "Accuracy": 0.8403819918144612, "Sensitivity": 1.0, "Specificity": 0.8388429752066116, "AUC": 0.9346713892168438}, "Label_6": {"Optimal Threshold": 0.04588627070188522, "Accuracy": 0.9549795361527967, "Sensitivity": 1.0, "Specificity": 0.9546703296703297, "AUC": 0.987912087912088}, "Label_7": {"Optimal Threshold": 0.04190598055720329, "Accuracy": 0.9699863574351978, "Sensitivity": 0.9523809523809523, "Specificity": 0.9716417910447761, "AUC": 0.9853826107557451}, "Label_8": {"Optimal Threshold": 0.005469377618283033, "Accuracy": 0.9140518417462483, "Sensitivity": 1.0, "Specificity": 0.9133425034387895, "AUC": 0.9704264099037139}, "Label_9": {"Optimal Threshold": 0.07366324961185455, "Accuracy": 0.9331514324693042, "Sensitivity": 0.9230769230769231, "Specificity": 0.9335219236209336, "AUC": 0.974921118485475}, "Label_10": {"Optimal Threshold": 0.022251522168517113, "Accuracy": 0.8581173260572987, "Sensitivity": 0.8461538461538461, "Specificity": 0.8583333333333333, "AUC": 0.8973290598290599}, "Label_11": {"Optimal Threshold": 0.020731016993522644, "Accuracy": 0.9645293315143247, "Sensitivity": 1.0, "Specificity": 0.9636871508379888, "AUC": 0.9864442983897469}, "Label_12": {"Optimal Threshold": 0.031776126474142075, "Accuracy": 0.7735334242837654, "Sensitivity": 0.9074074074074074, "Specificity": 0.7628865979381443, "AUC": 0.9164893907161948}, "Overall": {"Accuracy": 0.9039773323538671, "Sensitivity": 0.9405480045762906, "Specificity": 0.9033001810054204, "AUC": 0.959078526589841}}, "label_names": [[6, 8, 0, 5, 2, 10, 11], [7, 4, 12, 3, 1, 9]]}