{"shared_labels": 5, "perf": [0.10883989185094833, 0.9677603840827942], "metrics": {"Label_0": {"Optimal Threshold": 0.28269797563552856, "Accuracy": 0.956343792633015, "Sensitivity": 0.8571428571428571, "Specificity": 0.9679878048780488, "AUC": 0.9698091542603737}, "Label_1": {"Optimal Threshold": 0.08132456243038177, "Accuracy": 0.9481582537517054, "Sensitivity": 0.9315068493150684, "Specificity": 0.95, "AUC": 0.981901203819012}, "Label_2": {"Optimal Threshold": 0.23831366002559662, "Accuracy": 0.9058663028649386, "Sensitivity": 0.8830645161290323, "Specificity": 0.9175257731958762, "AUC": 0.9598021283671433}, "Label_3": {"Optimal Threshold": 0.1283443421125412, "Accuracy": 0.9072305593451568, "Sensitivity": 0.925, "Specificity": 0.8985801217038539, "AUC": 0.9681879648411089}, "Label_4": {"Optimal Threshold": 0.01686830446124077, "Accuracy": 0.8854024556616644, "Sensitivity": 0.8888888888888888, "Specificity": 0.8853591160220995, "AUC": 0.9588704726826274}, "Label_5": {"Optimal Threshold": 0.008181890472769737, "Accuracy": 0.9004092769440655, "Sensitivity": 1.0, "Specificity": 0.8997252747252747, "AUC": 0.9546703296703297}, "Label_6": {"Optimal Threshold": 0.02538827620446682, "Accuracy": 0.9536152796725784, "Sensitivity": 1.0, "Specificity": 0.9532967032967034, "AUC": 0.985989010989011}, "Label_7": {"Optimal Threshold": 0.10965625196695328, "Accuracy": 0.9522510231923602, "Sensitivity": 0.9206349206349206, "Specificity": 0.9552238805970149, "AUC": 0.9780857616678512}, "Label_8": {"Optimal Threshold": 0.004790585953742266, "Accuracy": 0.91268758526603, "Sensitivity": 1.0, "Specificity": 0.9117241379310345, "AUC": 0.9743103448275863}, "Label_9": {"Optimal Threshold": 0.008232029154896736, "Accuracy": 0.8608458390177354, "Sensitivity": 0.9375, "Specificity": 0.8573466476462197, "AUC": 0.9515870185449358}, "Label_10": {"Optimal Threshold": 0.004783566575497389, "Accuracy": 0.7776261937244202, "Sensitivity": 0.7333333333333333, "Specificity": 0.7785515320334262, "AUC": 0.7955431754874651}, "Label_11": {"Optimal Threshold": 0.012526309117674828, "Accuracy": 0.9195088676671214, "Sensitivity": 1.0, "Specificity": 0.9175977653631285, "AUC": 0.9817614196516595}, "Label_12": {"Optimal Threshold": 0.023562338203191757, "Accuracy": 0.7939972714870396, "Sensitivity": 0.9285714285714286, "Specificity": 0.7828655834564254, "AUC": 0.9225047478370965}, "Overall": {"Accuracy": 0.8979955924021409, "Sensitivity": 0.9235109841550406, "Specificity": 0.8981372569883928, "AUC": 0.952540210203554}}, "label_names": [[3, 8, 6, 0, 12, 11, 5, 2, 7], [3, 8, 6, 0, 12, 1, 9, 4, 10]]}