{"shared_labels": 5, "perf": [0.08939287811517715, 0.9764291644096375], "metrics": {"Label_0": {"Optimal Threshold": 0.04428228735923767, "Accuracy": 0.897680763983629, "Sensitivity": 0.8840579710144928, "Specificity": 0.8990963855421686, "AUC": 0.9544482276933822}, "Label_1": {"Optimal Threshold": 0.03799253702163696, "Accuracy": 0.9113233287858117, "Sensitivity": 0.9482758620689655, "Specificity": 0.9081481481481481, "AUC": 0.9819667943805874}, "Label_2": {"Optimal Threshold": 0.5537489652633667, "Accuracy": 0.9331514324693042, "Sensitivity": 0.9078947368421053, "Specificity": 0.9445544554455445, "AUC": 0.9745006079555324}, "Label_3": {"Optimal Threshold": 0.23715521395206451, "Accuracy": 0.9195088676671214, "Sensitivity": 0.9411764705882353, "Specificity": 0.91015625, "AUC": 0.9747861283936652}, "Label_4": {"Optimal Threshold": 0.03888111934065819, "Accuracy": 0.9577080491132333, "Sensitivity": 0.8571428571428571, "Specificity": 0.9586776859504132, "AUC": 0.9470680834317198}, "Label_5": {"Optimal Threshold": 0.09180741757154465, "Accuracy": 0.9863574351978172, "Sensitivity": 0.8, "Specificity": 0.9876373626373627, "AUC": 0.9376373626373626}, "Label_6": {"Optimal Threshold": 0.043514274060726166, "Accuracy": 0.9495225102319236, "Sensitivity": 1.0, "Specificity": 0.9487534626038782, "AUC": 0.9857718458826492}, "Label_7": {"Optimal Threshold": 0.1193370372056961, "Accuracy": 0.965893587994543, "Sensitivity": 0.9838709677419355, "Specificity": 0.9642324888226528, "AUC": 0.9895678092399404}, "Label_8": {"Optimal Threshold": 0.008774093352258205, "Accuracy": 0.8703956343792633, "Sensitivity": 1.0, "Specificity": 0.8700410396716827, "AUC": 0.9021887824897401}, "Label_9": {"Optimal Threshold": 0.015324044041335583, "Accuracy": 0.8567530695770805, "Sensitivity": 0.9375, "Specificity": 0.8530670470756063, "AUC": 0.945836305278174}, "Label_10": {"Optimal Threshold": 0.01391211524605751, "Accuracy": 0.7680763983628922, "Sensitivity": 0.8888888888888888, "Specificity": 0.765034965034965, "AUC": 0.8911421911421912}, "Label_11": {"Optimal Threshold": 0.02563830278813839, "Accuracy": 0.9208731241473397, "Sensitivity": 0.9444444444444444, "Specificity": 0.9202797202797203, "AUC": 0.9656565656565657}, "Label_12": {"Optimal Threshold": 0.031555064022541046, "Accuracy": 0.7858117326057299, "Sensitivity": 1.0, "Specificity": 0.7697947214076246, "AUC": 0.9514979012132713}, "Overall": {"Accuracy": 0.9017735334242839, "Sensitivity": 0.9302501691332251, "Specificity": 0.8999595178938283, "AUC": 0.95400527733806}}, "label_names": [[2, 12, 6, 8, 5, 1, 4, 11, 0], [2, 12, 6, 8, 5, 9, 10, 7, 3]]}