{"shared_labels": 6, "perf": [0.0881028100848198, 0.9778018593788147], "label_names": [[6, 11, 3, 12, 8, 7, 4, 5, 2, 9], [6, 11, 3, 12, 8, 7, 1, 10, 0]], "metrics": {"Label_0": {"Optimal Threshold": 0.04371422156691551, "Accuracy": 0.8744884038199181, "Sensitivity": 0.927536231884058, "Specificity": 0.8689759036144579, "AUC": 0.9646411733892091}, "Label_1": {"Optimal Threshold": 0.11620573699474335, "Accuracy": 0.9508867667121419, "Sensitivity": 0.9137931034482759, "Specificity": 0.9540740740740741, "AUC": 0.9824521072796933}, "Label_2": {"Optimal Threshold": 0.3800183832645416, "Accuracy": 0.9249658935879945, "Sensitivity": 0.9298245614035088, "Specificity": 0.9227722772277228, "AUC": 0.9732499565746048}, "Label_3": {"Optimal Threshold": 0.5413118004798889, "Accuracy": 0.9345156889495225, "Sensitivity": 0.918552036199095, "Specificity": 0.94140625, "AUC": 0.9758643240950227}, "Label_4": {"Optimal Threshold": 0.005145213101059198, "Accuracy": 0.927694406548431, "Sensitivity": 0.8571428571428571, "Specificity": 0.928374655647383, "AUC": 0.9517906336088154}, "Label_5": {"Optimal Threshold": 0.0019221444381400943, "Accuracy": 0.762619372442019, "Sensitivity": 1.0, "Specificity": 0.760989010989011, "AUC": 0.9357142857142857}, "Label_6": {"Optimal Threshold": 0.011949659325182438, "Accuracy": 0.9113233287858117, "Sensitivity": 1.0, "Specificity": 0.909972299168975, "AUC": 0.9738101233946109}, "Label_7": {"Optimal Threshold": 0.19489867985248566, "Accuracy": 0.9727148703956344, "Sensitivity": 0.9838709677419355, "Specificity": 0.9716840536512668, "AUC": 0.9933416662660449}, "Label_8": {"Optimal Threshold": 0.006863413378596306, "Accuracy": 0.8758526603001364, "Sensitivity": 1.0, "Specificity": 0.8755129958960328, "AUC": 0.8939808481532148}, "Label_9": {"Optimal Threshold": 0.02484043873846531, "Accuracy": 0.903137789904502, "Sensitivity": 0.90625, "Specificity": 0.9029957203994294, "AUC": 0.9373216833095578}, "Label_10": {"Optimal Threshold": 0.01695062965154648, "Accuracy": 0.8021828103683493, "Sensitivity": 0.8888888888888888, "Specificity": 0.8, "AUC": 0.8898212898212898}, "Label_11": {"Optimal Threshold": 0.06801444292068481, "Accuracy": 0.9590723055934516, "Sensitivity": 0.9444444444444444, "Specificity": 0.9594405594405594, "AUC": 0.9816627816627816}, "Label_12": {"Optimal Threshold": 0.03721199184656143, "Accuracy": 0.82537517053206, "Sensitivity": 0.9411764705882353, "Specificity": 0.8167155425219942, "AUC": 0.9516991547352078}, "Overall": {"Accuracy": 0.894217651379998, "Sensitivity": 0.9393445816724076, "Specificity": 0.8933010263562235, "AUC": 0.954257694461872}}}