{"shared_labels": 11, "perf": [0.08891065418720245, 0.9772624373435974], "label_names": [[7, 11, 5, 9, 8, 3, 10, 4, 0, 1, 2, 6], [7, 11, 5, 9, 8, 3, 10, 4, 0, 1, 2, 12]], "metrics": {"Label_0": {"Optimal Threshold": 0.014659520238637924, "Accuracy": 0.8649386084583902, "Sensitivity": 0.9565217391304348, "Specificity": 0.8554216867469879, "AUC": 0.9701414353064431}, "Label_1": {"Optimal Threshold": 0.014871903695166111, "Accuracy": 0.9304229195088677, "Sensitivity": 0.9827586206896551, "Specificity": 0.9259259259259259, "AUC": 0.988735632183908}, "Label_2": {"Optimal Threshold": 0.506320595741272, "Accuracy": 0.9358799454297408, "Sensitivity": 0.8991228070175439, "Specificity": 0.9524752475247524, "AUC": 0.97424874066354}, "Label_3": {"Optimal Threshold": 0.46687057614326477, "Accuracy": 0.9331514324693042, "Sensitivity": 0.918552036199095, "Specificity": 0.939453125, "AUC": 0.9757671097285068}, "Label_4": {"Optimal Threshold": 0.0015315994387492537, "Accuracy": 0.8267394270122783, "Sensitivity": 1.0, "Specificity": 0.8250688705234159, "AUC": 0.9647776465958283}, "Label_5": {"Optimal Threshold": 0.00219013262540102, "Accuracy": 0.7639836289222374, "Sensitivity": 1.0, "Specificity": 0.7623626373626373, "AUC": 0.9340659340659341}, "Label_6": {"Optimal Threshold": 0.010636753402650356, "Accuracy": 0.8799454297407913, "Sensitivity": 1.0, "Specificity": 0.8781163434903048, "AUC": 0.9763283807605138}, "Label_7": {"Optimal Threshold": 0.1253589689731598, "Accuracy": 0.9699863574351978, "Sensitivity": 1.0, "Specificity": 0.9672131147540983, "AUC": 0.9934618527955387}, "Label_8": {"Optimal Threshold": 0.003479751292616129, "Accuracy": 0.8321964529331515, "Sensitivity": 1.0, "Specificity": 0.8317373461012312, "AUC": 0.8461012311901505}, "Label_9": {"Optimal Threshold": 0.011961724609136581, "Accuracy": 0.8717598908594816, "Sensitivity": 0.96875, "Specificity": 0.8673323823109843, "AUC": 0.9519882310984308}, "Label_10": {"Optimal Threshold": 0.008613022044301033, "Accuracy": 0.684856753069577, "Sensitivity": 1.0, "Specificity": 0.676923076923077, "AUC": 0.9047397047397048}, "Label_11": {"Optimal Threshold": 0.03208672255277634, "Accuracy": 0.937244201909959, "Sensitivity": 1.0, "Specificity": 0.9356643356643357, "AUC": 0.9840714840714841}, "Label_12": {"Optimal Threshold": 0.08598359674215317, "Accuracy": 0.8431105047748977, "Sensitivity": 0.7843137254901961, "Specificity": 0.8475073313782991, "AUC": 0.8901730780288655}, "Overall": {"Accuracy": 0.8672473501941441, "Sensitivity": 0.962309148348225, "Specificity": 0.8665539556696962, "AUC": 0.9503538816329884}}}