{"shared_labels": 4, "perf": [0.0899498239159584, 0.975071132183075], "label_names": [[3, 6, 2, 8, 0, 7, 4, 9, 5], [3, 6, 2, 8, 11, 1, 10, 12]], "metrics": {"Label_0": {"Optimal Threshold": 0.26788249611854553, "Accuracy": 0.956343792633015, "Sensitivity": 0.855072463768116, "Specificity": 0.9668674698795181, "AUC": 0.963331587218439}, "Label_1": {"Optimal Threshold": 0.049474358558654785, "Accuracy": 0.9290586630286494, "Sensitivity": 0.9655172413793104, "Specificity": 0.9259259259259259, "AUC": 0.9883014048531289}, "Label_2": {"Optimal Threshold": 0.2654080092906952, "Accuracy": 0.9236016371077762, "Sensitivity": 0.9078947368421053, "Specificity": 0.9306930693069307, "AUC": 0.9724943546986278}, "Label_3": {"Optimal Threshold": 0.3522184491157532, "Accuracy": 0.9358799454297408, "Sensitivity": 0.9140271493212669, "Specificity": 0.9453125, "AUC": 0.9752368495475112}, "Label_4": {"Optimal Threshold": 0.00645420840010047, "Accuracy": 0.878581173260573, "Sensitivity": 0.8571428571428571, "Specificity": 0.8787878787878788, "AUC": 0.9313262495080677}, "Label_5": {"Optimal Threshold": 0.04151436313986778, "Accuracy": 0.9645293315143247, "Sensitivity": 0.8, "Specificity": 0.9656593406593407, "AUC": 0.9258241758241759}, "Label_6": {"Optimal Threshold": 0.029973506927490234, "Accuracy": 0.9508867667121419, "Sensitivity": 1.0, "Specificity": 0.9501385041551247, "AUC": 0.9817426340972047}, "Label_7": {"Optimal Threshold": 0.07451004534959793, "Accuracy": 0.9618008185538881, "Sensitivity": 1.0, "Specificity": 0.9582712369597616, "AUC": 0.991851353300322}, "Label_8": {"Optimal Threshold": 0.006860901135951281, "Accuracy": 0.8908594815825375, "Sensitivity": 1.0, "Specificity": 0.8905608755129959, "AUC": 0.8946648426812586}, "Label_9": {"Optimal Threshold": 0.06279739737510681, "Accuracy": 0.9167803547066848, "Sensitivity": 0.90625, "Specificity": 0.9172610556348074, "AUC": 0.9486002139800286}, "Label_10": {"Optimal Threshold": 0.01626862771809101, "Accuracy": 0.7830832196452933, "Sensitivity": 0.8888888888888888, "Specificity": 0.7804195804195804, "AUC": 0.8787878787878788}, "Label_11": {"Optimal Threshold": 0.026684977114200592, "Accuracy": 0.9167803547066848, "Sensitivity": 0.9444444444444444, "Specificity": 0.916083916083916, "AUC": 0.968065268065268}, "Label_12": {"Optimal Threshold": 0.04993550851941109, "Accuracy": 0.8308321964529332, "Sensitivity": 0.8823529411764706, "Specificity": 0.8269794721407625, "AUC": 0.9289000057501006}, "Overall": {"Accuracy": 0.9106936719487879, "Sensitivity": 0.9170454402279584, "Specificity": 0.9117662173435802, "AUC": 0.9499328321778472}}}