{"shared_labels": 13, "perf": [0.08715572208166122, 0.9781226515769958], "label_names": [[9, 0, 6, 4, 1, 7, 12, 8, 10, 2, 3, 11, 5], [9, 0, 6, 4, 1, 7, 12, 8, 10, 2, 3, 11, 5]], "metrics": {"Label_0": {"Optimal Threshold": 0.023467862978577614, "Accuracy": 0.8990450204638472, "Sensitivity": 0.927536231884058, "Specificity": 0.8960843373493976, "AUC": 0.9678060066352366}, "Label_1": {"Optimal Threshold": 0.02059030719101429, "Accuracy": 0.9263301500682128, "Sensitivity": 0.9827586206896551, "Specificity": 0.9214814814814815, "AUC": 0.9873052362707535}, "Label_2": {"Optimal Threshold": 0.45805302262306213, "Accuracy": 0.9304229195088677, "Sensitivity": 0.9122807017543859, "Specificity": 0.9386138613861386, "AUC": 0.9733454924439813}, "Label_3": {"Optimal Threshold": 0.4769125282764435, "Accuracy": 0.9331514324693042, "Sensitivity": 0.9140271493212669, "Specificity": 0.94140625, "AUC": 0.9764741233031675}, "Label_4": {"Optimal Threshold": 0.02706604078412056, "Accuracy": 0.9481582537517054, "Sensitivity": 0.8571428571428571, "Specificity": 0.9490358126721763, "AUC": 0.9616292798110979}, "Label_5": {"Optimal Threshold": 0.0024255223106592894, "Accuracy": 0.7803547066848567, "Sensitivity": 1.0, "Specificity": 0.7788461538461539, "AUC": 0.9365384615384615}, "Label_6": {"Optimal Threshold": 0.015315787866711617, "Accuracy": 0.8813096862210096, "Sensitivity": 1.0, "Specificity": 0.8795013850415513, "AUC": 0.9755729035507429}, "Label_7": {"Optimal Threshold": 0.12989842891693115, "Accuracy": 0.9699863574351978, "Sensitivity": 1.0, "Specificity": 0.9672131147540983, "AUC": 0.9934858901014374}, "Label_8": {"Optimal Threshold": 0.003528440836817026, "Accuracy": 0.800818553888131, "Sensitivity": 1.0, "Specificity": 0.8002735978112175, "AUC": 0.8522571819425445}, "Label_9": {"Optimal Threshold": 0.05027410387992859, "Accuracy": 0.9181446111869032, "Sensitivity": 0.90625, "Specificity": 0.9186875891583453, "AUC": 0.9527014978601998}, "Label_10": {"Optimal Threshold": 0.014618280343711376, "Accuracy": 0.7844474761255116, "Sensitivity": 0.8888888888888888, "Specificity": 0.7818181818181819, "AUC": 0.8986790986790986}, "Label_11": {"Optimal Threshold": 0.03452714532613754, "Accuracy": 0.9645293315143247, "Sensitivity": 0.9444444444444444, "Specificity": 0.965034965034965, "AUC": 0.9817404817404817}, "Label_12": {"Optimal Threshold": 0.03664912283420563, "Accuracy": 0.810368349249659, "Sensitivity": 0.9215686274509803, "Specificity": 0.8020527859237536, "AUC": 0.939738945431545}, "Overall": {"Accuracy": 0.8882359114282715, "Sensitivity": 0.9426844247366568, "Specificity": 0.8876961166367278, "AUC": 0.9536365076391345}}}