{"shared_labels": 3, "perf": [0.09242366999387741, 0.9759106040000916], "label_names": [[6, 0, 11, 5, 12, 10, 9, 8], [6, 0, 11, 4, 2, 3, 7, 1]], "metrics": {"Label_0": {"Optimal Threshold": 0.1282244324684143, "Accuracy": 0.9331514324693042, "Sensitivity": 0.8840579710144928, "Specificity": 0.9382530120481928, "AUC": 0.9724550375414702}, "Label_1": {"Optimal Threshold": 0.05023699253797531, "Accuracy": 0.927694406548431, "Sensitivity": 0.9655172413793104, "Specificity": 0.9244444444444444, "AUC": 0.9845721583652618}, "Label_2": {"Optimal Threshold": 0.2924859821796417, "Accuracy": 0.903137789904502, "Sensitivity": 0.9035087719298246, "Specificity": 0.902970297029703, "AUC": 0.9636703143998611}, "Label_3": {"Optimal Threshold": 0.5548602342605591, "Accuracy": 0.9304229195088677, "Sensitivity": 0.8687782805429864, "Specificity": 0.95703125, "AUC": 0.9703407805429864}, "Label_4": {"Optimal Threshold": 0.01854594238102436, "Accuracy": 0.931787175989086, "Sensitivity": 0.8571428571428571, "Specificity": 0.9325068870523416, "AUC": 0.9565131837859111}, "Label_5": {"Optimal Threshold": 0.07261637598276138, "Accuracy": 0.9863574351978172, "Sensitivity": 0.8, "Specificity": 0.9876373626373627, "AUC": 0.9285714285714285}, "Label_6": {"Optimal Threshold": 0.02255493588745594, "Accuracy": 0.9508867667121419, "Sensitivity": 1.0, "Specificity": 0.9501385041551247, "AUC": 0.9833795013850415}, "Label_7": {"Optimal Threshold": 0.047647230327129364, "Accuracy": 0.9549795361527967, "Sensitivity": 1.0, "Specificity": 0.9508196721311475, "AUC": 0.9916350175472333}, "Label_8": {"Optimal Threshold": 0.004305270966142416, "Accuracy": 0.878581173260573, "Sensitivity": 1.0, "Specificity": 0.8782489740082079, "AUC": 0.8823529411764707}, "Label_9": {"Optimal Threshold": 0.016409581527113914, "Accuracy": 0.8703956343792633, "Sensitivity": 0.9375, "Specificity": 0.8673323823109843, "AUC": 0.9390156918687589}, "Label_10": {"Optimal Threshold": 0.005696430802345276, "Accuracy": 0.7080491132332879, "Sensitivity": 0.9444444444444444, "Specificity": 0.7020979020979021, "AUC": 0.8605283605283606}, "Label_11": {"Optimal Threshold": 0.03304583579301834, "Accuracy": 0.9590723055934516, "Sensitivity": 0.9444444444444444, "Specificity": 0.9594405594405594, "AUC": 0.9796425796425796}, "Label_12": {"Optimal Threshold": 0.04557032510638237, "Accuracy": 0.8567530695770805, "Sensitivity": 0.9019607843137255, "Specificity": 0.8533724340175953, "AUC": 0.9312287965039389}, "Overall": {"Accuracy": 0.9070206737328158, "Sensitivity": 0.9236426765547758, "Specificity": 0.9080225908748896, "AUC": 0.949531214758408}}}