{"shared_labels": 7, "perf": [0.08833532780408859, 0.9759110808372498], "label_names": [[10, 1, 7, 11, 9, 2, 4, 3, 0, 12], [10, 1, 7, 11, 9, 2, 4, 6, 8, 5]], "metrics": {"Label_0": {"Optimal Threshold": 0.20051845908164978, "Accuracy": 0.9399727148703957, "Sensitivity": 0.8405797101449275, "Specificity": 0.9503012048192772, "AUC": 0.9565435655666142}, "Label_1": {"Optimal Threshold": 0.21151001751422882, "Accuracy": 0.9604365620736699, "Sensitivity": 0.9310344827586207, "Specificity": 0.9629629629629629, "AUC": 0.9874840357598977}, "Label_2": {"Optimal Threshold": 0.2581983208656311, "Accuracy": 0.9304229195088677, "Sensitivity": 0.9166666666666666, "Specificity": 0.9366336633663367, "AUC": 0.9725985756470383}, "Label_3": {"Optimal Threshold": 0.4446895122528076, "Accuracy": 0.9304229195088677, "Sensitivity": 0.9004524886877828, "Specificity": 0.943359375, "AUC": 0.9746977516968326}, "Label_4": {"Optimal Threshold": 0.0020651340018957853, "Accuracy": 0.8226466575716235, "Sensitivity": 1.0, "Specificity": 0.8209366391184573, "AUC": 0.961038961038961}, "Label_5": {"Optimal Threshold": 0.003899179631844163, "Accuracy": 0.8390177353342428, "Sensitivity": 1.0, "Specificity": 0.8379120879120879, "AUC": 0.9516483516483517}, "Label_6": {"Optimal Threshold": 0.0036068472545593977, "Accuracy": 0.8840381991814461, "Sensitivity": 1.0, "Specificity": 0.8822714681440443, "AUC": 0.9740619491312013}, "Label_7": {"Optimal Threshold": 0.10743512958288193, "Accuracy": 0.9631650750341064, "Sensitivity": 1.0, "Specificity": 0.9597615499254843, "AUC": 0.9934618527955386}, "Label_8": {"Optimal Threshold": 0.0007598610245622694, "Accuracy": 0.6766712141882674, "Sensitivity": 1.0, "Specificity": 0.6757865937072504, "AUC": 0.7332421340629275}, "Label_9": {"Optimal Threshold": 0.05247051268815994, "Accuracy": 0.9331514324693042, "Sensitivity": 0.90625, "Specificity": 0.9343794579172611, "AUC": 0.9523448644793152}, "Label_10": {"Optimal Threshold": 0.005396916531026363, "Accuracy": 0.7107776261937244, "Sensitivity": 1.0, "Specificity": 0.7034965034965035, "AUC": 0.9153069153069153}, "Label_11": {"Optimal Threshold": 0.032243840396404266, "Accuracy": 0.9495225102319236, "Sensitivity": 1.0, "Specificity": 0.9482517482517483, "AUC": 0.986946386946387}, "Label_12": {"Optimal Threshold": 0.151272714138031, "Accuracy": 0.8963165075034106, "Sensitivity": 0.7843137254901961, "Specificity": 0.9046920821114369, "AUC": 0.9203323558162267}, "Overall": {"Accuracy": 0.8797355441284501, "Sensitivity": 0.9445613133652457, "Specificity": 0.8815957951332961, "AUC": 0.9445928999920159}}}