{"shared_labels": 5, "perf": [0.08847645670175552, 0.9769377112388611], "label_names": [[12, 5, 4, 1, 6, 2, 3, 10, 7], [12, 5, 4, 1, 6, 9, 0, 11, 8]], "metrics": {"Label_0": {"Optimal Threshold": 0.1294965296983719, "Accuracy": 0.9290586630286494, "Sensitivity": 0.855072463768116, "Specificity": 0.9367469879518072, "AUC": 0.9619565217391305}, "Label_1": {"Optimal Threshold": 0.1250525414943695, "Accuracy": 0.9549795361527967, "Sensitivity": 0.9310344827586207, "Specificity": 0.957037037037037, "AUC": 0.9877139208173691}, "Label_2": {"Optimal Threshold": 0.3148040175437927, "Accuracy": 0.9167803547066848, "Sensitivity": 0.9210526315789473, "Specificity": 0.9148514851485149, "AUC": 0.9677957269411152}, "Label_3": {"Optimal Threshold": 0.2615564167499542, "Accuracy": 0.9140518417462483, "Sensitivity": 0.9457013574660633, "Specificity": 0.900390625, "AUC": 0.9710036057692308}, "Label_4": {"Optimal Threshold": 0.18510931730270386, "Accuracy": 0.990450204638472, "Sensitivity": 0.8571428571428571, "Specificity": 0.9917355371900827, "AUC": 0.9655647382920111}, "Label_5": {"Optimal Threshold": 0.15791915357112885, "Accuracy": 0.9931787175989086, "Sensitivity": 0.8, "Specificity": 0.9945054945054945, "AUC": 0.9417582417582417}, "Label_6": {"Optimal Threshold": 0.018142350018024445, "Accuracy": 0.9413369713506139, "Sensitivity": 1.0, "Specificity": 0.9404432132963989, "AUC": 0.9857718458826492}, "Label_7": {"Optimal Threshold": 0.12293782830238342, "Accuracy": 0.9604365620736699, "Sensitivity": 1.0, "Specificity": 0.9567809239940388, "AUC": 0.991851353300322}, "Label_8": {"Optimal Threshold": 0.0005011250614188612, "Accuracy": 0.6193724420190996, "Sensitivity": 1.0, "Specificity": 0.6183310533515732, "AUC": 0.7599179206566348}, "Label_9": {"Optimal Threshold": 0.21473829448223114, "Accuracy": 0.9577080491132333, "Sensitivity": 0.84375, "Specificity": 0.9629101283880172, "AUC": 0.9543509272467903}, "Label_10": {"Optimal Threshold": 0.029182061553001404, "Accuracy": 0.8676671214188267, "Sensitivity": 0.7777777777777778, "Specificity": 0.8699300699300699, "AUC": 0.8874125874125873}, "Label_11": {"Optimal Threshold": 0.02361566573381424, "Accuracy": 0.9304229195088677, "Sensitivity": 0.9444444444444444, "Specificity": 0.9300699300699301, "AUC": 0.9492618492618493}, "Label_12": {"Optimal Threshold": 0.053031664341688156, "Accuracy": 0.844474761255116, "Sensitivity": 0.9215686274509803, "Specificity": 0.8387096774193549, "AUC": 0.9500316255534472}, "Overall": {"Accuracy": 0.9092244726623988, "Sensitivity": 0.9075034340298315, "Specificity": 0.9086493971755629, "AUC": 0.9441839126639523}}}