{"shared_labels": 12, "perf": [0.08713562041521072, 0.9793474674224854], "label_names": [[12, 7, 9, 11, 10, 3, 6, 4, 0, 2, 1, 8, 5], [12, 7, 9, 11, 10, 3, 6, 4, 0, 2, 1, 8]], "metrics": {"Label_0": {"Optimal Threshold": 0.0454937145113945, "Accuracy": 0.9072305593451568, "Sensitivity": 0.9130434782608695, "Specificity": 0.9066265060240963, "AUC": 0.9692465514230837}, "Label_1": {"Optimal Threshold": 0.024613304063677788, "Accuracy": 0.9304229195088677, "Sensitivity": 0.9655172413793104, "Specificity": 0.9274074074074075, "AUC": 0.9872541507024265}, "Label_2": {"Optimal Threshold": 0.46585744619369507, "Accuracy": 0.9208731241473397, "Sensitivity": 0.9166666666666666, "Specificity": 0.9227722772277228, "AUC": 0.9723119680389091}, "Label_3": {"Optimal Threshold": 0.5424875020980835, "Accuracy": 0.9345156889495225, "Sensitivity": 0.9140271493212669, "Specificity": 0.943359375, "AUC": 0.9752014988687783}, "Label_4": {"Optimal Threshold": 0.02856978215277195, "Accuracy": 0.9590723055934516, "Sensitivity": 0.8571428571428571, "Specificity": 0.9600550964187328, "AUC": 0.9665486029122393}, "Label_5": {"Optimal Threshold": 0.0052408501505851746, "Accuracy": 0.8130968622100955, "Sensitivity": 1.0, "Specificity": 0.8118131868131868, "AUC": 0.9274725274725275}, "Label_6": {"Optimal Threshold": 0.013641388155519962, "Accuracy": 0.8758526603001364, "Sensitivity": 1.0, "Specificity": 0.8739612188365651, "AUC": 0.974817426340972}, "Label_7": {"Optimal Threshold": 0.11777642369270325, "Accuracy": 0.9686221009549796, "Sensitivity": 1.0, "Specificity": 0.9657228017883756, "AUC": 0.9933176289601462}, "Label_8": {"Optimal Threshold": 0.003044025506824255, "Accuracy": 0.7748976807639836, "Sensitivity": 1.0, "Specificity": 0.774281805745554, "AUC": 0.8317373461012312}, "Label_9": {"Optimal Threshold": 0.019249338656663895, "Accuracy": 0.8826739427012278, "Sensitivity": 0.9375, "Specificity": 0.8801711840228246, "AUC": 0.9485110556348074}, "Label_10": {"Optimal Threshold": 0.009583786129951477, "Accuracy": 0.7298772169167803, "Sensitivity": 0.9444444444444444, "Specificity": 0.7244755244755244, "AUC": 0.9048951048951049}, "Label_11": {"Optimal Threshold": 0.06242413818836212, "Accuracy": 0.9727148703956344, "Sensitivity": 0.9444444444444444, "Specificity": 0.9734265734265735, "AUC": 0.9845376845376845}, "Label_12": {"Optimal Threshold": 0.06393938511610031, "Accuracy": 0.8144611186903138, "Sensitivity": 0.9411764705882353, "Specificity": 0.8049853372434017, "AUC": 0.9422689897073199}, "Overall": {"Accuracy": 0.8834085423444222, "Sensitivity": 0.9487663655575458, "Specificity": 0.8822352534176895, "AUC": 0.9521631181227102}}}