{"shared_labels": 1, "perf": [0.0931302011013031, 0.9753376245498657], "label_names": [[11, 4, 8, 12, 0, 6, 1], [11, 10, 7, 3, 9, 5, 2]], "metrics": {"Label_0": {"Optimal Threshold": 0.0385897234082222, "Accuracy": 0.8567530695770805, "Sensitivity": 0.9565217391304348, "Specificity": 0.8463855421686747, "AUC": 0.966998428496595}, "Label_1": {"Optimal Threshold": 0.02319004014134407, "Accuracy": 0.897680763983629, "Sensitivity": 0.9827586206896551, "Specificity": 0.8903703703703704, "AUC": 0.9852362707535122}, "Label_2": {"Optimal Threshold": 0.19014610350131989, "Accuracy": 0.9072305593451568, "Sensitivity": 0.9166666666666666, "Specificity": 0.902970297029703, "AUC": 0.9668751085634879}, "Label_3": {"Optimal Threshold": 0.24854676425457, "Accuracy": 0.9140518417462483, "Sensitivity": 0.9049773755656109, "Specificity": 0.91796875, "AUC": 0.9699607607466063}, "Label_4": {"Optimal Threshold": 0.008214428089559078, "Accuracy": 0.8553888130968622, "Sensitivity": 1.0, "Specificity": 0.8539944903581267, "AUC": 0.9757969303423848}, "Label_5": {"Optimal Threshold": 0.043566204607486725, "Accuracy": 0.9713506139154161, "Sensitivity": 0.8, "Specificity": 0.9725274725274725, "AUC": 0.8887362637362637}, "Label_6": {"Optimal Threshold": 0.02656911499798298, "Accuracy": 0.9113233287858117, "Sensitivity": 1.0, "Specificity": 0.909972299168975, "AUC": 0.972928733316545}, "Label_7": {"Optimal Threshold": 0.06465083360671997, "Accuracy": 0.9399727148703957, "Sensitivity": 1.0, "Specificity": 0.9344262295081968, "AUC": 0.9900966299697129}, "Label_8": {"Optimal Threshold": 0.0019109734566882253, "Accuracy": 0.8076398362892224, "Sensitivity": 1.0, "Specificity": 0.8071135430916553, "AUC": 0.8426812585499316}, "Label_9": {"Optimal Threshold": 0.05394016578793526, "Accuracy": 0.9399727148703957, "Sensitivity": 0.875, "Specificity": 0.9429386590584878, "AUC": 0.9484664764621968}, "Label_10": {"Optimal Threshold": 0.008015398867428303, "Accuracy": 0.8021828103683493, "Sensitivity": 0.8888888888888888, "Specificity": 0.8, "AUC": 0.8746697746697747}, "Label_11": {"Optimal Threshold": 0.02986489236354828, "Accuracy": 0.956343792633015, "Sensitivity": 0.9444444444444444, "Specificity": 0.9566433566433566, "AUC": 0.9790986790986791}, "Label_12": {"Optimal Threshold": 0.08363758772611618, "Accuracy": 0.8458390177353342, "Sensitivity": 0.9411764705882353, "Specificity": 0.8387096774193549, "AUC": 0.9423264907135875}, "Overall": {"Accuracy": 0.892748452093609, "Sensitivity": 0.9392641696903029, "Specificity": 0.8903092836418748, "AUC": 0.9464516773399444}}}