{"shared_labels": 10, "perf": [0.0874820426106453, 0.9774920344352722], "label_names": [[5, 8, 9, 6, 7, 12, 0, 2, 1, 3, 4, 10], [5, 8, 9, 6, 7, 12, 0, 2, 1, 3, 11]], "metrics": {"Label_0": {"Optimal Threshold": 0.10528875887393951, "Accuracy": 0.9345156889495225, "Sensitivity": 0.8695652173913043, "Specificity": 0.9412650602409639, "AUC": 0.9667146848262615}, "Label_1": {"Optimal Threshold": 0.08494392037391663, "Accuracy": 0.9618008185538881, "Sensitivity": 0.9482758620689655, "Specificity": 0.9629629629629629, "AUC": 0.9881992337164751}, "Label_2": {"Optimal Threshold": 0.3428337275981903, "Accuracy": 0.9249658935879945, "Sensitivity": 0.9254385964912281, "Specificity": 0.9247524752475248, "AUC": 0.9729546638874415}, "Label_3": {"Optimal Threshold": 0.45913416147232056, "Accuracy": 0.9345156889495225, "Sensitivity": 0.918552036199095, "Specificity": 0.94140625, "AUC": 0.9751573105203619}, "Label_4": {"Optimal Threshold": 0.00499921478331089, "Accuracy": 0.8649386084583902, "Sensitivity": 0.8571428571428571, "Specificity": 0.8650137741046832, "AUC": 0.9285714285714286}, "Label_5": {"Optimal Threshold": 0.03976893052458763, "Accuracy": 0.9495225102319236, "Sensitivity": 0.8, "Specificity": 0.9505494505494505, "AUC": 0.9318681318681319}, "Label_6": {"Optimal Threshold": 0.00898418016731739, "Accuracy": 0.8540245566166439, "Sensitivity": 1.0, "Specificity": 0.8518005540166205, "AUC": 0.972047343238479}, "Label_7": {"Optimal Threshold": 0.16203954815864563, "Accuracy": 0.9686221009549796, "Sensitivity": 1.0, "Specificity": 0.9657228017883756, "AUC": 0.9940627854430075}, "Label_8": {"Optimal Threshold": 0.005263863131403923, "Accuracy": 0.8703956343792633, "Sensitivity": 1.0, "Specificity": 0.8700410396716827, "AUC": 0.8857729138166894}, "Label_9": {"Optimal Threshold": 0.04088076204061508, "Accuracy": 0.9045020463847203, "Sensitivity": 0.9375, "Specificity": 0.9029957203994294, "AUC": 0.9491797432239658}, "Label_10": {"Optimal Threshold": 0.008595731109380722, "Accuracy": 0.7012278308321964, "Sensitivity": 1.0, "Specificity": 0.6937062937062937, "AUC": 0.8863247863247863}, "Label_11": {"Optimal Threshold": 0.01634555496275425, "Accuracy": 0.8826739427012278, "Sensitivity": 0.9444444444444444, "Specificity": 0.8811188811188811, "AUC": 0.9564879564879565}, "Label_12": {"Optimal Threshold": 0.06978745758533478, "Accuracy": 0.859481582537517, "Sensitivity": 0.8627450980392157, "Specificity": 0.8592375366568915, "AUC": 0.9423552412167212}, "Overall": {"Accuracy": 0.8931682233182917, "Sensitivity": 0.9279741624443931, "Specificity": 0.8931209846510585, "AUC": 0.9499766325493618}}}