{"shared_labels": 9, "perf": [0.08844953030347824, 0.9790807962417603], "label_names": [[12, 3, 2, 1, 6, 8, 9, 11, 0, 7, 4], [12, 3, 2, 1, 6, 8, 9, 11, 0, 5, 10]], "metrics": {"Label_0": {"Optimal Threshold": 0.03453575447201729, "Accuracy": 0.8403819918144612, "Sensitivity": 0.9855072463768116, "Specificity": 0.8253012048192772, "AUC": 0.9664964204644666}, "Label_1": {"Optimal Threshold": 0.06014329567551613, "Accuracy": 0.937244201909959, "Sensitivity": 0.9827586206896551, "Specificity": 0.9333333333333333, "AUC": 0.9881992337164751}, "Label_2": {"Optimal Threshold": 0.4286104738712311, "Accuracy": 0.9195088676671214, "Sensitivity": 0.9342105263157895, "Specificity": 0.9128712871287129, "AUC": 0.9740055584505818}, "Label_3": {"Optimal Threshold": 0.4895532429218292, "Accuracy": 0.927694406548431, "Sensitivity": 0.9276018099547512, "Specificity": 0.927734375, "AUC": 0.9760941035067873}, "Label_4": {"Optimal Threshold": 0.030676113441586494, "Accuracy": 0.9536152796725784, "Sensitivity": 0.8571428571428571, "Specificity": 0.9545454545454546, "AUC": 0.9563164108618655}, "Label_5": {"Optimal Threshold": 0.0524711050093174, "Accuracy": 0.9672578444747613, "Sensitivity": 0.8, "Specificity": 0.9684065934065934, "AUC": 0.9337912087912088}, "Label_6": {"Optimal Threshold": 0.012719257734715939, "Accuracy": 0.9154160982264665, "Sensitivity": 1.0, "Specificity": 0.9141274238227147, "AUC": 0.9754469906824478}, "Label_7": {"Optimal Threshold": 0.18663255870342255, "Accuracy": 0.9672578444747613, "Sensitivity": 1.0, "Specificity": 0.9642324888226528, "AUC": 0.9927407336185761}, "Label_8": {"Optimal Threshold": 0.0018534766277298331, "Accuracy": 0.7680763983628922, "Sensitivity": 1.0, "Specificity": 0.7674418604651163, "AUC": 0.8255813953488372}, "Label_9": {"Optimal Threshold": 0.03820726275444031, "Accuracy": 0.9085948158253752, "Sensitivity": 0.9375, "Specificity": 0.9072753209700428, "AUC": 0.9473965763195434}, "Label_10": {"Optimal Threshold": 0.0068404399789869785, "Accuracy": 0.6889495225102319, "Sensitivity": 1.0, "Specificity": 0.6811188811188811, "AUC": 0.8939393939393939}, "Label_11": {"Optimal Threshold": 0.04021720588207245, "Accuracy": 0.956343792633015, "Sensitivity": 0.9444444444444444, "Specificity": 0.9566433566433566, "AUC": 0.9771561771561771}, "Label_12": {"Optimal Threshold": 0.13150030374526978, "Accuracy": 0.8676671214188267, "Sensitivity": 0.9019607843137255, "Specificity": 0.8651026392961877, "AUC": 0.9511241446725318}, "Overall": {"Accuracy": 0.8936929373491448, "Sensitivity": 0.9439327914798489, "Specificity": 0.8906257091824864, "AUC": 0.9506375651945302}}}