{"shared_labels": 8, "perf": [0.09352178126573563, 0.9783573150634766], "label_names": [[8, 6, 5, 0, 9, 10, 3, 2, 11, 1, 4], [8, 6, 5, 0, 9, 10, 3, 2, 12, 7]], "metrics": {"Label_0": {"Optimal Threshold": 0.0660584419965744, "Accuracy": 0.8772169167803547, "Sensitivity": 0.9565217391304348, "Specificity": 0.8689759036144579, "AUC": 0.9707307490832897}, "Label_1": {"Optimal Threshold": 0.05920609459280968, "Accuracy": 0.9167803547066848, "Sensitivity": 0.9827586206896551, "Specificity": 0.9111111111111111, "AUC": 0.9877139208173691}, "Label_2": {"Optimal Threshold": 0.4599331319332123, "Accuracy": 0.91268758526603, "Sensitivity": 0.9473684210526315, "Specificity": 0.897029702970297, "AUC": 0.9737015806843843}, "Label_3": {"Optimal Threshold": 0.5047152042388916, "Accuracy": 0.9167803547066848, "Sensitivity": 0.9457013574660633, "Specificity": 0.904296875, "AUC": 0.9767922794117647}, "Label_4": {"Optimal Threshold": 0.05356106162071228, "Accuracy": 0.922237380627558, "Sensitivity": 0.8571428571428571, "Specificity": 0.9228650137741047, "AUC": 0.9519874065328611}, "Label_5": {"Optimal Threshold": 0.07512486726045609, "Accuracy": 0.9713506139154161, "Sensitivity": 0.8, "Specificity": 0.9725274725274725, "AUC": 0.9423076923076923}, "Label_6": {"Optimal Threshold": 0.018823610618710518, "Accuracy": 0.8922237380627558, "Sensitivity": 1.0, "Specificity": 0.8905817174515236, "AUC": 0.9734323847897255}, "Label_7": {"Optimal Threshold": 0.19917286932468414, "Accuracy": 0.9686221009549796, "Sensitivity": 1.0, "Specificity": 0.9657228017883756, "AUC": 0.991274457958752}, "Label_8": {"Optimal Threshold": 0.004283021204173565, "Accuracy": 0.7967257844474761, "Sensitivity": 1.0, "Specificity": 0.7961696306429549, "AUC": 0.8440492476060192}, "Label_9": {"Optimal Threshold": 0.0714622363448143, "Accuracy": 0.9058663028649386, "Sensitivity": 0.9375, "Specificity": 0.9044222539229672, "AUC": 0.950472539229672}, "Label_10": {"Optimal Threshold": 0.031051892787218094, "Accuracy": 0.7967257844474761, "Sensitivity": 0.9444444444444444, "Specificity": 0.793006993006993, "AUC": 0.918026418026418}, "Label_11": {"Optimal Threshold": 0.03376329690217972, "Accuracy": 0.9399727148703957, "Sensitivity": 0.9444444444444444, "Specificity": 0.9398601398601398, "AUC": 0.9613830613830614}, "Label_12": {"Optimal Threshold": 0.18683390319347382, "Accuracy": 0.9045020463847203, "Sensitivity": 0.8431372549019608, "Specificity": 0.9090909090909091, "AUC": 0.9290150077626359}, "Overall": {"Accuracy": 0.901668590618113, "Sensitivity": 0.9353091645594225, "Specificity": 0.8981277326739464, "AUC": 0.9516066727379727}}}