{"shared_labels": 0, "perf": [0.09118416160345078, 0.9754454493522644], "label_names": [[10, 9, 6, 12, 7, 4, 11], [1, 3, 8, 2, 0, 5]], "metrics": {"Label_0": {"Optimal Threshold": 0.1390436738729477, "Accuracy": 0.9386084583901774, "Sensitivity": 0.8115942028985508, "Specificity": 0.9518072289156626, "AUC": 0.9480967347651477}, "Label_1": {"Optimal Threshold": 0.04795604571700096, "Accuracy": 0.9140518417462483, "Sensitivity": 0.9827586206896551, "Specificity": 0.9081481481481481, "AUC": 0.9866155810983397}, "Label_2": {"Optimal Threshold": 0.10637803375720978, "Accuracy": 0.9017735334242838, "Sensitivity": 0.9429824561403509, "Specificity": 0.8831683168316832, "AUC": 0.9685165885009553}, "Label_3": {"Optimal Threshold": 0.16553646326065063, "Accuracy": 0.9113233287858117, "Sensitivity": 0.9366515837104072, "Specificity": 0.900390625, "AUC": 0.9723646069004526}, "Label_4": {"Optimal Threshold": 0.0031815259717404842, "Accuracy": 0.8663028649386084, "Sensitivity": 1.0, "Specificity": 0.8650137741046832, "AUC": 0.9752066115702479}, "Label_5": {"Optimal Threshold": 0.050316546112298965, "Accuracy": 0.9768076398362893, "Sensitivity": 0.8, "Specificity": 0.978021978021978, "AUC": 0.9381868131868132}, "Label_6": {"Optimal Threshold": 0.03184231370687485, "Accuracy": 0.9004092769440655, "Sensitivity": 1.0, "Specificity": 0.8988919667590027, "AUC": 0.9780911609166457}, "Label_7": {"Optimal Threshold": 0.31020987033843994, "Accuracy": 0.9727148703956344, "Sensitivity": 0.967741935483871, "Specificity": 0.9731743666169895, "AUC": 0.9924042113359935}, "Label_8": {"Optimal Threshold": 0.0020741464104503393, "Accuracy": 0.8403819918144612, "Sensitivity": 1.0, "Specificity": 0.8399452804377565, "AUC": 0.878248974008208}, "Label_9": {"Optimal Threshold": 0.03902817144989967, "Accuracy": 0.9045020463847203, "Sensitivity": 0.9375, "Specificity": 0.9029957203994294, "AUC": 0.9488231098430813}, "Label_10": {"Optimal Threshold": 0.04571041464805603, "Accuracy": 0.849931787175989, "Sensitivity": 0.8888888888888888, "Specificity": 0.848951048951049, "AUC": 0.9128982128982129}, "Label_11": {"Optimal Threshold": 0.06311273574829102, "Accuracy": 0.9713506139154161, "Sensitivity": 0.9444444444444444, "Specificity": 0.972027972027972, "AUC": 0.9829059829059829}, "Label_12": {"Optimal Threshold": 0.05309441313147545, "Accuracy": 0.791268758526603, "Sensitivity": 0.9607843137254902, "Specificity": 0.7785923753665689, "AUC": 0.9293600138002415}, "Overall": {"Accuracy": 0.9030328470983313, "Sensitivity": 0.9364112650755122, "Specificity": 0.9000868308908403, "AUC": 0.9547475847484864}}}