{"shared_labels": 6, "perf": [0.09179282933473587, 0.9773172736167908], "metrics": {"Label_0": {"Optimal Threshold": 0.155118927359581, "Accuracy": 0.927694406548431, "Sensitivity": 0.8809523809523809, "Specificity": 0.9337442218798151, "AUC": 0.9614241690512878}, "Label_1": {"Optimal Threshold": 0.46257564425468445, "Accuracy": 0.9740791268758526, "Sensitivity": 0.9178082191780822, "Specificity": 0.9803030303030303, "AUC": 0.9872353673723536}, "Label_2": {"Optimal Threshold": 0.3297766149044037, "Accuracy": 0.9331514324693042, "Sensitivity": 0.9183673469387755, "Specificity": 0.9405737704918032, "AUC": 0.977818668450987}, "Label_3": {"Optimal Threshold": 0.2348737120628357, "Accuracy": 0.9304229195088677, "Sensitivity": 0.9190283400809717, "Specificity": 0.9362139917695473, "AUC": 0.9788573999100315}, "Label_4": {"Optimal Threshold": 0.05642301216721535, "Accuracy": 0.9631650750341064, "Sensitivity": 1.0, "Specificity": 0.9628099173553719, "AUC": 0.9917355371900827}, "Label_5": {"Optimal Threshold": 0.003745466936379671, "Accuracy": 0.8049113233287858, "Sensitivity": 1.0, "Specificity": 0.803030303030303, "AUC": 0.9490358126721763}, "Label_6": {"Optimal Threshold": 0.01380889117717743, "Accuracy": 0.9358799454297408, "Sensitivity": 1.0, "Specificity": 0.9349030470914127, "AUC": 0.9728028204482498}, "Label_7": {"Optimal Threshold": 0.06710812449455261, "Accuracy": 0.9304229195088677, "Sensitivity": 0.984375, "Specificity": 0.9252615844544095, "AUC": 0.9866872197309418}, "Label_8": {"Optimal Threshold": 0.027289263904094696, "Accuracy": 0.9508867667121419, "Sensitivity": 1.0, "Specificity": 0.9506849315068493, "AUC": 0.9771689497716894}, "Label_9": {"Optimal Threshold": 0.04582938551902771, "Accuracy": 0.9236016371077762, "Sensitivity": 0.925, "Specificity": 0.9235209235209235, "AUC": 0.9507575757575759}, "Label_10": {"Optimal Threshold": 0.009222745895385742, "Accuracy": 0.819918144611187, "Sensitivity": 0.9375, "Specificity": 0.8172942817294282, "AUC": 0.9132670850767084}, "Label_11": {"Optimal Threshold": 0.08300130069255829, "Accuracy": 0.9631650750341064, "Sensitivity": 0.8947368421052632, "Specificity": 0.9649859943977591, "AUC": 0.9719150818222025}, "Label_12": {"Optimal Threshold": 0.044262662529945374, "Accuracy": 0.7216916780354706, "Sensitivity": 0.9655172413793104, "Specificity": 0.7007407407407408, "AUC": 0.9009961685823754}, "Overall": {"Accuracy": 0.9060761884772799, "Sensitivity": 0.9494834900488296, "Specificity": 0.9056974414054918, "AUC": 0.9630539889105125}}, "label_names": [[8, 1, 5, 4, 0, 2, 12, 6, 11, 10], [8, 1, 5, 4, 0, 2, 3, 7, 9]]}