{"shared_labels": 6, "perf": [0.08866801857948303, 0.9763501882553101], "metrics": {"Label_0": {"Optimal Threshold": 0.03896893188357353, "Accuracy": 0.9167803547066848, "Sensitivity": 0.8695652173913043, "Specificity": 0.9216867469879518, "AUC": 0.9540553518421513}, "Label_1": {"Optimal Threshold": 0.06190770864486694, "Accuracy": 0.927694406548431, "Sensitivity": 0.9655172413793104, "Specificity": 0.9244444444444444, "AUC": 0.9885057471264368}, "Label_2": {"Optimal Threshold": 0.434819757938385, "Accuracy": 0.9290586630286494, "Sensitivity": 0.9210526315789473, "Specificity": 0.9326732673267327, "AUC": 0.9741097793989926}, "Label_3": {"Optimal Threshold": 0.30452093482017517, "Accuracy": 0.9195088676671214, "Sensitivity": 0.9457013574660633, "Specificity": 0.908203125, "AUC": 0.9764829609728507}, "Label_4": {"Optimal Threshold": 0.0037222302053123713, "Accuracy": 0.8267394270122783, "Sensitivity": 1.0, "Specificity": 0.8250688705234159, "AUC": 0.9624163715072807}, "Label_5": {"Optimal Threshold": 0.0800824761390686, "Accuracy": 0.9890859481582538, "Sensitivity": 0.8, "Specificity": 0.9903846153846154, "AUC": 0.9456043956043956}, "Label_6": {"Optimal Threshold": 0.03070138208568096, "Accuracy": 0.9536152796725784, "Sensitivity": 1.0, "Specificity": 0.9529085872576177, "AUC": 0.9827499370435658}, "Label_7": {"Optimal Threshold": 0.24244505167007446, "Accuracy": 0.9727148703956344, "Sensitivity": 0.967741935483871, "Specificity": 0.9731743666169895, "AUC": 0.9918994279121196}, "Label_8": {"Optimal Threshold": 0.00137799431104213, "Accuracy": 0.7312414733969986, "Sensitivity": 1.0, "Specificity": 0.7305061559507524, "AUC": 0.7831737346101231}, "Label_9": {"Optimal Threshold": 0.05566278472542763, "Accuracy": 0.897680763983629, "Sensitivity": 0.90625, "Specificity": 0.8972895863052782, "AUC": 0.9465495720399429}, "Label_10": {"Optimal Threshold": 0.007184877991676331, "Accuracy": 0.7271487039563438, "Sensitivity": 1.0, "Specificity": 0.7202797202797203, "AUC": 0.9264957264957265}, "Label_11": {"Optimal Threshold": 0.040435317903757095, "Accuracy": 0.9577080491132333, "Sensitivity": 0.9444444444444444, "Specificity": 0.958041958041958, "AUC": 0.9804972804972806}, "Label_12": {"Optimal Threshold": 0.04915308952331543, "Accuracy": 0.7803547066848567, "Sensitivity": 0.9019607843137255, "Specificity": 0.7712609970674487, "AUC": 0.9225461445575297}, "Overall": {"Accuracy": 0.8868716549480534, "Sensitivity": 0.9401718163121282, "Specificity": 0.885070957014379, "AUC": 0.9488528022775689}}, "label_names": [[5, 10, 3, 11, 2, 4, 6, 9, 1, 7], [5, 10, 3, 11, 2, 4, 0, 8, 12]]}