{"shared_labels": 0, "perf": [0.09548061341047287, 0.9751092791557312], "metrics": {"Label_0": {"Optimal Threshold": 0.20514532923698425, "Accuracy": 0.965893587994543, "Sensitivity": 0.8292682926829268, "Specificity": 0.9831029185867896, "AUC": 0.9754224270353302}, "Label_1": {"Optimal Threshold": 0.3194718658924103, "Accuracy": 0.9781718963165075, "Sensitivity": 0.8923076923076924, "Specificity": 0.9865269461077845, "AUC": 0.978535237217872}, "Label_2": {"Optimal Threshold": 0.09613284468650818, "Accuracy": 0.9140518417462483, "Sensitivity": 0.9404255319148936, "Specificity": 0.9016064257028112, "AUC": 0.9703238485858326}, "Label_3": {"Optimal Threshold": 0.1309230774641037, "Accuracy": 0.9290586630286494, "Sensitivity": 0.9264069264069265, "Specificity": 0.9302788844621513, "AUC": 0.9747848433107398}, "Label_4": {"Optimal Threshold": 0.4581962525844574, "Accuracy": 0.9945429740791268, "Sensitivity": 1.0, "Specificity": 0.9944979367262724, "AUC": 0.9979367262723521}, "Label_5": {"Optimal Threshold": 0.01767643541097641, "Accuracy": 0.903137789904502, "Sensitivity": 0.8, "Specificity": 0.9038461538461539, "AUC": 0.906868131868132}, "Label_6": {"Optimal Threshold": 0.019510731101036072, "Accuracy": 0.937244201909959, "Sensitivity": 0.875, "Specificity": 0.9379310344827586, "AUC": 0.9356896551724138}, "Label_7": {"Optimal Threshold": 0.3636758625507355, "Accuracy": 0.9713506139154161, "Sensitivity": 0.9375, "Specificity": 0.9745889387144993, "AUC": 0.9880184977578476}, "Label_8": {"Optimal Threshold": 0.0026048747822642326, "Accuracy": 0.7653478854024557, "Sensitivity": 1.0, "Specificity": 0.7640603566529492, "AUC": 0.9372427983539096}, "Label_9": {"Optimal Threshold": 0.01749822311103344, "Accuracy": 0.7980900409276944, "Sensitivity": 1.0, "Specificity": 0.7909604519774012, "AUC": 0.9593220338983052}, "Label_10": {"Optimal Threshold": 0.06795531511306763, "Accuracy": 0.9345156889495225, "Sensitivity": 0.9333333333333333, "Specificity": 0.9345403899721448, "AUC": 0.9584958217270195}, "Label_11": {"Optimal Threshold": 0.07107722014188766, "Accuracy": 0.9699863574351978, "Sensitivity": 1.0, "Specificity": 0.9694444444444444, "AUC": 0.9888888888888889}, "Label_12": {"Optimal Threshold": 0.021010400727391243, "Accuracy": 0.6971350613915416, "Sensitivity": 0.9655172413793104, "Specificity": 0.674074074074074, "AUC": 0.8969859514687102}, "Overall": {"Accuracy": 0.9045020463847204, "Sensitivity": 0.9307506936942371, "Specificity": 0.9034968427500181, "AUC": 0.959116527812104}}, "label_names": [[10, 11, 7, 0, 4, 12, 8], [1, 5, 9, 6, 3, 2]]}