{"shared_labels": 0, "perf": [0.088996522128582, 0.9786721467971802], "metrics": {"Label_0": {"Optimal Threshold": 0.03185693547129631, "Accuracy": 0.8717598908594816, "Sensitivity": 0.9565217391304348, "Specificity": 0.8629518072289156, "AUC": 0.9699231709446482}, "Label_1": {"Optimal Threshold": 0.175338014960289, "Accuracy": 0.9672578444747613, "Sensitivity": 0.9310344827586207, "Specificity": 0.9703703703703703, "AUC": 0.9872796934865901}, "Label_2": {"Optimal Threshold": 0.40235522389411926, "Accuracy": 0.9167803547066848, "Sensitivity": 0.9122807017543859, "Specificity": 0.9188118811881189, "AUC": 0.9715303109258294}, "Label_3": {"Optimal Threshold": 0.4925711750984192, "Accuracy": 0.9304229195088677, "Sensitivity": 0.9140271493212669, "Specificity": 0.9375, "AUC": 0.9762708569004526}, "Label_4": {"Optimal Threshold": 0.007940386421978474, "Accuracy": 0.8703956343792633, "Sensitivity": 1.0, "Specificity": 0.8691460055096418, "AUC": 0.9759937032664305}, "Label_5": {"Optimal Threshold": 0.006003459449857473, "Accuracy": 0.8485675306957708, "Sensitivity": 1.0, "Specificity": 0.8475274725274725, "AUC": 0.9629120879120879}, "Label_6": {"Optimal Threshold": 0.023798123002052307, "Accuracy": 0.931787175989086, "Sensitivity": 1.0, "Specificity": 0.9307479224376731, "AUC": 0.9819944598337951}, "Label_7": {"Optimal Threshold": 0.1755618453025818, "Accuracy": 0.975443383356071, "Sensitivity": 0.9838709677419355, "Specificity": 0.9746646795827124, "AUC": 0.9918513533003221}, "Label_8": {"Optimal Threshold": 0.007630772888660431, "Accuracy": 0.8758526603001364, "Sensitivity": 1.0, "Specificity": 0.8755129958960328, "AUC": 0.8823529411764706}, "Label_9": {"Optimal Threshold": 0.03433595225214958, "Accuracy": 0.9140518417462483, "Sensitivity": 0.9375, "Specificity": 0.912981455064194, "AUC": 0.9415567047075606}, "Label_10": {"Optimal Threshold": 0.00588118564337492, "Accuracy": 0.7667121418826739, "Sensitivity": 0.9444444444444444, "Specificity": 0.7622377622377622, "AUC": 0.875058275058275}, "Label_11": {"Optimal Threshold": 0.015917958691716194, "Accuracy": 0.8622100954979536, "Sensitivity": 1.0, "Specificity": 0.8587412587412587, "AUC": 0.9744366744366745}, "Label_12": {"Optimal Threshold": 0.06738456338644028, "Accuracy": 0.800818553888131, "Sensitivity": 0.9019607843137255, "Specificity": 0.7932551319648093, "AUC": 0.9117934563854867}, "Overall": {"Accuracy": 0.8870815405603948, "Sensitivity": 0.9601261745742165, "Specificity": 0.8857268263653046, "AUC": 0.9540733606411249}}, "label_names": [[12, 6, 2, 11, 8, 1, 4], [5, 0, 9, 7, 3, 10]]}