{"shared_labels": 6, "perf": [0.09295396506786346, 0.9750321507453918], "metrics": {"Label_0": {"Optimal Threshold": 0.35852310061454773, "Accuracy": 0.9536152796725784, "Sensitivity": 0.9041095890410958, "Specificity": 0.9590909090909091, "AUC": 0.977521793275218}, "Label_1": {"Optimal Threshold": 0.09827100485563278, "Accuracy": 0.927694406548431, "Sensitivity": 0.9552238805970149, "Specificity": 0.924924924924925, "AUC": 0.9840661557079468}, "Label_2": {"Optimal Threshold": 0.2618665099143982, "Accuracy": 0.9045020463847203, "Sensitivity": 0.9530516431924883, "Specificity": 0.8846153846153846, "AUC": 0.9684091729866378}, "Label_3": {"Optimal Threshold": 0.25372743606567383, "Accuracy": 0.9004092769440655, "Sensitivity": 0.961352657004831, "Specificity": 0.876425855513308, "AUC": 0.9688194559247626}, "Label_4": {"Optimal Threshold": 0.014489852823317051, "Accuracy": 0.869031377899045, "Sensitivity": 0.8333333333333334, "Specificity": 0.8693259972489684, "AUC": 0.9046309032553874}, "Label_5": {"Optimal Threshold": 0.0015372437192127109, "Accuracy": 0.7462482946793997, "Sensitivity": 1.0, "Specificity": 0.7448559670781894, "AUC": 0.9218106995884773}, "Label_6": {"Optimal Threshold": 0.013454829342663288, "Accuracy": 0.9195088676671214, "Sensitivity": 1.0, "Specificity": 0.9186206896551724, "AUC": 0.9672413793103448}, "Label_7": {"Optimal Threshold": 0.05596093833446503, "Accuracy": 0.9536152796725784, "Sensitivity": 0.9230769230769231, "Specificity": 0.9565868263473054, "AUC": 0.9765545831414095}, "Label_8": {"Optimal Threshold": 0.02189893089234829, "Accuracy": 0.9536152796725784, "Sensitivity": 1.0, "Specificity": 0.953103448275862, "AUC": 0.9858620689655172}, "Label_9": {"Optimal Threshold": 0.044006794691085815, "Accuracy": 0.9085948158253752, "Sensitivity": 0.9666666666666667, "Specificity": 0.9061166429587483, "AUC": 0.9727833096254149}, "Label_10": {"Optimal Threshold": 0.07642697542905807, "Accuracy": 0.9208731241473397, "Sensitivity": 1.0, "Specificity": 0.9195561719833565, "AUC": 0.9633610725843735}, "Label_11": {"Optimal Threshold": 0.042365167289972305, "Accuracy": 0.9413369713506139, "Sensitivity": 1.0, "Specificity": 0.9400278940027894, "AUC": 0.9802126917712692}, "Label_12": {"Optimal Threshold": 0.12870238721370697, "Accuracy": 0.8908594815825375, "Sensitivity": 0.7924528301886793, "Specificity": 0.8985294117647059, "AUC": 0.881354051054384}, "Overall": {"Accuracy": 0.9069157309266449, "Sensitivity": 0.9453282710077718, "Specificity": 0.9039830864199712, "AUC": 0.9578944105531648}}, "label_names": [[2, 8, 1, 0, 5, 11, 3, 9, 12, 4], [2, 8, 1, 0, 5, 11, 6, 7, 10]]}