{"shared_labels": 6, "perf": [0.09103361517190933, 0.9707797169685364], "metrics": {"Label_0": {"Optimal Threshold": 0.27869877219200134, "Accuracy": 0.9454297407912687, "Sensitivity": 0.8260869565217391, "Specificity": 0.9578313253012049, "AUC": 0.9589662999825389}, "Label_1": {"Optimal Threshold": 0.2255406528711319, "Accuracy": 0.9686221009549796, "Sensitivity": 0.9310344827586207, "Specificity": 0.9718518518518519, "AUC": 0.9869476372924649}, "Label_2": {"Optimal Threshold": 0.24124886095523834, "Accuracy": 0.9181446111869032, "Sensitivity": 0.9210526315789473, "Specificity": 0.9168316831683169, "AUC": 0.9687945110300503}, "Label_3": {"Optimal Threshold": 0.32817909121513367, "Accuracy": 0.927694406548431, "Sensitivity": 0.9276018099547512, "Specificity": 0.927734375, "AUC": 0.9743265695701357}, "Label_4": {"Optimal Threshold": 0.034812308847904205, "Accuracy": 0.9618008185538881, "Sensitivity": 0.8571428571428571, "Specificity": 0.9628099173553719, "AUC": 0.9630066902794175}, "Label_5": {"Optimal Threshold": 0.08456451445817947, "Accuracy": 0.9863574351978172, "Sensitivity": 0.8, "Specificity": 0.9876373626373627, "AUC": 0.9387362637362637}, "Label_6": {"Optimal Threshold": 0.0045248279348015785, "Accuracy": 0.8908594815825375, "Sensitivity": 1.0, "Specificity": 0.889196675900277, "AUC": 0.9788466381264166}, "Label_7": {"Optimal Threshold": 0.12061739712953568, "Accuracy": 0.965893587994543, "Sensitivity": 1.0, "Specificity": 0.96274217585693, "AUC": 0.9922840248064997}, "Label_8": {"Optimal Threshold": 0.001264401595108211, "Accuracy": 0.713506139154161, "Sensitivity": 1.0, "Specificity": 0.7127222982216143, "AUC": 0.8132694938440492}, "Label_9": {"Optimal Threshold": 0.07427841424942017, "Accuracy": 0.9386084583901774, "Sensitivity": 0.84375, "Specificity": 0.9429386590584878, "AUC": 0.9409325962910129}, "Label_10": {"Optimal Threshold": 0.0014144807355478406, "Accuracy": 0.6712141882673943, "Sensitivity": 0.9444444444444444, "Specificity": 0.6643356643356644, "AUC": 0.8764568764568764}, "Label_11": {"Optimal Threshold": 0.044992417097091675, "Accuracy": 0.9549795361527967, "Sensitivity": 0.9444444444444444, "Specificity": 0.9552447552447553, "AUC": 0.9756798756798756}, "Label_12": {"Optimal Threshold": 0.08606652915477753, "Accuracy": 0.8826739427012278, "Sensitivity": 0.7843137254901961, "Specificity": 0.8900293255131965, "AUC": 0.9193548387096775}, "Overall": {"Accuracy": 0.9019834190366249, "Sensitivity": 0.9061439501796925, "Specificity": 0.9032235438034643, "AUC": 0.9452001781388676}}, "label_names": [[7, 3, 5, 1, 4, 6, 8, 12, 2, 0], [7, 3, 5, 1, 4, 6, 11, 10, 9]]}