{"shared_labels": 0, "perf": [0.09713912755250931, 0.9728405475616455], "metrics": {"Label_0": {"Optimal Threshold": 0.2425202876329422, "Accuracy": 0.9358799454297408, "Sensitivity": 0.855072463768116, "Specificity": 0.9442771084337349, "AUC": 0.964073686048542}, "Label_1": {"Optimal Threshold": 0.1521420031785965, "Accuracy": 0.9454297407912687, "Sensitivity": 0.9137931034482759, "Specificity": 0.9481481481481482, "AUC": 0.9800255427841635}, "Label_2": {"Optimal Threshold": 0.10363928973674774, "Accuracy": 0.8799454297407913, "Sensitivity": 0.9429824561403509, "Specificity": 0.8514851485148515, "AUC": 0.963392391870766}, "Label_3": {"Optimal Threshold": 0.14662592113018036, "Accuracy": 0.9017735334242838, "Sensitivity": 0.9095022624434389, "Specificity": 0.8984375, "AUC": 0.965701003959276}, "Label_4": {"Optimal Threshold": 0.05081915482878685, "Accuracy": 0.9618008185538881, "Sensitivity": 0.8571428571428571, "Specificity": 0.9628099173553719, "AUC": 0.9614325068870523}, "Label_5": {"Optimal Threshold": 0.03116559237241745, "Accuracy": 0.927694406548431, "Sensitivity": 1.0, "Specificity": 0.9271978021978022, "AUC": 0.9717032967032967}, "Label_6": {"Optimal Threshold": 0.018690839409828186, "Accuracy": 0.9263301500682128, "Sensitivity": 1.0, "Specificity": 0.925207756232687, "AUC": 0.9751951649458573}, "Label_7": {"Optimal Threshold": 0.15390700101852417, "Accuracy": 0.956343792633015, "Sensitivity": 0.9838709677419355, "Specificity": 0.9538002980625931, "AUC": 0.9910581222056631}, "Label_8": {"Optimal Threshold": 0.004241567105054855, "Accuracy": 0.8526603001364257, "Sensitivity": 1.0, "Specificity": 0.8522571819425444, "AUC": 0.8987688098495211}, "Label_9": {"Optimal Threshold": 0.08675537258386612, "Accuracy": 0.9113233287858117, "Sensitivity": 0.90625, "Specificity": 0.9115549215406562, "AUC": 0.9505171184022825}, "Label_10": {"Optimal Threshold": 0.013143399730324745, "Accuracy": 0.7175989085948158, "Sensitivity": 0.9444444444444444, "Specificity": 0.7118881118881119, "AUC": 0.8752136752136752}, "Label_11": {"Optimal Threshold": 0.02193477191030979, "Accuracy": 0.9208731241473397, "Sensitivity": 1.0, "Specificity": 0.9188811188811189, "AUC": 0.9810411810411811}, "Label_12": {"Optimal Threshold": 0.04383247718214989, "Accuracy": 0.8158253751705321, "Sensitivity": 0.8823529411764706, "Specificity": 0.8108504398826979, "AUC": 0.9070208728652751}, "Overall": {"Accuracy": 0.8964214503095813, "Sensitivity": 0.9381085766389147, "Specificity": 0.8935996502369475, "AUC": 0.9527033363674271}}, "label_names": [[0, 10, 5, 1, 7, 9, 12], [8, 6, 2, 11, 4, 3]]}