{"shared_labels": 12, "perf": [0.08846217393875122, 0.9786338210105896], "metrics": {"Label_0": {"Optimal Threshold": 0.15516705811023712, "Accuracy": 0.9454297407912687, "Sensitivity": 0.8888888888888888, "Specificity": 0.9524539877300614, "AUC": 0.9654434598197379}, "Label_1": {"Optimal Threshold": 0.04654098302125931, "Accuracy": 0.937244201909959, "Sensitivity": 0.9459459459459459, "Specificity": 0.936267071320182, "AUC": 0.9704712299552968}, "Label_2": {"Optimal Threshold": 0.40629106760025024, "Accuracy": 0.9345156889495225, "Sensitivity": 0.9057377049180327, "Specificity": 0.9488752556237219, "AUC": 0.9771112005095712}, "Label_3": {"Optimal Threshold": 0.23308788239955902, "Accuracy": 0.931787175989086, "Sensitivity": 0.9426229508196722, "Specificity": 0.9263803680981595, "AUC": 0.9810587012638707}, "Label_4": {"Optimal Threshold": 0.032888997346162796, "Accuracy": 0.9413369713506139, "Sensitivity": 1.0, "Specificity": 0.9406896551724138, "AUC": 0.9887931034482759}, "Label_5": {"Optimal Threshold": 0.024206606671214104, "Accuracy": 0.9413369713506139, "Sensitivity": 1.0, "Specificity": 0.9406896551724138, "AUC": 0.9839655172413794}, "Label_6": {"Optimal Threshold": 0.028356775641441345, "Accuracy": 0.946793997271487, "Sensitivity": 1.0, "Specificity": 0.9462068965517242, "AUC": 0.9825862068965517}, "Label_7": {"Optimal Threshold": 0.16459433734416962, "Accuracy": 0.965893587994543, "Sensitivity": 0.9545454545454546, "Specificity": 0.967016491754123, "AUC": 0.9866884739448457}, "Label_8": {"Optimal Threshold": 0.029281217604875565, "Accuracy": 0.9508867667121419, "Sensitivity": 1.0, "Specificity": 0.9505494505494505, "AUC": 0.9771978021978022}, "Label_9": {"Optimal Threshold": 0.0713142603635788, "Accuracy": 0.9440654843110505, "Sensitivity": 0.972972972972973, "Specificity": 0.9425287356321839, "AUC": 0.9796132339235788}, "Label_10": {"Optimal Threshold": 0.00475219264626503, "Accuracy": 0.6616643929058663, "Sensitivity": 0.9473684210526315, "Specificity": 0.65406162464986, "AUC": 0.8709273182957393}, "Label_11": {"Optimal Threshold": 0.05080623924732208, "Accuracy": 0.9549795361527967, "Sensitivity": 0.8888888888888888, "Specificity": 0.9575070821529745, "AUC": 0.9688385269121813}, "Label_12": {"Optimal Threshold": 0.016288818791508675, "Accuracy": 0.7653478854024557, "Sensitivity": 1.0, "Specificity": 0.7510853835021708, "AUC": 0.9393563503549033}, "Overall": {"Accuracy": 0.9093294154685695, "Sensitivity": 0.9574593252332684, "Specificity": 0.9087932044545721, "AUC": 0.9670808557510566}}, "label_names": [[12, 4, 10, 11, 9, 3, 5, 8, 6, 1, 0, 2, 7], [12, 4, 10, 11, 9, 3, 5, 8, 6, 1, 0, 2]]}