{"shared_labels": 12, "perf": [0.08820578455924988, 0.9798063039779663], "metrics": {"Label_0": {"Optimal Threshold": 0.048649050295352936, "Accuracy": 0.8990450204638472, "Sensitivity": 0.9130434782608695, "Specificity": 0.8975903614457831, "AUC": 0.9684389732844421}, "Label_1": {"Optimal Threshold": 0.06319199502468109, "Accuracy": 0.9495225102319236, "Sensitivity": 0.9482758620689655, "Specificity": 0.9496296296296296, "AUC": 0.988684546615581}, "Label_2": {"Optimal Threshold": 0.5107248425483704, "Accuracy": 0.9195088676671214, "Sensitivity": 0.9254385964912281, "Specificity": 0.9168316831683169, "AUC": 0.9733715476810839}, "Label_3": {"Optimal Threshold": 0.5810547471046448, "Accuracy": 0.9331514324693042, "Sensitivity": 0.9230769230769231, "Specificity": 0.9375, "AUC": 0.976049915158371}, "Label_4": {"Optimal Threshold": 0.002391476184129715, "Accuracy": 0.8076398362892224, "Sensitivity": 1.0, "Specificity": 0.8057851239669421, "AUC": 0.9622195985832349}, "Label_5": {"Optimal Threshold": 0.0033613413106650114, "Accuracy": 0.7926330150068213, "Sensitivity": 1.0, "Specificity": 0.7912087912087912, "AUC": 0.9343406593406594}, "Label_6": {"Optimal Threshold": 0.013739793561398983, "Accuracy": 0.888130968622101, "Sensitivity": 1.0, "Specificity": 0.8864265927977839, "AUC": 0.9755729035507429}, "Label_7": {"Optimal Threshold": 0.1196708008646965, "Accuracy": 0.965893587994543, "Sensitivity": 1.0, "Specificity": 0.96274217585693, "AUC": 0.9929570693716648}, "Label_8": {"Optimal Threshold": 0.002597332466393709, "Accuracy": 0.8062755798090041, "Sensitivity": 1.0, "Specificity": 0.8057455540355677, "AUC": 0.8577291381668947}, "Label_9": {"Optimal Threshold": 0.016710249707102776, "Accuracy": 0.8649386084583902, "Sensitivity": 0.96875, "Specificity": 0.8601997146932953, "AUC": 0.951274964336662}, "Label_10": {"Optimal Threshold": 0.011667650192975998, "Accuracy": 0.7762619372442019, "Sensitivity": 0.9444444444444444, "Specificity": 0.772027972027972, "AUC": 0.908003108003108}, "Label_11": {"Optimal Threshold": 0.04242474213242531, "Accuracy": 0.9686221009549796, "Sensitivity": 0.9444444444444444, "Specificity": 0.9692307692307692, "AUC": 0.981973581973582}, "Label_12": {"Optimal Threshold": 0.035089414566755295, "Accuracy": 0.7899045020463847, "Sensitivity": 0.9607843137254902, "Specificity": 0.7771260997067448, "AUC": 0.9437352653671439}, "Overall": {"Accuracy": 0.8739636897890649, "Sensitivity": 0.9637121586547974, "Specificity": 0.8716957282898866, "AUC": 0.9549500978025515}}, "label_names": [[0, 7, 4, 1, 3, 12, 11, 6, 10, 8, 9, 2, 5], [0, 7, 4, 1, 3, 12, 11, 6, 10, 8, 9, 2]]}