{"shared_labels": 0, "perf": [0.09367238730192184, 0.9734288454055786], "metrics": {"Label_0": {"Optimal Threshold": 0.021844081580638885, "Accuracy": 0.9154160982264665, "Sensitivity": 0.8985507246376812, "Specificity": 0.9171686746987951, "AUC": 0.96459752051685}, "Label_1": {"Optimal Threshold": 0.0638849139213562, "Accuracy": 0.965893587994543, "Sensitivity": 0.9827586206896551, "Specificity": 0.9644444444444444, "AUC": 0.9931800766283525}, "Label_2": {"Optimal Threshold": 0.2299509197473526, "Accuracy": 0.9208731241473397, "Sensitivity": 0.9254385964912281, "Specificity": 0.9188118811881189, "AUC": 0.9713566093451451}, "Label_3": {"Optimal Threshold": 0.1503789722919464, "Accuracy": 0.9195088676671214, "Sensitivity": 0.9411764705882353, "Specificity": 0.91015625, "AUC": 0.9736637443438915}, "Label_4": {"Optimal Threshold": 0.009529580362141132, "Accuracy": 0.9454297407912687, "Sensitivity": 0.8571428571428571, "Specificity": 0.9462809917355371, "AUC": 0.9553325462416371}, "Label_5": {"Optimal Threshold": 0.0006759411189705133, "Accuracy": 0.7789904502046384, "Sensitivity": 1.0, "Specificity": 0.7774725274725275, "AUC": 0.9359890109890111}, "Label_6": {"Optimal Threshold": 0.012675113044679165, "Accuracy": 0.8990450204638472, "Sensitivity": 1.0, "Specificity": 0.8975069252077562, "AUC": 0.9707882145555276}, "Label_7": {"Optimal Threshold": 0.08907169848680496, "Accuracy": 0.9631650750341064, "Sensitivity": 1.0, "Specificity": 0.9597615499254843, "AUC": 0.9920676890534108}, "Label_8": {"Optimal Threshold": 0.007980357855558395, "Accuracy": 0.7939972714870396, "Sensitivity": 1.0, "Specificity": 0.7934336525307798, "AUC": 0.8125854993160055}, "Label_9": {"Optimal Threshold": 0.007984182797372341, "Accuracy": 0.8472032742155525, "Sensitivity": 0.96875, "Specificity": 0.8416547788873039, "AUC": 0.9451676176890156}, "Label_10": {"Optimal Threshold": 0.004633114207535982, "Accuracy": 0.7285129604365621, "Sensitivity": 1.0, "Specificity": 0.7216783216783217, "AUC": 0.925019425019425}, "Label_11": {"Optimal Threshold": 0.018488936126232147, "Accuracy": 0.9181446111869032, "Sensitivity": 1.0, "Specificity": 0.916083916083916, "AUC": 0.9777000777000777}, "Label_12": {"Optimal Threshold": 0.14295248687267303, "Accuracy": 0.8294679399727148, "Sensitivity": 0.8823529411764706, "Specificity": 0.8255131964809385, "AUC": 0.9284974987062273}, "Overall": {"Accuracy": 0.8788960016790848, "Sensitivity": 0.9581669392866252, "Specificity": 0.8761513161795326, "AUC": 0.9496881177003521}}, "label_names": [[9, 7, 12, 11, 0, 8, 3], [2, 10, 1, 4, 5, 6]]}