{"shared_labels": 0, "perf": [0.09889431297779083, 0.971918523311615], "metrics": {"Label_0": {"Optimal Threshold": 0.025732282549142838, "Accuracy": 0.9017735334242838, "Sensitivity": 0.8372093023255814, "Specificity": 0.910355486862442, "AUC": 0.9474857122317673}, "Label_1": {"Optimal Threshold": 0.1284475028514862, "Accuracy": 0.9549795361527967, "Sensitivity": 0.9166666666666666, "Specificity": 0.9591527987897126, "AUC": 0.9788199697428139}, "Label_2": {"Optimal Threshold": 0.2640274465084076, "Accuracy": 0.9072305593451568, "Sensitivity": 0.9214876033057852, "Specificity": 0.90020366598778, "AUC": 0.966765413812257}, "Label_3": {"Optimal Threshold": 0.25790664553642273, "Accuracy": 0.9140518417462483, "Sensitivity": 0.9356223175965666, "Specificity": 0.904, "AUC": 0.9710815450643777}, "Label_4": {"Optimal Threshold": 0.007668664213269949, "Accuracy": 0.8676671214188267, "Sensitivity": 1.0, "Specificity": 0.8656509695290858, "AUC": 0.9682699571896247}, "Label_5": {"Optimal Threshold": 0.02678230218589306, "Accuracy": 0.9386084583901774, "Sensitivity": 0.75, "Specificity": 0.9396433470507545, "AUC": 0.8782578875171468}, "Label_6": {"Optimal Threshold": 0.24579504132270813, "Accuracy": 0.9959072305593452, "Sensitivity": 1.0, "Specificity": 0.9958960328317373, "AUC": 0.9972640218878249}, "Label_7": {"Optimal Threshold": 0.12276904284954071, "Accuracy": 0.9454297407912687, "Sensitivity": 0.9298245614035088, "Specificity": 0.9467455621301775, "AUC": 0.9821447108896502}, "Label_8": {"Optimal Threshold": 0.016400523483753204, "Accuracy": 0.9399727148703957, "Sensitivity": 1.0, "Specificity": 0.9396433470507545, "AUC": 0.9766803840877916}, "Label_9": {"Optimal Threshold": 0.02959548309445381, "Accuracy": 0.8990450204638472, "Sensitivity": 1.0, "Specificity": 0.8950354609929078, "AUC": 0.9756838905775077}, "Label_10": {"Optimal Threshold": 0.015001975931227207, "Accuracy": 0.8185538881309686, "Sensitivity": 0.8666666666666667, "Specificity": 0.8175487465181058, "AUC": 0.9002785515320335}, "Label_11": {"Optimal Threshold": 0.031926967203617096, "Accuracy": 0.9481582537517054, "Sensitivity": 1.0, "Specificity": 0.9468531468531468, "AUC": 0.9852369852369853}, "Label_12": {"Optimal Threshold": 0.0850214883685112, "Accuracy": 0.849931787175989, "Sensitivity": 0.8166666666666667, "Specificity": 0.8528974739970282, "AUC": 0.9110946012877663}, "Overall": {"Accuracy": 0.9139468989400776, "Sensitivity": 0.9210879834331879, "Specificity": 0.9133558491225873, "AUC": 0.9568510485428882}}, "label_names": [[12, 0, 10, 2, 6, 7, 8], [3, 9, 4, 1, 5, 11]]}