{"shared_labels": 8, "perf": [0.0924203023314476, 0.9723684191703796], "metrics": {"Label_0": {"Optimal Threshold": 0.04398244991898537, "Accuracy": 0.9195088676671214, "Sensitivity": 0.855072463768116, "Specificity": 0.9262048192771084, "AUC": 0.9606032826960014}, "Label_1": {"Optimal Threshold": 0.04478105157613754, "Accuracy": 0.937244201909959, "Sensitivity": 0.9482758620689655, "Specificity": 0.9362962962962963, "AUC": 0.985874840357599}, "Label_2": {"Optimal Threshold": 0.24772652983665466, "Accuracy": 0.9208731241473397, "Sensitivity": 0.9210526315789473, "Specificity": 0.9207920792079208, "AUC": 0.9730675699148862}, "Label_3": {"Optimal Threshold": 0.26728343963623047, "Accuracy": 0.927694406548431, "Sensitivity": 0.918552036199095, "Specificity": 0.931640625, "AUC": 0.9752103365384616}, "Label_4": {"Optimal Threshold": 0.011606801301240921, "Accuracy": 0.9154160982264665, "Sensitivity": 0.8571428571428571, "Specificity": 0.9159779614325069, "AUC": 0.948642266824085}, "Label_5": {"Optimal Threshold": 0.045103754848241806, "Accuracy": 0.9631650750341064, "Sensitivity": 0.8, "Specificity": 0.9642857142857143, "AUC": 0.932967032967033}, "Label_6": {"Optimal Threshold": 0.028713088482618332, "Accuracy": 0.9236016371077762, "Sensitivity": 1.0, "Specificity": 0.9224376731301939, "AUC": 0.9780911609166456}, "Label_7": {"Optimal Threshold": 0.13716073334217072, "Accuracy": 0.9577080491132333, "Sensitivity": 0.9838709677419355, "Specificity": 0.9552906110283159, "AUC": 0.9916109802413345}, "Label_8": {"Optimal Threshold": 0.00439647538587451, "Accuracy": 0.819918144611187, "Sensitivity": 1.0, "Specificity": 0.8194254445964432, "AUC": 0.8549931600547195}, "Label_9": {"Optimal Threshold": 0.01725165918469429, "Accuracy": 0.8622100954979536, "Sensitivity": 0.9375, "Specificity": 0.8587731811697575, "AUC": 0.9405759629101283}, "Label_10": {"Optimal Threshold": 0.008202978409826756, "Accuracy": 0.7175989085948158, "Sensitivity": 1.0, "Specificity": 0.7104895104895105, "AUC": 0.9034188034188034}, "Label_11": {"Optimal Threshold": 0.03521677479147911, "Accuracy": 0.9167803547066848, "Sensitivity": 1.0, "Specificity": 0.9146853146853147, "AUC": 0.9797979797979798}, "Label_12": {"Optimal Threshold": 0.05509031563997269, "Accuracy": 0.8130968622100955, "Sensitivity": 0.8431372549019608, "Specificity": 0.8108504398826979, "AUC": 0.8919843597262952}, "Overall": {"Accuracy": 0.8919089096442439, "Sensitivity": 0.9280464671847598, "Specificity": 0.8913192054216754, "AUC": 0.9474490566433824}}, "label_names": [[1, 5, 8, 2, 4, 6, 3, 10, 9, 12, 11], [1, 5, 8, 2, 4, 6, 3, 10, 7, 0]]}