{"shared_labels": 8, "perf": [0.08718247711658478, 0.9755431413650513], "metrics": {"Label_0": {"Optimal Threshold": 0.1530953049659729, "Accuracy": 0.9440654843110505, "Sensitivity": 0.8783783783783784, "Specificity": 0.9514415781487102, "AUC": 0.9528564983800188}, "Label_1": {"Optimal Threshold": 0.061030313372612, "Accuracy": 0.9522510231923602, "Sensitivity": 0.9577464788732394, "Specificity": 0.9516616314199395, "AUC": 0.9831922045870388}, "Label_2": {"Optimal Threshold": 0.23538188636302948, "Accuracy": 0.9181446111869032, "Sensitivity": 0.9273504273504274, "Specificity": 0.9138276553106213, "AUC": 0.9741363068016374}, "Label_3": {"Optimal Threshold": 0.333547979593277, "Accuracy": 0.9208731241473397, "Sensitivity": 0.915929203539823, "Specificity": 0.9230769230769231, "AUC": 0.9734949643050392}, "Label_4": {"Optimal Threshold": 0.004020035732537508, "Accuracy": 0.8458390177353342, "Sensitivity": 1.0, "Specificity": 0.8441379310344828, "AUC": 0.9582758620689656}, "Label_5": {"Optimal Threshold": 0.004530106205493212, "Accuracy": 0.8130968622100955, "Sensitivity": 1.0, "Specificity": 0.811554332874828, "AUC": 0.9335167354424576}, "Label_6": {"Optimal Threshold": 0.016110483556985855, "Accuracy": 0.878581173260573, "Sensitivity": 1.0, "Specificity": 0.877914951989026, "AUC": 0.943758573388203}, "Label_7": {"Optimal Threshold": 0.1318870484828949, "Accuracy": 0.9740791268758526, "Sensitivity": 0.9841269841269841, "Specificity": 0.9731343283582089, "AUC": 0.991044776119403}, "Label_8": {"Optimal Threshold": 0.011382128112018108, "Accuracy": 0.9249658935879945, "Sensitivity": 1.0, "Specificity": 0.9245541838134431, "AUC": 0.9753086419753086}, "Label_9": {"Optimal Threshold": 0.18126130104064941, "Accuracy": 0.9645293315143247, "Sensitivity": 0.8620689655172413, "Specificity": 0.96875, "AUC": 0.948569749216301}, "Label_10": {"Optimal Threshold": 0.06266701221466064, "Accuracy": 0.9195088676671214, "Sensitivity": 0.9166666666666666, "Specificity": 0.9195561719833565, "AUC": 0.9560795191863153}, "Label_11": {"Optimal Threshold": 0.013749993406236172, "Accuracy": 0.9236016371077762, "Sensitivity": 0.9565217391304348, "Specificity": 0.9225352112676056, "AUC": 0.9751990202082058}, "Label_12": {"Optimal Threshold": 0.05903320014476776, "Accuracy": 0.8908594815825375, "Sensitivity": 0.8490566037735849, "Specificity": 0.8941176470588236, "AUC": 0.9298557158712542}, "Overall": {"Accuracy": 0.9131073564907125, "Sensitivity": 0.9421419574889831, "Specificity": 0.913558657410459, "AUC": 0.9611760436577038}}, "label_names": [[1, 7, 10, 6, 8, 9, 11, 12, 0, 2, 5], [1, 7, 10, 6, 8, 9, 11, 12, 3, 4]]}