{"shared_labels": 13, "perf": [0.08549553900957108, 0.9787189960479736], "metrics": {"Label_0": {"Optimal Threshold": 0.060364075005054474, "Accuracy": 0.869031377899045, "Sensitivity": 0.9565217391304348, "Specificity": 0.8599397590361446, "AUC": 0.9711236249345206}, "Label_1": {"Optimal Threshold": 0.07908966392278671, "Accuracy": 0.9454297407912687, "Sensitivity": 0.9482758620689655, "Specificity": 0.9451851851851852, "AUC": 0.9888122605363985}, "Label_2": {"Optimal Threshold": 0.46903717517852783, "Accuracy": 0.9263301500682128, "Sensitivity": 0.9166666666666666, "Specificity": 0.9306930693069307, "AUC": 0.9734931387875629}, "Label_3": {"Optimal Threshold": 0.5154868364334106, "Accuracy": 0.931787175989086, "Sensitivity": 0.9095022624434389, "Specificity": 0.94140625, "AUC": 0.9760057268099548}, "Label_4": {"Optimal Threshold": 0.03215789049863815, "Accuracy": 0.9508867667121419, "Sensitivity": 0.8571428571428571, "Specificity": 0.9517906336088154, "AUC": 0.9624163715072805}, "Label_5": {"Optimal Threshold": 0.04112350195646286, "Accuracy": 0.9618008185538881, "Sensitivity": 0.8, "Specificity": 0.9629120879120879, "AUC": 0.9401098901098901}, "Label_6": {"Optimal Threshold": 0.011512506753206253, "Accuracy": 0.8772169167803547, "Sensitivity": 1.0, "Specificity": 0.8753462603878116, "AUC": 0.9767061193653991}, "Label_7": {"Optimal Threshold": 0.12294718623161316, "Accuracy": 0.9618008185538881, "Sensitivity": 1.0, "Specificity": 0.9582712369597616, "AUC": 0.9930772559011587}, "Label_8": {"Optimal Threshold": 0.0017426925478503108, "Accuracy": 0.7503410641200545, "Sensitivity": 1.0, "Specificity": 0.7496580027359782, "AUC": 0.811217510259918}, "Label_9": {"Optimal Threshold": 0.05020684376358986, "Accuracy": 0.9140518417462483, "Sensitivity": 0.9375, "Specificity": 0.912981455064194, "AUC": 0.950962910128388}, "Label_10": {"Optimal Threshold": 0.013999585062265396, "Accuracy": 0.7899045020463847, "Sensitivity": 0.9444444444444444, "Specificity": 0.786013986013986, "AUC": 0.9055944055944056}, "Label_11": {"Optimal Threshold": 0.026572659611701965, "Accuracy": 0.9440654843110505, "Sensitivity": 0.9444444444444444, "Specificity": 0.9440559440559441, "AUC": 0.9787101787101787}, "Label_12": {"Optimal Threshold": 0.09762392938137054, "Accuracy": 0.9304229195088677, "Sensitivity": 0.7647058823529411, "Specificity": 0.9428152492668622, "AUC": 0.9387326778218619}, "Overall": {"Accuracy": 0.9040822751600377, "Sensitivity": 0.9214772429764765, "Specificity": 0.9046976245795155, "AUC": 0.9513047746513013}}, "label_names": [[5, 4, 9, 2, 6, 12, 11, 1, 10, 8, 7, 3, 0], [5, 4, 9, 2, 6, 12, 11, 1, 10, 8, 7, 3, 0]]}