{"shared_labels": 13, "perf": [0.08617579936981201, 0.975084662437439], "metrics": {"Label_0": {"Optimal Threshold": 0.04331338033080101, "Accuracy": 0.888130968622101, "Sensitivity": 0.8970588235294118, "Specificity": 0.8872180451127819, "AUC": 0.9519239274657231}, "Label_1": {"Optimal Threshold": 0.08219043910503387, "Accuracy": 0.9618008185538881, "Sensitivity": 0.9464285714285714, "Specificity": 0.9630723781388478, "AUC": 0.9895020046423296}, "Label_2": {"Optimal Threshold": 0.5569042563438416, "Accuracy": 0.9481582537517054, "Sensitivity": 0.9152542372881356, "Specificity": 0.9637826961770624, "AUC": 0.9761109027043617}, "Label_3": {"Optimal Threshold": 0.476471483707428, "Accuracy": 0.9413369713506139, "Sensitivity": 0.9380530973451328, "Specificity": 0.9428007889546351, "AUC": 0.9782950201602345}, "Label_4": {"Optimal Threshold": 0.025877607986330986, "Accuracy": 0.9536152796725784, "Sensitivity": 0.8571428571428571, "Specificity": 0.9545454545454546, "AUC": 0.9297520661157025}, "Label_5": {"Optimal Threshold": 0.004428836051374674, "Accuracy": 0.8321964529331515, "Sensitivity": 1.0, "Specificity": 0.8305785123966942, "AUC": 0.9447068083431719}, "Label_6": {"Optimal Threshold": 0.007951783016324043, "Accuracy": 0.869031377899045, "Sensitivity": 1.0, "Specificity": 0.8672199170124482, "AUC": 0.9601659751037344}, "Label_7": {"Optimal Threshold": 0.08229849487543106, "Accuracy": 0.9590723055934516, "Sensitivity": 0.9649122807017544, "Specificity": 0.9585798816568047, "AUC": 0.9889702065815427}, "Label_8": {"Optimal Threshold": 0.03697316348552704, "Accuracy": 0.9727148703956344, "Sensitivity": 1.0, "Specificity": 0.9725274725274725, "AUC": 0.9879120879120878}, "Label_9": {"Optimal Threshold": 0.04569205269217491, "Accuracy": 0.9386084583901774, "Sensitivity": 0.9090909090909091, "Specificity": 0.94, "AUC": 0.9554545454545456}, "Label_10": {"Optimal Threshold": 0.032816123217344284, "Accuracy": 0.9167803547066848, "Sensitivity": 0.9166666666666666, "Specificity": 0.9167822468793343, "AUC": 0.9327323162274619}, "Label_11": {"Optimal Threshold": 0.04112350195646286, "Accuracy": 0.9508867667121419, "Sensitivity": 1.0, "Specificity": 0.9499304589707928, "AUC": 0.9831114643353864}, "Label_12": {"Optimal Threshold": 0.10778984427452087, "Accuracy": 0.8390177353342428, "Sensitivity": 0.8703703703703703, "Specificity": 0.8365243004418262, "AUC": 0.9035891561664756}, "Overall": {"Accuracy": 0.9208731241473397, "Sensitivity": 0.9396136779664468, "Specificity": 0.9218124732933964, "AUC": 0.9601712677855967}}, "label_names": [[11, 3, 9, 1, 8, 4, 12, 5, 2, 7, 0, 10, 6], [11, 3, 9, 1, 8, 4, 12, 5, 2, 7, 0, 10, 6]]}