{"shared_labels": 3, "perf": [0.09116612374782562, 0.9729894399642944], "metrics": {"Label_0": {"Optimal Threshold": 0.2691980302333832, "Accuracy": 0.9454297407912687, "Sensitivity": 0.855072463768116, "Specificity": 0.9548192771084337, "AUC": 0.9676313951458005}, "Label_1": {"Optimal Threshold": 0.09710638970136642, "Accuracy": 0.9331514324693042, "Sensitivity": 0.9482758620689655, "Specificity": 0.9318518518518518, "AUC": 0.9849042145593869}, "Label_2": {"Optimal Threshold": 0.32793354988098145, "Accuracy": 0.9290586630286494, "Sensitivity": 0.9122807017543859, "Specificity": 0.9366336633663367, "AUC": 0.9746135139829772}, "Label_3": {"Optimal Threshold": 0.2312825620174408, "Accuracy": 0.922237380627558, "Sensitivity": 0.9276018099547512, "Specificity": 0.919921875, "AUC": 0.9745563489819005}, "Label_4": {"Optimal Threshold": 0.06873545795679092, "Accuracy": 0.9686221009549796, "Sensitivity": 0.8571428571428571, "Specificity": 0.9696969696969697, "AUC": 0.9637937819756002}, "Label_5": {"Optimal Threshold": 0.002763281110674143, "Accuracy": 0.8212824010914052, "Sensitivity": 1.0, "Specificity": 0.820054945054945, "AUC": 0.9458791208791208}, "Label_6": {"Optimal Threshold": 0.017398042604327202, "Accuracy": 0.9181446111869032, "Sensitivity": 1.0, "Specificity": 0.9168975069252078, "AUC": 0.9780911609166457}, "Label_7": {"Optimal Threshold": 0.05718056857585907, "Accuracy": 0.9631650750341064, "Sensitivity": 1.0, "Specificity": 0.9597615499254843, "AUC": 0.990577376087688}, "Label_8": {"Optimal Threshold": 0.0012746062129735947, "Accuracy": 0.7667121418826739, "Sensitivity": 1.0, "Specificity": 0.7660738714090287, "AUC": 0.8098495212038304}, "Label_9": {"Optimal Threshold": 0.016178680583834648, "Accuracy": 0.844474761255116, "Sensitivity": 0.96875, "Specificity": 0.8388017118402282, "AUC": 0.9481544222539231}, "Label_10": {"Optimal Threshold": 0.0018659195629879832, "Accuracy": 0.679399727148704, "Sensitivity": 1.0, "Specificity": 0.6713286713286714, "AUC": 0.8731157731157732}, "Label_11": {"Optimal Threshold": 0.07386035472154617, "Accuracy": 0.9727148703956344, "Sensitivity": 0.9444444444444444, "Specificity": 0.9734265734265735, "AUC": 0.9826728826728826}, "Label_12": {"Optimal Threshold": 0.07638276368379593, "Accuracy": 0.8663028649386084, "Sensitivity": 0.8823529411764706, "Specificity": 0.8651026392961877, "AUC": 0.9333275832327066}, "Overall": {"Accuracy": 0.8869765977542241, "Sensitivity": 0.9458400831007686, "Specificity": 0.8864900850946091, "AUC": 0.9482436226929412}}, "label_names": [[0, 2, 11, 12, 9, 6, 7, 4], [0, 2, 11, 10, 3, 8, 1, 5]]}