{"shared_labels": 8, "perf": [0.08630567789077759, 0.9794410467147827], "metrics": {"Label_0": {"Optimal Threshold": 0.06800138205289841, "Accuracy": 0.897680763983629, "Sensitivity": 0.8985507246376812, "Specificity": 0.8975903614457831, "AUC": 0.9640082067400035}, "Label_1": {"Optimal Threshold": 0.04431753233075142, "Accuracy": 0.9195088676671214, "Sensitivity": 0.9827586206896551, "Specificity": 0.914074074074074, "AUC": 0.9871775223499362}, "Label_2": {"Optimal Threshold": 0.4978473484516144, "Accuracy": 0.9290586630286494, "Sensitivity": 0.9166666666666666, "Specificity": 0.9346534653465347, "AUC": 0.974048983845753}, "Label_3": {"Optimal Threshold": 0.5479561686515808, "Accuracy": 0.9331514324693042, "Sensitivity": 0.9095022624434389, "Specificity": 0.943359375, "AUC": 0.9760941035067874}, "Label_4": {"Optimal Threshold": 0.005858378019183874, "Accuracy": 0.888130968622101, "Sensitivity": 0.8571428571428571, "Specificity": 0.8884297520661157, "AUC": 0.9451003541912633}, "Label_5": {"Optimal Threshold": 0.0046998863108456135, "Accuracy": 0.8035470668485676, "Sensitivity": 1.0, "Specificity": 0.8021978021978022, "AUC": 0.9491758241758242}, "Label_6": {"Optimal Threshold": 0.007665483746677637, "Accuracy": 0.8854024556616644, "Sensitivity": 1.0, "Specificity": 0.8836565096952909, "AUC": 0.9775875094434651}, "Label_7": {"Optimal Threshold": 0.0876205638051033, "Accuracy": 0.9672578444747613, "Sensitivity": 1.0, "Specificity": 0.9642324888226528, "AUC": 0.9941829719725014}, "Label_8": {"Optimal Threshold": 0.006259462330490351, "Accuracy": 0.8362892223738063, "Sensitivity": 1.0, "Specificity": 0.8358413132694938, "AUC": 0.86593707250342}, "Label_9": {"Optimal Threshold": 0.04133624583482742, "Accuracy": 0.91268758526603, "Sensitivity": 0.9375, "Specificity": 0.9115549215406562, "AUC": 0.950962910128388}, "Label_10": {"Optimal Threshold": 0.006690850481390953, "Accuracy": 0.6862210095497954, "Sensitivity": 0.9444444444444444, "Specificity": 0.6797202797202797, "AUC": 0.8703962703962704}, "Label_11": {"Optimal Threshold": 0.06733781844377518, "Accuracy": 0.965893587994543, "Sensitivity": 0.9444444444444444, "Specificity": 0.9664335664335665, "AUC": 0.9766122766122767}, "Label_12": {"Optimal Threshold": 0.06363216787576675, "Accuracy": 0.8567530695770805, "Sensitivity": 0.9019607843137255, "Specificity": 0.8533724340175953, "AUC": 0.9483928468748203}, "Overall": {"Accuracy": 0.883198656732081, "Sensitivity": 0.945613138829455, "Specificity": 0.8827012572022959, "AUC": 0.9522828348262085}}, "label_names": [[5, 3, 2, 12, 9, 7, 1, 11, 10, 0, 6], [5, 3, 2, 12, 9, 7, 1, 11, 8, 4]]}