{"shared_labels": 8, "perf": [0.08982686698436737, 0.9776790142059326], "metrics": {"Label_0": {"Optimal Threshold": 0.09101279824972153, "Accuracy": 0.9304229195088677, "Sensitivity": 0.8275862068965517, "Specificity": 0.9442724458204335, "AUC": 0.9519945909398242}, "Label_1": {"Optimal Threshold": 0.08359405398368835, "Accuracy": 0.9618008185538881, "Sensitivity": 0.9117647058823529, "Specificity": 0.9669172932330827, "AUC": 0.980030959752322}, "Label_2": {"Optimal Threshold": 0.2415473908185959, "Accuracy": 0.9140518417462483, "Sensitivity": 0.9012875536480687, "Specificity": 0.92, "AUC": 0.9683433476394849}, "Label_3": {"Optimal Threshold": 0.2630945146083832, "Accuracy": 0.9154160982264665, "Sensitivity": 0.9144144144144144, "Specificity": 0.9158512720156555, "AUC": 0.9648190264628621}, "Label_4": {"Optimal Threshold": 0.002735256915912032, "Accuracy": 0.8431105047748977, "Sensitivity": 1.0, "Specificity": 0.8418156808803301, "AUC": 0.9713434204493352}, "Label_5": {"Optimal Threshold": 0.024941416457295418, "Accuracy": 0.927694406548431, "Sensitivity": 1.0, "Specificity": 0.9272976680384087, "AUC": 0.9667352537722909}, "Label_6": {"Optimal Threshold": 0.05110010504722595, "Accuracy": 0.956343792633015, "Sensitivity": 1.0, "Specificity": 0.9559834938101788, "AUC": 0.9839523154516278}, "Label_7": {"Optimal Threshold": 0.1422588974237442, "Accuracy": 0.9795361527967258, "Sensitivity": 0.9402985074626866, "Specificity": 0.9834834834834835, "AUC": 0.9922235668504326}, "Label_8": {"Optimal Threshold": 0.08977071940898895, "Accuracy": 0.984993178717599, "Sensitivity": 1.0, "Specificity": 0.9848484848484849, "AUC": 0.9937032664305392}, "Label_9": {"Optimal Threshold": 0.03991003707051277, "Accuracy": 0.9208731241473397, "Sensitivity": 0.96, "Specificity": 0.9194915254237288, "AUC": 0.9792655367231639}, "Label_10": {"Optimal Threshold": 0.010087973438203335, "Accuracy": 0.6930422919508867, "Sensitivity": 1.0, "Specificity": 0.6875, "AUC": 0.8983974358974359}, "Label_11": {"Optimal Threshold": 0.024813847616314888, "Accuracy": 0.9427012278308322, "Sensitivity": 1.0, "Specificity": 0.9414225941422594, "AUC": 0.983176429567643}, "Label_12": {"Optimal Threshold": 0.13691362738609314, "Accuracy": 0.8758526603001364, "Sensitivity": 0.9245283018867925, "Specificity": 0.8720588235294118, "AUC": 0.9399001109877914}, "Overall": {"Accuracy": 0.9112183859796411, "Sensitivity": 0.9522984377069896, "Specificity": 0.9123802127096504, "AUC": 0.9672219431480579}}, "label_names": [[1, 9, 11, 7, 12, 8, 6, 4, 0, 10, 5], [1, 9, 11, 7, 12, 8, 6, 4, 3, 2]]}