{"shared_labels": 2, "perf": [0.09096954762935638, 0.9737030267715454], "metrics": {"Label_0": {"Optimal Threshold": 0.03548789024353027, "Accuracy": 0.8949522510231923, "Sensitivity": 0.9565217391304348, "Specificity": 0.8885542168674698, "AUC": 0.9737209708398813}, "Label_1": {"Optimal Threshold": 0.0940684899687767, "Accuracy": 0.9522510231923602, "Sensitivity": 0.9482758620689655, "Specificity": 0.9525925925925925, "AUC": 0.9878416347381865}, "Label_2": {"Optimal Threshold": 0.29611819982528687, "Accuracy": 0.9236016371077762, "Sensitivity": 0.9035087719298246, "Specificity": 0.9326732673267327, "AUC": 0.9682126107347577}, "Label_3": {"Optimal Threshold": 0.2322929948568344, "Accuracy": 0.9249658935879945, "Sensitivity": 0.9276018099547512, "Specificity": 0.923828125, "AUC": 0.9739642251131222}, "Label_4": {"Optimal Threshold": 0.0318293422460556, "Accuracy": 0.9427012278308322, "Sensitivity": 0.8571428571428571, "Specificity": 0.9435261707988981, "AUC": 0.961038961038961}, "Label_5": {"Optimal Threshold": 0.07151678204536438, "Accuracy": 0.975443383356071, "Sensitivity": 0.8, "Specificity": 0.9766483516483516, "AUC": 0.9384615384615383}, "Label_6": {"Optimal Threshold": 0.013113221153616905, "Accuracy": 0.903137789904502, "Sensitivity": 1.0, "Specificity": 0.9016620498614959, "AUC": 0.9813648954923193}, "Label_7": {"Optimal Threshold": 0.13718532025814056, "Accuracy": 0.9645293315143247, "Sensitivity": 1.0, "Specificity": 0.9612518628912071, "AUC": 0.9917311667708283}, "Label_8": {"Optimal Threshold": 0.010655482299625874, "Accuracy": 0.8949522510231923, "Sensitivity": 1.0, "Specificity": 0.8946648426812586, "AUC": 0.9240766073871409}, "Label_9": {"Optimal Threshold": 0.051075637340545654, "Accuracy": 0.8935879945429741, "Sensitivity": 0.90625, "Specificity": 0.8930099857346647, "AUC": 0.9416012838801712}, "Label_10": {"Optimal Threshold": 0.009976697154343128, "Accuracy": 0.7939972714870396, "Sensitivity": 0.8888888888888888, "Specificity": 0.7916083916083916, "AUC": 0.8795648795648795}, "Label_11": {"Optimal Threshold": 0.016274254769086838, "Accuracy": 0.9004092769440655, "Sensitivity": 1.0, "Specificity": 0.8979020979020979, "AUC": 0.9771561771561771}, "Label_12": {"Optimal Threshold": 0.06692372262477875, "Accuracy": 0.8226466575716235, "Sensitivity": 0.9019607843137255, "Specificity": 0.8167155425219942, "AUC": 0.9320338105916853}, "Overall": {"Accuracy": 0.9067058453143036, "Sensitivity": 0.9300115933407268, "Specificity": 0.9057413459565503, "AUC": 0.9562129816745883}}, "label_names": [[3, 0, 5, 6, 8, 11, 4, 12], [3, 0, 7, 10, 2, 1, 9]]}