{"shared_labels": 2, "perf": [0.09738832712173462, 0.9736248850822449], "metrics": {"Label_0": {"Optimal Threshold": 0.09409190714359283, "Accuracy": 0.8622100954979536, "Sensitivity": 0.92, "Specificity": 0.8556231003039514, "AUC": 0.9529483282674771}, "Label_1": {"Optimal Threshold": 0.19259680807590485, "Accuracy": 0.9263301500682128, "Sensitivity": 0.9, "Specificity": 0.9286775631500743, "AUC": 0.971495789995047}, "Label_2": {"Optimal Threshold": 0.20177757740020752, "Accuracy": 0.9331514324693042, "Sensitivity": 0.9382716049382716, "Specificity": 0.9306122448979591, "AUC": 0.9767279751406736}, "Label_3": {"Optimal Threshold": 0.13954323530197144, "Accuracy": 0.9236016371077762, "Sensitivity": 0.9382716049382716, "Specificity": 0.9163265306122449, "AUC": 0.9752582514487276}, "Label_4": {"Optimal Threshold": 0.03777742758393288, "Accuracy": 0.9440654843110505, "Sensitivity": 0.8888888888888888, "Specificity": 0.9447513812154696, "AUC": 0.9668508287292817}, "Label_5": {"Optimal Threshold": 0.031222449615597725, "Accuracy": 0.9536152796725784, "Sensitivity": 1.0, "Specificity": 0.953103448275862, "AUC": 0.9905172413793104}, "Label_6": {"Optimal Threshold": 0.004870125092566013, "Accuracy": 0.878581173260573, "Sensitivity": 1.0, "Specificity": 0.8770718232044199, "AUC": 0.9755985267034991}, "Label_7": {"Optimal Threshold": 0.22861705720424652, "Accuracy": 0.9686221009549796, "Sensitivity": 0.9152542372881356, "Specificity": 0.973293768545994, "AUC": 0.9787255444349444}, "Label_8": {"Optimal Threshold": 0.0023929462768137455, "Accuracy": 0.8294679399727148, "Sensitivity": 1.0, "Specificity": 0.8275862068965517, "AUC": 0.9615517241379311}, "Label_9": {"Optimal Threshold": 0.02274973690509796, "Accuracy": 0.8458390177353342, "Sensitivity": 0.9090909090909091, "Specificity": 0.8428571428571429, "AUC": 0.9437229437229436}, "Label_10": {"Optimal Threshold": 0.027542833238840103, "Accuracy": 0.8731241473396999, "Sensitivity": 0.9090909090909091, "Specificity": 0.8725761772853186, "AUC": 0.9303701838327877}, "Label_11": {"Optimal Threshold": 0.04227675870060921, "Accuracy": 0.9290586630286494, "Sensitivity": 1.0, "Specificity": 0.927170868347339, "AUC": 0.9770013268465282}, "Label_12": {"Optimal Threshold": 0.03105030581355095, "Accuracy": 0.7830832196452933, "Sensitivity": 0.9361702127659575, "Specificity": 0.7725947521865889, "AUC": 0.9273618261894423}, "Overall": {"Accuracy": 0.8962115646972401, "Sensitivity": 0.9426952590001031, "Specificity": 0.8940188467522245, "AUC": 0.9637023454483534}}, "label_names": [[0, 2, 3, 1, 12, 9, 10, 4], [0, 2, 11, 8, 7, 5, 6]]}