{"shared_labels": 12, "perf": [0.08519811928272247, 0.9800788164138794], "metrics": {"Label_0": {"Optimal Threshold": 0.04880538210272789, "Accuracy": 0.8826739427012278, "Sensitivity": 0.9420289855072463, "Specificity": 0.8765060240963856, "AUC": 0.9695521215295966}, "Label_1": {"Optimal Threshold": 0.06559190154075623, "Accuracy": 0.9386084583901774, "Sensitivity": 0.9655172413793104, "Specificity": 0.9362962962962963, "AUC": 0.9888633461047254}, "Label_2": {"Optimal Threshold": 0.45756226778030396, "Accuracy": 0.9263301500682128, "Sensitivity": 0.9078947368421053, "Specificity": 0.9346534653465347, "AUC": 0.9732846968907417}, "Label_3": {"Optimal Threshold": 0.3860900104045868, "Accuracy": 0.9304229195088677, "Sensitivity": 0.9321266968325792, "Specificity": 0.9296875, "AUC": 0.9768099547511313}, "Label_4": {"Optimal Threshold": 0.00312922615557909, "Accuracy": 0.8294679399727148, "Sensitivity": 1.0, "Specificity": 0.8278236914600551, "AUC": 0.9663518299881936}, "Label_5": {"Optimal Threshold": 0.004685872700065374, "Accuracy": 0.7858117326057299, "Sensitivity": 1.0, "Specificity": 0.7843406593406593, "AUC": 0.9469780219780219}, "Label_6": {"Optimal Threshold": 0.015218749642372131, "Accuracy": 0.8922237380627558, "Sensitivity": 1.0, "Specificity": 0.8905817174515236, "AUC": 0.9741878619994964}, "Label_7": {"Optimal Threshold": 0.1503581404685974, "Accuracy": 0.975443383356071, "Sensitivity": 1.0, "Specificity": 0.9731743666169895, "AUC": 0.9934378154896399}, "Label_8": {"Optimal Threshold": 0.0025236429646611214, "Accuracy": 0.8090040927694406, "Sensitivity": 1.0, "Specificity": 0.8084815321477428, "AUC": 0.8447332421340629}, "Label_9": {"Optimal Threshold": 0.027603188529610634, "Accuracy": 0.8826739427012278, "Sensitivity": 0.9375, "Specificity": 0.8801711840228246, "AUC": 0.9475303138373751}, "Label_10": {"Optimal Threshold": 0.014619069173932076, "Accuracy": 0.8035470668485676, "Sensitivity": 0.8888888888888888, "Specificity": 0.8013986013986014, "AUC": 0.9075369075369075}, "Label_11": {"Optimal Threshold": 0.014725873246788979, "Accuracy": 0.922237380627558, "Sensitivity": 1.0, "Specificity": 0.9202797202797203, "AUC": 0.9836829836829837}, "Label_12": {"Optimal Threshold": 0.0725107192993164, "Accuracy": 0.8226466575716235, "Sensitivity": 0.9411764705882353, "Specificity": 0.8137829912023461, "AUC": 0.9470703237306652}, "Overall": {"Accuracy": 0.8770070311680134, "Sensitivity": 0.9627025400029512, "Specificity": 0.8751675192045908, "AUC": 0.9553861092041186}}, "label_names": [[11, 3, 6, 2, 4, 1, 8, 7, 12, 0, 10, 9, 5], [11, 3, 6, 2, 4, 1, 8, 7, 12, 0, 10, 9]]}