{"shared_labels": 12, "perf": [0.08918450772762299, 0.9789273142814636], "metrics": {"Label_0": {"Optimal Threshold": 0.09220960736274719, "Accuracy": 0.9263301500682128, "Sensitivity": 0.8809523809523809, "Specificity": 0.9322033898305084, "AUC": 0.9612040501871009}, "Label_1": {"Optimal Threshold": 0.29739734530448914, "Accuracy": 0.9781718963165075, "Sensitivity": 0.9178082191780822, "Specificity": 0.9848484848484849, "AUC": 0.987920298879203}, "Label_2": {"Optimal Threshold": 0.6143131852149963, "Accuracy": 0.9440654843110505, "Sensitivity": 0.8979591836734694, "Specificity": 0.9672131147540983, "AUC": 0.9783957845433255}, "Label_3": {"Optimal Threshold": 0.5433722734451294, "Accuracy": 0.9413369713506139, "Sensitivity": 0.8825910931174089, "Specificity": 0.9711934156378601, "AUC": 0.9800236583862315}, "Label_4": {"Optimal Threshold": 0.043120529502630234, "Accuracy": 0.9536152796725784, "Sensitivity": 1.0, "Specificity": 0.953168044077135, "AUC": 0.9885871704053523}, "Label_5": {"Optimal Threshold": 0.019797515124082565, "Accuracy": 0.927694406548431, "Sensitivity": 0.8571428571428571, "Specificity": 0.928374655647383, "AUC": 0.9484454939000393}, "Label_6": {"Optimal Threshold": 0.04208271577954292, "Accuracy": 0.965893587994543, "Sensitivity": 1.0, "Specificity": 0.9653739612188366, "AUC": 0.9860236716192395}, "Label_7": {"Optimal Threshold": 0.09106793254613876, "Accuracy": 0.937244201909959, "Sensitivity": 0.953125, "Specificity": 0.9357249626307922, "AUC": 0.9845151345291481}, "Label_8": {"Optimal Threshold": 0.03230787068605423, "Accuracy": 0.956343792633015, "Sensitivity": 1.0, "Specificity": 0.9561643835616438, "AUC": 0.9780821917808219}, "Label_9": {"Optimal Threshold": 0.04037875309586525, "Accuracy": 0.9208731241473397, "Sensitivity": 0.95, "Specificity": 0.9191919191919192, "AUC": 0.9540764790764791}, "Label_10": {"Optimal Threshold": 0.010790414176881313, "Accuracy": 0.73806275579809, "Sensitivity": 1.0, "Specificity": 0.7322175732217573, "AUC": 0.9121338912133892}, "Label_11": {"Optimal Threshold": 0.039539750665426254, "Accuracy": 0.9549795361527967, "Sensitivity": 0.9473684210526315, "Specificity": 0.9551820728291317, "AUC": 0.9826035677428866}, "Label_12": {"Optimal Threshold": 0.021999571472406387, "Accuracy": 0.7694406548431105, "Sensitivity": 0.9310344827586207, "Specificity": 0.7555555555555555, "AUC": 0.9216858237547892}, "Overall": {"Accuracy": 0.9164655262881729, "Sensitivity": 0.9398447413750346, "Specificity": 0.9197239640773158, "AUC": 0.9664382473860004}}, "label_names": [[8, 7, 9, 5, 11, 0, 6, 1, 3, 2, 12, 4, 10], [8, 7, 9, 5, 11, 0, 6, 1, 3, 2, 12, 4]]}