{"shared_labels": 11, "perf": [0.08853837102651596, 0.9797210693359375], "metrics": {"Label_0": {"Optimal Threshold": 0.09621886909008026, "Accuracy": 0.9045020463847203, "Sensitivity": 0.8941176470588236, "Specificity": 0.9058641975308642, "AUC": 0.961637618010167}, "Label_1": {"Optimal Threshold": 0.0666409507393837, "Accuracy": 0.9249658935879945, "Sensitivity": 0.92, "Specificity": 0.925531914893617, "AUC": 0.9793515704154002}, "Label_2": {"Optimal Threshold": 0.441027969121933, "Accuracy": 0.9167803547066848, "Sensitivity": 0.9327354260089686, "Specificity": 0.9098039215686274, "AUC": 0.971529060054515}, "Label_3": {"Optimal Threshold": 0.5750529766082764, "Accuracy": 0.9290586630286494, "Sensitivity": 0.9212962962962963, "Specificity": 0.9323017408123792, "AUC": 0.9747474747474748}, "Label_4": {"Optimal Threshold": 0.03530542552471161, "Accuracy": 0.9440654843110505, "Sensitivity": 1.0, "Specificity": 0.9434482758620689, "AUC": 0.9787931034482757}, "Label_5": {"Optimal Threshold": 0.004716183990240097, "Accuracy": 0.8581173260572987, "Sensitivity": 1.0, "Specificity": 0.8573388203017832, "AUC": 0.938957475994513}, "Label_6": {"Optimal Threshold": 0.022540811449289322, "Accuracy": 0.9536152796725784, "Sensitivity": 1.0, "Specificity": 0.953360768175583, "AUC": 0.9876543209876543}, "Label_7": {"Optimal Threshold": 0.12570230662822723, "Accuracy": 0.9549795361527967, "Sensitivity": 1.0, "Specificity": 0.9515418502202643, "AUC": 0.9940133288150909}, "Label_8": {"Optimal Threshold": 0.003708799835294485, "Accuracy": 0.8676671214188267, "Sensitivity": 1.0, "Specificity": 0.8671232876712329, "AUC": 0.9520547945205479}, "Label_9": {"Optimal Threshold": 0.0690774992108345, "Accuracy": 0.9399727148703957, "Sensitivity": 1.0, "Specificity": 0.9379407616361072, "AUC": 0.9881875881523272}, "Label_10": {"Optimal Threshold": 0.014598711393773556, "Accuracy": 0.8117326057298773, "Sensitivity": 1.0, "Specificity": 0.8085991678224688, "AUC": 0.9492602866389274}, "Label_11": {"Optimal Threshold": 0.022542506456375122, "Accuracy": 0.9618008185538881, "Sensitivity": 0.9473684210526315, "Specificity": 0.9621848739495799, "AUC": 0.9810555801267876}, "Label_12": {"Optimal Threshold": 0.04885230213403702, "Accuracy": 0.7585266030013642, "Sensitivity": 0.9032258064516129, "Specificity": 0.7451564828614009, "AUC": 0.8980337483774817}, "Overall": {"Accuracy": 0.9019834190366249, "Sensitivity": 0.9629802766821793, "Specificity": 0.9000150817927673, "AUC": 0.9657904577145509}}, "label_names": [[11, 3, 0, 4, 6, 8, 10, 9, 1, 5, 7, 2], [11, 3, 0, 4, 6, 8, 10, 9, 1, 5, 7, 12]]}