{"shared_labels": 11, "perf": [0.08560889214277267, 0.9794889092445374], "metrics": {"Label_0": {"Optimal Threshold": 0.03384142741560936, "Accuracy": 0.8676671214188267, "Sensitivity": 0.9420289855072463, "Specificity": 0.8599397590361446, "AUC": 0.968919154880391}, "Label_1": {"Optimal Threshold": 0.09239470958709717, "Accuracy": 0.9508867667121419, "Sensitivity": 0.9482758620689655, "Specificity": 0.9511111111111111, "AUC": 0.9897062579821201}, "Label_2": {"Optimal Threshold": 0.3930264115333557, "Accuracy": 0.9208731241473397, "Sensitivity": 0.9342105263157895, "Specificity": 0.9148514851485149, "AUC": 0.9751954142782698}, "Label_3": {"Optimal Threshold": 0.5965588092803955, "Accuracy": 0.9345156889495225, "Sensitivity": 0.9140271493212669, "Specificity": 0.943359375, "AUC": 0.9775258059954751}, "Label_4": {"Optimal Threshold": 0.0584004707634449, "Accuracy": 0.9713506139154161, "Sensitivity": 0.8571428571428571, "Specificity": 0.9724517906336089, "AUC": 0.9653679653679653}, "Label_5": {"Optimal Threshold": 0.002436594571918249, "Accuracy": 0.7926330150068213, "Sensitivity": 1.0, "Specificity": 0.7912087912087912, "AUC": 0.9461538461538461}, "Label_6": {"Optimal Threshold": 0.011671924032270908, "Accuracy": 0.8840381991814461, "Sensitivity": 1.0, "Specificity": 0.8822714681440443, "AUC": 0.9783429866532359}, "Label_7": {"Optimal Threshold": 0.08914072066545486, "Accuracy": 0.9645293315143247, "Sensitivity": 1.0, "Specificity": 0.9612518628912071, "AUC": 0.9937983750781213}, "Label_8": {"Optimal Threshold": 0.0019300028216093779, "Accuracy": 0.7680763983628922, "Sensitivity": 1.0, "Specificity": 0.7674418604651163, "AUC": 0.8331053351573188}, "Label_9": {"Optimal Threshold": 0.03370852768421173, "Accuracy": 0.8622100954979536, "Sensitivity": 0.9375, "Specificity": 0.8587731811697575, "AUC": 0.9488676890156919}, "Label_10": {"Optimal Threshold": 0.01724504865705967, "Accuracy": 0.8090040927694406, "Sensitivity": 0.8333333333333334, "Specificity": 0.8083916083916084, "AUC": 0.8961149961149961}, "Label_11": {"Optimal Threshold": 0.02458648569881916, "Accuracy": 0.903137789904502, "Sensitivity": 1.0, "Specificity": 0.9006993006993007, "AUC": 0.9774669774669774}, "Label_12": {"Optimal Threshold": 0.043334633111953735, "Accuracy": 0.8090040927694406, "Sensitivity": 0.9215686274509803, "Specificity": 0.8005865102639296, "AUC": 0.9368926456212984}, "Overall": {"Accuracy": 0.8798404869346205, "Sensitivity": 0.9452374877800338, "Specificity": 0.8778721618587026, "AUC": 0.9528813422896699}}, "label_names": [[3, 6, 2, 8, 4, 5, 10, 12, 1, 7, 0, 11], [3, 6, 2, 8, 4, 5, 10, 12, 1, 7, 0, 9]]}