{"shared_labels": 2, "perf": [0.09158109873533249, 0.974838137626648], "metrics": {"Label_0": {"Optimal Threshold": 0.09762009233236313, "Accuracy": 0.9304229195088677, "Sensitivity": 0.855072463768116, "Specificity": 0.9382530120481928, "AUC": 0.9613017286537454}, "Label_1": {"Optimal Threshold": 0.032380346208810806, "Accuracy": 0.9345156889495225, "Sensitivity": 0.9482758620689655, "Specificity": 0.9333333333333333, "AUC": 0.9853639846743295}, "Label_2": {"Optimal Threshold": 0.2376846820116043, "Accuracy": 0.9236016371077762, "Sensitivity": 0.9342105263157895, "Specificity": 0.9188118811881189, "AUC": 0.9717300677436165}, "Label_3": {"Optimal Threshold": 0.157477468252182, "Accuracy": 0.9181446111869032, "Sensitivity": 0.9457013574660633, "Specificity": 0.90625, "AUC": 0.973168834841629}, "Label_4": {"Optimal Threshold": 0.06416996568441391, "Accuracy": 0.956343792633015, "Sensitivity": 0.8571428571428571, "Specificity": 0.9573002754820936, "AUC": 0.9618260527351437}, "Label_5": {"Optimal Threshold": 0.0048798685893416405, "Accuracy": 0.819918144611187, "Sensitivity": 1.0, "Specificity": 0.8186813186813187, "AUC": 0.9574175824175823}, "Label_6": {"Optimal Threshold": 0.02219509705901146, "Accuracy": 0.9099590723055935, "Sensitivity": 1.0, "Specificity": 0.9085872576177285, "AUC": 0.9733064719214304}, "Label_7": {"Optimal Threshold": 0.1826678365468979, "Accuracy": 0.9631650750341064, "Sensitivity": 0.9838709677419355, "Specificity": 0.9612518628912071, "AUC": 0.9896639584635353}, "Label_8": {"Optimal Threshold": 0.0024361659307032824, "Accuracy": 0.6930422919508867, "Sensitivity": 1.0, "Specificity": 0.6922024623803009, "AUC": 0.7236662106703147}, "Label_9": {"Optimal Threshold": 0.047381673008203506, "Accuracy": 0.878581173260573, "Sensitivity": 0.96875, "Specificity": 0.8744650499286734, "AUC": 0.9452567760342367}, "Label_10": {"Optimal Threshold": 0.01961655355989933, "Accuracy": 0.8062755798090041, "Sensitivity": 0.9444444444444444, "Specificity": 0.8027972027972028, "AUC": 0.9383061383061382}, "Label_11": {"Optimal Threshold": 0.02576127089560032, "Accuracy": 0.9358799454297408, "Sensitivity": 0.9444444444444444, "Specificity": 0.9356643356643357, "AUC": 0.9629370629370629}, "Label_12": {"Optimal Threshold": 0.11620546877384186, "Accuracy": 0.8540245566166439, "Sensitivity": 0.8823529411764706, "Specificity": 0.8519061583577713, "AUC": 0.9333850842389741}, "Overall": {"Accuracy": 0.8864518837233708, "Sensitivity": 0.9434050665053143, "Specificity": 0.8845772423361752, "AUC": 0.9444099964336723}}, "label_names": [[10, 1, 7, 8, 11, 4, 6, 0], [10, 1, 3, 9, 12, 2, 5]]}