{"shared_labels": 2, "perf": [0.09306295961141586, 0.9721119403839111], "metrics": {"Label_0": {"Optimal Threshold": 0.1918632835149765, "Accuracy": 0.9508867667121419, "Sensitivity": 0.7926829268292683, "Specificity": 0.9708141321044547, "AUC": 0.9539545165036903}, "Label_1": {"Optimal Threshold": 0.05812498927116394, "Accuracy": 0.9304229195088677, "Sensitivity": 0.9375, "Specificity": 0.929745889387145, "AUC": 0.9786294843049327}, "Label_2": {"Optimal Threshold": 0.596724271774292, "Accuracy": 0.9304229195088677, "Sensitivity": 0.8536585365853658, "Specificity": 0.9691991786447639, "AUC": 0.9656683527820904}, "Label_3": {"Optimal Threshold": 0.1729351431131363, "Accuracy": 0.9154160982264665, "Sensitivity": 0.9414225941422594, "Specificity": 0.902834008097166, "AUC": 0.9716429793505328}, "Label_4": {"Optimal Threshold": 0.004262061323970556, "Accuracy": 0.878581173260573, "Sensitivity": 1.0, "Specificity": 0.8775790921595599, "AUC": 0.9552957359009628}, "Label_5": {"Optimal Threshold": 0.018803736194968224, "Accuracy": 0.9495225102319236, "Sensitivity": 1.0, "Specificity": 0.9491758241758241, "AUC": 0.9763736263736263}, "Label_6": {"Optimal Threshold": 0.038198262453079224, "Accuracy": 0.9645293315143247, "Sensitivity": 1.0, "Specificity": 0.9642857142857143, "AUC": 0.9804945054945056}, "Label_7": {"Optimal Threshold": 0.04882458224892616, "Accuracy": 0.9536152796725784, "Sensitivity": 0.9607843137254902, "Specificity": 0.9530791788856305, "AUC": 0.9847047323328159}, "Label_8": {"Optimal Threshold": 0.03959233686327934, "Accuracy": 0.9686221009549796, "Sensitivity": 1.0, "Specificity": 0.9684499314128944, "AUC": 0.9921124828532236}, "Label_9": {"Optimal Threshold": 0.016250034794211388, "Accuracy": 0.8663028649386084, "Sensitivity": 0.9655172413793104, "Specificity": 0.8622159090909091, "AUC": 0.9615987460815048}, "Label_10": {"Optimal Threshold": 0.03669111430644989, "Accuracy": 0.9236016371077762, "Sensitivity": 0.8888888888888888, "Specificity": 0.9244755244755245, "AUC": 0.9588966588966589}, "Label_11": {"Optimal Threshold": 0.01903332956135273, "Accuracy": 0.9345156889495225, "Sensitivity": 1.0, "Specificity": 0.9333333333333333, "AUC": 0.9863247863247864}, "Label_12": {"Optimal Threshold": 0.07712697237730026, "Accuracy": 0.8458390177353342, "Sensitivity": 0.7254901960784313, "Specificity": 0.8548387096774194, "AUC": 0.87947789086309}, "Overall": {"Accuracy": 0.9240214083324589, "Sensitivity": 0.9281495921253087, "Specificity": 0.9276943404407952, "AUC": 0.9650134229278784}}, "label_names": [[3, 10, 7, 1, 8, 9, 2, 11], [3, 10, 4, 6, 5, 12, 0]]}