{"shared_labels": 0, "perf": [0.0920044481754303, 0.9767546653747559], "metrics": {"Label_0": {"Optimal Threshold": 0.07502569258213043, "Accuracy": 0.91268758526603, "Sensitivity": 0.958904109589041, "Specificity": 0.9075757575757576, "AUC": 0.9766293067662931}, "Label_1": {"Optimal Threshold": 0.07841650396585464, "Accuracy": 0.9522510231923602, "Sensitivity": 0.9393939393939394, "Specificity": 0.9535232383808095, "AUC": 0.9870973604107037}, "Label_2": {"Optimal Threshold": 0.31161317229270935, "Accuracy": 0.9167803547066848, "Sensitivity": 0.8934426229508197, "Specificity": 0.9284253578732107, "AUC": 0.9634835227463207}, "Label_3": {"Optimal Threshold": 0.2865114212036133, "Accuracy": 0.9208731241473397, "Sensitivity": 0.919831223628692, "Specificity": 0.9213709677419355, "AUC": 0.96971553014836}, "Label_4": {"Optimal Threshold": 0.014533769339323044, "Accuracy": 0.8676671214188267, "Sensitivity": 1.0, "Specificity": 0.8656509695290858, "AUC": 0.9720473432384791}, "Label_5": {"Optimal Threshold": 0.006999528501182795, "Accuracy": 0.8540245566166439, "Sensitivity": 1.0, "Specificity": 0.8532235939643347, "AUC": 0.943758573388203}, "Label_6": {"Optimal Threshold": 0.11203575134277344, "Accuracy": 0.9863574351978172, "Sensitivity": 1.0, "Specificity": 0.9863201094391245, "AUC": 0.9917920656634748}, "Label_7": {"Optimal Threshold": 0.1815158724784851, "Accuracy": 0.9549795361527967, "Sensitivity": 0.984375, "Specificity": 0.9521674140508222, "AUC": 0.9874813153961135}, "Label_8": {"Optimal Threshold": 0.003456158097833395, "Accuracy": 0.791268758526603, "Sensitivity": 1.0, "Specificity": 0.7901234567901234, "AUC": 0.9320987654320987}, "Label_9": {"Optimal Threshold": 0.07141804695129395, "Accuracy": 0.9290586630286494, "Sensitivity": 0.9629629629629629, "Specificity": 0.9277620396600567, "AUC": 0.9726156751652503}, "Label_10": {"Optimal Threshold": 0.010859756730496883, "Accuracy": 0.7462482946793997, "Sensitivity": 1.0, "Specificity": 0.7405857740585774, "AUC": 0.9342747559274756}, "Label_11": {"Optimal Threshold": 0.11256855726242065, "Accuracy": 0.975443383356071, "Sensitivity": 1.0, "Specificity": 0.9749652294853964, "AUC": 0.9863898271408702}, "Label_12": {"Optimal Threshold": 0.044425927102565765, "Accuracy": 0.8130968622100955, "Sensitivity": 0.8636363636363636, "Specificity": 0.808095952023988, "AUC": 0.9134523647267275}, "Overall": {"Accuracy": 0.8939028229614862, "Sensitivity": 0.96327278632014, "Specificity": 0.8930607585056325, "AUC": 0.9639104927807978}}, "label_names": [[12, 5, 6, 11, 4, 0, 7], [2, 8, 1, 10, 9, 3]]}