{"shared_labels": 0, "perf": [0.09129850566387177, 0.974063515663147], "metrics": {"Label_0": {"Optimal Threshold": 0.12931285798549652, "Accuracy": 0.9331514324693042, "Sensitivity": 0.8695652173913043, "Specificity": 0.9397590361445783, "AUC": 0.9658198009429021}, "Label_1": {"Optimal Threshold": 0.023045750334858894, "Accuracy": 0.9058663028649386, "Sensitivity": 0.9655172413793104, "Specificity": 0.9007407407407407, "AUC": 0.9853639846743295}, "Label_2": {"Optimal Threshold": 0.15959525108337402, "Accuracy": 0.922237380627558, "Sensitivity": 0.9298245614035088, "Specificity": 0.9188118811881189, "AUC": 0.9715824214000347}, "Label_3": {"Optimal Threshold": 0.47299373149871826, "Accuracy": 0.9249658935879945, "Sensitivity": 0.9095022624434389, "Specificity": 0.931640625, "AUC": 0.9733986142533937}, "Label_4": {"Optimal Threshold": 0.0006752119516022503, "Accuracy": 0.8171896316507503, "Sensitivity": 1.0, "Specificity": 0.8154269972451791, "AUC": 0.9634002361275089}, "Label_5": {"Optimal Threshold": 0.1047118604183197, "Accuracy": 0.9822646657571623, "Sensitivity": 0.8, "Specificity": 0.9835164835164835, "AUC": 0.9348901098901099}, "Label_6": {"Optimal Threshold": 0.01679123379290104, "Accuracy": 0.9263301500682128, "Sensitivity": 1.0, "Specificity": 0.925207756232687, "AUC": 0.9763283807605138}, "Label_7": {"Optimal Threshold": 0.1385284960269928, "Accuracy": 0.9618008185538881, "Sensitivity": 1.0, "Specificity": 0.9582712369597616, "AUC": 0.9926926590067785}, "Label_8": {"Optimal Threshold": 0.0026919536758214235, "Accuracy": 0.810368349249659, "Sensitivity": 1.0, "Specificity": 0.8098495212038304, "AUC": 0.8331053351573188}, "Label_9": {"Optimal Threshold": 0.018577875569462776, "Accuracy": 0.8485675306957708, "Sensitivity": 0.9375, "Specificity": 0.8445078459343794, "AUC": 0.9395506419400855}, "Label_10": {"Optimal Threshold": 0.005564420949667692, "Accuracy": 0.6971350613915416, "Sensitivity": 1.0, "Specificity": 0.6895104895104895, "AUC": 0.8712509712509712}, "Label_11": {"Optimal Threshold": 0.03605620190501213, "Accuracy": 0.9358799454297408, "Sensitivity": 0.9444444444444444, "Specificity": 0.9356643356643357, "AUC": 0.9657342657342657}, "Label_12": {"Optimal Threshold": 0.08845264464616776, "Accuracy": 0.8417462482946794, "Sensitivity": 0.9215686274509803, "Specificity": 0.8357771260997068, "AUC": 0.9336725892703122}, "Overall": {"Accuracy": 0.8851925700493232, "Sensitivity": 0.9444555657317684, "Specificity": 0.8837449288800223, "AUC": 0.9466761546468097}}, "label_names": [[2, 11, 10, 5, 0, 12, 9], [4, 6, 1, 8, 7, 3]]}