{"shared_labels": 1, "perf": [0.09103771299123764, 0.9748522043228149], "metrics": {"Label_0": {"Optimal Threshold": 0.05360344797372818, "Accuracy": 0.9249658935879945, "Sensitivity": 0.927536231884058, "Specificity": 0.9246987951807228, "AUC": 0.9767111925964729}, "Label_1": {"Optimal Threshold": 0.05447705462574959, "Accuracy": 0.946793997271487, "Sensitivity": 0.9655172413793104, "Specificity": 0.9451851851851852, "AUC": 0.9895274584929757}, "Label_2": {"Optimal Threshold": 0.2010682374238968, "Accuracy": 0.9290586630286494, "Sensitivity": 0.9166666666666666, "Specificity": 0.9346534653465347, "AUC": 0.9729112384922703}, "Label_3": {"Optimal Threshold": 0.36588048934936523, "Accuracy": 0.9290586630286494, "Sensitivity": 0.9276018099547512, "Specificity": 0.9296875, "AUC": 0.976871818438914}, "Label_4": {"Optimal Threshold": 0.010315269231796265, "Accuracy": 0.8799454297407913, "Sensitivity": 1.0, "Specificity": 0.8787878787878788, "AUC": 0.9791420700511609}, "Label_5": {"Optimal Threshold": 0.0012306882999837399, "Accuracy": 0.757162346521146, "Sensitivity": 1.0, "Specificity": 0.7554945054945055, "AUC": 0.926923076923077}, "Label_6": {"Optimal Threshold": 0.034190837293863297, "Accuracy": 0.9304229195088677, "Sensitivity": 1.0, "Specificity": 0.9293628808864266, "AUC": 0.9744396877360867}, "Label_7": {"Optimal Threshold": 0.19340427219867706, "Accuracy": 0.9577080491132333, "Sensitivity": 0.967741935483871, "Specificity": 0.9567809239940388, "AUC": 0.9880053843565213}, "Label_8": {"Optimal Threshold": 0.002577922074124217, "Accuracy": 0.7366984993178718, "Sensitivity": 1.0, "Specificity": 0.7359781121751026, "AUC": 0.7920656634746921}, "Label_9": {"Optimal Threshold": 0.016518674790859222, "Accuracy": 0.8649386084583902, "Sensitivity": 0.96875, "Specificity": 0.8601997146932953, "AUC": 0.9466833095577746}, "Label_10": {"Optimal Threshold": 0.004014217294752598, "Accuracy": 0.6971350613915416, "Sensitivity": 1.0, "Specificity": 0.6895104895104895, "AUC": 0.8772338772338772}, "Label_11": {"Optimal Threshold": 0.05088813602924347, "Accuracy": 0.9454297407912687, "Sensitivity": 0.8888888888888888, "Specificity": 0.9468531468531468, "AUC": 0.9452991452991453}, "Label_12": {"Optimal Threshold": 0.07778512686491013, "Accuracy": 0.8526603001364257, "Sensitivity": 0.8627450980392157, "Specificity": 0.8519061583577713, "AUC": 0.9165947904088322}, "Overall": {"Accuracy": 0.8732290901458707, "Sensitivity": 0.9558036824843664, "Specificity": 0.8722383658819305, "AUC": 0.9432622086970616}}, "label_names": [[0, 12, 2, 11, 1, 10, 5], [0, 4, 8, 9, 7, 3, 6]]}