{"shared_labels": 1, "perf": [0.09566465765237808, 0.9725135564804077], "metrics": {"Label_0": {"Optimal Threshold": 0.07231827080249786, "Accuracy": 0.9167803547066848, "Sensitivity": 0.8924731182795699, "Specificity": 0.9203125, "AUC": 0.9554603494623656}, "Label_1": {"Optimal Threshold": 0.05359562858939171, "Accuracy": 0.927694406548431, "Sensitivity": 0.9733333333333334, "Specificity": 0.9224924012158054, "AUC": 0.9817831813576494}, "Label_2": {"Optimal Threshold": 0.3863995373249054, "Accuracy": 0.931787175989086, "Sensitivity": 0.9090909090909091, "Specificity": 0.94375, "AUC": 0.9710721343873518}, "Label_3": {"Optimal Threshold": 0.3454376459121704, "Accuracy": 0.9331514324693042, "Sensitivity": 0.9380165289256198, "Specificity": 0.9307535641547862, "AUC": 0.978025954789517}, "Label_4": {"Optimal Threshold": 0.032273516058921814, "Accuracy": 0.9358799454297408, "Sensitivity": 0.7, "Specificity": 0.9391424619640387, "AUC": 0.8784232365145228}, "Label_5": {"Optimal Threshold": 0.012244833633303642, "Accuracy": 0.903137789904502, "Sensitivity": 0.8571428571428571, "Specificity": 0.9035812672176309, "AUC": 0.9236521054702873}, "Label_6": {"Optimal Threshold": 0.07464656978845596, "Accuracy": 0.9672578444747613, "Sensitivity": 1.0, "Specificity": 0.967032967032967, "AUC": 0.9846153846153846}, "Label_7": {"Optimal Threshold": 0.03326067328453064, "Accuracy": 0.9290586630286494, "Sensitivity": 0.9841269841269841, "Specificity": 0.9238805970149254, "AUC": 0.9831319592513622}, "Label_8": {"Optimal Threshold": 0.0026756871957331896, "Accuracy": 0.8294679399727148, "Sensitivity": 1.0, "Specificity": 0.828060522696011, "AUC": 0.9422283356258597}, "Label_9": {"Optimal Threshold": 0.02703859657049179, "Accuracy": 0.8635743519781719, "Sensitivity": 0.9615384615384616, "Specificity": 0.85997171145686, "AUC": 0.9656729409204656}, "Label_10": {"Optimal Threshold": 0.017080767080187798, "Accuracy": 0.7366984993178718, "Sensitivity": 0.9230769230769231, "Specificity": 0.7333333333333333, "AUC": 0.8903846153846153}, "Label_11": {"Optimal Threshold": 0.05561543256044388, "Accuracy": 0.9495225102319236, "Sensitivity": 0.9411764705882353, "Specificity": 0.9497206703910615, "AUC": 0.9782287216562602}, "Label_12": {"Optimal Threshold": 0.03320033848285675, "Accuracy": 0.7544338335607094, "Sensitivity": 0.8333333333333334, "Specificity": 0.748159057437408, "AUC": 0.8850160912016583}, "Overall": {"Accuracy": 0.8906495959701962, "Sensitivity": 0.9164083784181714, "Specificity": 0.8900146964549867, "AUC": 0.9475150008182537}}, "label_names": [[3, 0, 8, 6, 1, 5, 9], [3, 12, 2, 7, 10, 4, 11]]}