{"shared_labels": 3, "perf": [0.09190602600574493, 0.9762250781059265], "metrics": {"Label_0": {"Optimal Threshold": 0.019003937020897865, "Accuracy": 0.8731241473396999, "Sensitivity": 0.9080459770114943, "Specificity": 0.868421052631579, "AUC": 0.9505889470125618}, "Label_1": {"Optimal Threshold": 0.04484632983803749, "Accuracy": 0.9454297407912687, "Sensitivity": 0.8970588235294118, "Specificity": 0.9503759398496241, "AUC": 0.9798761609907121}, "Label_2": {"Optimal Threshold": 0.12071213126182556, "Accuracy": 0.9113233287858117, "Sensitivity": 0.927038626609442, "Specificity": 0.904, "AUC": 0.9721201716738197}, "Label_3": {"Optimal Threshold": 0.24136324226856232, "Accuracy": 0.922237380627558, "Sensitivity": 0.9144144144144144, "Specificity": 0.9256360078277887, "AUC": 0.9735988434618571}, "Label_4": {"Optimal Threshold": 0.002010140335187316, "Accuracy": 0.8362892223738063, "Sensitivity": 1.0, "Specificity": 0.8349381017881705, "AUC": 0.969050894085282}, "Label_5": {"Optimal Threshold": 0.012752970680594444, "Accuracy": 0.8963165075034106, "Sensitivity": 1.0, "Specificity": 0.8957475994513031, "AUC": 0.9441015089163236}, "Label_6": {"Optimal Threshold": 0.023416167125105858, "Accuracy": 0.9208731241473397, "Sensitivity": 1.0, "Specificity": 0.9202200825309491, "AUC": 0.9754699679046309}, "Label_7": {"Optimal Threshold": 0.10687688738107681, "Accuracy": 0.9672578444747613, "Sensitivity": 0.9402985074626866, "Specificity": 0.96996996996997, "AUC": 0.9892429743176012}, "Label_8": {"Optimal Threshold": 0.009786968119442463, "Accuracy": 0.9331514324693042, "Sensitivity": 1.0, "Specificity": 0.9325068870523416, "AUC": 0.9822904368358915}, "Label_9": {"Optimal Threshold": 0.09798198938369751, "Accuracy": 0.9618008185538881, "Sensitivity": 0.96, "Specificity": 0.961864406779661, "AUC": 0.9837853107344633}, "Label_10": {"Optimal Threshold": 0.01766994595527649, "Accuracy": 0.7803547066848567, "Sensitivity": 1.0, "Specificity": 0.7763888888888889, "AUC": 0.9401709401709402}, "Label_11": {"Optimal Threshold": 0.012627581134438515, "Accuracy": 0.8758526603001364, "Sensitivity": 1.0, "Specificity": 0.8730822873082287, "AUC": 0.9675732217573223}, "Label_12": {"Optimal Threshold": 0.05912009999155998, "Accuracy": 0.8622100954979536, "Sensitivity": 0.8679245283018868, "Specificity": 0.861764705882353, "AUC": 0.9218645948945615}, "Overall": {"Accuracy": 0.8989400776576766, "Sensitivity": 0.954983144409949, "Specificity": 0.8980704561508351, "AUC": 0.965364151750459}}, "label_names": [[3, 9, 10, 11, 6, 4, 7, 5], [3, 9, 10, 0, 1, 8, 2, 12]]}