{"shared_labels": 3, "perf": [0.0917099341750145, 0.973858118057251], "metrics": {"Label_0": {"Optimal Threshold": 0.030339881777763367, "Accuracy": 0.9113233287858117, "Sensitivity": 0.8840579710144928, "Specificity": 0.9141566265060241, "AUC": 0.96154181945172}, "Label_1": {"Optimal Threshold": 0.07235896587371826, "Accuracy": 0.9536152796725784, "Sensitivity": 0.9655172413793104, "Specificity": 0.9525925925925925, "AUC": 0.9877905491698594}, "Label_2": {"Optimal Threshold": 0.2914077341556549, "Accuracy": 0.9236016371077762, "Sensitivity": 0.9078947368421053, "Specificity": 0.9306930693069307, "AUC": 0.9692374500607955}, "Label_3": {"Optimal Threshold": 0.2950117588043213, "Accuracy": 0.9304229195088677, "Sensitivity": 0.918552036199095, "Specificity": 0.935546875, "AUC": 0.9703142675339367}, "Label_4": {"Optimal Threshold": 0.16318950057029724, "Accuracy": 0.9890859481582538, "Sensitivity": 0.8571428571428571, "Specificity": 0.990358126721763, "AUC": 0.969500196772924}, "Label_5": {"Optimal Threshold": 0.029718928039073944, "Accuracy": 0.956343792633015, "Sensitivity": 0.8, "Specificity": 0.9574175824175825, "AUC": 0.9291208791208792}, "Label_6": {"Optimal Threshold": 0.018162965774536133, "Accuracy": 0.903137789904502, "Sensitivity": 1.0, "Specificity": 0.9016620498614959, "AUC": 0.9722991689750693}, "Label_7": {"Optimal Threshold": 0.17931875586509705, "Accuracy": 0.9672578444747613, "Sensitivity": 0.9838709677419355, "Specificity": 0.9657228017883756, "AUC": 0.9915388683236384}, "Label_8": {"Optimal Threshold": 0.00926436111330986, "Accuracy": 0.8840381991814461, "Sensitivity": 1.0, "Specificity": 0.8837209302325582, "AUC": 0.9049247606019152}, "Label_9": {"Optimal Threshold": 0.047822173684835434, "Accuracy": 0.9195088676671214, "Sensitivity": 0.875, "Specificity": 0.9215406562054208, "AUC": 0.936296362339515}, "Label_10": {"Optimal Threshold": 0.0033152983523905277, "Accuracy": 0.7175989085948158, "Sensitivity": 0.9444444444444444, "Specificity": 0.7118881118881119, "AUC": 0.8782439782439783}, "Label_11": {"Optimal Threshold": 0.05752537027001381, "Accuracy": 0.9713506139154161, "Sensitivity": 0.9444444444444444, "Specificity": 0.972027972027972, "AUC": 0.9837606837606838}, "Label_12": {"Optimal Threshold": 0.039456065744161606, "Accuracy": 0.8854024556616644, "Sensitivity": 0.8627450980392157, "Specificity": 0.8870967741935484, "AUC": 0.947846587315278}, "Overall": {"Accuracy": 0.9163605834820022, "Sensitivity": 0.9187438305575308, "Specificity": 0.9172633975955673, "AUC": 0.9540319670515532}}, "label_names": [[11, 6, 12, 0, 2, 5, 10, 3], [11, 6, 12, 1, 9, 4, 7, 8]]}