{"shared_labels": 1, "perf": [0.09585392475128174, 0.9745192527770996], "metrics": {"Label_0": {"Optimal Threshold": 0.16212505102157593, "Accuracy": 0.9536152796725784, "Sensitivity": 0.8765432098765432, "Specificity": 0.9631901840490797, "AUC": 0.9717299098689691}, "Label_1": {"Optimal Threshold": 0.09345006197690964, "Accuracy": 0.9263301500682128, "Sensitivity": 0.9459459459459459, "Specificity": 0.9241274658573596, "AUC": 0.9734446130500759}, "Label_2": {"Optimal Threshold": 0.12759101390838623, "Accuracy": 0.9140518417462483, "Sensitivity": 0.9590163934426229, "Specificity": 0.8916155419222904, "AUC": 0.9752338328472292}, "Label_3": {"Optimal Threshold": 0.05853588134050369, "Accuracy": 0.922237380627558, "Sensitivity": 0.9549180327868853, "Specificity": 0.9059304703476483, "AUC": 0.978267793087264}, "Label_4": {"Optimal Threshold": 0.019488228484988213, "Accuracy": 0.9345156889495225, "Sensitivity": 1.0, "Specificity": 0.9337931034482758, "AUC": 0.9841379310344827}, "Label_5": {"Optimal Threshold": 0.01596885174512863, "Accuracy": 0.9522510231923602, "Sensitivity": 1.0, "Specificity": 0.9517241379310345, "AUC": 0.9841379310344827}, "Label_6": {"Optimal Threshold": 0.0037344410084187984, "Accuracy": 0.8663028649386084, "Sensitivity": 1.0, "Specificity": 0.8648275862068966, "AUC": 0.973103448275862}, "Label_7": {"Optimal Threshold": 0.15703506767749786, "Accuracy": 0.9713506139154161, "Sensitivity": 0.9545454545454546, "Specificity": 0.9730134932533733, "AUC": 0.9898232701830904}, "Label_8": {"Optimal Threshold": 0.014321594499051571, "Accuracy": 0.9399727148703957, "Sensitivity": 1.0, "Specificity": 0.9395604395604396, "AUC": 0.9686813186813187}, "Label_9": {"Optimal Threshold": 0.043215565383434296, "Accuracy": 0.9386084583901774, "Sensitivity": 0.972972972972973, "Specificity": 0.9367816091954023, "AUC": 0.9805452003727866}, "Label_10": {"Optimal Threshold": 0.0129241943359375, "Accuracy": 0.8049113233287858, "Sensitivity": 0.8421052631578947, "Specificity": 0.803921568627451, "AUC": 0.8939259914492114}, "Label_11": {"Optimal Threshold": 0.02028794214129448, "Accuracy": 0.9004092769440655, "Sensitivity": 0.9259259259259259, "Specificity": 0.8994334277620396, "AUC": 0.9497954044696254}, "Label_12": {"Optimal Threshold": 0.08035498112440109, "Accuracy": 0.8390177353342428, "Sensitivity": 0.8809523809523809, "Specificity": 0.8364688856729378, "AUC": 0.921025428984908}, "Overall": {"Accuracy": 0.9125826424598594, "Sensitivity": 0.9471481215082022, "Specificity": 0.9095683010641713, "AUC": 0.9649116979491773}}, "label_names": [[9, 7, 11, 1, 2, 8, 10], [9, 3, 6, 5, 4, 12, 0]]}