{"shared_labels": 9, "perf": [0.09052135795354843, 0.9787061214447021], "metrics": {"Label_0": {"Optimal Threshold": 0.11354419589042664, "Accuracy": 0.9195088676671214, "Sensitivity": 0.8809523809523809, "Specificity": 0.9244992295839753, "AUC": 0.9531880548829701}, "Label_1": {"Optimal Threshold": 0.31476664543151855, "Accuracy": 0.9686221009549796, "Sensitivity": 0.9178082191780822, "Specificity": 0.9742424242424242, "AUC": 0.9837484433374845}, "Label_2": {"Optimal Threshold": 0.41858184337615967, "Accuracy": 0.9263301500682128, "Sensitivity": 0.9306122448979591, "Specificity": 0.9241803278688525, "AUC": 0.9763047842087655}, "Label_3": {"Optimal Threshold": 0.3595779836177826, "Accuracy": 0.9249658935879945, "Sensitivity": 0.9230769230769231, "Specificity": 0.9259259259259259, "AUC": 0.9791906166175172}, "Label_4": {"Optimal Threshold": 0.06003702059388161, "Accuracy": 0.9413369713506139, "Sensitivity": 1.0, "Specificity": 0.940771349862259, "AUC": 0.9895710350255805}, "Label_5": {"Optimal Threshold": 0.020978780463337898, "Accuracy": 0.9290586630286494, "Sensitivity": 0.8571428571428571, "Specificity": 0.9297520661157025, "AUC": 0.9512003148366784}, "Label_6": {"Optimal Threshold": 0.03619689121842384, "Accuracy": 0.9577080491132333, "Sensitivity": 1.0, "Specificity": 0.9570637119113573, "AUC": 0.9853941072777638}, "Label_7": {"Optimal Threshold": 0.21610549092292786, "Accuracy": 0.965893587994543, "Sensitivity": 0.921875, "Specificity": 0.9701046337817638, "AUC": 0.9858931240657698}, "Label_8": {"Optimal Threshold": 0.0745125263929367, "Accuracy": 0.975443383356071, "Sensitivity": 1.0, "Specificity": 0.9753424657534246, "AUC": 0.991324200913242}, "Label_9": {"Optimal Threshold": 0.04912571609020233, "Accuracy": 0.8949522510231923, "Sensitivity": 0.925, "Specificity": 0.8932178932178932, "AUC": 0.957972582972583}, "Label_10": {"Optimal Threshold": 0.04862440750002861, "Accuracy": 0.8990450204638472, "Sensitivity": 0.9375, "Specificity": 0.898186889818689, "AUC": 0.941771269177127}, "Label_11": {"Optimal Threshold": 0.04630439355969429, "Accuracy": 0.9522510231923602, "Sensitivity": 0.9473684210526315, "Specificity": 0.9523809523809523, "AUC": 0.9845201238390093}, "Label_12": {"Optimal Threshold": 0.07995664328336716, "Accuracy": 0.8553888130968622, "Sensitivity": 0.7586206896551724, "Specificity": 0.8637037037037038, "AUC": 0.8977522349936143}, "Overall": {"Accuracy": 0.9315772903767445, "Sensitivity": 0.9230735950735391, "Specificity": 0.9330285826282249, "AUC": 0.967525453242162}}, "label_names": [[4, 8, 11, 10, 1, 6, 3, 5, 7, 12, 9], [4, 8, 11, 10, 1, 6, 3, 5, 7, 0, 2]]}