{"shared_labels": 9, "perf": [0.08963105082511902, 0.9773357510566711], "metrics": {"Label_0": {"Optimal Threshold": 0.1526329666376114, "Accuracy": 0.9413369713506139, "Sensitivity": 0.8695652173913043, "Specificity": 0.9487951807228916, "AUC": 0.9692683778592632}, "Label_1": {"Optimal Threshold": 0.13213977217674255, "Accuracy": 0.9645293315143247, "Sensitivity": 0.9310344827586207, "Specificity": 0.9674074074074074, "AUC": 0.9881226053639847}, "Label_2": {"Optimal Threshold": 0.3751768171787262, "Accuracy": 0.922237380627558, "Sensitivity": 0.9385964912280702, "Specificity": 0.9148514851485149, "AUC": 0.972859128018065}, "Label_3": {"Optimal Threshold": 0.39558079838752747, "Accuracy": 0.9263301500682128, "Sensitivity": 0.9366515837104072, "Specificity": 0.921875, "AUC": 0.9763680712669683}, "Label_4": {"Optimal Threshold": 0.01539931446313858, "Accuracy": 0.9304229195088677, "Sensitivity": 0.8571428571428571, "Specificity": 0.931129476584022, "AUC": 0.9439197166469894}, "Label_5": {"Optimal Threshold": 0.06742755323648453, "Accuracy": 0.9699863574351978, "Sensitivity": 0.8, "Specificity": 0.9711538461538461, "AUC": 0.9348901098901099}, "Label_6": {"Optimal Threshold": 0.010769215412437916, "Accuracy": 0.8635743519781719, "Sensitivity": 1.0, "Specificity": 0.8614958448753463, "AUC": 0.972047343238479}, "Label_7": {"Optimal Threshold": 0.1777452975511551, "Accuracy": 0.9686221009549796, "Sensitivity": 1.0, "Specificity": 0.9657228017883756, "AUC": 0.9931253305129562}, "Label_8": {"Optimal Threshold": 0.0032573190983384848, "Accuracy": 0.8049113233287858, "Sensitivity": 1.0, "Specificity": 0.8043775649794802, "AUC": 0.8707250341997264}, "Label_9": {"Optimal Threshold": 0.08407764881849289, "Accuracy": 0.9181446111869032, "Sensitivity": 0.875, "Specificity": 0.920114122681883, "AUC": 0.9456579885877319}, "Label_10": {"Optimal Threshold": 0.01740172691643238, "Accuracy": 0.7680763983628922, "Sensitivity": 0.8888888888888888, "Specificity": 0.765034965034965, "AUC": 0.8886557886557886}, "Label_11": {"Optimal Threshold": 0.0443696603178978, "Accuracy": 0.937244201909959, "Sensitivity": 0.9444444444444444, "Specificity": 0.9370629370629371, "AUC": 0.9692307692307692}, "Label_12": {"Optimal Threshold": 0.08270920068025589, "Accuracy": 0.7789904502046384, "Sensitivity": 0.8627450980392157, "Specificity": 0.7727272727272727, "AUC": 0.8956356736242884}, "Overall": {"Accuracy": 0.8995697344947005, "Sensitivity": 0.9156976202772161, "Specificity": 0.8985959927051493, "AUC": 0.9477312259303937}}, "label_names": [[2, 0, 3, 8, 7, 1, 5, 9, 6, 10, 11], [2, 0, 3, 8, 7, 1, 5, 9, 6, 12, 4]]}