{"shared_labels": 13, "perf": [0.0914110466837883, 0.9783172011375427], "metrics": {"Label_0": {"Optimal Threshold": 0.11021332442760468, "Accuracy": 0.9099590723055935, "Sensitivity": 0.8809523809523809, "Specificity": 0.9137134052388289, "AUC": 0.9503815393645901}, "Label_1": {"Optimal Threshold": 0.10686609148979187, "Accuracy": 0.9345156889495225, "Sensitivity": 0.9420289855072463, "Specificity": 0.9337349397590361, "AUC": 0.98295355334381}, "Label_2": {"Optimal Threshold": 0.5027118921279907, "Accuracy": 0.91268758526603, "Sensitivity": 0.9216589861751152, "Specificity": 0.9089147286821705, "AUC": 0.9713231879398422}, "Label_3": {"Optimal Threshold": 0.31782740354537964, "Accuracy": 0.8840381991814461, "Sensitivity": 0.9611650485436893, "Specificity": 0.8538899430740038, "AUC": 0.9693354949245593}, "Label_4": {"Optimal Threshold": 0.015272269025444984, "Accuracy": 0.903137789904502, "Sensitivity": 1.0, "Specificity": 0.9024725274725275, "AUC": 0.9623626373626374}, "Label_5": {"Optimal Threshold": 0.0033551682718098164, "Accuracy": 0.7748976807639836, "Sensitivity": 1.0, "Specificity": 0.7733516483516484, "AUC": 0.9398351648351648}, "Label_6": {"Optimal Threshold": 0.10838166624307632, "Accuracy": 0.990450204638472, "Sensitivity": 1.0, "Specificity": 0.9903713892709766, "AUC": 0.9967904630903255}, "Label_7": {"Optimal Threshold": 0.3501489758491516, "Accuracy": 0.9809004092769441, "Sensitivity": 0.9836065573770492, "Specificity": 0.9806547619047619, "AUC": 0.9912909836065574}, "Label_8": {"Optimal Threshold": 0.0101042864844203, "Accuracy": 0.9140518417462483, "Sensitivity": 1.0, "Specificity": 0.9131034482758621, "AUC": 0.9693103448275863}, "Label_9": {"Optimal Threshold": 0.09053552150726318, "Accuracy": 0.9290586630286494, "Sensitivity": 0.9354838709677419, "Specificity": 0.9287749287749287, "AUC": 0.9787243819501884}, "Label_10": {"Optimal Threshold": 0.019147586077451706, "Accuracy": 0.7735334242837654, "Sensitivity": 1.0, "Specificity": 0.7710344827586207, "AUC": 0.9156896551724137}, "Label_11": {"Optimal Threshold": 0.016141479834914207, "Accuracy": 0.9386084583901774, "Sensitivity": 1.0, "Specificity": 0.9364406779661016, "AUC": 0.9840112994350283}, "Label_12": {"Optimal Threshold": 0.08632082492113113, "Accuracy": 0.8376534788540245, "Sensitivity": 0.9298245614035088, "Specificity": 0.8298816568047337, "AUC": 0.9403612581750234}, "Overall": {"Accuracy": 0.8987301920453353, "Sensitivity": 0.9657477223789794, "Specificity": 0.8951029644872462, "AUC": 0.9655669203098254}}, "label_names": [[1, 12, 0, 9, 2, 11, 5, 7, 6, 10, 4, 3, 8], [1, 12, 0, 9, 2, 11, 5, 7, 6, 10, 4, 3, 8]]}