{"shared_labels": 13, "perf": [0.08660709857940674, 0.9772899746894836], "metrics": {"Label_0": {"Optimal Threshold": 0.05883973464369774, "Accuracy": 0.9249658935879945, "Sensitivity": 0.8840579710144928, "Specificity": 0.9292168674698795, "AUC": 0.9688755020080321}, "Label_1": {"Optimal Threshold": 0.02278982289135456, "Accuracy": 0.9304229195088677, "Sensitivity": 0.9655172413793104, "Specificity": 0.9274074074074075, "AUC": 0.9875862068965517}, "Label_2": {"Optimal Threshold": 0.4560128450393677, "Accuracy": 0.9263301500682128, "Sensitivity": 0.9122807017543859, "Specificity": 0.9326732673267327, "AUC": 0.9726941115164148}, "Label_3": {"Optimal Threshold": 0.29498159885406494, "Accuracy": 0.9249658935879945, "Sensitivity": 0.9411764705882353, "Specificity": 0.91796875, "AUC": 0.9758112980769231}, "Label_4": {"Optimal Threshold": 0.02855508215725422, "Accuracy": 0.9549795361527967, "Sensitivity": 0.8571428571428571, "Specificity": 0.9559228650137741, "AUC": 0.9573002754820936}, "Label_5": {"Optimal Threshold": 0.046442411839962006, "Accuracy": 0.956343792633015, "Sensitivity": 0.8, "Specificity": 0.9574175824175825, "AUC": 0.9343406593406594}, "Label_6": {"Optimal Threshold": 0.026872819289565086, "Accuracy": 0.9195088676671214, "Sensitivity": 1.0, "Specificity": 0.9182825484764543, "AUC": 0.9790984638630068}, "Label_7": {"Optimal Threshold": 0.2099064588546753, "Accuracy": 0.9713506139154161, "Sensitivity": 1.0, "Specificity": 0.9687034277198212, "AUC": 0.9939906735253113}, "Label_8": {"Optimal Threshold": 0.0029058882500976324, "Accuracy": 0.757162346521146, "Sensitivity": 1.0, "Specificity": 0.7564979480164159, "AUC": 0.8180574555403557}, "Label_9": {"Optimal Threshold": 0.05992506816983223, "Accuracy": 0.9140518417462483, "Sensitivity": 0.90625, "Specificity": 0.9144079885877318, "AUC": 0.9498038516405136}, "Label_10": {"Optimal Threshold": 0.01057080365717411, "Accuracy": 0.7489768076398363, "Sensitivity": 0.9444444444444444, "Specificity": 0.7440559440559441, "AUC": 0.9044289044289044}, "Label_11": {"Optimal Threshold": 0.01325284969061613, "Accuracy": 0.8990450204638472, "Sensitivity": 1.0, "Specificity": 0.8965034965034965, "AUC": 0.9767676767676767}, "Label_12": {"Optimal Threshold": 0.0609772764146328, "Accuracy": 0.8158253751705321, "Sensitivity": 0.9019607843137255, "Specificity": 0.8093841642228738, "AUC": 0.9354263699614743}, "Overall": {"Accuracy": 0.8956868506663868, "Sensitivity": 0.9317561900490348, "Specificity": 0.8944955582475471, "AUC": 0.9503216499267629}}, "label_names": [[0, 8, 3, 4, 10, 6, 9, 2, 5, 12, 11, 7, 1], [0, 8, 3, 4, 10, 6, 9, 2, 5, 12, 11, 7, 1]]}