{"shared_labels": 6, "perf": [0.08876339346170425, 0.9765101671218872], "metrics": {"Label_0": {"Optimal Threshold": 0.043631214648485184, "Accuracy": 0.8826739427012278, "Sensitivity": 0.9565217391304348, "Specificity": 0.875, "AUC": 0.9726514754670857}, "Label_1": {"Optimal Threshold": 0.08190103620290756, "Accuracy": 0.9508867667121419, "Sensitivity": 0.9482758620689655, "Specificity": 0.9511111111111111, "AUC": 0.9879948914431673}, "Label_2": {"Optimal Threshold": 0.2757098078727722, "Accuracy": 0.9290586630286494, "Sensitivity": 0.9210526315789473, "Specificity": 0.9326732673267327, "AUC": 0.9735799895779051}, "Label_3": {"Optimal Threshold": 0.19388653337955475, "Accuracy": 0.9181446111869032, "Sensitivity": 0.9411764705882353, "Specificity": 0.908203125, "AUC": 0.973920036764706}, "Label_4": {"Optimal Threshold": 0.11317283660173416, "Accuracy": 0.9795361527967258, "Sensitivity": 0.8571428571428571, "Specificity": 0.9807162534435262, "AUC": 0.9710743801652892}, "Label_5": {"Optimal Threshold": 0.013676594011485577, "Accuracy": 0.9208731241473397, "Sensitivity": 0.8, "Specificity": 0.9217032967032966, "AUC": 0.9112637362637362}, "Label_6": {"Optimal Threshold": 0.007481519132852554, "Accuracy": 0.8403819918144612, "Sensitivity": 1.0, "Specificity": 0.8379501385041551, "AUC": 0.9590783178040796}, "Label_7": {"Optimal Threshold": 0.08389795571565628, "Accuracy": 0.9672578444747613, "Sensitivity": 0.9838709677419355, "Specificity": 0.9657228017883756, "AUC": 0.9929811066775636}, "Label_8": {"Optimal Threshold": 0.001894231652840972, "Accuracy": 0.7339699863574352, "Sensitivity": 1.0, "Specificity": 0.7332421340629275, "AUC": 0.7571819425444596}, "Label_9": {"Optimal Threshold": 0.05906248465180397, "Accuracy": 0.9140518417462483, "Sensitivity": 0.90625, "Specificity": 0.9144079885877318, "AUC": 0.9497146932952926}, "Label_10": {"Optimal Threshold": 0.011955621652305126, "Accuracy": 0.7858117326057299, "Sensitivity": 0.9444444444444444, "Specificity": 0.7818181818181819, "AUC": 0.9191919191919192}, "Label_11": {"Optimal Threshold": 0.021504808217287064, "Accuracy": 0.9427012278308322, "Sensitivity": 1.0, "Specificity": 0.9412587412587412, "AUC": 0.9853146853146852}, "Label_12": {"Optimal Threshold": 0.1493414342403412, "Accuracy": 0.8458390177353342, "Sensitivity": 0.8431372549019608, "Specificity": 0.8460410557184751, "AUC": 0.9211373699039733}, "Overall": {"Accuracy": 0.8931682233182916, "Sensitivity": 0.9309132482767525, "Specificity": 0.8915267765633271, "AUC": 0.9442372726472202}}, "label_names": [[10, 2, 0, 8, 7, 11, 5, 12, 3, 1], [10, 2, 0, 8, 7, 11, 9, 6, 4]]}