{"shared_labels": 4, "perf": [0.09885608404874802, 0.9687827229499817], "metrics": {"Label_0": {"Optimal Threshold": 0.17405910789966583, "Accuracy": 0.9290586630286494, "Sensitivity": 0.7910447761194029, "Specificity": 0.9429429429429429, "AUC": 0.9377213033929452}, "Label_1": {"Optimal Threshold": 0.056958623230457306, "Accuracy": 0.931787175989086, "Sensitivity": 0.9642857142857143, "Specificity": 0.9290989660265879, "AUC": 0.9848069212914116}, "Label_2": {"Optimal Threshold": 0.2884235382080078, "Accuracy": 0.9085948158253752, "Sensitivity": 0.905982905982906, "Specificity": 0.9098196392785571, "AUC": 0.9664457119366939}, "Label_3": {"Optimal Threshold": 0.3923513889312744, "Accuracy": 0.9140518417462483, "Sensitivity": 0.9140271493212669, "Specificity": 0.9140625, "AUC": 0.9675392392533937}, "Label_4": {"Optimal Threshold": 0.011740311980247498, "Accuracy": 0.8813096862210096, "Sensitivity": 0.6666666666666666, "Specificity": 0.8821917808219178, "AUC": 0.7776255707762557}, "Label_5": {"Optimal Threshold": 0.05771678313612938, "Accuracy": 0.9768076398362893, "Sensitivity": 0.9, "Specificity": 0.9778699861687413, "AUC": 0.9728907330567081}, "Label_6": {"Optimal Threshold": 0.013336204923689365, "Accuracy": 0.9045020463847203, "Sensitivity": 1.0, "Specificity": 0.9026425591098748, "AUC": 0.9719848996622293}, "Label_7": {"Optimal Threshold": 0.09539125114679337, "Accuracy": 0.9481582537517054, "Sensitivity": 0.9393939393939394, "Specificity": 0.9490254872563718, "AUC": 0.9870064967516241}, "Label_8": {"Optimal Threshold": 0.04691096767783165, "Accuracy": 0.9522510231923602, "Sensitivity": 1.0, "Specificity": 0.951856946354883, "AUC": 0.9823475469967905}, "Label_9": {"Optimal Threshold": 0.041425902396440506, "Accuracy": 0.9249658935879945, "Sensitivity": 0.875, "Specificity": 0.927246790299572, "AUC": 0.9380349500713266}, "Label_10": {"Optimal Threshold": 0.02078421413898468, "Accuracy": 0.8485675306957708, "Sensitivity": 0.9166666666666666, "Specificity": 0.8474341192787794, "AUC": 0.938626907073509}, "Label_11": {"Optimal Threshold": 0.05983133986592293, "Accuracy": 0.9249658935879945, "Sensitivity": 0.9375, "Specificity": 0.9246861924686193, "AUC": 0.9657426778242678}, "Label_12": {"Optimal Threshold": 0.06900691241025925, "Accuracy": 0.8512960436562074, "Sensitivity": 0.7592592592592593, "Specificity": 0.8586156111929307, "AUC": 0.8854524627720505}, "Overall": {"Accuracy": 0.9151012698079548, "Sensitivity": 0.889986698284294, "Specificity": 0.9167302708615215, "AUC": 0.9443250323737852}}, "label_names": [[10, 1, 5, 2, 7, 3, 0, 6, 9], [10, 1, 5, 2, 8, 12, 4, 11]]}