{"shared_labels": 4, "perf": [0.09011591225862503, 0.9746425747871399], "metrics": {"Label_0": {"Optimal Threshold": 0.14415153861045837, "Accuracy": 0.9290586630286494, "Sensitivity": 0.8260869565217391, "Specificity": 0.9397590361445783, "AUC": 0.9566090448751529}, "Label_1": {"Optimal Threshold": 0.06105295196175575, "Accuracy": 0.9304229195088677, "Sensitivity": 0.9482758620689655, "Specificity": 0.9288888888888889, "AUC": 0.980970625798212}, "Label_2": {"Optimal Threshold": 0.20986557006835938, "Accuracy": 0.9154160982264665, "Sensitivity": 0.9122807017543859, "Specificity": 0.9168316831683169, "AUC": 0.9673701580684384}, "Label_3": {"Optimal Threshold": 0.28420934081077576, "Accuracy": 0.9249658935879945, "Sensitivity": 0.9140271493212669, "Specificity": 0.9296875, "AUC": 0.9726739253393666}, "Label_4": {"Optimal Threshold": 0.10257462412118912, "Accuracy": 0.9727148703956344, "Sensitivity": 0.8571428571428571, "Specificity": 0.9738292011019284, "AUC": 0.9661550570641481}, "Label_5": {"Optimal Threshold": 0.05541139841079712, "Accuracy": 0.9618008185538881, "Sensitivity": 0.8, "Specificity": 0.9629120879120879, "AUC": 0.9335164835164835}, "Label_6": {"Optimal Threshold": 0.018295694142580032, "Accuracy": 0.9017735334242838, "Sensitivity": 1.0, "Specificity": 0.9002770083102493, "AUC": 0.9779652480483505}, "Label_7": {"Optimal Threshold": 0.13901574909687042, "Accuracy": 0.9699863574351978, "Sensitivity": 1.0, "Specificity": 0.9672131147540983, "AUC": 0.9931253305129562}, "Label_8": {"Optimal Threshold": 0.0021546550560742617, "Accuracy": 0.6657571623465212, "Sensitivity": 1.0, "Specificity": 0.66484268125855, "AUC": 0.8125854993160054}, "Label_9": {"Optimal Threshold": 0.0861794576048851, "Accuracy": 0.922237380627558, "Sensitivity": 0.90625, "Specificity": 0.9229671897289586, "AUC": 0.9511412268188303}, "Label_10": {"Optimal Threshold": 0.014880277216434479, "Accuracy": 0.781718963165075, "Sensitivity": 0.9444444444444444, "Specificity": 0.7776223776223776, "AUC": 0.9026418026418027}, "Label_11": {"Optimal Threshold": 0.07763613760471344, "Accuracy": 0.9686221009549796, "Sensitivity": 0.8888888888888888, "Specificity": 0.9706293706293706, "AUC": 0.9592851592851592}, "Label_12": {"Optimal Threshold": 0.08501067757606506, "Accuracy": 0.878581173260573, "Sensitivity": 0.9019607843137255, "Specificity": 0.8768328445747801, "AUC": 0.9535966879420389}, "Overall": {"Accuracy": 0.9017735334242837, "Sensitivity": 0.9153352034197135, "Specificity": 0.9024840756995528, "AUC": 0.9482797114789956}}, "label_names": [[6, 7, 12, 9, 8, 5, 1, 3, 2], [6, 7, 12, 9, 0, 10, 4, 11]]}