{"shared_labels": 5, "perf": [0.09049887955188751, 0.9779694676399231], "metrics": {"Label_0": {"Optimal Threshold": 0.059871938079595566, "Accuracy": 0.8744884038199181, "Sensitivity": 0.9855072463768116, "Specificity": 0.8629518072289156, "AUC": 0.9735900122228043}, "Label_1": {"Optimal Threshold": 0.10024382174015045, "Accuracy": 0.9427012278308322, "Sensitivity": 0.9655172413793104, "Specificity": 0.9407407407407408, "AUC": 0.9884035759897828}, "Label_2": {"Optimal Threshold": 0.4422934055328369, "Accuracy": 0.927694406548431, "Sensitivity": 0.9122807017543859, "Specificity": 0.9346534653465347, "AUC": 0.9711829077644606}, "Label_3": {"Optimal Threshold": 0.4659040868282318, "Accuracy": 0.9331514324693042, "Sensitivity": 0.9230769230769231, "Specificity": 0.9375, "AUC": 0.9746624010180995}, "Label_4": {"Optimal Threshold": 0.01878218539059162, "Accuracy": 0.8813096862210096, "Sensitivity": 1.0, "Specificity": 0.8801652892561983, "AUC": 0.970090515545061}, "Label_5": {"Optimal Threshold": 0.007218752522021532, "Accuracy": 0.8676671214188267, "Sensitivity": 1.0, "Specificity": 0.8667582417582418, "AUC": 0.9425824175824176}, "Label_6": {"Optimal Threshold": 0.03421180322766304, "Accuracy": 0.9413369713506139, "Sensitivity": 0.9090909090909091, "Specificity": 0.9418282548476454, "AUC": 0.96398891966759}, "Label_7": {"Optimal Threshold": 0.10958614200353622, "Accuracy": 0.9590723055934516, "Sensitivity": 1.0, "Specificity": 0.9552906110283159, "AUC": 0.9926686217008797}, "Label_8": {"Optimal Threshold": 0.0039007654413580894, "Accuracy": 0.7312414733969986, "Sensitivity": 1.0, "Specificity": 0.7305061559507524, "AUC": 0.7455540355677155}, "Label_9": {"Optimal Threshold": 0.03378809615969658, "Accuracy": 0.8731241473396999, "Sensitivity": 0.96875, "Specificity": 0.8687589158345221, "AUC": 0.9509629101283881}, "Label_10": {"Optimal Threshold": 0.01071817148476839, "Accuracy": 0.7394270122783083, "Sensitivity": 1.0, "Specificity": 0.7328671328671329, "AUC": 0.9204351204351205}, "Label_11": {"Optimal Threshold": 0.033182013779878616, "Accuracy": 0.9399727148703957, "Sensitivity": 0.9444444444444444, "Specificity": 0.9398601398601398, "AUC": 0.9729603729603731}, "Label_12": {"Optimal Threshold": 0.11994937062263489, "Accuracy": 0.8403819918144612, "Sensitivity": 0.9019607843137255, "Specificity": 0.8357771260997068, "AUC": 0.9270599735495371}, "Overall": {"Accuracy": 0.880889914996327, "Sensitivity": 0.962356019264347, "Specificity": 0.8790506062168345, "AUC": 0.9457032141640176}}, "label_names": [[9, 10, 0, 3, 7, 11, 6, 8, 2], [9, 10, 0, 3, 7, 1, 5, 4, 12]]}