{"shared_labels": 5, "perf": [0.09319794923067093, 0.9743130803108215], "metrics": {"Label_0": {"Optimal Threshold": 0.05761934816837311, "Accuracy": 0.9495225102319236, "Sensitivity": 0.8602150537634409, "Specificity": 0.9625, "AUC": 0.9684139784946236}, "Label_1": {"Optimal Threshold": 0.08349726349115372, "Accuracy": 0.9549795361527967, "Sensitivity": 0.9466666666666667, "Specificity": 0.9559270516717325, "AUC": 0.9873961499493414}, "Label_2": {"Optimal Threshold": 0.35558897256851196, "Accuracy": 0.9304229195088677, "Sensitivity": 0.9090909090909091, "Specificity": 0.9416666666666667, "AUC": 0.9737483530961791}, "Label_3": {"Optimal Threshold": 0.358717679977417, "Accuracy": 0.9386084583901774, "Sensitivity": 0.9338842975206612, "Specificity": 0.9409368635437881, "AUC": 0.9790611166282338}, "Label_4": {"Optimal Threshold": 0.0018773870542645454, "Accuracy": 0.8294679399727148, "Sensitivity": 0.8, "Specificity": 0.8298755186721992, "AUC": 0.892116182572614}, "Label_5": {"Optimal Threshold": 0.003534461837261915, "Accuracy": 0.8540245566166439, "Sensitivity": 1.0, "Specificity": 0.8526170798898072, "AUC": 0.9529712711530893}, "Label_6": {"Optimal Threshold": 0.07669726014137268, "Accuracy": 0.9809004092769441, "Sensitivity": 1.0, "Specificity": 0.9807692307692307, "AUC": 0.9909340659340659}, "Label_7": {"Optimal Threshold": 0.11886776238679886, "Accuracy": 0.9508867667121419, "Sensitivity": 0.9365079365079365, "Specificity": 0.9522388059701492, "AUC": 0.9804311774461029}, "Label_8": {"Optimal Threshold": 0.00863670278340578, "Accuracy": 0.9154160982264665, "Sensitivity": 1.0, "Specificity": 0.9147180192572214, "AUC": 0.96767537826685}, "Label_9": {"Optimal Threshold": 0.04105532914400101, "Accuracy": 0.8949522510231923, "Sensitivity": 0.9615384615384616, "Specificity": 0.8925035360678925, "AUC": 0.9752475247524751}, "Label_10": {"Optimal Threshold": 0.053931914269924164, "Accuracy": 0.9249658935879945, "Sensitivity": 0.8461538461538461, "Specificity": 0.9263888888888889, "AUC": 0.9392094017094017}, "Label_11": {"Optimal Threshold": 0.027245182543992996, "Accuracy": 0.9427012278308322, "Sensitivity": 1.0, "Specificity": 0.9413407821229051, "AUC": 0.9838153138350312}, "Label_12": {"Optimal Threshold": 0.04547514766454697, "Accuracy": 0.7885402455661664, "Sensitivity": 0.8148148148148148, "Specificity": 0.7864506627393225, "AUC": 0.8814432989690723}, "Overall": {"Accuracy": 0.9119529856228356, "Sensitivity": 0.9237593835428259, "Specificity": 0.913687162019985, "AUC": 0.9594202471390063}}, "label_names": [[3, 8, 9, 10, 6, 0, 5, 11, 7], [3, 8, 9, 10, 6, 1, 4, 12, 2]]}