{"shared_labels": 3, "perf": [0.08892631530761719, 0.9744110703468323], "metrics": {"Label_0": {"Optimal Threshold": 0.09626239538192749, "Accuracy": 0.937244201909959, "Sensitivity": 0.8840579710144928, "Specificity": 0.9427710843373494, "AUC": 0.9658198009429021}, "Label_1": {"Optimal Threshold": 0.024171007797122, "Accuracy": 0.9208731241473397, "Sensitivity": 0.9827586206896551, "Specificity": 0.9155555555555556, "AUC": 0.9888122605363985}, "Label_2": {"Optimal Threshold": 0.12667477130889893, "Accuracy": 0.9249658935879945, "Sensitivity": 0.9254385964912281, "Specificity": 0.9247524752475248, "AUC": 0.9708528747611603}, "Label_3": {"Optimal Threshold": 0.25000399351119995, "Accuracy": 0.9236016371077762, "Sensitivity": 0.9411764705882353, "Specificity": 0.916015625, "AUC": 0.9742116798642534}, "Label_4": {"Optimal Threshold": 0.021602164953947067, "Accuracy": 0.9618008185538881, "Sensitivity": 0.8571428571428571, "Specificity": 0.9628099173553719, "AUC": 0.9635970090515547}, "Label_5": {"Optimal Threshold": 0.034939803183078766, "Accuracy": 0.9713506139154161, "Sensitivity": 0.8, "Specificity": 0.9725274725274725, "AUC": 0.9131868131868132}, "Label_6": {"Optimal Threshold": 0.007331473287194967, "Accuracy": 0.8949522510231923, "Sensitivity": 1.0, "Specificity": 0.8933518005540166, "AUC": 0.9740619491312011}, "Label_7": {"Optimal Threshold": 0.1352260559797287, "Accuracy": 0.975443383356071, "Sensitivity": 1.0, "Specificity": 0.9731743666169895, "AUC": 0.99401471083121}, "Label_8": {"Optimal Threshold": 0.0009468194330111146, "Accuracy": 0.684856753069577, "Sensitivity": 1.0, "Specificity": 0.6839945280437757, "AUC": 0.7995896032831737}, "Label_9": {"Optimal Threshold": 0.012540615163743496, "Accuracy": 0.859481582537517, "Sensitivity": 0.9375, "Specificity": 0.8559201141226819, "AUC": 0.9434290299572039}, "Label_10": {"Optimal Threshold": 0.012027476914227009, "Accuracy": 0.8076398362892224, "Sensitivity": 0.8888888888888888, "Specificity": 0.8055944055944056, "AUC": 0.9174048174048174}, "Label_11": {"Optimal Threshold": 0.018144143745303154, "Accuracy": 0.9167803547066848, "Sensitivity": 0.9444444444444444, "Specificity": 0.916083916083916, "AUC": 0.9690753690753691}, "Label_12": {"Optimal Threshold": 0.11306346207857132, "Accuracy": 0.8813096862210096, "Sensitivity": 0.8627450980392157, "Specificity": 0.8826979472140762, "AUC": 0.9401702029785521}, "Overall": {"Accuracy": 0.8969461643404344, "Sensitivity": 0.9249348420999245, "Specificity": 0.8957884006348567, "AUC": 0.9472481631542007}}, "label_names": [[1, 4, 10, 9, 7, 0, 3, 11], [1, 4, 10, 8, 5, 6, 2, 12]]}