{"shared_labels": 11, "perf": [0.0869109109044075, 0.978914737701416], "metrics": {"Label_0": {"Optimal Threshold": 0.13964566588401794, "Accuracy": 0.9304229195088677, "Sensitivity": 0.8602150537634409, "Specificity": 0.940625, "AUC": 0.9699260752688171}, "Label_1": {"Optimal Threshold": 0.14010171592235565, "Accuracy": 0.956343792633015, "Sensitivity": 0.96, "Specificity": 0.9559270516717325, "AUC": 0.989402228976697}, "Label_2": {"Optimal Threshold": 0.39532750844955444, "Accuracy": 0.9304229195088677, "Sensitivity": 0.9090909090909091, "Specificity": 0.9416666666666667, "AUC": 0.9715662055335968}, "Label_3": {"Optimal Threshold": 0.34267401695251465, "Accuracy": 0.9249658935879945, "Sensitivity": 0.9462809917355371, "Specificity": 0.9144602851323829, "AUC": 0.9767214825537358}, "Label_4": {"Optimal Threshold": 0.0018057662528008223, "Accuracy": 0.8076398362892224, "Sensitivity": 0.9, "Specificity": 0.8063623789764869, "AUC": 0.904149377593361}, "Label_5": {"Optimal Threshold": 0.0015346709406003356, "Accuracy": 0.7830832196452933, "Sensitivity": 1.0, "Specificity": 0.78099173553719, "AUC": 0.9443132624950806}, "Label_6": {"Optimal Threshold": 0.039288170635700226, "Accuracy": 0.9672578444747613, "Sensitivity": 1.0, "Specificity": 0.967032967032967, "AUC": 0.9873626373626373}, "Label_7": {"Optimal Threshold": 0.11637252569198608, "Accuracy": 0.9440654843110505, "Sensitivity": 0.9365079365079365, "Specificity": 0.9447761194029851, "AUC": 0.9814025112532575}, "Label_8": {"Optimal Threshold": 0.0016131163574755192, "Accuracy": 0.8321964529331515, "Sensitivity": 1.0, "Specificity": 0.8308115543328748, "AUC": 0.9516276937184777}, "Label_9": {"Optimal Threshold": 0.012704040855169296, "Accuracy": 0.8431105047748977, "Sensitivity": 1.0, "Specificity": 0.8373408769448374, "AUC": 0.976009139375476}, "Label_10": {"Optimal Threshold": 0.030240509659051895, "Accuracy": 0.8908594815825375, "Sensitivity": 0.8461538461538461, "Specificity": 0.8916666666666667, "AUC": 0.9172008547008548}, "Label_11": {"Optimal Threshold": 0.06165667250752449, "Accuracy": 0.9795361527967258, "Sensitivity": 1.0, "Specificity": 0.979050279329609, "AUC": 0.9900591521524812}, "Label_12": {"Optimal Threshold": 0.11496689915657043, "Accuracy": 0.897680763983629, "Sensitivity": 0.8333333333333334, "Specificity": 0.9027982326951399, "AUC": 0.9420989472535863}, "Overall": {"Accuracy": 0.8990450204638474, "Sensitivity": 0.9378140054296158, "Specificity": 0.8995007549530416, "AUC": 0.9616799667875432}}, "label_names": [[3, 10, 4, 0, 6, 8, 1, 5, 11, 9, 12, 2], [3, 10, 4, 0, 6, 8, 1, 5, 11, 9, 12, 7]]}