{"shared_labels": 11, "perf": [0.08796466141939163, 0.9758988618850708], "metrics": {"Label_0": {"Optimal Threshold": 0.06453363597393036, "Accuracy": 0.9249658935879945, "Sensitivity": 0.8840579710144928, "Specificity": 0.9292168674698795, "AUC": 0.9686354112100576}, "Label_1": {"Optimal Threshold": 0.03399145230650902, "Accuracy": 0.9399727148703957, "Sensitivity": 0.9655172413793104, "Specificity": 0.9377777777777778, "AUC": 0.9882758620689656}, "Label_2": {"Optimal Threshold": 0.21971866488456726, "Accuracy": 0.922237380627558, "Sensitivity": 0.9210526315789473, "Specificity": 0.9227722772277228, "AUC": 0.9736407851311447}, "Label_3": {"Optimal Threshold": 0.3645099401473999, "Accuracy": 0.937244201909959, "Sensitivity": 0.8914027149321267, "Specificity": 0.95703125, "AUC": 0.9755991940045249}, "Label_4": {"Optimal Threshold": 0.0254326481372118, "Accuracy": 0.9399727148703957, "Sensitivity": 0.8571428571428571, "Specificity": 0.940771349862259, "AUC": 0.9576938213301849}, "Label_5": {"Optimal Threshold": 0.052543673664331436, "Accuracy": 0.9645293315143247, "Sensitivity": 0.8, "Specificity": 0.9656593406593407, "AUC": 0.9401098901098901}, "Label_6": {"Optimal Threshold": 0.0151749886572361, "Accuracy": 0.9058663028649386, "Sensitivity": 1.0, "Specificity": 0.9044321329639889, "AUC": 0.9734323847897255}, "Label_7": {"Optimal Threshold": 0.1283634752035141, "Accuracy": 0.9727148703956344, "Sensitivity": 1.0, "Specificity": 0.970193740685544, "AUC": 0.9932695543483486}, "Label_8": {"Optimal Threshold": 0.0019832311663776636, "Accuracy": 0.7598908594815825, "Sensitivity": 1.0, "Specificity": 0.759233926128591, "AUC": 0.8002735978112175}, "Label_9": {"Optimal Threshold": 0.041862040758132935, "Accuracy": 0.888130968622101, "Sensitivity": 0.875, "Specificity": 0.8887303851640513, "AUC": 0.9380795292439372}, "Label_10": {"Optimal Threshold": 0.01204600278288126, "Accuracy": 0.8021828103683493, "Sensitivity": 0.8888888888888888, "Specificity": 0.8, "AUC": 0.9048951048951048}, "Label_11": {"Optimal Threshold": 0.013758284971117973, "Accuracy": 0.8922237380627558, "Sensitivity": 1.0, "Specificity": 0.8895104895104895, "AUC": 0.9795648795648796}, "Label_12": {"Optimal Threshold": 0.04711730778217316, "Accuracy": 0.7776261937244202, "Sensitivity": 0.9803921568627451, "Specificity": 0.7624633431085044, "AUC": 0.949916623540912}, "Overall": {"Accuracy": 0.8944275369923391, "Sensitivity": 0.9279580355230284, "Specificity": 0.8944456061967805, "AUC": 0.949491279849915}}, "label_names": [[4, 7, 0, 1, 6, 10, 12, 11, 5, 2, 8, 3], [4, 7, 0, 1, 6, 10, 12, 11, 5, 2, 8, 9]]}