{"shared_labels": 3, "perf": [0.10105061531066895, 0.9698395133018494], "metrics": {"Label_0": {"Optimal Threshold": 0.1129240095615387, "Accuracy": 0.9017735334242838, "Sensitivity": 0.813953488372093, "Specificity": 0.9134466769706336, "AUC": 0.938661442795011}, "Label_1": {"Optimal Threshold": 0.11953567713499069, "Accuracy": 0.9290586630286494, "Sensitivity": 0.8888888888888888, "Specificity": 0.9334341906202723, "AUC": 0.9717809715918642}, "Label_2": {"Optimal Threshold": 0.13962382078170776, "Accuracy": 0.8949522510231923, "Sensitivity": 0.9380165289256198, "Specificity": 0.8737270875763747, "AUC": 0.9662015451684031}, "Label_3": {"Optimal Threshold": 0.16653838753700256, "Accuracy": 0.9099590723055935, "Sensitivity": 0.944206008583691, "Specificity": 0.894, "AUC": 0.971656652360515}, "Label_4": {"Optimal Threshold": 0.004270133562386036, "Accuracy": 0.8335607094133697, "Sensitivity": 1.0, "Specificity": 0.8310249307479224, "AUC": 0.9540418030722739}, "Label_5": {"Optimal Threshold": 0.0011633237591013312, "Accuracy": 0.7080491132332879, "Sensitivity": 1.0, "Specificity": 0.7064471879286695, "AUC": 0.8696844993141288}, "Label_6": {"Optimal Threshold": 0.1179066076874733, "Accuracy": 0.9863574351978172, "Sensitivity": 1.0, "Specificity": 0.9863201094391245, "AUC": 0.9924760601915185}, "Label_7": {"Optimal Threshold": 0.057408563792705536, "Accuracy": 0.9358799454297408, "Sensitivity": 0.9824561403508771, "Specificity": 0.9319526627218935, "AUC": 0.9853109104121249}, "Label_8": {"Optimal Threshold": 0.015077231451869011, "Accuracy": 0.9058663028649386, "Sensitivity": 1.0, "Specificity": 0.9053497942386831, "AUC": 0.9756515775034293}, "Label_9": {"Optimal Threshold": 0.03712739422917366, "Accuracy": 0.8799454297407913, "Sensitivity": 0.9642857142857143, "Specificity": 0.8765957446808511, "AUC": 0.9564842958459979}, "Label_10": {"Optimal Threshold": 0.003397128777578473, "Accuracy": 0.6412005457025921, "Sensitivity": 1.0, "Specificity": 0.6337047353760445, "AUC": 0.8749303621169917}, "Label_11": {"Optimal Threshold": 0.04153985157608986, "Accuracy": 0.9645293315143247, "Sensitivity": 0.9444444444444444, "Specificity": 0.965034965034965, "AUC": 0.9726495726495726}, "Label_12": {"Optimal Threshold": 0.11744877696037292, "Accuracy": 0.8894952251023193, "Sensitivity": 0.8166666666666667, "Specificity": 0.8959881129271917, "AUC": 0.9119861317483903}, "Overall": {"Accuracy": 0.8754328890754538, "Sensitivity": 0.9456090677321534, "Specificity": 0.872848169097125, "AUC": 0.9493473711361708}}, "label_names": [[5, 3, 12, 10, 7, 6, 2, 8], [5, 3, 12, 11, 4, 0, 1, 9]]}