{"shared_labels": 3, "perf": [0.08958644419908524, 0.9757384657859802], "metrics": {"Label_0": {"Optimal Threshold": 0.18502257764339447, "Accuracy": 0.9495225102319236, "Sensitivity": 0.7971014492753623, "Specificity": 0.9653614457831325, "AUC": 0.9545355334381003}, "Label_1": {"Optimal Threshold": 0.0640861988067627, "Accuracy": 0.9263301500682128, "Sensitivity": 0.9655172413793104, "Specificity": 0.922962962962963, "AUC": 0.9875606641123883}, "Label_2": {"Optimal Threshold": 0.4337257444858551, "Accuracy": 0.922237380627558, "Sensitivity": 0.9035087719298246, "Specificity": 0.9306930693069307, "AUC": 0.9717821782178218}, "Label_3": {"Optimal Threshold": 0.38670068979263306, "Accuracy": 0.927694406548431, "Sensitivity": 0.9230769230769231, "Specificity": 0.9296875, "AUC": 0.9739553874434388}, "Label_4": {"Optimal Threshold": 0.03835173696279526, "Accuracy": 0.9727148703956344, "Sensitivity": 0.8571428571428571, "Specificity": 0.9738292011019284, "AUC": 0.9708776072412437}, "Label_5": {"Optimal Threshold": 0.05576527863740921, "Accuracy": 0.9699863574351978, "Sensitivity": 0.8, "Specificity": 0.9711538461538461, "AUC": 0.9384615384615385}, "Label_6": {"Optimal Threshold": 0.012308482080698013, "Accuracy": 0.9167803547066848, "Sensitivity": 1.0, "Specificity": 0.9155124653739612, "AUC": 0.9823721984386805}, "Label_7": {"Optimal Threshold": 0.15313318371772766, "Accuracy": 0.9618008185538881, "Sensitivity": 0.9838709677419355, "Specificity": 0.9597615499254843, "AUC": 0.992452285947791}, "Label_8": {"Optimal Threshold": 0.002395796123892069, "Accuracy": 0.8240109140518418, "Sensitivity": 1.0, "Specificity": 0.8235294117647058, "AUC": 0.859781121751026}, "Label_9": {"Optimal Threshold": 0.017733165994286537, "Accuracy": 0.8963165075034106, "Sensitivity": 0.9375, "Specificity": 0.8944365192582026, "AUC": 0.9479761055634807}, "Label_10": {"Optimal Threshold": 0.004458611831068993, "Accuracy": 0.684856753069577, "Sensitivity": 0.9444444444444444, "Specificity": 0.6783216783216783, "AUC": 0.8746697746697747}, "Label_11": {"Optimal Threshold": 0.042978350073099136, "Accuracy": 0.9686221009549796, "Sensitivity": 0.9444444444444444, "Specificity": 0.9692307692307692, "AUC": 0.983061383061383}, "Label_12": {"Optimal Threshold": 0.04032519832253456, "Accuracy": 0.8362892223738063, "Sensitivity": 0.8431372549019608, "Specificity": 0.8357771260997068, "AUC": 0.9202461043068254}, "Overall": {"Accuracy": 0.9043971035785496, "Sensitivity": 0.9153649503336202, "Specificity": 0.9054044265602547, "AUC": 0.9505947602041147}}, "label_names": [[5, 11, 4, 8, 0, 9, 7, 2], [5, 11, 4, 10, 1, 12, 3, 6]]}