{"shared_labels": 4, "perf": [0.08972836285829544, 0.9764639735221863], "metrics": {"Label_0": {"Optimal Threshold": 0.09339145570993423, "Accuracy": 0.9195088676671214, "Sensitivity": 0.8985507246376812, "Specificity": 0.9216867469879518, "AUC": 0.9591845643443339}, "Label_1": {"Optimal Threshold": 0.06352870911359787, "Accuracy": 0.9345156889495225, "Sensitivity": 0.9655172413793104, "Specificity": 0.9318518518518518, "AUC": 0.9834227330779055}, "Label_2": {"Optimal Threshold": 0.36306726932525635, "Accuracy": 0.9249658935879945, "Sensitivity": 0.9210526315789473, "Specificity": 0.9267326732673268, "AUC": 0.9748653812749696}, "Label_3": {"Optimal Threshold": 0.2689773738384247, "Accuracy": 0.9181446111869032, "Sensitivity": 0.9321266968325792, "Specificity": 0.912109375, "AUC": 0.9752191742081449}, "Label_4": {"Optimal Threshold": 0.017718248069286346, "Accuracy": 0.9399727148703957, "Sensitivity": 0.8571428571428571, "Specificity": 0.940771349862259, "AUC": 0.9567099567099567}, "Label_5": {"Optimal Threshold": 0.003147551091387868, "Accuracy": 0.8090040927694406, "Sensitivity": 1.0, "Specificity": 0.8076923076923077, "AUC": 0.9145604395604395}, "Label_6": {"Optimal Threshold": 0.008947424590587616, "Accuracy": 0.8185538881309686, "Sensitivity": 1.0, "Specificity": 0.8157894736842105, "AUC": 0.9443465122135482}, "Label_7": {"Optimal Threshold": 0.1617029309272766, "Accuracy": 0.9549795361527967, "Sensitivity": 1.0, "Specificity": 0.9508196721311475, "AUC": 0.992452285947791}, "Label_8": {"Optimal Threshold": 0.0012923609465360641, "Accuracy": 0.73806275579809, "Sensitivity": 1.0, "Specificity": 0.7373461012311902, "AUC": 0.7455540355677155}, "Label_9": {"Optimal Threshold": 0.028357109054923058, "Accuracy": 0.922237380627558, "Sensitivity": 0.96875, "Specificity": 0.920114122681883, "AUC": 0.956490727532097}, "Label_10": {"Optimal Threshold": 0.010674550198018551, "Accuracy": 0.7735334242837654, "Sensitivity": 0.9444444444444444, "Specificity": 0.7692307692307693, "AUC": 0.9212121212121211}, "Label_11": {"Optimal Threshold": 0.02436242438852787, "Accuracy": 0.9236016371077762, "Sensitivity": 1.0, "Specificity": 0.9216783216783216, "AUC": 0.9815073815073816}, "Label_12": {"Optimal Threshold": 0.07091954350471497, "Accuracy": 0.8076398362892224, "Sensitivity": 0.9019607843137255, "Specificity": 0.8005865102639296, "AUC": 0.9299637743660514}, "Overall": {"Accuracy": 0.8757477174939658, "Sensitivity": 0.953041952333042, "Specificity": 0.8735699442740883, "AUC": 0.9411914682709581}}, "label_names": [[10, 2, 9, 8, 7, 4, 0, 11, 1], [10, 2, 9, 8, 5, 12, 6, 3]]}