{"shared_labels": 4, "perf": [0.08708876371383667, 0.9784142971038818], "metrics": {"Label_0": {"Optimal Threshold": 0.05667898803949356, "Accuracy": 0.897680763983629, "Sensitivity": 0.9130434782608695, "Specificity": 0.8960843373493976, "AUC": 0.9674567836563646}, "Label_1": {"Optimal Threshold": 0.06776942312717438, "Accuracy": 0.9495225102319236, "Sensitivity": 0.9827586206896551, "Specificity": 0.9466666666666667, "AUC": 0.9899616858237548}, "Label_2": {"Optimal Threshold": 0.2762471139431, "Accuracy": 0.9195088676671214, "Sensitivity": 0.9078947368421053, "Specificity": 0.9247524752475248, "AUC": 0.967074865381275}, "Label_3": {"Optimal Threshold": 0.3157196044921875, "Accuracy": 0.9290586630286494, "Sensitivity": 0.9095022624434389, "Specificity": 0.9375, "AUC": 0.969501201923077}, "Label_4": {"Optimal Threshold": 0.006480638403445482, "Accuracy": 0.8540245566166439, "Sensitivity": 1.0, "Specificity": 0.8526170798898072, "AUC": 0.974616292798111}, "Label_5": {"Optimal Threshold": 0.014946223236620426, "Accuracy": 0.927694406548431, "Sensitivity": 0.8, "Specificity": 0.9285714285714286, "AUC": 0.9222527472527473}, "Label_6": {"Optimal Threshold": 0.023155709728598595, "Accuracy": 0.903137789904502, "Sensitivity": 1.0, "Specificity": 0.9016620498614959, "AUC": 0.9775875094434652}, "Label_7": {"Optimal Threshold": 0.09803923219442368, "Accuracy": 0.9631650750341064, "Sensitivity": 1.0, "Specificity": 0.9597615499254843, "AUC": 0.99401471083121}, "Label_8": {"Optimal Threshold": 0.0026200825814157724, "Accuracy": 0.8130968622100955, "Sensitivity": 1.0, "Specificity": 0.8125854993160054, "AUC": 0.8419972640218878}, "Label_9": {"Optimal Threshold": 0.05207600072026253, "Accuracy": 0.9045020463847203, "Sensitivity": 0.9375, "Specificity": 0.9029957203994294, "AUC": 0.9505616975748931}, "Label_10": {"Optimal Threshold": 0.013273081742227077, "Accuracy": 0.7844474761255116, "Sensitivity": 1.0, "Specificity": 0.779020979020979, "AUC": 0.9333333333333335}, "Label_11": {"Optimal Threshold": 0.009473655372858047, "Accuracy": 0.8867667121418826, "Sensitivity": 1.0, "Specificity": 0.8839160839160839, "AUC": 0.9788655788655788}, "Label_12": {"Optimal Threshold": 0.13583283126354218, "Accuracy": 0.8854024556616644, "Sensitivity": 0.9019607843137255, "Specificity": 0.8841642228739003, "AUC": 0.960956816744293}, "Overall": {"Accuracy": 0.8936929373491446, "Sensitivity": 0.9502046063499842, "Specificity": 0.8930998533106311, "AUC": 0.9560138836653839}}, "label_names": [[4, 10, 9, 12, 0, 5, 8, 2, 3], [4, 10, 9, 12, 7, 6, 11, 1]]}