{"shared_labels": 0, "perf": [0.09285761415958405, 0.9746461510658264], "label_names": [[3, 5, 6, 0, 2, 9, 8], [12, 10, 7, 11, 4, 1]], "metrics": {"Label_0": {"Optimal Threshold": 0.13996678590774536, "Accuracy": 0.9590723055934516, "Sensitivity": 0.8405797101449275, "Specificity": 0.9713855421686747, "AUC": 0.9591627379081543}, "Label_1": {"Optimal Threshold": 0.3143461346626282, "Accuracy": 0.975443383356071, "Sensitivity": 0.9310344827586207, "Specificity": 0.9792592592592593, "AUC": 0.9903703703703703}, "Label_2": {"Optimal Threshold": 0.24961009621620178, "Accuracy": 0.9140518417462483, "Sensitivity": 0.9166666666666666, "Specificity": 0.9128712871287129, "AUC": 0.967952058363731}, "Label_3": {"Optimal Threshold": 0.1866384744644165, "Accuracy": 0.9113233287858117, "Sensitivity": 0.9230769230769231, "Specificity": 0.90625, "AUC": 0.9708445277149322}, "Label_4": {"Optimal Threshold": 0.07706782966852188, "Accuracy": 0.965893587994543, "Sensitivity": 0.8571428571428571, "Specificity": 0.9669421487603306, "AUC": 0.9669421487603306}, "Label_5": {"Optimal Threshold": 0.023124337196350098, "Accuracy": 0.9099590723055935, "Sensitivity": 0.8, "Specificity": 0.9107142857142857, "AUC": 0.9189560439560439}, "Label_6": {"Optimal Threshold": 0.013970586471259594, "Accuracy": 0.8649386084583902, "Sensitivity": 1.0, "Specificity": 0.8628808864265928, "AUC": 0.9661294384286074}, "Label_7": {"Optimal Threshold": 0.24716080725193024, "Accuracy": 0.9590723055934516, "Sensitivity": 0.9838709677419355, "Specificity": 0.9567809239940388, "AUC": 0.9913946444882458}, "Label_8": {"Optimal Threshold": 0.002469143131747842, "Accuracy": 0.7885402455661664, "Sensitivity": 1.0, "Specificity": 0.7879616963064295, "AUC": 0.8419972640218878}, "Label_9": {"Optimal Threshold": 0.021771349012851715, "Accuracy": 0.8772169167803547, "Sensitivity": 0.96875, "Specificity": 0.8730385164051355, "AUC": 0.9443651925820257}, "Label_10": {"Optimal Threshold": 0.04191416874527931, "Accuracy": 0.8744884038199181, "Sensitivity": 0.8333333333333334, "Specificity": 0.8755244755244755, "AUC": 0.9212121212121213}, "Label_11": {"Optimal Threshold": 0.051908377557992935, "Accuracy": 0.9495225102319236, "Sensitivity": 0.8888888888888888, "Specificity": 0.951048951048951, "AUC": 0.9636363636363636}, "Label_12": {"Optimal Threshold": 0.0868624672293663, "Accuracy": 0.8185538881309686, "Sensitivity": 0.9019607843137255, "Specificity": 0.8123167155425219, "AUC": 0.9373526536714393}, "Overall": {"Accuracy": 0.9052366460279149, "Sensitivity": 0.9111772780052215, "Specificity": 0.905151899098416, "AUC": 0.9492550434703273}}}