{"shared_labels": 11, "perf": [0.08706001192331314, 0.9775058627128601], "label_names": [[6, 4, 1, 12, 0, 2, 3, 9, 10, 8, 7, 11], [6, 4, 1, 12, 0, 2, 3, 9, 10, 8, 7, 5]], "metrics": {"Label_0": {"Optimal Threshold": 0.1929737627506256, "Accuracy": 0.946793997271487, "Sensitivity": 0.855072463768116, "Specificity": 0.9563253012048193, "AUC": 0.9660162388685175}, "Label_1": {"Optimal Threshold": 0.06788816303014755, "Accuracy": 0.9386084583901774, "Sensitivity": 0.9482758620689655, "Specificity": 0.9377777777777778, "AUC": 0.9872286079182631}, "Label_2": {"Optimal Threshold": 0.39512768387794495, "Accuracy": 0.927694406548431, "Sensitivity": 0.8947368421052632, "Specificity": 0.9425742574257425, "AUC": 0.9729199235713045}, "Label_3": {"Optimal Threshold": 0.37633275985717773, "Accuracy": 0.9331514324693042, "Sensitivity": 0.9140271493212669, "Specificity": 0.94140625, "AUC": 0.9756257070135745}, "Label_4": {"Optimal Threshold": 0.0015385302249342203, "Accuracy": 0.7803547066848567, "Sensitivity": 1.0, "Specificity": 0.778236914600551, "AUC": 0.9545454545454546}, "Label_5": {"Optimal Threshold": 0.033888448029756546, "Accuracy": 0.9522510231923602, "Sensitivity": 0.8, "Specificity": 0.9532967032967034, "AUC": 0.9296703296703297}, "Label_6": {"Optimal Threshold": 0.006717950105667114, "Accuracy": 0.844474761255116, "Sensitivity": 1.0, "Specificity": 0.8421052631578947, "AUC": 0.9656257869554269}, "Label_7": {"Optimal Threshold": 0.160439595580101, "Accuracy": 0.9727148703956344, "Sensitivity": 1.0, "Specificity": 0.970193740685544, "AUC": 0.9933416662660449}, "Label_8": {"Optimal Threshold": 0.002789334626868367, "Accuracy": 0.800818553888131, "Sensitivity": 1.0, "Specificity": 0.8002735978112175, "AUC": 0.8419972640218879}, "Label_9": {"Optimal Threshold": 0.02233671396970749, "Accuracy": 0.8990450204638472, "Sensitivity": 0.9375, "Specificity": 0.8972895863052782, "AUC": 0.9493134807417974}, "Label_10": {"Optimal Threshold": 0.012081284075975418, "Accuracy": 0.7708049113233287, "Sensitivity": 0.9444444444444444, "Specificity": 0.7664335664335664, "AUC": 0.9086247086247086}, "Label_11": {"Optimal Threshold": 0.06620200723409653, "Accuracy": 0.9699863574351978, "Sensitivity": 0.9444444444444444, "Specificity": 0.9706293706293706, "AUC": 0.9781662781662781}, "Label_12": {"Optimal Threshold": 0.0804530456662178, "Accuracy": 0.869031377899045, "Sensitivity": 0.8823529411764706, "Specificity": 0.8680351906158358, "AUC": 0.942671496751193}, "Overall": {"Accuracy": 0.892748452093609, "Sensitivity": 0.9323733959483824, "Specificity": 0.8941982707649463, "AUC": 0.9512113033165216}}}