{"shared_labels": 5, "perf": [0.08802352100610733, 0.9760693311691284], "label_names": [[2, 10, 8, 5, 12, 11, 7, 0, 3], [2, 10, 8, 5, 12, 9, 6, 1, 4]], "metrics": {"Label_0": {"Optimal Threshold": 0.22623078525066376, "Accuracy": 0.956343792633015, "Sensitivity": 0.8115942028985508, "Specificity": 0.9713855421686747, "AUC": 0.959926663174437}, "Label_1": {"Optimal Threshold": 0.08265935629606247, "Accuracy": 0.9413369713506139, "Sensitivity": 0.9482758620689655, "Specificity": 0.9407407407407408, "AUC": 0.9857471264367815}, "Label_2": {"Optimal Threshold": 0.30518588423728943, "Accuracy": 0.9304229195088677, "Sensitivity": 0.9166666666666666, "Specificity": 0.9366336633663367, "AUC": 0.9747177349313879}, "Label_3": {"Optimal Threshold": 0.1871555894613266, "Accuracy": 0.9236016371077762, "Sensitivity": 0.9457013574660633, "Specificity": 0.9140625, "AUC": 0.974812641402715}, "Label_4": {"Optimal Threshold": 0.038013774901628494, "Accuracy": 0.956343792633015, "Sensitivity": 0.8571428571428571, "Specificity": 0.9573002754820936, "AUC": 0.9565131837859111}, "Label_5": {"Optimal Threshold": 0.07684263586997986, "Accuracy": 0.9863574351978172, "Sensitivity": 0.8, "Specificity": 0.9876373626373627, "AUC": 0.9412087912087912}, "Label_6": {"Optimal Threshold": 0.01913810521364212, "Accuracy": 0.9358799454297408, "Sensitivity": 1.0, "Specificity": 0.9349030470914127, "AUC": 0.9812389826240242}, "Label_7": {"Optimal Threshold": 0.11582008004188538, "Accuracy": 0.9618008185538881, "Sensitivity": 0.9838709677419355, "Specificity": 0.9597615499254843, "AUC": 0.9919475025239172}, "Label_8": {"Optimal Threshold": 0.0020753515418618917, "Accuracy": 0.8171896316507503, "Sensitivity": 1.0, "Specificity": 0.8166894664842681, "AUC": 0.832421340629275}, "Label_9": {"Optimal Threshold": 0.036276765167713165, "Accuracy": 0.8935879945429741, "Sensitivity": 0.96875, "Specificity": 0.8901569186875892, "AUC": 0.948555634807418}, "Label_10": {"Optimal Threshold": 0.00844333041459322, "Accuracy": 0.791268758526603, "Sensitivity": 1.0, "Specificity": 0.786013986013986, "AUC": 0.9355866355866356}, "Label_11": {"Optimal Threshold": 0.012029539793729782, "Accuracy": 0.8908594815825375, "Sensitivity": 0.9444444444444444, "Specificity": 0.8895104895104895, "AUC": 0.9414918414918416}, "Label_12": {"Optimal Threshold": 0.06777194887399673, "Accuracy": 0.8908594815825375, "Sensitivity": 0.8431372549019608, "Specificity": 0.8944281524926686, "AUC": 0.9481915933528837}, "Overall": {"Accuracy": 0.9135271277153953, "Sensitivity": 0.9245833548716497, "Specificity": 0.9137864380462388, "AUC": 0.9517199747658476}}}