{"shared_labels": 8, "perf": [0.09041311591863632, 0.9780901074409485], "label_names": [[9, 5, 11, 7, 6, 10, 2, 3, 12, 4, 8], [9, 5, 11, 7, 6, 10, 2, 3, 0, 1]], "metrics": {"Label_0": {"Optimal Threshold": 0.11938033998012543, "Accuracy": 0.8990450204638472, "Sensitivity": 0.855072463768116, "Specificity": 0.9036144578313253, "AUC": 0.9487515278505325}, "Label_1": {"Optimal Threshold": 0.038012053817510605, "Accuracy": 0.8949522510231923, "Sensitivity": 0.9655172413793104, "Specificity": 0.8888888888888888, "AUC": 0.9797701149425287}, "Label_2": {"Optimal Threshold": 0.7001605033874512, "Accuracy": 0.9331514324693042, "Sensitivity": 0.8771929824561403, "Specificity": 0.9584158415841584, "AUC": 0.9728070175438596}, "Label_3": {"Optimal Threshold": 0.6227492094039917, "Accuracy": 0.9358799454297408, "Sensitivity": 0.9095022624434389, "Specificity": 0.947265625, "AUC": 0.9756964083710407}, "Label_4": {"Optimal Threshold": 0.002346885157749057, "Accuracy": 0.8744884038199181, "Sensitivity": 1.0, "Specificity": 0.8732782369146006, "AUC": 0.9773711137347502}, "Label_5": {"Optimal Threshold": 0.0027212349232286215, "Accuracy": 0.7694406548431105, "Sensitivity": 1.0, "Specificity": 0.7678571428571429, "AUC": 0.9442307692307693}, "Label_6": {"Optimal Threshold": 0.023505235090851784, "Accuracy": 0.9399727148703957, "Sensitivity": 1.0, "Specificity": 0.9390581717451524, "AUC": 0.9796021153361875}, "Label_7": {"Optimal Threshold": 0.0664857029914856, "Accuracy": 0.965893587994543, "Sensitivity": 1.0, "Specificity": 0.96274217585693, "AUC": 0.9941348973607038}, "Label_8": {"Optimal Threshold": 0.011491270735859871, "Accuracy": 0.9099590723055935, "Sensitivity": 1.0, "Specificity": 0.9097127222982216, "AUC": 0.9213406292749657}, "Label_9": {"Optimal Threshold": 0.05911831185221672, "Accuracy": 0.937244201909959, "Sensitivity": 0.90625, "Specificity": 0.9386590584878745, "AUC": 0.9523894436519258}, "Label_10": {"Optimal Threshold": 0.012343480251729488, "Accuracy": 0.7967257844474761, "Sensitivity": 0.8888888888888888, "Specificity": 0.7944055944055944, "AUC": 0.9147630147630147}, "Label_11": {"Optimal Threshold": 0.029449421912431717, "Accuracy": 0.937244201909959, "Sensitivity": 1.0, "Specificity": 0.9356643356643357, "AUC": 0.9836052836052837}, "Label_12": {"Optimal Threshold": 0.08905884623527527, "Accuracy": 0.8581173260572987, "Sensitivity": 0.8235294117647058, "Specificity": 0.8607038123167156, "AUC": 0.9258812029210512}, "Overall": {"Accuracy": 0.8963165075034105, "Sensitivity": 0.9404579423615848, "Specificity": 0.8984820049116109, "AUC": 0.9592571952758934}}}