{"shared_labels": 1, "perf": [0.09508318454027176, 0.9719218611717224], "label_names": [[2, 8, 6, 12, 5, 3, 9], [2, 7, 10, 11, 4, 0, 1]], "metrics": {"Label_0": {"Optimal Threshold": 0.10154516994953156, "Accuracy": 0.8922237380627558, "Sensitivity": 0.9130434782608695, "Specificity": 0.8900602409638554, "AUC": 0.9558014667365113}, "Label_1": {"Optimal Threshold": 0.07171452045440674, "Accuracy": 0.8949522510231923, "Sensitivity": 0.9827586206896551, "Specificity": 0.8874074074074074, "AUC": 0.9783908045977011}, "Label_2": {"Optimal Threshold": 0.17283043265342712, "Accuracy": 0.9263301500682128, "Sensitivity": 0.9254385964912281, "Specificity": 0.9267326732673268, "AUC": 0.9735973597359736}, "Label_3": {"Optimal Threshold": 0.15746571123600006, "Accuracy": 0.9236016371077762, "Sensitivity": 0.9095022624434389, "Specificity": 0.9296875, "AUC": 0.9730451074660633}, "Label_4": {"Optimal Threshold": 0.0008844470139592886, "Accuracy": 0.7489768076398363, "Sensitivity": 1.0, "Specificity": 0.7465564738292011, "AUC": 0.943526170798898}, "Label_5": {"Optimal Threshold": 0.0006266572163440287, "Accuracy": 0.7121418826739427, "Sensitivity": 1.0, "Specificity": 0.7101648351648352, "AUC": 0.9057692307692308}, "Label_6": {"Optimal Threshold": 0.025924094021320343, "Accuracy": 0.9358799454297408, "Sensitivity": 0.9090909090909091, "Specificity": 0.9362880886426593, "AUC": 0.9656257869554268}, "Label_7": {"Optimal Threshold": 0.0659719705581665, "Accuracy": 0.956343792633015, "Sensitivity": 1.0, "Specificity": 0.9523099850968704, "AUC": 0.9918994279121195}, "Label_8": {"Optimal Threshold": 0.008618219755589962, "Accuracy": 0.834924965893588, "Sensitivity": 1.0, "Specificity": 0.8344733242134063, "AUC": 0.8495212038303693}, "Label_9": {"Optimal Threshold": 0.01212388090789318, "Accuracy": 0.8485675306957708, "Sensitivity": 0.96875, "Specificity": 0.8430813124108416, "AUC": 0.9495809557774607}, "Label_10": {"Optimal Threshold": 0.00856529176235199, "Accuracy": 0.7830832196452933, "Sensitivity": 0.9444444444444444, "Specificity": 0.779020979020979, "AUC": 0.9196581196581196}, "Label_11": {"Optimal Threshold": 0.02678004652261734, "Accuracy": 0.897680763983629, "Sensitivity": 1.0, "Specificity": 0.8951048951048951, "AUC": 0.9749028749028749}, "Label_12": {"Optimal Threshold": 0.05494643747806549, "Accuracy": 0.8130968622100955, "Sensitivity": 0.9607843137254902, "Specificity": 0.8020527859237536, "AUC": 0.9433040078201368}, "Overall": {"Accuracy": 0.8590618113128345, "Sensitivity": 0.9626009711650797, "Specificity": 0.8563800385420024, "AUC": 0.9480478859200682}}}