{"shared_labels": 10, "perf": [0.08674623817205429, 0.9758459329605103], "label_names": [[1, 5, 8, 4, 7, 12, 3, 9, 0, 11, 2, 10], [1, 5, 8, 4, 7, 12, 3, 9, 0, 11, 6]], "metrics": {"Label_0": {"Optimal Threshold": 0.21450075507164001, "Accuracy": 0.9386084583901774, "Sensitivity": 0.8695652173913043, "Specificity": 0.9457831325301205, "AUC": 0.967085734241313}, "Label_1": {"Optimal Threshold": 0.22606435418128967, "Accuracy": 0.9672578444747613, "Sensitivity": 0.9482758620689655, "Specificity": 0.9688888888888889, "AUC": 0.9894763729246489}, "Label_2": {"Optimal Threshold": 0.2980649173259735, "Accuracy": 0.9263301500682128, "Sensitivity": 0.9122807017543859, "Specificity": 0.9326732673267327, "AUC": 0.9711394823692895}, "Label_3": {"Optimal Threshold": 0.3203243911266327, "Accuracy": 0.9290586630286494, "Sensitivity": 0.9276018099547512, "Specificity": 0.9296875, "AUC": 0.9764034219457014}, "Label_4": {"Optimal Threshold": 0.04870878532528877, "Accuracy": 0.9590723055934516, "Sensitivity": 0.8571428571428571, "Specificity": 0.9600550964187328, "AUC": 0.9618260527351437}, "Label_5": {"Optimal Threshold": 0.002797152614220977, "Accuracy": 0.7680763983628922, "Sensitivity": 1.0, "Specificity": 0.7664835164835165, "AUC": 0.9381868131868132}, "Label_6": {"Optimal Threshold": 0.034851230680942535, "Accuracy": 0.9549795361527967, "Sensitivity": 0.9090909090909091, "Specificity": 0.9556786703601108, "AUC": 0.9690254343993956}, "Label_7": {"Optimal Threshold": 0.13079456984996796, "Accuracy": 0.9604365620736699, "Sensitivity": 1.0, "Specificity": 0.9567809239940388, "AUC": 0.9931493678188549}, "Label_8": {"Optimal Threshold": 0.002435192698612809, "Accuracy": 0.8144611186903138, "Sensitivity": 1.0, "Specificity": 0.813953488372093, "AUC": 0.8283173734610123}, "Label_9": {"Optimal Threshold": 0.04586512967944145, "Accuracy": 0.9140518417462483, "Sensitivity": 0.90625, "Specificity": 0.9144079885877318, "AUC": 0.9523002853067046}, "Label_10": {"Optimal Threshold": 0.012821816839277744, "Accuracy": 0.781718963165075, "Sensitivity": 0.9444444444444444, "Specificity": 0.7776223776223776, "AUC": 0.8975912975912976}, "Label_11": {"Optimal Threshold": 0.021390410140156746, "Accuracy": 0.8935879945429741, "Sensitivity": 1.0, "Specificity": 0.8909090909090909, "AUC": 0.979020979020979}, "Label_12": {"Optimal Threshold": 0.06714445352554321, "Accuracy": 0.8362892223738063, "Sensitivity": 0.9019607843137255, "Specificity": 0.8313782991202346, "AUC": 0.943879017882813}, "Overall": {"Accuracy": 0.8956868506663869, "Sensitivity": 0.9366625066277957, "Specificity": 0.8957155569702822, "AUC": 0.9513385871449204}}}