{"shared_labels": 6, "perf": [0.08729171752929688, 0.9769834280014038], "label_names": [[5, 3, 11, 8, 6, 12, 4, 10, 1, 0], [5, 3, 11, 8, 6, 12, 7, 9, 2]], "metrics": {"Label_0": {"Optimal Threshold": 0.09025619924068451, "Accuracy": 0.8867667121418826, "Sensitivity": 0.9565217391304348, "Specificity": 0.8795180722891566, "AUC": 0.9696176008381352}, "Label_1": {"Optimal Threshold": 0.10045446455478668, "Accuracy": 0.9495225102319236, "Sensitivity": 0.9655172413793104, "Specificity": 0.9481481481481482, "AUC": 0.9905236270753512}, "Label_2": {"Optimal Threshold": 0.34062111377716064, "Accuracy": 0.9195088676671214, "Sensitivity": 0.8991228070175439, "Specificity": 0.9287128712871288, "AUC": 0.9690550634010768}, "Label_3": {"Optimal Threshold": 0.5096966624259949, "Accuracy": 0.9358799454297408, "Sensitivity": 0.9004524886877828, "Specificity": 0.951171875, "AUC": 0.9751661481900453}, "Label_4": {"Optimal Threshold": 0.009337588213384151, "Accuracy": 0.8581173260572987, "Sensitivity": 0.8571428571428571, "Specificity": 0.8581267217630854, "AUC": 0.9289649744195199}, "Label_5": {"Optimal Threshold": 0.10422343015670776, "Accuracy": 0.9822646657571623, "Sensitivity": 0.8, "Specificity": 0.9835164835164835, "AUC": 0.9357142857142857}, "Label_6": {"Optimal Threshold": 0.01896943524479866, "Accuracy": 0.9249658935879945, "Sensitivity": 1.0, "Specificity": 0.9238227146814404, "AUC": 0.9806094182825484}, "Label_7": {"Optimal Threshold": 0.19225755333900452, "Accuracy": 0.9686221009549796, "Sensitivity": 0.967741935483871, "Specificity": 0.9687034277198212, "AUC": 0.9919955771357145}, "Label_8": {"Optimal Threshold": 0.006202409043908119, "Accuracy": 0.8458390177353342, "Sensitivity": 1.0, "Specificity": 0.8454172366621067, "AUC": 0.878248974008208}, "Label_9": {"Optimal Threshold": 0.039182234555482864, "Accuracy": 0.897680763983629, "Sensitivity": 0.875, "Specificity": 0.8987161198288159, "AUC": 0.9501159058487875}, "Label_10": {"Optimal Threshold": 0.010932876728475094, "Accuracy": 0.7885402455661664, "Sensitivity": 0.8888888888888888, "Specificity": 0.786013986013986, "AUC": 0.8991452991452992}, "Label_11": {"Optimal Threshold": 0.013975276611745358, "Accuracy": 0.922237380627558, "Sensitivity": 1.0, "Specificity": 0.9202797202797203, "AUC": 0.9843822843822843}, "Label_12": {"Optimal Threshold": 0.06769543886184692, "Accuracy": 0.8622100954979536, "Sensitivity": 0.9019607843137255, "Specificity": 0.8592375366568915, "AUC": 0.9534529354263699}, "Overall": {"Accuracy": 0.9032427327106727, "Sensitivity": 0.9240268263111088, "Specificity": 0.9039526856805219, "AUC": 0.9543840072205867}}}