{"shared_labels": 13, "perf": [0.08731301128864288, 0.9760981202125549], "label_names": [[12, 5, 4, 1, 3, 0, 11, 7, 8, 6, 9, 2, 10], [12, 5, 4, 1, 3, 0, 11, 7, 8, 6, 9, 2, 10]], "metrics": {"Label_0": {"Optimal Threshold": 0.16822129487991333, "Accuracy": 0.9427012278308322, "Sensitivity": 0.855072463768116, "Specificity": 0.9518072289156626, "AUC": 0.9682643617950062}, "Label_1": {"Optimal Threshold": 0.07522401213645935, "Accuracy": 0.9440654843110505, "Sensitivity": 0.9655172413793104, "Specificity": 0.9422222222222222, "AUC": 0.9882758620689656}, "Label_2": {"Optimal Threshold": 0.20629657804965973, "Accuracy": 0.9195088676671214, "Sensitivity": 0.9342105263157895, "Specificity": 0.9128712871287129, "AUC": 0.9728070175438596}, "Label_3": {"Optimal Threshold": 0.29443955421447754, "Accuracy": 0.927694406548431, "Sensitivity": 0.9276018099547512, "Specificity": 0.927734375, "AUC": 0.9755108173076923}, "Label_4": {"Optimal Threshold": 0.03415580093860626, "Accuracy": 0.937244201909959, "Sensitivity": 0.8571428571428571, "Specificity": 0.9380165289256198, "AUC": 0.9600550964187328}, "Label_5": {"Optimal Threshold": 0.002129739848896861, "Accuracy": 0.7694406548431105, "Sensitivity": 1.0, "Specificity": 0.7678571428571429, "AUC": 0.9392857142857143}, "Label_6": {"Optimal Threshold": 0.00660714041441679, "Accuracy": 0.849931787175989, "Sensitivity": 1.0, "Specificity": 0.8476454293628809, "AUC": 0.9714177788970033}, "Label_7": {"Optimal Threshold": 0.11846277117729187, "Accuracy": 0.9699863574351978, "Sensitivity": 1.0, "Specificity": 0.9672131147540983, "AUC": 0.9933657035719436}, "Label_8": {"Optimal Threshold": 0.001227602013386786, "Accuracy": 0.7530695770804912, "Sensitivity": 1.0, "Specificity": 0.7523939808481532, "AUC": 0.8153214774281806}, "Label_9": {"Optimal Threshold": 0.04473312199115753, "Accuracy": 0.9072305593451568, "Sensitivity": 0.90625, "Specificity": 0.9072753209700428, "AUC": 0.9504279600570613}, "Label_10": {"Optimal Threshold": 0.01118835061788559, "Accuracy": 0.7708049113233287, "Sensitivity": 0.8888888888888888, "Specificity": 0.7678321678321678, "AUC": 0.8958041958041958}, "Label_11": {"Optimal Threshold": 0.02828783355653286, "Accuracy": 0.9413369713506139, "Sensitivity": 0.9444444444444444, "Specificity": 0.9412587412587412, "AUC": 0.9783216783216784}, "Label_12": {"Optimal Threshold": 0.05573735013604164, "Accuracy": 0.7858117326057299, "Sensitivity": 0.9803921568627451, "Specificity": 0.7712609970674487, "AUC": 0.9442527744235524}, "Overall": {"Accuracy": 0.8783712876482317, "Sensitivity": 0.9430400299043771, "Specificity": 0.8765683490109917, "AUC": 0.9502392644556605}}}