{"shared_labels": 12, "perf": [0.08685542643070221, 0.9785352349281311], "label_names": [[12, 1, 4, 2, 5, 3, 7, 6, 10, 11, 9, 8, 0], [12, 1, 4, 2, 5, 3, 7, 6, 10, 11, 9, 8]], "metrics": {"Label_0": {"Optimal Threshold": 0.10563218593597412, "Accuracy": 0.9058663028649386, "Sensitivity": 0.8695652173913043, "Specificity": 0.9096385542168675, "AUC": 0.9477475117862756}, "Label_1": {"Optimal Threshold": 0.11752728372812271, "Accuracy": 0.9536152796725784, "Sensitivity": 0.9482758620689655, "Specificity": 0.9540740740740741, "AUC": 0.9882758620689656}, "Label_2": {"Optimal Threshold": 0.3358103632926941, "Accuracy": 0.9195088676671214, "Sensitivity": 0.9385964912280702, "Specificity": 0.9108910891089109, "AUC": 0.9745527184297377}, "Label_3": {"Optimal Threshold": 0.5052623748779297, "Accuracy": 0.931787175989086, "Sensitivity": 0.918552036199095, "Specificity": 0.9375, "AUC": 0.976597850678733}, "Label_4": {"Optimal Threshold": 0.03700229525566101, "Accuracy": 0.946793997271487, "Sensitivity": 0.8571428571428571, "Specificity": 0.9476584022038568, "AUC": 0.9610389610389611}, "Label_5": {"Optimal Threshold": 0.04016649350523949, "Accuracy": 0.9604365620736699, "Sensitivity": 0.8, "Specificity": 0.9615384615384616, "AUC": 0.9398351648351648}, "Label_6": {"Optimal Threshold": 0.029833506792783737, "Accuracy": 0.9440654843110505, "Sensitivity": 0.9090909090909091, "Specificity": 0.9445983379501385, "AUC": 0.9731805590531353}, "Label_7": {"Optimal Threshold": 0.09700330346822739, "Accuracy": 0.9577080491132333, "Sensitivity": 1.0, "Specificity": 0.9538002980625931, "AUC": 0.9929330320657661}, "Label_8": {"Optimal Threshold": 0.0018170392140746117, "Accuracy": 0.7994542974079127, "Sensitivity": 1.0, "Specificity": 0.79890560875513, "AUC": 0.8399452804377564}, "Label_9": {"Optimal Threshold": 0.04569179564714432, "Accuracy": 0.9181446111869032, "Sensitivity": 0.90625, "Specificity": 0.9186875891583453, "AUC": 0.9534147646219686}, "Label_10": {"Optimal Threshold": 0.008954052813351154, "Accuracy": 0.7503410641200545, "Sensitivity": 0.9444444444444444, "Specificity": 0.7454545454545455, "AUC": 0.9075369075369075}, "Label_11": {"Optimal Threshold": 0.009659353643655777, "Accuracy": 0.9072305593451568, "Sensitivity": 1.0, "Specificity": 0.9048951048951049, "AUC": 0.9803418803418804}, "Label_12": {"Optimal Threshold": 0.0408632829785347, "Accuracy": 0.8158253751705321, "Sensitivity": 0.9215686274509803, "Specificity": 0.8079178885630498, "AUC": 0.943879017882813}, "Overall": {"Accuracy": 0.9008290481687481, "Sensitivity": 0.9241143419243559, "Specificity": 0.8996584579985446, "AUC": 0.9522522700598512}}}