{"shared_labels": 7, "perf": [0.08884744346141815, 0.9773553013801575], "label_names": [[4, 6, 10, 3, 1, 9, 5, 11, 2, 12], [4, 6, 10, 3, 1, 9, 5, 8, 0, 7]], "metrics": {"Label_0": {"Optimal Threshold": 0.07276493310928345, "Accuracy": 0.927694406548431, "Sensitivity": 0.855072463768116, "Specificity": 0.9352409638554217, "AUC": 0.9555613759385368}, "Label_1": {"Optimal Threshold": 0.04064235836267471, "Accuracy": 0.946793997271487, "Sensitivity": 0.9655172413793104, "Specificity": 0.9451851851851852, "AUC": 0.987330779054917}, "Label_2": {"Optimal Threshold": 0.4301362633705139, "Accuracy": 0.927694406548431, "Sensitivity": 0.9078947368421053, "Specificity": 0.9366336633663367, "AUC": 0.9732065311794337}, "Label_3": {"Optimal Threshold": 0.47472861409187317, "Accuracy": 0.9345156889495225, "Sensitivity": 0.9140271493212669, "Specificity": 0.943359375, "AUC": 0.9761382918552036}, "Label_4": {"Optimal Threshold": 0.022790731862187386, "Accuracy": 0.9577080491132333, "Sensitivity": 0.8571428571428571, "Specificity": 0.9586776859504132, "AUC": 0.9596615505706416}, "Label_5": {"Optimal Threshold": 0.004807642195373774, "Accuracy": 0.8212824010914052, "Sensitivity": 1.0, "Specificity": 0.820054945054945, "AUC": 0.959065934065934}, "Label_6": {"Optimal Threshold": 0.018166258931159973, "Accuracy": 0.9085948158253752, "Sensitivity": 1.0, "Specificity": 0.907202216066482, "AUC": 0.9804835054142533}, "Label_7": {"Optimal Threshold": 0.1794496327638626, "Accuracy": 0.9590723055934516, "Sensitivity": 0.9838709677419355, "Specificity": 0.9567809239940388, "AUC": 0.9924042113359934}, "Label_8": {"Optimal Threshold": 0.0006807399331592023, "Accuracy": 0.6834924965893588, "Sensitivity": 1.0, "Specificity": 0.6826265389876881, "AUC": 0.8084815321477428}, "Label_9": {"Optimal Threshold": 0.04400234296917915, "Accuracy": 0.9181446111869032, "Sensitivity": 0.9375, "Specificity": 0.9172610556348074, "AUC": 0.9494472182596291}, "Label_10": {"Optimal Threshold": 0.007336573675274849, "Accuracy": 0.7285129604365621, "Sensitivity": 1.0, "Specificity": 0.7216783216783217, "AUC": 0.9175602175602176}, "Label_11": {"Optimal Threshold": 0.017435839399695396, "Accuracy": 0.9236016371077762, "Sensitivity": 0.9444444444444444, "Specificity": 0.9230769230769231, "AUC": 0.9661227661227662}, "Label_12": {"Optimal Threshold": 0.030756965279579163, "Accuracy": 0.6562073669849932, "Sensitivity": 1.0, "Specificity": 0.6304985337243402, "AUC": 0.9060433557587257}, "Overall": {"Accuracy": 0.8687165494805332, "Sensitivity": 0.9511899892800026, "Specificity": 0.8675597178134541, "AUC": 0.9485774822510764}}}