{"shared_labels": 4, "perf": [0.09157725423574448, 0.9744196534156799], "label_names": [[7, 5, 4, 0, 1, 2, 3, 9, 11], [7, 5, 4, 0, 10, 8, 6, 12]], "metrics": {"Label_0": {"Optimal Threshold": 0.032577995210886, "Accuracy": 0.8622100954979536, "Sensitivity": 0.9710144927536232, "Specificity": 0.8509036144578314, "AUC": 0.9713418892963157}, "Label_1": {"Optimal Threshold": 0.11495748162269592, "Accuracy": 0.9454297407912687, "Sensitivity": 0.9310344827586207, "Specificity": 0.9466666666666667, "AUC": 0.9867432950191571}, "Label_2": {"Optimal Threshold": 0.19872714579105377, "Accuracy": 0.897680763983629, "Sensitivity": 0.9473684210526315, "Specificity": 0.8752475247524752, "AUC": 0.9687337154768109}, "Label_3": {"Optimal Threshold": 0.4574883282184601, "Accuracy": 0.9236016371077762, "Sensitivity": 0.8868778280542986, "Specificity": 0.939453125, "AUC": 0.9723204185520362}, "Label_4": {"Optimal Threshold": 0.08149755746126175, "Accuracy": 0.9836289222373806, "Sensitivity": 0.8571428571428571, "Specificity": 0.9848484848484849, "AUC": 0.9714679260133806}, "Label_5": {"Optimal Threshold": 0.08224444836378098, "Accuracy": 0.9795361527967258, "Sensitivity": 0.8, "Specificity": 0.9807692307692307, "AUC": 0.9406593406593406}, "Label_6": {"Optimal Threshold": 0.004393802024424076, "Accuracy": 0.834924965893588, "Sensitivity": 1.0, "Specificity": 0.832409972299169, "AUC": 0.9614706623016872}, "Label_7": {"Optimal Threshold": 0.1489945501089096, "Accuracy": 0.9686221009549796, "Sensitivity": 1.0, "Specificity": 0.9657228017883756, "AUC": 0.9926926590067784}, "Label_8": {"Optimal Threshold": 0.003009639447554946, "Accuracy": 0.8035470668485676, "Sensitivity": 1.0, "Specificity": 0.8030095759233926, "AUC": 0.8331053351573187}, "Label_9": {"Optimal Threshold": 0.012388532981276512, "Accuracy": 0.8512960436562074, "Sensitivity": 0.90625, "Specificity": 0.8487874465049928, "AUC": 0.9444543509272467}, "Label_10": {"Optimal Threshold": 0.014721695333719254, "Accuracy": 0.7844474761255116, "Sensitivity": 0.8333333333333334, "Specificity": 0.7832167832167832, "AUC": 0.8626262626262626}, "Label_11": {"Optimal Threshold": 0.0205767210572958, "Accuracy": 0.8813096862210096, "Sensitivity": 0.8888888888888888, "Specificity": 0.8811188811188811, "AUC": 0.9481740481740482}, "Label_12": {"Optimal Threshold": 0.13521018624305725, "Accuracy": 0.888130968622101, "Sensitivity": 0.8431372549019608, "Specificity": 0.8914956011730205, "AUC": 0.9386176758093268}, "Overall": {"Accuracy": 0.8926435092874383, "Sensitivity": 0.9126959660681705, "Specificity": 0.891049977578408, "AUC": 0.9455698137707469}}}