{"shared_labels": 2, "perf": [0.08982565999031067, 0.9762026071548462], "label_names": [[1, 11, 8, 12, 2, 4, 7, 10], [1, 11, 3, 6, 9, 0, 5]], "metrics": {"Label_0": {"Optimal Threshold": 0.08081753551959991, "Accuracy": 0.9522510231923602, "Sensitivity": 0.855072463768116, "Specificity": 0.9623493975903614, "AUC": 0.9611052907281299}, "Label_1": {"Optimal Threshold": 0.04410500079393387, "Accuracy": 0.9604365620736699, "Sensitivity": 0.9310344827586207, "Specificity": 0.9629629629629629, "AUC": 0.9880970625798212}, "Label_2": {"Optimal Threshold": 0.35890698432922363, "Accuracy": 0.922237380627558, "Sensitivity": 0.9166666666666666, "Specificity": 0.9247524752475248, "AUC": 0.970679173180476}, "Label_3": {"Optimal Threshold": 0.33690425753593445, "Accuracy": 0.927694406548431, "Sensitivity": 0.9140271493212669, "Specificity": 0.93359375, "AUC": 0.9733809389140271}, "Label_4": {"Optimal Threshold": 0.00634661503136158, "Accuracy": 0.8854024556616644, "Sensitivity": 0.8571428571428571, "Specificity": 0.8856749311294766, "AUC": 0.9391971664698937}, "Label_5": {"Optimal Threshold": 0.04605717584490776, "Accuracy": 0.9863574351978172, "Sensitivity": 0.8, "Specificity": 0.9876373626373627, "AUC": 0.932967032967033}, "Label_6": {"Optimal Threshold": 0.02807542495429516, "Accuracy": 0.9058663028649386, "Sensitivity": 1.0, "Specificity": 0.9044321329639889, "AUC": 0.975572903550743}, "Label_7": {"Optimal Threshold": 0.14088648557662964, "Accuracy": 0.9590723055934516, "Sensitivity": 1.0, "Specificity": 0.9552906110283159, "AUC": 0.9930772559011586}, "Label_8": {"Optimal Threshold": 0.00916295312345028, "Accuracy": 0.810368349249659, "Sensitivity": 1.0, "Specificity": 0.8098495212038304, "AUC": 0.8679890560875514}, "Label_9": {"Optimal Threshold": 0.05904514715075493, "Accuracy": 0.927694406548431, "Sensitivity": 0.90625, "Specificity": 0.9286733238231099, "AUC": 0.9494026390870185}, "Label_10": {"Optimal Threshold": 0.019752388820052147, "Accuracy": 0.82537517053206, "Sensitivity": 0.9444444444444444, "Specificity": 0.8223776223776224, "AUC": 0.9243201243201243}, "Label_11": {"Optimal Threshold": 0.022498702630400658, "Accuracy": 0.9181446111869032, "Sensitivity": 1.0, "Specificity": 0.916083916083916, "AUC": 0.9860139860139858}, "Label_12": {"Optimal Threshold": 0.0604296550154686, "Accuracy": 0.8431105047748977, "Sensitivity": 0.8235294117647058, "Specificity": 0.844574780058651, "AUC": 0.9090621585877753}, "Overall": {"Accuracy": 0.9095393010809111, "Sensitivity": 0.9190898058358984, "Specificity": 0.910634829777471, "AUC": 0.9516049837221335}}}