{"shared_labels": 0, "perf": [0.10212486982345581, 0.9661620855331421], "metrics": {"Label_0": {"Optimal Threshold": 0.08668681979179382, "Accuracy": 0.8744884038199181, "Sensitivity": 0.855072463768116, "Specificity": 0.8765060240963856, "AUC": 0.9361576741749608}, "Label_1": {"Optimal Threshold": 0.10594058781862259, "Accuracy": 0.9345156889495225, "Sensitivity": 0.9137931034482759, "Specificity": 0.9362962962962963, "AUC": 0.9741507024265645}, "Label_2": {"Optimal Threshold": 0.10027725994586945, "Accuracy": 0.91268758526603, "Sensitivity": 0.9298245614035088, "Specificity": 0.904950495049505, "AUC": 0.9685252735799895}, "Label_3": {"Optimal Threshold": 0.054268889129161835, "Accuracy": 0.9045020463847203, "Sensitivity": 0.9411764705882353, "Specificity": 0.888671875, "AUC": 0.9700049490950227}, "Label_4": {"Optimal Threshold": 0.08516835421323776, "Accuracy": 0.9699863574351978, "Sensitivity": 0.8571428571428571, "Specificity": 0.9710743801652892, "AUC": 0.9667453758362848}, "Label_5": {"Optimal Threshold": 0.01451071072369814, "Accuracy": 0.922237380627558, "Sensitivity": 0.8, "Specificity": 0.9230769230769231, "AUC": 0.9090659340659341}, "Label_6": {"Optimal Threshold": 0.005599318537861109, "Accuracy": 0.82537517053206, "Sensitivity": 1.0, "Specificity": 0.8227146814404432, "AUC": 0.9502644170234198}, "Label_7": {"Optimal Threshold": 0.061577294021844864, "Accuracy": 0.9577080491132333, "Sensitivity": 1.0, "Specificity": 0.9538002980625931, "AUC": 0.989303398875054}, "Label_8": {"Optimal Threshold": 0.003581776050850749, "Accuracy": 0.8130968622100955, "Sensitivity": 1.0, "Specificity": 0.8125854993160054, "AUC": 0.8816689466484268}, "Label_9": {"Optimal Threshold": 0.09944462031126022, "Accuracy": 0.9427012278308322, "Sensitivity": 0.8125, "Specificity": 0.948644793152639, "AUC": 0.9427603423680456}, "Label_10": {"Optimal Threshold": 0.018827226012945175, "Accuracy": 0.747612551159618, "Sensitivity": 0.9444444444444444, "Specificity": 0.7426573426573426, "AUC": 0.9076146076146077}, "Label_11": {"Optimal Threshold": 0.03131016716361046, "Accuracy": 0.956343792633015, "Sensitivity": 0.8888888888888888, "Specificity": 0.958041958041958, "AUC": 0.9382284382284383}, "Label_12": {"Optimal Threshold": 0.0598762184381485, "Accuracy": 0.7994542974079127, "Sensitivity": 0.9411764705882353, "Specificity": 0.7888563049853372, "AUC": 0.939595192915876}, "Overall": {"Accuracy": 0.889285339489978, "Sensitivity": 0.9141553277132741, "Specificity": 0.8867597593339014, "AUC": 0.9441604040655865}}, "label_names": [[4, 0, 11, 1, 7, 10, 12], [6, 8, 3, 9, 2, 5]]}