{"shared_labels": 4, "perf": [0.09167034178972244, 0.9769302606582642], "metrics": {"Label_0": {"Optimal Threshold": 0.02970808744430542, "Accuracy": 0.8840381991814461, "Sensitivity": 0.9855072463768116, "Specificity": 0.8734939759036144, "AUC": 0.9762746638728829}, "Label_1": {"Optimal Threshold": 0.06024578958749771, "Accuracy": 0.9427012278308322, "Sensitivity": 0.9655172413793104, "Specificity": 0.9407407407407408, "AUC": 0.9881481481481481}, "Label_2": {"Optimal Threshold": 0.3771879971027374, "Accuracy": 0.9181446111869032, "Sensitivity": 0.9166666666666666, "Specificity": 0.9188118811881189, "AUC": 0.970244919228765}, "Label_3": {"Optimal Threshold": 0.59361332654953, "Accuracy": 0.9290586630286494, "Sensitivity": 0.9095022624434389, "Specificity": 0.9375, "AUC": 0.9738051470588236}, "Label_4": {"Optimal Threshold": 0.08034951984882355, "Accuracy": 0.9713506139154161, "Sensitivity": 0.8571428571428571, "Specificity": 0.9724517906336089, "AUC": 0.9689098780007871}, "Label_5": {"Optimal Threshold": 0.0884619653224945, "Accuracy": 0.9836289222373806, "Sensitivity": 0.8, "Specificity": 0.9848901098901099, "AUC": 0.9461538461538461}, "Label_6": {"Optimal Threshold": 0.029033735394477844, "Accuracy": 0.9249658935879945, "Sensitivity": 1.0, "Specificity": 0.9238227146814404, "AUC": 0.9845127171996978}, "Label_7": {"Optimal Threshold": 0.2510083317756653, "Accuracy": 0.9686221009549796, "Sensitivity": 1.0, "Specificity": 0.9657228017883756, "AUC": 0.9920196144416134}, "Label_8": {"Optimal Threshold": 0.006226607132703066, "Accuracy": 0.8758526603001364, "Sensitivity": 1.0, "Specificity": 0.8755129958960328, "AUC": 0.8816689466484268}, "Label_9": {"Optimal Threshold": 0.025498520582914352, "Accuracy": 0.8431105047748977, "Sensitivity": 0.96875, "Specificity": 0.8373751783166904, "AUC": 0.9372771041369473}, "Label_10": {"Optimal Threshold": 0.023264599964022636, "Accuracy": 0.7980900409276944, "Sensitivity": 0.8333333333333334, "Specificity": 0.7972027972027972, "AUC": 0.89013209013209}, "Label_11": {"Optimal Threshold": 0.040654946118593216, "Accuracy": 0.9713506139154161, "Sensitivity": 0.9444444444444444, "Specificity": 0.972027972027972, "AUC": 0.9816627816627816}, "Label_12": {"Optimal Threshold": 0.14599087834358215, "Accuracy": 0.8212824010914052, "Sensitivity": 0.8823529411764706, "Specificity": 0.8167155425219942, "AUC": 0.9152147662584095}, "Overall": {"Accuracy": 0.9101689579179347, "Sensitivity": 0.9279397686894872, "Specificity": 0.9089437308301149, "AUC": 0.9543095863802477}}, "label_names": [[4, 5, 11, 0, 12, 3, 9, 7, 1], [4, 5, 11, 0, 10, 6, 2, 8]]}