{"shared_labels": 4, "perf": [0.10407233983278275, 0.9667935967445374], "metrics": {"Label_0": {"Optimal Threshold": 0.22418685257434845, "Accuracy": 0.9604365620736699, "Sensitivity": 0.8701298701298701, "Specificity": 0.9710365853658537, "AUC": 0.9638699714919227}, "Label_1": {"Optimal Threshold": 0.07725097984075546, "Accuracy": 0.9645293315143247, "Sensitivity": 0.9452054794520548, "Specificity": 0.9666666666666667, "AUC": 0.9855749273557493}, "Label_2": {"Optimal Threshold": 0.3693125545978546, "Accuracy": 0.91268758526603, "Sensitivity": 0.875, "Specificity": 0.931958762886598, "AUC": 0.9637013634852012}, "Label_3": {"Optimal Threshold": 0.40444543957710266, "Accuracy": 0.9195088676671214, "Sensitivity": 0.8833333333333333, "Specificity": 0.9371196754563894, "AUC": 0.9669878296146045}, "Label_4": {"Optimal Threshold": 0.0043338569812476635, "Accuracy": 0.8894952251023193, "Sensitivity": 0.8888888888888888, "Specificity": 0.8895027624309392, "AUC": 0.9490484960098219}, "Label_5": {"Optimal Threshold": 0.006215177942067385, "Accuracy": 0.8240109140518418, "Sensitivity": 1.0, "Specificity": 0.8228021978021978, "AUC": 0.9409340659340659}, "Label_6": {"Optimal Threshold": 0.08450038731098175, "Accuracy": 0.9631650750341064, "Sensitivity": 1.0, "Specificity": 0.9629120879120879, "AUC": 0.9884615384615385}, "Label_7": {"Optimal Threshold": 0.10440422594547272, "Accuracy": 0.9686221009549796, "Sensitivity": 0.9206349206349206, "Specificity": 0.9731343283582089, "AUC": 0.9782752902155887}, "Label_8": {"Optimal Threshold": 0.00275508058257401, "Accuracy": 0.8990450204638472, "Sensitivity": 1.0, "Specificity": 0.8979310344827586, "AUC": 0.9575862068965517}, "Label_9": {"Optimal Threshold": 0.017837632447481155, "Accuracy": 0.9058663028649386, "Sensitivity": 0.96875, "Specificity": 0.9029957203994294, "AUC": 0.9547521398002854}, "Label_10": {"Optimal Threshold": 0.030401280149817467, "Accuracy": 0.9154160982264665, "Sensitivity": 0.6666666666666666, "Specificity": 0.9206128133704735, "AUC": 0.8653667595171773}, "Label_11": {"Optimal Threshold": 0.019535573199391365, "Accuracy": 0.9618008185538881, "Sensitivity": 1.0, "Specificity": 0.9608938547486033, "AUC": 0.9887446598751233}, "Label_12": {"Optimal Threshold": 0.03848051652312279, "Accuracy": 0.7844474761255116, "Sensitivity": 0.8214285714285714, "Specificity": 0.7813884785819794, "AUC": 0.881937117535345}, "Overall": {"Accuracy": 0.9130024136845419, "Sensitivity": 0.9107721331180235, "Specificity": 0.9168426898817065, "AUC": 0.9527107973994599}}, "label_names": [[1, 2, 9, 11, 4, 7, 5, 10, 6], [1, 2, 9, 11, 0, 3, 12, 8]]}