{"shared_labels": 8, "perf": [0.0858660489320755, 0.9793274998664856], "metrics": {"Label_0": {"Optimal Threshold": 0.05660136416554451, "Accuracy": 0.8935879945429741, "Sensitivity": 0.8985507246376812, "Specificity": 0.8930722891566265, "AUC": 0.9586170770036668}, "Label_1": {"Optimal Threshold": 0.03978615254163742, "Accuracy": 0.9236016371077762, "Sensitivity": 0.9655172413793104, "Specificity": 0.92, "AUC": 0.9868710089399744}, "Label_2": {"Optimal Threshold": 0.4609377384185791, "Accuracy": 0.9290586630286494, "Sensitivity": 0.9122807017543859, "Specificity": 0.9366336633663367, "AUC": 0.9754299114121938}, "Label_3": {"Optimal Threshold": 0.187765434384346, "Accuracy": 0.9208731241473397, "Sensitivity": 0.9502262443438914, "Specificity": 0.908203125, "AUC": 0.9769071691176471}, "Label_4": {"Optimal Threshold": 0.03796008229255676, "Accuracy": 0.9549795361527967, "Sensitivity": 0.8571428571428571, "Specificity": 0.9559228650137741, "AUC": 0.9598583234946871}, "Label_5": {"Optimal Threshold": 0.006015314254909754, "Accuracy": 0.7899045020463847, "Sensitivity": 1.0, "Specificity": 0.7884615384615384, "AUC": 0.9425824175824176}, "Label_6": {"Optimal Threshold": 0.007816002704203129, "Accuracy": 0.810368349249659, "Sensitivity": 1.0, "Specificity": 0.8074792243767313, "AUC": 0.9652480483505413}, "Label_7": {"Optimal Threshold": 0.2577057480812073, "Accuracy": 0.9672578444747613, "Sensitivity": 1.0, "Specificity": 0.9642324888226528, "AUC": 0.9932695543483486}, "Label_8": {"Optimal Threshold": 0.007737317588180304, "Accuracy": 0.8758526603001364, "Sensitivity": 1.0, "Specificity": 0.8755129958960328, "AUC": 0.8926128590971272}, "Label_9": {"Optimal Threshold": 0.05447361245751381, "Accuracy": 0.9208731241473397, "Sensitivity": 0.90625, "Specificity": 0.9215406562054208, "AUC": 0.9512749643366619}, "Label_10": {"Optimal Threshold": 0.008413291536271572, "Accuracy": 0.6984993178717599, "Sensitivity": 1.0, "Specificity": 0.6909090909090909, "AUC": 0.911965811965812}, "Label_11": {"Optimal Threshold": 0.03862537071108818, "Accuracy": 0.9345156889495225, "Sensitivity": 1.0, "Specificity": 0.9328671328671329, "AUC": 0.9845376845376845}, "Label_12": {"Optimal Threshold": 0.03725771605968475, "Accuracy": 0.8622100954979536, "Sensitivity": 0.8431372549019608, "Specificity": 0.8636363636363636, "AUC": 0.9394514404002069}, "Overall": {"Accuracy": 0.883198656732081, "Sensitivity": 0.9487003864738528, "Specificity": 0.8814208795162847, "AUC": 0.9568174054297669}}, "label_names": [[11, 1, 5, 10, 12, 7, 2, 9, 0, 8, 6], [11, 1, 5, 10, 12, 7, 2, 9, 3, 4]]}