{"shared_labels": 8, "perf": [0.09557656943798065, 0.9726895093917847], "metrics": {"Label_0": {"Optimal Threshold": 0.10007800161838531, "Accuracy": 0.922237380627558, "Sensitivity": 0.8208955223880597, "Specificity": 0.9324324324324325, "AUC": 0.9485231500156873}, "Label_1": {"Optimal Threshold": 0.044085826724767685, "Accuracy": 0.9304229195088677, "Sensitivity": 0.9642857142857143, "Specificity": 0.9276218611521418, "AUC": 0.9844112682000422}, "Label_2": {"Optimal Threshold": 0.11839008331298828, "Accuracy": 0.9058663028649386, "Sensitivity": 0.9401709401709402, "Specificity": 0.8897795591182365, "AUC": 0.9666169946731069}, "Label_3": {"Optimal Threshold": 0.3108092248439789, "Accuracy": 0.9208731241473397, "Sensitivity": 0.9366515837104072, "Specificity": 0.9140625, "AUC": 0.9699695984162896}, "Label_4": {"Optimal Threshold": 7.528731657657772e-05, "Accuracy": 0.6371077762619373, "Sensitivity": 1.0, "Specificity": 0.6356164383561644, "AUC": 0.8347031963470319}, "Label_5": {"Optimal Threshold": 0.0071776257827878, "Accuracy": 0.9154160982264665, "Sensitivity": 1.0, "Specificity": 0.9142461964038727, "AUC": 0.9774550484094052}, "Label_6": {"Optimal Threshold": 0.03474971652030945, "Accuracy": 0.956343792633015, "Sensitivity": 1.0, "Specificity": 0.9554937413073713, "AUC": 0.9813232664414862}, "Label_7": {"Optimal Threshold": 0.04056979715824127, "Accuracy": 0.9331514324693042, "Sensitivity": 0.9848484848484849, "Specificity": 0.9280359820089955, "AUC": 0.9883694516378174}, "Label_8": {"Optimal Threshold": 0.015238658525049686, "Accuracy": 0.9495225102319236, "Sensitivity": 1.0, "Specificity": 0.9491059147180193, "AUC": 0.9850985786336542}, "Label_9": {"Optimal Threshold": 0.03452888876199722, "Accuracy": 0.937244201909959, "Sensitivity": 0.90625, "Specificity": 0.9386590584878745, "AUC": 0.9539497146932954}, "Label_10": {"Optimal Threshold": 0.0323135182261467, "Accuracy": 0.8813096862210096, "Sensitivity": 0.9166666666666666, "Specificity": 0.8807212205270458, "AUC": 0.9434812760055479}, "Label_11": {"Optimal Threshold": 0.022556165233254433, "Accuracy": 0.8990450204638472, "Sensitivity": 1.0, "Specificity": 0.8967921896792189, "AUC": 0.9728905160390516}, "Label_12": {"Optimal Threshold": 0.06748446077108383, "Accuracy": 0.8390177353342428, "Sensitivity": 0.8333333333333334, "Specificity": 0.8394698085419735, "AUC": 0.8936344297169039}, "Overall": {"Accuracy": 0.8944275369923391, "Sensitivity": 0.946392480415662, "Specificity": 0.8924643771333345, "AUC": 0.9538789607099477}}, "label_names": [[3, 4, 1, 9, 0, 10, 8, 2, 11, 12, 5], [3, 4, 1, 9, 0, 10, 8, 2, 6, 7]]}