{"shared_labels": 5, "perf": [0.09030240029096603, 0.9751064777374268], "metrics": {"Label_0": {"Optimal Threshold": 0.05215614661574364, "Accuracy": 0.8772169167803547, "Sensitivity": 0.9333333333333333, "Specificity": 0.8708206686930091, "AUC": 0.9563931104356636}, "Label_1": {"Optimal Threshold": 0.1429429054260254, "Accuracy": 0.9495225102319236, "Sensitivity": 0.9, "Specificity": 0.9539375928677564, "AUC": 0.9793709757305595}, "Label_2": {"Optimal Threshold": 0.177773579955101, "Accuracy": 0.9236016371077762, "Sensitivity": 0.9465020576131687, "Specificity": 0.9122448979591836, "AUC": 0.9753422356596959}, "Label_3": {"Optimal Threshold": 0.2527103126049042, "Accuracy": 0.9331514324693042, "Sensitivity": 0.9382716049382716, "Specificity": 0.9306122448979591, "AUC": 0.9773410598807425}, "Label_4": {"Optimal Threshold": 0.08096164464950562, "Accuracy": 0.9713506139154161, "Sensitivity": 0.8888888888888888, "Specificity": 0.9723756906077348, "AUC": 0.970841006752609}, "Label_5": {"Optimal Threshold": 0.028340958058834076, "Accuracy": 0.9454297407912687, "Sensitivity": 1.0, "Specificity": 0.9448275862068966, "AUC": 0.9787931034482759}, "Label_6": {"Optimal Threshold": 0.02428271621465683, "Accuracy": 0.9263301500682128, "Sensitivity": 1.0, "Specificity": 0.925414364640884, "AUC": 0.9765193370165746}, "Label_7": {"Optimal Threshold": 0.1898808479309082, "Accuracy": 0.9536152796725784, "Sensitivity": 0.9322033898305084, "Specificity": 0.9554896142433235, "AUC": 0.9752552431725595}, "Label_8": {"Optimal Threshold": 0.002915596356615424, "Accuracy": 0.8062755798090041, "Sensitivity": 1.0, "Specificity": 0.8041379310344827, "AUC": 0.9375862068965517}, "Label_9": {"Optimal Threshold": 0.023335600271821022, "Accuracy": 0.82537517053206, "Sensitivity": 0.9696969696969697, "Specificity": 0.8185714285714286, "AUC": 0.9555411255411256}, "Label_10": {"Optimal Threshold": 0.01861381158232689, "Accuracy": 0.8212824010914052, "Sensitivity": 1.0, "Specificity": 0.8185595567867036, "AUC": 0.9505162427600101}, "Label_11": {"Optimal Threshold": 0.022761009633541107, "Accuracy": 0.9140518417462483, "Sensitivity": 0.9473684210526315, "Specificity": 0.9131652661064426, "AUC": 0.9619637328615657}, "Label_12": {"Optimal Threshold": 0.10055828839540482, "Accuracy": 0.8867667121418826, "Sensitivity": 0.8723404255319149, "Specificity": 0.8877551020408163, "AUC": 0.9498790397618014}, "Overall": {"Accuracy": 0.902613075873649, "Sensitivity": 0.9483542377604375, "Specificity": 0.9006086111274326, "AUC": 0.965026339993672}}, "label_names": [[0, 1, 10, 3, 12, 4, 11, 6, 9], [0, 1, 10, 3, 12, 7, 8, 2, 5]]}