{"shared_labels": 5, "perf": [0.08872959762811661, 0.9762293100357056], "metrics": {"Label_0": {"Optimal Threshold": 0.0707809254527092, "Accuracy": 0.8840381991814461, "Sensitivity": 0.9420289855072463, "Specificity": 0.8780120481927711, "AUC": 0.9719093766369827}, "Label_1": {"Optimal Threshold": 0.1653471291065216, "Accuracy": 0.9631650750341064, "Sensitivity": 0.896551724137931, "Specificity": 0.9688888888888889, "AUC": 0.9771902937420179}, "Label_2": {"Optimal Threshold": 0.3015854060649872, "Accuracy": 0.931787175989086, "Sensitivity": 0.9035087719298246, "Specificity": 0.9445544554455445, "AUC": 0.9742226854264374}, "Label_3": {"Optimal Threshold": 0.2966529130935669, "Accuracy": 0.9358799454297408, "Sensitivity": 0.9095022624434389, "Specificity": 0.947265625, "AUC": 0.9765625}, "Label_4": {"Optimal Threshold": 0.002073860028758645, "Accuracy": 0.8758526603001364, "Sensitivity": 1.0, "Specificity": 0.8746556473829201, "AUC": 0.9728453364817001}, "Label_5": {"Optimal Threshold": 0.0057083237916231155, "Accuracy": 0.8635743519781719, "Sensitivity": 1.0, "Specificity": 0.8626373626373627, "AUC": 0.9302197802197802}, "Label_6": {"Optimal Threshold": 0.015839964151382446, "Accuracy": 0.8799454297407913, "Sensitivity": 1.0, "Specificity": 0.8781163434903048, "AUC": 0.9668849156383783}, "Label_7": {"Optimal Threshold": 0.20796048641204834, "Accuracy": 0.9740791268758526, "Sensitivity": 1.0, "Specificity": 0.9716840536512668, "AUC": 0.9928368828421711}, "Label_8": {"Optimal Threshold": 0.010249463841319084, "Accuracy": 0.8758526603001364, "Sensitivity": 1.0, "Specificity": 0.8755129958960328, "AUC": 0.8768809849521204}, "Label_9": {"Optimal Threshold": 0.01691189967095852, "Accuracy": 0.9045020463847203, "Sensitivity": 0.9375, "Specificity": 0.9029957203994294, "AUC": 0.9521219686162624}, "Label_10": {"Optimal Threshold": 0.012291659601032734, "Accuracy": 0.713506139154161, "Sensitivity": 0.9444444444444444, "Specificity": 0.7076923076923077, "AUC": 0.8975135975135975}, "Label_11": {"Optimal Threshold": 0.04442186281085014, "Accuracy": 0.9508867667121419, "Sensitivity": 0.8888888888888888, "Specificity": 0.9524475524475524, "AUC": 0.9614607614607614}, "Label_12": {"Optimal Threshold": 0.04478524252772331, "Accuracy": 0.849931787175989, "Sensitivity": 0.9019607843137255, "Specificity": 0.8460410557184751, "AUC": 0.9491403599562992}, "Overall": {"Accuracy": 0.8925385664812675, "Sensitivity": 0.948029681666577, "Specificity": 0.8931156966802196, "AUC": 0.95382995719127}}, "label_names": [[3, 9, 2, 12, 4, 1, 5, 11, 0], [3, 9, 2, 12, 4, 10, 6, 8, 7]]}