{"shared_labels": 11, "perf": [0.08573807030916214, 0.9794076681137085], "metrics": {"Label_0": {"Optimal Threshold": 0.09629791229963303, "Accuracy": 0.91268758526603, "Sensitivity": 0.8985507246376812, "Specificity": 0.9141566265060241, "AUC": 0.9698358651999301}, "Label_1": {"Optimal Threshold": 0.13578729331493378, "Accuracy": 0.9590723055934516, "Sensitivity": 0.9482758620689655, "Specificity": 0.96, "AUC": 0.9906002554278416}, "Label_2": {"Optimal Threshold": 0.3792407810688019, "Accuracy": 0.9304229195088677, "Sensitivity": 0.9166666666666666, "Specificity": 0.9366336633663367, "AUC": 0.9742921660587112}, "Label_3": {"Optimal Threshold": 0.5270134806632996, "Accuracy": 0.9358799454297408, "Sensitivity": 0.9095022624434389, "Specificity": 0.947265625, "AUC": 0.9769160067873304}, "Label_4": {"Optimal Threshold": 0.02802569977939129, "Accuracy": 0.9331514324693042, "Sensitivity": 0.8571428571428571, "Specificity": 0.9338842975206612, "AUC": 0.9574970484061394}, "Label_5": {"Optimal Threshold": 0.004447382874786854, "Accuracy": 0.7789904502046384, "Sensitivity": 1.0, "Specificity": 0.7774725274725275, "AUC": 0.9357142857142857}, "Label_6": {"Optimal Threshold": 0.011696157045662403, "Accuracy": 0.8581173260572987, "Sensitivity": 1.0, "Specificity": 0.8559556786703602, "AUC": 0.9647443968773608}, "Label_7": {"Optimal Threshold": 0.05364237353205681, "Accuracy": 0.9345156889495225, "Sensitivity": 1.0, "Specificity": 0.9284649776453056, "AUC": 0.9884620931685977}, "Label_8": {"Optimal Threshold": 0.0019251436460763216, "Accuracy": 0.7748976807639836, "Sensitivity": 1.0, "Specificity": 0.774281805745554, "AUC": 0.7913816689466484}, "Label_9": {"Optimal Threshold": 0.018452810123562813, "Accuracy": 0.8649386084583902, "Sensitivity": 0.96875, "Specificity": 0.8601997146932953, "AUC": 0.9475748930099859}, "Label_10": {"Optimal Threshold": 0.007626932114362717, "Accuracy": 0.6916780354706685, "Sensitivity": 1.0, "Specificity": 0.6839160839160839, "AUC": 0.9121212121212121}, "Label_11": {"Optimal Threshold": 0.06743627041578293, "Accuracy": 0.9672578444747613, "Sensitivity": 0.9444444444444444, "Specificity": 0.9678321678321679, "AUC": 0.9797202797202796}, "Label_12": {"Optimal Threshold": 0.08031496405601501, "Accuracy": 0.8622100954979536, "Sensitivity": 0.8823529411764706, "Specificity": 0.8607038123167156, "AUC": 0.9480190903340808}, "Overall": {"Accuracy": 0.8772169167803546, "Sensitivity": 0.9481296737369634, "Specificity": 0.8769820754373102, "AUC": 0.948990712444031}}, "label_names": [[4, 3, 1, 2, 10, 12, 8, 11, 5, 9, 0, 6], [4, 3, 1, 2, 10, 12, 8, 11, 5, 9, 0, 7]]}