{"shared_labels": 2, "perf": [0.10168568044900894, 0.9725627899169922], "metrics": {"Label_0": {"Optimal Threshold": 0.032471898943185806, "Accuracy": 0.878581173260573, "Sensitivity": 0.9404761904761905, "Specificity": 0.8705701078582434, "AUC": 0.9520874605620369}, "Label_1": {"Optimal Threshold": 0.0916949063539505, "Accuracy": 0.9440654843110505, "Sensitivity": 0.927536231884058, "Specificity": 0.9457831325301205, "AUC": 0.9825170246202201}, "Label_2": {"Optimal Threshold": 0.2780088186264038, "Accuracy": 0.8744884038199181, "Sensitivity": 0.9262672811059908, "Specificity": 0.8527131782945736, "AUC": 0.9586682384881934}, "Label_3": {"Optimal Threshold": 0.3099495768547058, "Accuracy": 0.8826739427012278, "Sensitivity": 0.9174757281553398, "Specificity": 0.8690702087286527, "AUC": 0.9578121257898712}, "Label_4": {"Optimal Threshold": 0.017154810950160027, "Accuracy": 0.8922237380627558, "Sensitivity": 1.0, "Specificity": 0.8914835164835165, "AUC": 0.9516483516483516}, "Label_5": {"Optimal Threshold": 0.004289488773792982, "Accuracy": 0.810368349249659, "Sensitivity": 1.0, "Specificity": 0.8090659340659341, "AUC": 0.9541208791208792}, "Label_6": {"Optimal Threshold": 0.03375019505620003, "Accuracy": 0.9713506139154161, "Sensitivity": 1.0, "Specificity": 0.9711141678129298, "AUC": 0.9873911049977075}, "Label_7": {"Optimal Threshold": 0.07644686847925186, "Accuracy": 0.9440654843110505, "Sensitivity": 0.9836065573770492, "Specificity": 0.9404761904761905, "AUC": 0.9863144028103045}, "Label_8": {"Optimal Threshold": 0.006460326258093119, "Accuracy": 0.931787175989086, "Sensitivity": 1.0, "Specificity": 0.9310344827586207, "AUC": 0.9701724137931035}, "Label_9": {"Optimal Threshold": 0.038723353296518326, "Accuracy": 0.8717598908594816, "Sensitivity": 0.967741935483871, "Specificity": 0.8675213675213675, "AUC": 0.9587813620071685}, "Label_10": {"Optimal Threshold": 0.01843327097594738, "Accuracy": 0.8130968622100955, "Sensitivity": 1.0, "Specificity": 0.8110344827586207, "AUC": 0.9372413793103448}, "Label_11": {"Optimal Threshold": 0.01837369240820408, "Accuracy": 0.9331514324693042, "Sensitivity": 1.0, "Specificity": 0.9307909604519774, "AUC": 0.9772316384180791}, "Label_12": {"Optimal Threshold": 0.0891270861029625, "Accuracy": 0.8130968622100955, "Sensitivity": 0.8771929824561403, "Specificity": 0.8076923076923077, "AUC": 0.9146164227135887}, "Overall": {"Accuracy": 0.8892853394899779, "Sensitivity": 0.9646382236106645, "Specificity": 0.8844884644179274, "AUC": 0.960661754175373}}, "label_names": [[10, 0, 9, 7, 2, 4, 11, 3], [10, 0, 1, 8, 12, 5, 6]]}