{"shared_labels": 2, "perf": [0.09160490334033966, 0.9757285118103027], "metrics": {"Label_0": {"Optimal Threshold": 0.044898390769958496, "Accuracy": 0.897680763983629, "Sensitivity": 0.927536231884058, "Specificity": 0.8945783132530121, "AUC": 0.9667365112624411}, "Label_1": {"Optimal Threshold": 0.027064159512519836, "Accuracy": 0.9427012278308322, "Sensitivity": 0.9655172413793104, "Specificity": 0.9407407407407408, "AUC": 0.9897318007662835}, "Label_2": {"Optimal Threshold": 0.7252825498580933, "Accuracy": 0.931787175989086, "Sensitivity": 0.868421052631579, "Specificity": 0.9603960396039604, "AUC": 0.970878929998263}, "Label_3": {"Optimal Threshold": 0.6540695428848267, "Accuracy": 0.9386084583901774, "Sensitivity": 0.8778280542986425, "Specificity": 0.96484375, "AUC": 0.974300056561086}, "Label_4": {"Optimal Threshold": 0.06346152722835541, "Accuracy": 0.9740791268758526, "Sensitivity": 0.8571428571428571, "Specificity": 0.9752066115702479, "AUC": 0.9567099567099566}, "Label_5": {"Optimal Threshold": 0.11245160549879074, "Accuracy": 0.9809004092769441, "Sensitivity": 0.8, "Specificity": 0.9821428571428571, "AUC": 0.9412087912087912}, "Label_6": {"Optimal Threshold": 0.021668296307325363, "Accuracy": 0.9304229195088677, "Sensitivity": 1.0, "Specificity": 0.9293628808864266, "AUC": 0.9802316796776631}, "Label_7": {"Optimal Threshold": 0.1760234385728836, "Accuracy": 0.9590723055934516, "Sensitivity": 1.0, "Specificity": 0.9552906110283159, "AUC": 0.9923320994182971}, "Label_8": {"Optimal Threshold": 0.0030826106667518616, "Accuracy": 0.7762619372442019, "Sensitivity": 1.0, "Specificity": 0.7756497948016415, "AUC": 0.8406292749658003}, "Label_9": {"Optimal Threshold": 0.008997231721878052, "Accuracy": 0.8390177353342428, "Sensitivity": 0.9375, "Specificity": 0.8345221112696148, "AUC": 0.9421362339514978}, "Label_10": {"Optimal Threshold": 0.016888229176402092, "Accuracy": 0.723055934515689, "Sensitivity": 1.0, "Specificity": 0.7160839160839161, "AUC": 0.8916860916860917}, "Label_11": {"Optimal Threshold": 0.01647207699716091, "Accuracy": 0.9099590723055935, "Sensitivity": 0.9444444444444444, "Specificity": 0.9090909090909091, "AUC": 0.9716394716394715}, "Label_12": {"Optimal Threshold": 0.021792521700263023, "Accuracy": 0.7612551159618008, "Sensitivity": 0.9215686274509803, "Specificity": 0.749266862170088, "AUC": 0.908803404059571}, "Overall": {"Accuracy": 0.8896001679084898, "Sensitivity": 0.9307660391716824, "Specificity": 0.8913211844339792, "AUC": 0.9482326386080935}}, "label_names": [[1, 6, 12, 11, 10, 9, 4, 2], [1, 6, 5, 0, 8, 7, 3]]}