{"shared_labels": 2, "perf": [0.0935337021946907, 0.9741414189338684], "metrics": {"Label_0": {"Optimal Threshold": 0.0933263748884201, "Accuracy": 0.9345156889495225, "Sensitivity": 0.8405797101449275, "Specificity": 0.9442771084337349, "AUC": 0.9580495896629998}, "Label_1": {"Optimal Threshold": 0.02422572299838066, "Accuracy": 0.9154160982264665, "Sensitivity": 0.9827586206896551, "Specificity": 0.9096296296296297, "AUC": 0.9826564495530014}, "Label_2": {"Optimal Threshold": 0.22059239447116852, "Accuracy": 0.9195088676671214, "Sensitivity": 0.9210526315789473, "Specificity": 0.9188118811881189, "AUC": 0.9676567656765677}, "Label_3": {"Optimal Threshold": 0.3386712670326233, "Accuracy": 0.931787175989086, "Sensitivity": 0.9140271493212669, "Specificity": 0.939453125, "AUC": 0.9733013998868778}, "Label_4": {"Optimal Threshold": 0.002866900060325861, "Accuracy": 0.844474761255116, "Sensitivity": 1.0, "Specificity": 0.8429752066115702, "AUC": 0.9706808343171979}, "Label_5": {"Optimal Threshold": 0.032373957335948944, "Accuracy": 0.9549795361527967, "Sensitivity": 0.8, "Specificity": 0.9560439560439561, "AUC": 0.9310439560439561}, "Label_6": {"Optimal Threshold": 0.02750081568956375, "Accuracy": 0.9495225102319236, "Sensitivity": 1.0, "Specificity": 0.9487534626038782, "AUC": 0.9842608914631076}, "Label_7": {"Optimal Threshold": 0.09177613258361816, "Accuracy": 0.9536152796725784, "Sensitivity": 1.0, "Specificity": 0.9493293591654247, "AUC": 0.9906254506994856}, "Label_8": {"Optimal Threshold": 0.0069319154135882854, "Accuracy": 0.8840381991814461, "Sensitivity": 1.0, "Specificity": 0.8837209302325582, "AUC": 0.9042407660738714}, "Label_9": {"Optimal Threshold": 0.027784518897533417, "Accuracy": 0.8990450204638472, "Sensitivity": 0.9375, "Specificity": 0.8972895863052782, "AUC": 0.9468170470756063}, "Label_10": {"Optimal Threshold": 0.002691620960831642, "Accuracy": 0.7094133697135061, "Sensitivity": 1.0, "Specificity": 0.7020979020979021, "AUC": 0.9135198135198136}, "Label_11": {"Optimal Threshold": 0.12074162065982819, "Accuracy": 0.9727148703956344, "Sensitivity": 0.8888888888888888, "Specificity": 0.9748251748251748, "AUC": 0.9508158508158508}, "Label_12": {"Optimal Threshold": 0.060584090650081635, "Accuracy": 0.791268758526603, "Sensitivity": 0.9215686274509803, "Specificity": 0.781524926686217, "AUC": 0.9279799896498189}, "Overall": {"Accuracy": 0.8969461643404345, "Sensitivity": 0.938951971390359, "Specificity": 0.8960563268325725, "AUC": 0.9539729849567812}}, "label_names": [[6, 8, 9, 3, 2, 4, 7, 0], [6, 8, 10, 12, 5, 1, 11]]}