{"shared_labels": 2, "perf": [0.10052173584699631, 0.9722234606742859], "metrics": {"Label_0": {"Optimal Threshold": 0.12364726513624191, "Accuracy": 0.9195088676671214, "Sensitivity": 0.813953488372093, "Specificity": 0.9335394126738794, "AUC": 0.9484382301139427}, "Label_1": {"Optimal Threshold": 0.12878535687923431, "Accuracy": 0.9481582537517054, "Sensitivity": 0.9027777777777778, "Specificity": 0.9531013615733737, "AUC": 0.9776853252647504}, "Label_2": {"Optimal Threshold": 0.2366228997707367, "Accuracy": 0.9099590723055935, "Sensitivity": 0.9256198347107438, "Specificity": 0.9022403258655805, "AUC": 0.9666560064634496}, "Label_3": {"Optimal Threshold": 0.0707429051399231, "Accuracy": 0.9004092769440655, "Sensitivity": 0.9527896995708155, "Specificity": 0.876, "AUC": 0.969519313304721}, "Label_4": {"Optimal Threshold": 0.01233750581741333, "Accuracy": 0.8826739427012278, "Sensitivity": 1.0, "Specificity": 0.8808864265927978, "AUC": 0.9658776126920172}, "Label_5": {"Optimal Threshold": 0.003991415258497, "Accuracy": 0.781718963165075, "Sensitivity": 1.0, "Specificity": 0.7805212620027435, "AUC": 0.9029492455418382}, "Label_6": {"Optimal Threshold": 0.07944358885288239, "Accuracy": 0.9836289222373806, "Sensitivity": 1.0, "Specificity": 0.9835841313269493, "AUC": 0.991108071135431}, "Label_7": {"Optimal Threshold": 0.17779061198234558, "Accuracy": 0.9672578444747613, "Sensitivity": 0.9473684210526315, "Specificity": 0.9689349112426036, "AUC": 0.9842728122080349}, "Label_8": {"Optimal Threshold": 0.014138981699943542, "Accuracy": 0.9017735334242838, "Sensitivity": 1.0, "Specificity": 0.9012345679012346, "AUC": 0.9711934156378601}, "Label_9": {"Optimal Threshold": 0.03235075995326042, "Accuracy": 0.8963165075034106, "Sensitivity": 1.0, "Specificity": 0.8921985815602836, "AUC": 0.9752786220871327}, "Label_10": {"Optimal Threshold": 0.03090929239988327, "Accuracy": 0.8321964529331515, "Sensitivity": 0.8, "Specificity": 0.8328690807799443, "AUC": 0.8695450324976788}, "Label_11": {"Optimal Threshold": 0.05474568530917168, "Accuracy": 0.9590723055934516, "Sensitivity": 0.9444444444444444, "Specificity": 0.9594405594405594, "AUC": 0.9658119658119657}, "Label_12": {"Optimal Threshold": 0.06442341208457947, "Accuracy": 0.8703956343792633, "Sensitivity": 0.7833333333333333, "Specificity": 0.8781575037147102, "AUC": 0.887369985141159}, "Overall": {"Accuracy": 0.9040822751600379, "Sensitivity": 0.9284836153278339, "Specificity": 0.9032852403595892, "AUC": 0.9519773567615372}}, "label_names": [[9, 5, 1, 0, 4, 6, 7, 2], [9, 5, 10, 12, 8, 3, 11]]}