{"shared_labels": 3, "perf": [0.09702599793672562, 0.9723352193832397], "metrics": {"Label_0": {"Optimal Threshold": 0.26394176483154297, "Accuracy": 0.9522510231923602, "Sensitivity": 0.8695652173913043, "Specificity": 0.9608433734939759, "AUC": 0.9622402654094638}, "Label_1": {"Optimal Threshold": 0.21141976118087769, "Accuracy": 0.9713506139154161, "Sensitivity": 0.9310344827586207, "Specificity": 0.9748148148148148, "AUC": 0.988735632183908}, "Label_2": {"Optimal Threshold": 0.10286149382591248, "Accuracy": 0.9195088676671214, "Sensitivity": 0.9298245614035088, "Specificity": 0.9148514851485149, "AUC": 0.9693590411672747}, "Label_3": {"Optimal Threshold": 0.10784652084112167, "Accuracy": 0.9290586630286494, "Sensitivity": 0.9321266968325792, "Specificity": 0.927734375, "AUC": 0.9711626838235294}, "Label_4": {"Optimal Threshold": 0.011248894035816193, "Accuracy": 0.8799454297407913, "Sensitivity": 1.0, "Specificity": 0.8787878787878788, "AUC": 0.9787485242030697}, "Label_5": {"Optimal Threshold": 0.004270642530173063, "Accuracy": 0.7598908594815825, "Sensitivity": 1.0, "Specificity": 0.7582417582417582, "AUC": 0.9354395604395604}, "Label_6": {"Optimal Threshold": 0.018077561631798744, "Accuracy": 0.9386084583901774, "Sensitivity": 0.9090909090909091, "Specificity": 0.9390581717451524, "AUC": 0.9527826743893226}, "Label_7": {"Optimal Threshold": 0.08723175525665283, "Accuracy": 0.9713506139154161, "Sensitivity": 1.0, "Specificity": 0.9687034277198212, "AUC": 0.9935820393250324}, "Label_8": {"Optimal Threshold": 0.002894147764891386, "Accuracy": 0.8158253751705321, "Sensitivity": 1.0, "Specificity": 0.8153214774281806, "AUC": 0.8433652530779754}, "Label_9": {"Optimal Threshold": 0.051903270184993744, "Accuracy": 0.9113233287858117, "Sensitivity": 0.9375, "Specificity": 0.9101283880171184, "AUC": 0.953682239657632}, "Label_10": {"Optimal Threshold": 0.061281245201826096, "Accuracy": 0.9085948158253752, "Sensitivity": 0.7222222222222222, "Specificity": 0.9132867132867133, "AUC": 0.8871017871017871}, "Label_11": {"Optimal Threshold": 0.014060968533158302, "Accuracy": 0.8649386084583902, "Sensitivity": 1.0, "Specificity": 0.8615384615384616, "AUC": 0.9648795648795648}, "Label_12": {"Optimal Threshold": 0.02989584021270275, "Accuracy": 0.6916780354706685, "Sensitivity": 0.9803921568627451, "Specificity": 0.6700879765395894, "AUC": 0.9050945891553102}, "Overall": {"Accuracy": 0.8857172840801761, "Sensitivity": 0.9393658651201453, "Specificity": 0.8841075616739984, "AUC": 0.9466287580625715}}, "label_names": [[9, 1, 7, 4, 10, 8, 0, 5], [9, 1, 7, 2, 3, 6, 11, 12]]}