{"shared_labels": 5, "perf": [0.09485204517841339, 0.9692909717559814], "metrics": {"Label_0": {"Optimal Threshold": 0.07767121493816376, "Accuracy": 0.9399727148703957, "Sensitivity": 0.8260869565217391, "Specificity": 0.9518072289156626, "AUC": 0.9568273092369478}, "Label_1": {"Optimal Threshold": 0.01655636727809906, "Accuracy": 0.8990450204638472, "Sensitivity": 0.9827586206896551, "Specificity": 0.8918518518518519, "AUC": 0.9799744572158365}, "Label_2": {"Optimal Threshold": 0.05428343638777733, "Accuracy": 0.8949522510231923, "Sensitivity": 0.9649122807017544, "Specificity": 0.8633663366336634, "AUC": 0.9692113948236929}, "Label_3": {"Optimal Threshold": 0.3085678517818451, "Accuracy": 0.9331514324693042, "Sensitivity": 0.9049773755656109, "Specificity": 0.9453125, "AUC": 0.9749893947963801}, "Label_4": {"Optimal Threshold": 0.01699022203683853, "Accuracy": 0.9536152796725784, "Sensitivity": 0.8571428571428571, "Specificity": 0.9545454545454546, "AUC": 0.9622195985832349}, "Label_5": {"Optimal Threshold": 0.011158926412463188, "Accuracy": 0.9345156889495225, "Sensitivity": 0.8, "Specificity": 0.9354395604395604, "AUC": 0.9203296703296704}, "Label_6": {"Optimal Threshold": 0.0037256781943142414, "Accuracy": 0.844474761255116, "Sensitivity": 1.0, "Specificity": 0.8421052631578947, "AUC": 0.9196675900277008}, "Label_7": {"Optimal Threshold": 0.06261900067329407, "Accuracy": 0.9604365620736699, "Sensitivity": 1.0, "Specificity": 0.9567809239940388, "AUC": 0.9934137781837412}, "Label_8": {"Optimal Threshold": 0.005132073070853949, "Accuracy": 0.8526603001364257, "Sensitivity": 1.0, "Specificity": 0.8522571819425444, "AUC": 0.8584131326949384}, "Label_9": {"Optimal Threshold": 0.010056665167212486, "Accuracy": 0.9004092769440655, "Sensitivity": 0.96875, "Specificity": 0.8972895863052782, "AUC": 0.9531918687589157}, "Label_10": {"Optimal Threshold": 0.0037277406081557274, "Accuracy": 0.7585266030013642, "Sensitivity": 0.8888888888888888, "Specificity": 0.7552447552447552, "AUC": 0.8901320901320902}, "Label_11": {"Optimal Threshold": 0.007315146736800671, "Accuracy": 0.9181446111869032, "Sensitivity": 1.0, "Specificity": 0.916083916083916, "AUC": 0.9832167832167833}, "Label_12": {"Optimal Threshold": 0.08376170694828033, "Accuracy": 0.8553888130968622, "Sensitivity": 0.9411764705882353, "Specificity": 0.8489736070381232, "AUC": 0.9564717382554195}, "Overall": {"Accuracy": 0.8957917934725574, "Sensitivity": 0.9334379576999031, "Specificity": 0.893158320473288, "AUC": 0.9475429850965654}}, "label_names": [[12, 11, 4, 3, 9, 10, 5, 7, 6], [12, 11, 4, 3, 9, 1, 2, 8, 0]]}