{"shared_labels": 5, "perf": [0.09006146341562271, 0.9776701331138611], "metrics": {"Label_0": {"Optimal Threshold": 0.1496138721704483, "Accuracy": 0.9522510231923602, "Sensitivity": 0.8888888888888888, "Specificity": 0.9601226993865031, "AUC": 0.9698932060895251}, "Label_1": {"Optimal Threshold": 0.08758136630058289, "Accuracy": 0.9577080491132333, "Sensitivity": 0.918918918918919, "Specificity": 0.9620637329286799, "AUC": 0.9744083992945906}, "Label_2": {"Optimal Threshold": 0.32725006341934204, "Accuracy": 0.922237380627558, "Sensitivity": 0.9344262295081968, "Specificity": 0.9161554192229039, "AUC": 0.9775973046364276}, "Label_3": {"Optimal Threshold": 0.3950096368789673, "Accuracy": 0.9331514324693042, "Sensitivity": 0.9262295081967213, "Specificity": 0.9366053169734151, "AUC": 0.9815615676019981}, "Label_4": {"Optimal Threshold": 0.01977577619254589, "Accuracy": 0.9195088676671214, "Sensitivity": 1.0, "Specificity": 0.9186206896551724, "AUC": 0.9832758620689656}, "Label_5": {"Optimal Threshold": 0.013547075912356377, "Accuracy": 0.897680763983629, "Sensitivity": 1.0, "Specificity": 0.896551724137931, "AUC": 0.975}, "Label_6": {"Optimal Threshold": 0.01605973206460476, "Accuracy": 0.927694406548431, "Sensitivity": 1.0, "Specificity": 0.926896551724138, "AUC": 0.9798275862068965}, "Label_7": {"Optimal Threshold": 0.2634296715259552, "Accuracy": 0.975443383356071, "Sensitivity": 0.9393939393939394, "Specificity": 0.9790104947526237, "AUC": 0.9894370996320022}, "Label_8": {"Optimal Threshold": 0.02485860325396061, "Accuracy": 0.9481582537517054, "Sensitivity": 1.0, "Specificity": 0.9478021978021978, "AUC": 0.9763736263736265}, "Label_9": {"Optimal Threshold": 0.04476398229598999, "Accuracy": 0.91268758526603, "Sensitivity": 0.972972972972973, "Specificity": 0.9094827586206896, "AUC": 0.9712643678160919}, "Label_10": {"Optimal Threshold": 0.02968648076057434, "Accuracy": 0.8758526603001364, "Sensitivity": 0.7368421052631579, "Specificity": 0.8795518207282913, "AUC": 0.8678313430635413}, "Label_11": {"Optimal Threshold": 0.046575482934713364, "Accuracy": 0.897680763983629, "Sensitivity": 0.8888888888888888, "Specificity": 0.8980169971671388, "AUC": 0.9513692162417374}, "Label_12": {"Optimal Threshold": 0.06915999203920364, "Accuracy": 0.8130968622100955, "Sensitivity": 0.9047619047619048, "Specificity": 0.8075253256150506, "AUC": 0.9185790090276342}, "Overall": {"Accuracy": 0.9179347255745618, "Sensitivity": 0.9316402582148916, "Specificity": 0.9183389022088259, "AUC": 0.9628014298502336}}, "label_names": [[7, 6, 0, 1, 3, 12, 8, 5, 9], [7, 6, 0, 1, 3, 10, 4, 11, 2]]}