{"shared_labels": 11, "perf": [0.10443282872438431, 0.974479079246521], "metrics": {"Label_0": {"Optimal Threshold": 0.5801784992218018, "Accuracy": 0.9590723055934516, "Sensitivity": 0.8571428571428571, "Specificity": 0.9710365853658537, "AUC": 0.9650380107697181}, "Label_1": {"Optimal Threshold": 0.30183765292167664, "Accuracy": 0.956343792633015, "Sensitivity": 0.9315068493150684, "Specificity": 0.9590909090909091, "AUC": 0.9810294728102947}, "Label_2": {"Optimal Threshold": 0.7580972909927368, "Accuracy": 0.9195088676671214, "Sensitivity": 0.8508064516129032, "Specificity": 0.954639175257732, "AUC": 0.9632357831725973}, "Label_3": {"Optimal Threshold": 0.5709946155548096, "Accuracy": 0.9099590723055935, "Sensitivity": 0.9166666666666666, "Specificity": 0.9066937119675457, "AUC": 0.9682809330628803}, "Label_4": {"Optimal Threshold": 0.008207550272345543, "Accuracy": 0.819918144611187, "Sensitivity": 1.0, "Specificity": 0.8176795580110497, "AUC": 0.9645488029465931}, "Label_5": {"Optimal Threshold": 0.012351110577583313, "Accuracy": 0.8772169167803547, "Sensitivity": 1.0, "Specificity": 0.8763736263736264, "AUC": 0.9483516483516483}, "Label_6": {"Optimal Threshold": 0.00779140368103981, "Accuracy": 0.8922237380627558, "Sensitivity": 1.0, "Specificity": 0.8914835164835165, "AUC": 0.9697802197802198}, "Label_7": {"Optimal Threshold": 0.2176811695098877, "Accuracy": 0.9699863574351978, "Sensitivity": 0.9206349206349206, "Specificity": 0.9746268656716418, "AUC": 0.979957356076759}, "Label_8": {"Optimal Threshold": 0.004966393578797579, "Accuracy": 0.878581173260573, "Sensitivity": 1.0, "Specificity": 0.8772413793103448, "AUC": 0.9729310344827586}, "Label_9": {"Optimal Threshold": 0.021232156082987785, "Accuracy": 0.8240109140518418, "Sensitivity": 0.96875, "Specificity": 0.8174037089871612, "AUC": 0.9444543509272468}, "Label_10": {"Optimal Threshold": 0.035536427050828934, "Accuracy": 0.8553888130968622, "Sensitivity": 0.7333333333333333, "Specificity": 0.8579387186629527, "AUC": 0.8540389972144846}, "Label_11": {"Optimal Threshold": 0.058709993958473206, "Accuracy": 0.9590723055934516, "Sensitivity": 1.0, "Specificity": 0.9581005586592178, "AUC": 0.988908971409793}, "Label_12": {"Optimal Threshold": 0.04623407498002052, "Accuracy": 0.7298772169167803, "Sensitivity": 0.9642857142857143, "Specificity": 0.7104874446085672, "AUC": 0.917414011394809}, "Overall": {"Accuracy": 0.8885507398467835, "Sensitivity": 0.9340866763839586, "Specificity": 0.890215058342317, "AUC": 0.9552284301846001}}, "label_names": [[11, 6, 4, 12, 0, 8, 2, 1, 3, 7, 10, 5], [11, 6, 4, 12, 0, 8, 2, 1, 3, 7, 10, 9]]}