{"shared_labels": 11, "perf": [0.08664222061634064, 0.9781543016433716], "metrics": {"Label_0": {"Optimal Threshold": 0.09789711982011795, "Accuracy": 0.9249658935879945, "Sensitivity": 0.8695652173913043, "Specificity": 0.9307228915662651, "AUC": 0.96416099179326}, "Label_1": {"Optimal Threshold": 0.046363309025764465, "Accuracy": 0.9249658935879945, "Sensitivity": 0.9827586206896551, "Specificity": 0.92, "AUC": 0.9888378033205619}, "Label_2": {"Optimal Threshold": 0.343028724193573, "Accuracy": 0.9208731241473397, "Sensitivity": 0.9298245614035088, "Specificity": 0.9168316831683169, "AUC": 0.972546465172833}, "Label_3": {"Optimal Threshold": 0.43962210416793823, "Accuracy": 0.9304229195088677, "Sensitivity": 0.918552036199095, "Specificity": 0.935546875, "AUC": 0.9758554864253394}, "Label_4": {"Optimal Threshold": 0.002256724750623107, "Accuracy": 0.8076398362892224, "Sensitivity": 1.0, "Specificity": 0.8057851239669421, "AUC": 0.9630066902794175}, "Label_5": {"Optimal Threshold": 0.04187524691224098, "Accuracy": 0.9577080491132333, "Sensitivity": 0.8, "Specificity": 0.9587912087912088, "AUC": 0.9310439560439561}, "Label_6": {"Optimal Threshold": 0.008025659248232841, "Accuracy": 0.849931787175989, "Sensitivity": 1.0, "Specificity": 0.8476454293628809, "AUC": 0.9719214303701837}, "Label_7": {"Optimal Threshold": 0.1600072830915451, "Accuracy": 0.9686221009549796, "Sensitivity": 1.0, "Specificity": 0.9657228017883756, "AUC": 0.9935099274073361}, "Label_8": {"Optimal Threshold": 0.0014397331979125738, "Accuracy": 0.6807639836289222, "Sensitivity": 1.0, "Specificity": 0.679890560875513, "AUC": 0.7688098495212038}, "Label_9": {"Optimal Threshold": 0.0363151840865612, "Accuracy": 0.869031377899045, "Sensitivity": 0.90625, "Specificity": 0.8673323823109843, "AUC": 0.9400855920114123}, "Label_10": {"Optimal Threshold": 0.02341277152299881, "Accuracy": 0.8212824010914052, "Sensitivity": 0.8888888888888888, "Specificity": 0.8195804195804196, "AUC": 0.9041958041958043}, "Label_11": {"Optimal Threshold": 0.029861535876989365, "Accuracy": 0.9140518417462483, "Sensitivity": 1.0, "Specificity": 0.9118881118881119, "AUC": 0.983061383061383}, "Label_12": {"Optimal Threshold": 0.08331073820590973, "Accuracy": 0.8362892223738063, "Sensitivity": 0.9215686274509803, "Specificity": 0.8299120234604106, "AUC": 0.9464090621585876}, "Overall": {"Accuracy": 0.877426802392696, "Sensitivity": 0.9398006116941102, "Specificity": 0.8761268855199561, "AUC": 0.9464188032124061}}, "label_names": [[11, 10, 3, 2, 4, 5, 8, 12, 6, 7, 1, 9], [11, 10, 3, 2, 4, 5, 8, 12, 6, 7, 1, 0]]}