{"shared_labels": 3, "perf": [0.08913573622703552, 0.9762442111968994], "metrics": {"Label_0": {"Optimal Threshold": 0.1914345622062683, "Accuracy": 0.9345156889495225, "Sensitivity": 0.855072463768116, "Specificity": 0.9427710843373494, "AUC": 0.9577658459926665}, "Label_1": {"Optimal Threshold": 0.2036084681749344, "Accuracy": 0.9577080491132333, "Sensitivity": 0.9310344827586207, "Specificity": 0.96, "AUC": 0.9898339719029374}, "Label_2": {"Optimal Threshold": 0.21561157703399658, "Accuracy": 0.9154160982264665, "Sensitivity": 0.9429824561403509, "Specificity": 0.902970297029703, "AUC": 0.9744919228764982}, "Label_3": {"Optimal Threshold": 0.37156015634536743, "Accuracy": 0.927694406548431, "Sensitivity": 0.9230769230769231, "Specificity": 0.9296875, "AUC": 0.9767392533936652}, "Label_4": {"Optimal Threshold": 0.007354092318564653, "Accuracy": 0.8813096862210096, "Sensitivity": 0.8571428571428571, "Specificity": 0.8815426997245179, "AUC": 0.935064935064935}, "Label_5": {"Optimal Threshold": 0.04579988867044449, "Accuracy": 0.9631650750341064, "Sensitivity": 0.8, "Specificity": 0.9642857142857143, "AUC": 0.9203296703296704}, "Label_6": {"Optimal Threshold": 0.008876807056367397, "Accuracy": 0.8922237380627558, "Sensitivity": 1.0, "Specificity": 0.8905817174515236, "AUC": 0.9741878619994964}, "Label_7": {"Optimal Threshold": 0.07287963479757309, "Accuracy": 0.9536152796725784, "Sensitivity": 1.0, "Specificity": 0.9493293591654247, "AUC": 0.9924042113359935}, "Label_8": {"Optimal Threshold": 0.004894785117357969, "Accuracy": 0.8649386084583902, "Sensitivity": 1.0, "Specificity": 0.8645690834473324, "AUC": 0.896032831737346}, "Label_9": {"Optimal Threshold": 0.025249429047107697, "Accuracy": 0.8799454297407913, "Sensitivity": 0.9375, "Specificity": 0.8773181169757489, "AUC": 0.9481990014265335}, "Label_10": {"Optimal Threshold": 0.012256921268999577, "Accuracy": 0.7312414733969986, "Sensitivity": 1.0, "Specificity": 0.7244755244755244, "AUC": 0.8938616938616939}, "Label_11": {"Optimal Threshold": 0.06572932004928589, "Accuracy": 0.9495225102319236, "Sensitivity": 0.8888888888888888, "Specificity": 0.951048951048951, "AUC": 0.9539238539238539}, "Label_12": {"Optimal Threshold": 0.04525703936815262, "Accuracy": 0.7517053206002728, "Sensitivity": 0.9607843137254902, "Specificity": 0.7360703812316716, "AUC": 0.9320050600885516}, "Overall": {"Accuracy": 0.8925385664812678, "Sensitivity": 0.9304986450385575, "Specificity": 0.8903577253210355, "AUC": 0.9496030856872187}}, "label_names": [[3, 1, 2, 11, 8, 5, 0, 12], [3, 1, 2, 6, 4, 7, 9, 10]]}