{"shared_labels": 3, "perf": [0.09104961901903152, 0.9779973030090332], "metrics": {"Label_0": {"Optimal Threshold": 0.2526707947254181, "Accuracy": 0.9440654843110505, "Sensitivity": 0.8765432098765432, "Specificity": 0.9524539877300614, "AUC": 0.9614292206316746}, "Label_1": {"Optimal Threshold": 0.07124586403369904, "Accuracy": 0.9358799454297408, "Sensitivity": 0.9324324324324325, "Specificity": 0.936267071320182, "AUC": 0.9692613706270762}, "Label_2": {"Optimal Threshold": 0.27728843688964844, "Accuracy": 0.9208731241473397, "Sensitivity": 0.9262295081967213, "Specificity": 0.918200408997955, "AUC": 0.9756947936571793}, "Label_3": {"Optimal Threshold": 0.23164232075214386, "Accuracy": 0.9345156889495225, "Sensitivity": 0.9426229508196722, "Specificity": 0.9304703476482618, "AUC": 0.9798266787354588}, "Label_4": {"Optimal Threshold": 0.015265687368810177, "Accuracy": 0.9167803547066848, "Sensitivity": 1.0, "Specificity": 0.9158620689655173, "AUC": 0.9806896551724137}, "Label_5": {"Optimal Threshold": 0.027313554659485817, "Accuracy": 0.9508867667121419, "Sensitivity": 1.0, "Specificity": 0.9503448275862069, "AUC": 0.9863793103448275}, "Label_6": {"Optimal Threshold": 0.008741597644984722, "Accuracy": 0.8922237380627558, "Sensitivity": 1.0, "Specificity": 0.8910344827586207, "AUC": 0.9631034482758621}, "Label_7": {"Optimal Threshold": 0.0923566147685051, "Accuracy": 0.965893587994543, "Sensitivity": 0.9393939393939394, "Specificity": 0.9685157421289355, "AUC": 0.987438099132252}, "Label_8": {"Optimal Threshold": 0.03211645036935806, "Accuracy": 0.9618008185538881, "Sensitivity": 1.0, "Specificity": 0.9615384615384616, "AUC": 0.9813186813186814}, "Label_9": {"Optimal Threshold": 0.07025891542434692, "Accuracy": 0.9304229195088677, "Sensitivity": 0.972972972972973, "Specificity": 0.9281609195402298, "AUC": 0.9816713264989128}, "Label_10": {"Optimal Threshold": 0.007661519106477499, "Accuracy": 0.7257844474761255, "Sensitivity": 1.0, "Specificity": 0.7184873949579832, "AUC": 0.9111749963143152}, "Label_11": {"Optimal Threshold": 0.04684730991721153, "Accuracy": 0.9672578444747613, "Sensitivity": 0.8888888888888888, "Specificity": 0.9702549575070821, "AUC": 0.9747665512538034}, "Label_12": {"Optimal Threshold": 0.04231300204992294, "Accuracy": 0.7694406548431105, "Sensitivity": 0.9047619047619048, "Specificity": 0.7612156295224313, "AUC": 0.9179932465026532}, "Overall": {"Accuracy": 0.9089096442438873, "Sensitivity": 0.9526035236417751, "Specificity": 0.9079081769386097, "AUC": 0.9669805675742393}}, "label_names": [[1, 9, 11, 4, 5, 8, 0, 2], [1, 9, 11, 12, 10, 7, 6, 3]]}