{"shared_labels": 1, "perf": [0.09212823957204819, 0.9727649688720703], "metrics": {"Label_0": {"Optimal Threshold": 0.03717803955078125, "Accuracy": 0.91268758526603, "Sensitivity": 0.8840579710144928, "Specificity": 0.9156626506024096, "AUC": 0.9617600838135149}, "Label_1": {"Optimal Threshold": 0.07634595781564713, "Accuracy": 0.9577080491132333, "Sensitivity": 0.9310344827586207, "Specificity": 0.96, "AUC": 0.9846232439335888}, "Label_2": {"Optimal Threshold": 0.3431282341480255, "Accuracy": 0.9154160982264665, "Sensitivity": 0.9210526315789473, "Specificity": 0.9128712871287129, "AUC": 0.9712697585548029}, "Label_3": {"Optimal Threshold": 0.48653486371040344, "Accuracy": 0.9413369713506139, "Sensitivity": 0.9004524886877828, "Specificity": 0.958984375, "AUC": 0.9763503959276018}, "Label_4": {"Optimal Threshold": 0.004752612207084894, "Accuracy": 0.8321964529331515, "Sensitivity": 1.0, "Specificity": 0.8305785123966942, "AUC": 0.9643841007477371}, "Label_5": {"Optimal Threshold": 0.007260742597281933, "Accuracy": 0.8171896316507503, "Sensitivity": 1.0, "Specificity": 0.8159340659340659, "AUC": 0.9403846153846154}, "Label_6": {"Optimal Threshold": 0.016299288719892502, "Accuracy": 0.9004092769440655, "Sensitivity": 0.9090909090909091, "Specificity": 0.9002770083102493, "AUC": 0.9379249559304961}, "Label_7": {"Optimal Threshold": 0.1369517594575882, "Accuracy": 0.9645293315143247, "Sensitivity": 0.9838709677419355, "Specificity": 0.96274217585693, "AUC": 0.9918273159944233}, "Label_8": {"Optimal Threshold": 0.002166176214814186, "Accuracy": 0.7899045020463847, "Sensitivity": 1.0, "Specificity": 0.7893296853625171, "AUC": 0.8563611491108072}, "Label_9": {"Optimal Threshold": 0.01754916086792946, "Accuracy": 0.8867667121418826, "Sensitivity": 0.875, "Specificity": 0.8873038516405135, "AUC": 0.9414675463623394}, "Label_10": {"Optimal Threshold": 0.008885922841727734, "Accuracy": 0.6616643929058663, "Sensitivity": 1.0, "Specificity": 0.6531468531468532, "AUC": 0.8929292929292929}, "Label_11": {"Optimal Threshold": 0.0356321819126606, "Accuracy": 0.8949522510231923, "Sensitivity": 1.0, "Specificity": 0.8923076923076924, "AUC": 0.9790986790986791}, "Label_12": {"Optimal Threshold": 0.0384780690073967, "Accuracy": 0.7435197817189632, "Sensitivity": 0.9411764705882353, "Specificity": 0.7287390029325513, "AUC": 0.9254499453740441}, "Overall": {"Accuracy": 0.862944695141148, "Sensitivity": 0.9496719939585325, "Specificity": 0.8621443969707069, "AUC": 0.9479870063970727}}, "label_names": [[3, 5, 9, 11, 6, 0, 2], [3, 8, 4, 7, 10, 12, 1]]}