{"shared_labels": 1, "perf": [0.08955986797809601, 0.976699948310852], "metrics": {"Label_0": {"Optimal Threshold": 0.25646427273750305, "Accuracy": 0.9508867667121419, "Sensitivity": 0.7804878048780488, "Specificity": 0.9723502304147466, "AUC": 0.9470046082949308}, "Label_1": {"Optimal Threshold": 0.23686020076274872, "Accuracy": 0.965893587994543, "Sensitivity": 0.8923076923076924, "Specificity": 0.9730538922155688, "AUC": 0.9725932749884846}, "Label_2": {"Optimal Threshold": 0.23955434560775757, "Accuracy": 0.9181446111869032, "Sensitivity": 0.9617021276595744, "Specificity": 0.8975903614457831, "AUC": 0.9740664786806801}, "Label_3": {"Optimal Threshold": 0.18101808428764343, "Accuracy": 0.9195088676671214, "Sensitivity": 0.9696969696969697, "Specificity": 0.896414342629482, "AUC": 0.9764750521722634}, "Label_4": {"Optimal Threshold": 0.5922725200653076, "Accuracy": 0.9972714870395635, "Sensitivity": 1.0, "Specificity": 0.9972489683631361, "AUC": 0.9995414947271893}, "Label_5": {"Optimal Threshold": 0.007023235317319632, "Accuracy": 0.8908594815825375, "Sensitivity": 1.0, "Specificity": 0.8901098901098901, "AUC": 0.9538461538461539}, "Label_6": {"Optimal Threshold": 0.04445429891347885, "Accuracy": 0.9645293315143247, "Sensitivity": 1.0, "Specificity": 0.9641379310344828, "AUC": 0.9858620689655173}, "Label_7": {"Optimal Threshold": 0.16420960426330566, "Accuracy": 0.975443383356071, "Sensitivity": 0.9375, "Specificity": 0.9790732436472347, "AUC": 0.9880184977578476}, "Label_8": {"Optimal Threshold": 0.03451095148921013, "Accuracy": 0.9590723055934516, "Sensitivity": 1.0, "Specificity": 0.9588477366255144, "AUC": 0.9794238683127572}, "Label_9": {"Optimal Threshold": 0.06584585458040237, "Accuracy": 0.8867667121418826, "Sensitivity": 0.92, "Specificity": 0.885593220338983, "AUC": 0.9543502824858757}, "Label_10": {"Optimal Threshold": 0.016766242682933807, "Accuracy": 0.8062755798090041, "Sensitivity": 0.9333333333333333, "Specificity": 0.8036211699164345, "AUC": 0.9143918291550603}, "Label_11": {"Optimal Threshold": 0.054146528244018555, "Accuracy": 0.9727148703956344, "Sensitivity": 1.0, "Specificity": 0.9722222222222222, "AUC": 0.9847222222222222}, "Label_12": {"Optimal Threshold": 0.11390732228755951, "Accuracy": 0.8622100954979536, "Sensitivity": 0.7758620689655172, "Specificity": 0.8696296296296296, "AUC": 0.8939208173690932}, "Overall": {"Accuracy": 0.9284290061916256, "Sensitivity": 0.9362223074493182, "Specificity": 0.9276840645071621, "AUC": 0.9634012806906214}}, "label_names": [[6, 7, 12, 3, 8, 4, 9], [6, 11, 5, 2, 10, 0, 1]]}