{"shared_labels": 12, "perf": [0.089964359998703, 0.9777529239654541], "metrics": {"Label_0": {"Optimal Threshold": 0.031865041702985764, "Accuracy": 0.8472032742155525, "Sensitivity": 0.927536231884058, "Specificity": 0.838855421686747, "AUC": 0.9528985507246377}, "Label_1": {"Optimal Threshold": 0.1600780189037323, "Accuracy": 0.9645293315143247, "Sensitivity": 0.8909090909090909, "Specificity": 0.9705014749262537, "AUC": 0.9833735585947975}, "Label_2": {"Optimal Threshold": 0.5464712977409363, "Accuracy": 0.937244201909959, "Sensitivity": 0.918918918918919, "Specificity": 0.9472573839662447, "AUC": 0.9769154326116352}, "Label_3": {"Optimal Threshold": 0.4331957697868347, "Accuracy": 0.9358799454297408, "Sensitivity": 0.9409448818897638, "Specificity": 0.9331941544885177, "AUC": 0.9761231568392155}, "Label_4": {"Optimal Threshold": 0.04405776038765907, "Accuracy": 0.9618008185538881, "Sensitivity": 0.8888888888888888, "Specificity": 0.962707182320442, "AUC": 0.9412216083486801}, "Label_5": {"Optimal Threshold": 0.03571956232190132, "Accuracy": 0.937244201909959, "Sensitivity": 0.8571428571428571, "Specificity": 0.9380165289256198, "AUC": 0.9539551357733176}, "Label_6": {"Optimal Threshold": 0.02659076638519764, "Accuracy": 0.9085948158253752, "Sensitivity": 1.0, "Specificity": 0.9077134986225895, "AUC": 0.9789452971271153}, "Label_7": {"Optimal Threshold": 0.10601834207773209, "Accuracy": 0.9686221009549796, "Sensitivity": 0.984375, "Specificity": 0.9671150971599403, "AUC": 0.9908678998505231}, "Label_8": {"Optimal Threshold": 0.012625239789485931, "Accuracy": 0.9195088676671214, "Sensitivity": 1.0, "Specificity": 0.9183955739972337, "AUC": 0.9852005532503458}, "Label_9": {"Optimal Threshold": 0.01970968395471573, "Accuracy": 0.8758526603001364, "Sensitivity": 0.9444444444444444, "Specificity": 0.8723098995695839, "AUC": 0.947831978319783}, "Label_10": {"Optimal Threshold": 0.05545773357152939, "Accuracy": 0.9113233287858117, "Sensitivity": 0.8571428571428571, "Specificity": 0.9123783031988874, "AUC": 0.9190343731372939}, "Label_11": {"Optimal Threshold": 0.06361514329910278, "Accuracy": 0.9686221009549796, "Sensitivity": 1.0, "Specificity": 0.9680111265646731, "AUC": 0.9849990065567256}, "Label_12": {"Optimal Threshold": 0.09408446401357651, "Accuracy": 0.8908594815825375, "Sensitivity": 0.8070175438596491, "Specificity": 0.8979289940828402, "AUC": 0.9137080867850098}, "Overall": {"Accuracy": 0.9251757792003359, "Sensitivity": 0.9244092857754254, "Specificity": 0.9257218953468901, "AUC": 0.9619288183014676}}, "label_names": [[6, 5, 8, 9, 0, 10, 12, 4, 3, 7, 2, 11, 1], [6, 5, 8, 9, 0, 10, 12, 4, 3, 7, 2, 11]]}