{"shared_labels": 12, "perf": [0.08876816928386688, 0.9780982732772827], "metrics": {"Label_0": {"Optimal Threshold": 0.08476848155260086, "Accuracy": 0.9427012278308322, "Sensitivity": 0.8840579710144928, "Specificity": 0.9487951807228916, "AUC": 0.9678060066352365}, "Label_1": {"Optimal Threshold": 0.03259539231657982, "Accuracy": 0.9386084583901774, "Sensitivity": 0.9655172413793104, "Specificity": 0.9362962962962963, "AUC": 0.9866666666666666}, "Label_2": {"Optimal Threshold": 0.4356125295162201, "Accuracy": 0.9236016371077762, "Sensitivity": 0.9298245614035088, "Specificity": 0.9207920792079208, "AUC": 0.973536564182734}, "Label_3": {"Optimal Threshold": 0.5167192220687866, "Accuracy": 0.9345156889495225, "Sensitivity": 0.9276018099547512, "Specificity": 0.9375, "AUC": 0.975705246040724}, "Label_4": {"Optimal Threshold": 0.025811992585659027, "Accuracy": 0.9495225102319236, "Sensitivity": 0.8571428571428571, "Specificity": 0.9504132231404959, "AUC": 0.9618260527351437}, "Label_5": {"Optimal Threshold": 0.0035344313364475965, "Accuracy": 0.7899045020463847, "Sensitivity": 1.0, "Specificity": 0.7884615384615384, "AUC": 0.9401098901098901}, "Label_6": {"Optimal Threshold": 0.01492114458233118, "Accuracy": 0.8663028649386084, "Sensitivity": 1.0, "Specificity": 0.8642659279778393, "AUC": 0.9740619491312013}, "Label_7": {"Optimal Threshold": 0.10019619762897491, "Accuracy": 0.9686221009549796, "Sensitivity": 1.0, "Specificity": 0.9657228017883756, "AUC": 0.9934858901014374}, "Label_8": {"Optimal Threshold": 0.002443992532789707, "Accuracy": 0.747612551159618, "Sensitivity": 1.0, "Specificity": 0.746922024623803, "AUC": 0.79890560875513}, "Label_9": {"Optimal Threshold": 0.015240862965583801, "Accuracy": 0.8744884038199181, "Sensitivity": 0.96875, "Specificity": 0.8701854493580599, "AUC": 0.9476640513552069}, "Label_10": {"Optimal Threshold": 0.018190646544098854, "Accuracy": 0.7844474761255116, "Sensitivity": 0.9444444444444444, "Specificity": 0.7804195804195804, "AUC": 0.9112665112665113}, "Label_11": {"Optimal Threshold": 0.025704998522996902, "Accuracy": 0.9017735334242838, "Sensitivity": 0.9444444444444444, "Specificity": 0.9006993006993007, "AUC": 0.9604506604506604}, "Label_12": {"Optimal Threshold": 0.05765374004840851, "Accuracy": 0.7776261937244202, "Sensitivity": 0.9803921568627451, "Specificity": 0.7624633431085044, "AUC": 0.9409464665631649}, "Overall": {"Accuracy": 0.8769020883618425, "Sensitivity": 0.954013498972812, "Specificity": 0.8748412881388159, "AUC": 0.9486485818456699}}, "label_names": [[10, 12, 1, 9, 6, 7, 5, 4, 8, 2, 3, 0, 11], [10, 12, 1, 9, 6, 7, 5, 4, 8, 2, 3, 0]]}