{"shared_labels": 9, "perf": [0.08654738962650299, 0.9787924289703369], "metrics": {"Label_0": {"Optimal Threshold": 0.037001512944698334, "Accuracy": 0.897680763983629, "Sensitivity": 0.8735632183908046, "Specificity": 0.9009287925696594, "AUC": 0.957296893348991}, "Label_1": {"Optimal Threshold": 0.07177981734275818, "Accuracy": 0.9522510231923602, "Sensitivity": 0.9264705882352942, "Specificity": 0.9548872180451128, "AUC": 0.9799867315347192}, "Label_2": {"Optimal Threshold": 0.3624792695045471, "Accuracy": 0.9249658935879945, "Sensitivity": 0.9012875536480687, "Specificity": 0.936, "AUC": 0.9743690987124464}, "Label_3": {"Optimal Threshold": 0.38438186049461365, "Accuracy": 0.922237380627558, "Sensitivity": 0.9099099099099099, "Specificity": 0.9275929549902152, "AUC": 0.9734666173022337}, "Label_4": {"Optimal Threshold": 0.08161954581737518, "Accuracy": 0.965893587994543, "Sensitivity": 0.8333333333333334, "Specificity": 0.9669876203576341, "AUC": 0.9447501146263182}, "Label_5": {"Optimal Threshold": 0.022751787677407265, "Accuracy": 0.9386084583901774, "Sensitivity": 1.0, "Specificity": 0.9382716049382716, "AUC": 0.9735939643347051}, "Label_6": {"Optimal Threshold": 0.024238567799329758, "Accuracy": 0.9427012278308322, "Sensitivity": 1.0, "Specificity": 0.9422283356258597, "AUC": 0.9828060522696012}, "Label_7": {"Optimal Threshold": 0.2897152602672577, "Accuracy": 0.9795361527967258, "Sensitivity": 0.9402985074626866, "Specificity": 0.9834834834834835, "AUC": 0.9906772444085877}, "Label_8": {"Optimal Threshold": 0.045784611254930496, "Accuracy": 0.9713506139154161, "Sensitivity": 1.0, "Specificity": 0.9710743801652892, "AUC": 0.9917355371900827}, "Label_9": {"Optimal Threshold": 0.10085424780845642, "Accuracy": 0.9072305593451568, "Sensitivity": 0.92, "Specificity": 0.9067796610169492, "AUC": 0.9579661016949151}, "Label_10": {"Optimal Threshold": 0.027038536965847015, "Accuracy": 0.8526603001364257, "Sensitivity": 0.8461538461538461, "Specificity": 0.8527777777777777, "AUC": 0.8854700854700854}, "Label_11": {"Optimal Threshold": 0.010280274786055088, "Accuracy": 0.9072305593451568, "Sensitivity": 1.0, "Specificity": 0.905160390516039, "AUC": 0.9789051603905161}, "Label_12": {"Optimal Threshold": 0.13475054502487183, "Accuracy": 0.8990450204638472, "Sensitivity": 0.9245283018867925, "Specificity": 0.8970588235294118, "AUC": 0.9439511653718092}, "Overall": {"Accuracy": 0.9277993493546017, "Sensitivity": 0.9288880968477489, "Specificity": 0.9294793110012081, "AUC": 0.9642288282042315}}, "label_names": [[2, 0, 11, 3, 7, 8, 5, 12, 1, 9, 4], [2, 0, 11, 3, 7, 8, 5, 12, 1, 10, 6]]}