{"shared_labels": 8, "perf": [0.08585286885499954, 0.9792807102203369], "metrics": {"Label_0": {"Optimal Threshold": 0.04724443331360817, "Accuracy": 0.897680763983629, "Sensitivity": 0.9130434782608695, "Specificity": 0.8960843373493976, "AUC": 0.9647503055701064}, "Label_1": {"Optimal Threshold": 0.043684180825948715, "Accuracy": 0.9290586630286494, "Sensitivity": 0.9655172413793104, "Specificity": 0.9259259259259259, "AUC": 0.9869987228607918}, "Label_2": {"Optimal Threshold": 0.22384637594223022, "Accuracy": 0.9154160982264665, "Sensitivity": 0.9473684210526315, "Specificity": 0.900990099009901, "AUC": 0.9741532047941637}, "Label_3": {"Optimal Threshold": 0.3139059245586395, "Accuracy": 0.9290586630286494, "Sensitivity": 0.9140271493212669, "Specificity": 0.935546875, "AUC": 0.9746182126696832}, "Label_4": {"Optimal Threshold": 0.11894364655017853, "Accuracy": 0.9863574351978172, "Sensitivity": 0.8571428571428571, "Specificity": 0.987603305785124, "AUC": 0.9724517906336089}, "Label_5": {"Optimal Threshold": 0.04581291601061821, "Accuracy": 0.9699863574351978, "Sensitivity": 0.8, "Specificity": 0.9711538461538461, "AUC": 0.9340659340659341}, "Label_6": {"Optimal Threshold": 0.01202673465013504, "Accuracy": 0.9454297407912687, "Sensitivity": 1.0, "Specificity": 0.9445983379501385, "AUC": 0.9819944598337951}, "Label_7": {"Optimal Threshold": 0.08592871576547623, "Accuracy": 0.9508867667121419, "Sensitivity": 1.0, "Specificity": 0.9463487332339792, "AUC": 0.9915869429354358}, "Label_8": {"Optimal Threshold": 0.001404382986947894, "Accuracy": 0.8226466575716235, "Sensitivity": 1.0, "Specificity": 0.8221614227086184, "AUC": 0.8761969904240765}, "Label_9": {"Optimal Threshold": 0.010756351053714752, "Accuracy": 0.888130968622101, "Sensitivity": 0.96875, "Specificity": 0.884450784593438, "AUC": 0.949447218259629}, "Label_10": {"Optimal Threshold": 0.004299299791455269, "Accuracy": 0.6889495225102319, "Sensitivity": 1.0, "Specificity": 0.6811188811188811, "AUC": 0.896969696969697}, "Label_11": {"Optimal Threshold": 0.034990422427654266, "Accuracy": 0.9618008185538881, "Sensitivity": 0.9444444444444444, "Specificity": 0.9622377622377623, "AUC": 0.9787878787878788}, "Label_12": {"Optimal Threshold": 0.06599125266075134, "Accuracy": 0.8731241473396999, "Sensitivity": 0.8627450980392157, "Specificity": 0.873900293255132, "AUC": 0.9474440802714047}, "Overall": {"Accuracy": 0.9045020463847202, "Sensitivity": 0.9363875915108152, "Specificity": 0.9024708157170879, "AUC": 0.9561127260058618}}, "label_names": [[9, 2, 5, 6, 8, 11, 12, 1, 4, 10, 7], [9, 2, 5, 6, 8, 11, 12, 1, 3, 0]]}