{"shared_labels": 8, "perf": [0.08987594395875931, 0.979114830493927], "metrics": {"Label_0": {"Optimal Threshold": 0.08124694973230362, "Accuracy": 0.9099590723055935, "Sensitivity": 0.8928571428571429, "Specificity": 0.9121725731895224, "AUC": 0.9553892435248368}, "Label_1": {"Optimal Threshold": 0.08055124431848526, "Accuracy": 0.9358799454297408, "Sensitivity": 0.9420289855072463, "Specificity": 0.9352409638554217, "AUC": 0.9850925440894011}, "Label_2": {"Optimal Threshold": 0.27128612995147705, "Accuracy": 0.8894952251023193, "Sensitivity": 0.9539170506912442, "Specificity": 0.8624031007751938, "AUC": 0.9691887257528667}, "Label_3": {"Optimal Threshold": 0.31264373660087585, "Accuracy": 0.8894952251023193, "Sensitivity": 0.9466019417475728, "Specificity": 0.8671726755218216, "AUC": 0.9698513291943774}, "Label_4": {"Optimal Threshold": 0.01496115606278181, "Accuracy": 0.9058663028649386, "Sensitivity": 1.0, "Specificity": 0.9052197802197802, "AUC": 0.9706043956043956}, "Label_5": {"Optimal Threshold": 0.0067541347816586494, "Accuracy": 0.8308321964529332, "Sensitivity": 1.0, "Specificity": 0.8296703296703297, "AUC": 0.9442307692307692}, "Label_6": {"Optimal Threshold": 0.09168671816587448, "Accuracy": 0.9740791268758526, "Sensitivity": 1.0, "Specificity": 0.9738651994497937, "AUC": 0.9917469050894085}, "Label_7": {"Optimal Threshold": 0.25734633207321167, "Accuracy": 0.9795361527967258, "Sensitivity": 0.9836065573770492, "Specificity": 0.9791666666666666, "AUC": 0.9906567135050741}, "Label_8": {"Optimal Threshold": 0.013286852277815342, "Accuracy": 0.9208731241473397, "Sensitivity": 1.0, "Specificity": 0.92, "AUC": 0.9744827586206896}, "Label_9": {"Optimal Threshold": 0.04096110165119171, "Accuracy": 0.9140518417462483, "Sensitivity": 0.967741935483871, "Specificity": 0.9116809116809117, "AUC": 0.9796893667861409}, "Label_10": {"Optimal Threshold": 0.008824465796351433, "Accuracy": 0.6971350613915416, "Sensitivity": 1.0, "Specificity": 0.6937931034482758, "AUC": 0.8746551724137931}, "Label_11": {"Optimal Threshold": 0.021305052563548088, "Accuracy": 0.9290586630286494, "Sensitivity": 1.0, "Specificity": 0.9265536723163842, "AUC": 0.9828813559322034}, "Label_12": {"Optimal Threshold": 0.07953885942697525, "Accuracy": 0.8090040927694406, "Sensitivity": 0.9298245614035088, "Specificity": 0.7988165680473372, "AUC": 0.919988580919755}, "Overall": {"Accuracy": 0.8911743100010495, "Sensitivity": 0.9705060134667411, "Specificity": 0.8858273496031875, "AUC": 0.9621890662049009}}, "label_names": [[11, 9, 0, 1, 5, 7, 4, 3, 2, 6, 10], [11, 9, 0, 1, 5, 7, 4, 3, 12, 8]]}