{"shared_labels": 3, "perf": [0.08664567023515701, 0.9803072214126587], "metrics": {"Label_0": {"Optimal Threshold": 0.10432107001543045, "Accuracy": 0.9181446111869032, "Sensitivity": 0.8695652173913043, "Specificity": 0.9231927710843374, "AUC": 0.9596865723764625}, "Label_1": {"Optimal Threshold": 0.08346791565418243, "Accuracy": 0.9508867667121419, "Sensitivity": 0.9482758620689655, "Specificity": 0.9511111111111111, "AUC": 0.986360153256705}, "Label_2": {"Optimal Threshold": 0.4835135042667389, "Accuracy": 0.9208731241473397, "Sensitivity": 0.9342105263157895, "Specificity": 0.9148514851485149, "AUC": 0.9760986624978287}, "Label_3": {"Optimal Threshold": 0.5922914743423462, "Accuracy": 0.9345156889495225, "Sensitivity": 0.9230769230769231, "Specificity": 0.939453125, "AUC": 0.9769513574660633}, "Label_4": {"Optimal Threshold": 0.04492410272359848, "Accuracy": 0.9672578444747613, "Sensitivity": 0.8571428571428571, "Specificity": 0.9683195592286501, "AUC": 0.9649744195198742}, "Label_5": {"Optimal Threshold": 0.005171491298824549, "Accuracy": 0.82537517053206, "Sensitivity": 1.0, "Specificity": 0.8241758241758241, "AUC": 0.9560439560439561}, "Label_6": {"Optimal Threshold": 0.02266092039644718, "Accuracy": 0.9345156889495225, "Sensitivity": 1.0, "Specificity": 0.9335180055401662, "AUC": 0.9796021153361874}, "Label_7": {"Optimal Threshold": 0.1705283224582672, "Accuracy": 0.9686221009549796, "Sensitivity": 0.9838709677419355, "Specificity": 0.9672131147540983, "AUC": 0.9934618527955387}, "Label_8": {"Optimal Threshold": 0.0038624461740255356, "Accuracy": 0.8335607094133697, "Sensitivity": 1.0, "Specificity": 0.8331053351573188, "AUC": 0.8549931600547196}, "Label_9": {"Optimal Threshold": 0.031003043055534363, "Accuracy": 0.8553888130968622, "Sensitivity": 0.9375, "Specificity": 0.8516405135520685, "AUC": 0.944543509272468}, "Label_10": {"Optimal Threshold": 0.01585167646408081, "Accuracy": 0.7407912687585266, "Sensitivity": 1.0, "Specificity": 0.7342657342657343, "AUC": 0.9161616161616162}, "Label_11": {"Optimal Threshold": 0.02205136977136135, "Accuracy": 0.9195088676671214, "Sensitivity": 0.9444444444444444, "Specificity": 0.9188811188811189, "AUC": 0.9722610722610723}, "Label_12": {"Optimal Threshold": 0.09722530096769333, "Accuracy": 0.8663028649386084, "Sensitivity": 0.8823529411764706, "Specificity": 0.8651026392961877, "AUC": 0.9511241446725318}, "Overall": {"Accuracy": 0.8950571938293629, "Sensitivity": 0.9446492107198993, "Specificity": 0.8942177182457793, "AUC": 0.9563278916703866}}, "label_names": [[5, 2, 12, 6, 9, 8, 1, 10], [5, 2, 12, 11, 3, 7, 0, 4]]}