{"shared_labels": 5, "perf": [0.09182537347078323, 0.9741662740707397], "metrics": {"Label_0": {"Optimal Threshold": 0.04046860709786415, "Accuracy": 0.8799454297407913, "Sensitivity": 0.927536231884058, "Specificity": 0.875, "AUC": 0.9604723240789244}, "Label_1": {"Optimal Threshold": 0.08829255402088165, "Accuracy": 0.9413369713506139, "Sensitivity": 0.9482758620689655, "Specificity": 0.9407407407407408, "AUC": 0.9870498084291187}, "Label_2": {"Optimal Threshold": 0.3655432164669037, "Accuracy": 0.9249658935879945, "Sensitivity": 0.9298245614035088, "Specificity": 0.9227722772277228, "AUC": 0.9727375369115859}, "Label_3": {"Optimal Threshold": 0.3554092347621918, "Accuracy": 0.9263301500682128, "Sensitivity": 0.9366515837104072, "Specificity": 0.921875, "AUC": 0.9756964083710407}, "Label_4": {"Optimal Threshold": 0.03133751079440117, "Accuracy": 0.9549795361527967, "Sensitivity": 0.8571428571428571, "Specificity": 0.9559228650137741, "AUC": 0.9626131444313263}, "Label_5": {"Optimal Threshold": 0.0008805709658190608, "Accuracy": 0.7339699863574352, "Sensitivity": 1.0, "Specificity": 0.7321428571428571, "AUC": 0.9244505494505494}, "Label_6": {"Optimal Threshold": 0.008959343656897545, "Accuracy": 0.8417462482946794, "Sensitivity": 1.0, "Specificity": 0.8393351800554016, "AUC": 0.9658776126920171}, "Label_7": {"Optimal Threshold": 0.105301633477211, "Accuracy": 0.9686221009549796, "Sensitivity": 0.9838709677419355, "Specificity": 0.9672131147540983, "AUC": 0.9933416662660449}, "Label_8": {"Optimal Threshold": 0.001598350703716278, "Accuracy": 0.7557980900409277, "Sensitivity": 1.0, "Specificity": 0.7551299589603283, "AUC": 0.7599179206566348}, "Label_9": {"Optimal Threshold": 0.015347050502896309, "Accuracy": 0.8608458390177354, "Sensitivity": 0.9375, "Specificity": 0.8573466476462197, "AUC": 0.9461483594864479}, "Label_10": {"Optimal Threshold": 0.004249498713761568, "Accuracy": 0.635743519781719, "Sensitivity": 1.0, "Specificity": 0.6265734265734266, "AUC": 0.882051282051282}, "Label_11": {"Optimal Threshold": 0.019291972741484642, "Accuracy": 0.9181446111869032, "Sensitivity": 1.0, "Specificity": 0.916083916083916, "AUC": 0.9822843822843823}, "Label_12": {"Optimal Threshold": 0.020736845210194588, "Accuracy": 0.694406548431105, "Sensitivity": 0.8823529411764706, "Specificity": 0.6803519061583577, "AUC": 0.8805704099821746}, "Overall": {"Accuracy": 0.8489873019204535, "Sensitivity": 0.9540888465483234, "Specificity": 0.8454221454120648, "AUC": 0.9379393388531946}}, "label_names": [[7, 1, 2, 3, 11, 8, 6, 9, 12], [7, 1, 2, 3, 11, 5, 10, 0, 4]]}