{"shared_labels": 5, "perf": [0.08726728707551956, 0.9797587990760803], "metrics": {"Label_0": {"Optimal Threshold": 0.1548478603363037, "Accuracy": 0.8703956343792633, "Sensitivity": 0.926829268292683, "Specificity": 0.8632872503840245, "AUC": 0.9633959012401183}, "Label_1": {"Optimal Threshold": 0.14999619126319885, "Accuracy": 0.9263301500682128, "Sensitivity": 0.9692307692307692, "Specificity": 0.9221556886227545, "AUC": 0.9824735145094426}, "Label_2": {"Optimal Threshold": 0.29676738381385803, "Accuracy": 0.9208731241473397, "Sensitivity": 0.9361702127659575, "Specificity": 0.9136546184738956, "AUC": 0.9759890626335128}, "Label_3": {"Optimal Threshold": 0.2352575808763504, "Accuracy": 0.9263301500682128, "Sensitivity": 0.9653679653679653, "Specificity": 0.9083665338645418, "AUC": 0.9784325899863747}, "Label_4": {"Optimal Threshold": 0.3368545174598694, "Accuracy": 0.9918144611186903, "Sensitivity": 1.0, "Specificity": 0.9917469050894085, "AUC": 0.9977074736359468}, "Label_5": {"Optimal Threshold": 0.003485343186184764, "Accuracy": 0.8267394270122783, "Sensitivity": 1.0, "Specificity": 0.8255494505494505, "AUC": 0.9304945054945055}, "Label_6": {"Optimal Threshold": 0.0048633841797709465, "Accuracy": 0.903137789904502, "Sensitivity": 1.0, "Specificity": 0.9020689655172414, "AUC": 0.9736206896551725}, "Label_7": {"Optimal Threshold": 0.13892580568790436, "Accuracy": 0.9686221009549796, "Sensitivity": 0.96875, "Specificity": 0.968609865470852, "AUC": 0.9904007847533632}, "Label_8": {"Optimal Threshold": 0.0031434185802936554, "Accuracy": 0.8403819918144612, "Sensitivity": 1.0, "Specificity": 0.8395061728395061, "AUC": 0.9554183813443072}, "Label_9": {"Optimal Threshold": 0.10959174484014511, "Accuracy": 0.9099590723055935, "Sensitivity": 0.92, "Specificity": 0.9096045197740112, "AUC": 0.9631073446327683}, "Label_10": {"Optimal Threshold": 0.0461278073489666, "Accuracy": 0.9017735334242838, "Sensitivity": 0.9333333333333333, "Specificity": 0.9011142061281338, "AUC": 0.9576601671309193}, "Label_11": {"Optimal Threshold": 0.13554760813713074, "Accuracy": 0.9822646657571623, "Sensitivity": 1.0, "Specificity": 0.9819444444444444, "AUC": 0.9933760683760683}, "Label_12": {"Optimal Threshold": 0.04812921956181526, "Accuracy": 0.772169167803547, "Sensitivity": 0.896551724137931, "Specificity": 0.7614814814814815, "AUC": 0.894125159642401}, "Overall": {"Accuracy": 0.903137789904502, "Sensitivity": 0.9627871748560491, "Specificity": 0.8991607771261342, "AUC": 0.9658616648488386}}, "label_names": [[11, 7, 10, 6, 8, 0, 9, 2, 1], [11, 7, 10, 6, 8, 5, 4, 3, 12]]}