{"shared_labels": 11, "perf": [0.09648679941892624, 0.9744904637336731], "metrics": {"Label_0": {"Optimal Threshold": 0.12004241347312927, "Accuracy": 0.9058663028649386, "Sensitivity": 0.8604651162790697, "Specificity": 0.9119010819165378, "AUC": 0.9520865533230293}, "Label_1": {"Optimal Threshold": 0.1273321658372879, "Accuracy": 0.9495225102319236, "Sensitivity": 0.9166666666666666, "Specificity": 0.9531013615733737, "AUC": 0.9826651538073625}, "Label_2": {"Optimal Threshold": 0.32207241654396057, "Accuracy": 0.9004092769440655, "Sensitivity": 0.9214876033057852, "Specificity": 0.890020366598778, "AUC": 0.9647876655838145}, "Label_3": {"Optimal Threshold": 0.3247767686843872, "Accuracy": 0.9045020463847203, "Sensitivity": 0.9356223175965666, "Specificity": 0.89, "AUC": 0.9690987124463519}, "Label_4": {"Optimal Threshold": 0.022547172382473946, "Accuracy": 0.9249658935879945, "Sensitivity": 0.9090909090909091, "Specificity": 0.925207756232687, "AUC": 0.9589524049357844}, "Label_5": {"Optimal Threshold": 0.0007446993258781731, "Accuracy": 0.73806275579809, "Sensitivity": 1.0, "Specificity": 0.7366255144032922, "AUC": 0.9012345679012346}, "Label_6": {"Optimal Threshold": 0.09321589767932892, "Accuracy": 0.9890859481582538, "Sensitivity": 1.0, "Specificity": 0.9890560875512996, "AUC": 0.993844049247606}, "Label_7": {"Optimal Threshold": 0.20030322670936584, "Accuracy": 0.9699863574351978, "Sensitivity": 0.9473684210526315, "Specificity": 0.9718934911242604, "AUC": 0.9826897124467974}, "Label_8": {"Optimal Threshold": 0.003659112611785531, "Accuracy": 0.8403819918144612, "Sensitivity": 1.0, "Specificity": 0.8395061728395061, "AUC": 0.9571330589849109}, "Label_9": {"Optimal Threshold": 0.1342632919549942, "Accuracy": 0.9413369713506139, "Sensitivity": 0.8571428571428571, "Specificity": 0.9446808510638298, "AUC": 0.9478216818642351}, "Label_10": {"Optimal Threshold": 0.009727377444505692, "Accuracy": 0.7612551159618008, "Sensitivity": 0.8666666666666667, "Specificity": 0.7590529247910863, "AUC": 0.8756731662024142}, "Label_11": {"Optimal Threshold": 0.04147641360759735, "Accuracy": 0.9495225102319236, "Sensitivity": 1.0, "Specificity": 0.9482517482517483, "AUC": 0.9878010878010879}, "Label_12": {"Optimal Threshold": 0.17943435907363892, "Accuracy": 0.8894952251023193, "Sensitivity": 0.8166666666666667, "Specificity": 0.8959881129271917, "AUC": 0.9151064883605745}, "Overall": {"Accuracy": 0.8972609927589463, "Sensitivity": 0.9254751711129092, "Specificity": 0.8965604207133531, "AUC": 0.9529918694542464}}, "label_names": [[4, 6, 1, 11, 2, 12, 3, 8, 7, 0, 10, 5], [4, 6, 1, 11, 2, 12, 3, 8, 7, 0, 10, 9]]}