{"shared_labels": 7, "perf": [0.0926748514175415, 0.975106418132782], "metrics": {"Label_0": {"Optimal Threshold": 0.02016090415418148, "Accuracy": 0.8703956343792633, "Sensitivity": 0.927536231884058, "Specificity": 0.8644578313253012, "AUC": 0.9597738781211803}, "Label_1": {"Optimal Threshold": 0.015912894159555435, "Accuracy": 0.9167803547066848, "Sensitivity": 0.9827586206896551, "Specificity": 0.9111111111111111, "AUC": 0.9860536398467433}, "Label_2": {"Optimal Threshold": 0.5600089430809021, "Accuracy": 0.9263301500682128, "Sensitivity": 0.9078947368421053, "Specificity": 0.9346534653465347, "AUC": 0.9721295813791906}, "Label_3": {"Optimal Threshold": 0.5286654233932495, "Accuracy": 0.9290586630286494, "Sensitivity": 0.918552036199095, "Specificity": 0.93359375, "AUC": 0.9750247454751131}, "Label_4": {"Optimal Threshold": 0.006270939949899912, "Accuracy": 0.8526603001364257, "Sensitivity": 0.8571428571428571, "Specificity": 0.8526170798898072, "AUC": 0.9189295552931916}, "Label_5": {"Optimal Threshold": 0.09899315983057022, "Accuracy": 0.9836289222373806, "Sensitivity": 0.8, "Specificity": 0.9848901098901099, "AUC": 0.9184065934065934}, "Label_6": {"Optimal Threshold": 0.03299594670534134, "Accuracy": 0.937244201909959, "Sensitivity": 1.0, "Specificity": 0.9362880886426593, "AUC": 0.9803575925459582}, "Label_7": {"Optimal Threshold": 0.23822399973869324, "Accuracy": 0.9618008185538881, "Sensitivity": 0.9838709677419355, "Specificity": 0.9597615499254843, "AUC": 0.9920196144416134}, "Label_8": {"Optimal Threshold": 0.003065983997657895, "Accuracy": 0.7694406548431105, "Sensitivity": 1.0, "Specificity": 0.7688098495212038, "AUC": 0.8467852257181943}, "Label_9": {"Optimal Threshold": 0.02944958582520485, "Accuracy": 0.8744884038199181, "Sensitivity": 0.96875, "Specificity": 0.8701854493580599, "AUC": 0.9497592724679029}, "Label_10": {"Optimal Threshold": 0.020586110651493073, "Accuracy": 0.834924965893588, "Sensitivity": 0.9444444444444444, "Specificity": 0.8321678321678322, "AUC": 0.9331002331002332}, "Label_11": {"Optimal Threshold": 0.02902517281472683, "Accuracy": 0.9304229195088677, "Sensitivity": 0.9444444444444444, "Specificity": 0.9300699300699301, "AUC": 0.9595182595182595}, "Label_12": {"Optimal Threshold": 0.05380842834711075, "Accuracy": 0.8035470668485676, "Sensitivity": 0.8431372549019608, "Specificity": 0.8005865102639296, "AUC": 0.9079696394686906}, "Overall": {"Accuracy": 0.8915940812257319, "Sensitivity": 0.9291178149454274, "Specificity": 0.8907071198086125, "AUC": 0.9461406023679128}}, "label_names": [[2, 5, 1, 8, 10, 3, 6, 0, 4, 9], [2, 5, 1, 8, 10, 3, 6, 11, 7, 12]]}