{"shared_labels": 7, "perf": [0.09586092829704285, 0.9717467427253723], "metrics": {"Label_0": {"Optimal Threshold": 0.2080240696668625, "Accuracy": 0.937244201909959, "Sensitivity": 0.746268656716418, "Specificity": 0.9564564564564565, "AUC": 0.9373851463403702}, "Label_1": {"Optimal Threshold": 0.11115268617868423, "Accuracy": 0.9154160982264665, "Sensitivity": 0.9642857142857143, "Specificity": 0.9113737075332349, "AUC": 0.9816680734332137}, "Label_2": {"Optimal Threshold": 0.25796428322792053, "Accuracy": 0.9140518417462483, "Sensitivity": 0.905982905982906, "Specificity": 0.9178356713426854, "AUC": 0.9645016528784064}, "Label_3": {"Optimal Threshold": 0.16891635954380035, "Accuracy": 0.9113233287858117, "Sensitivity": 0.9411764705882353, "Specificity": 0.8984375, "AUC": 0.9651353930995474}, "Label_4": {"Optimal Threshold": 4.797689325641841e-05, "Accuracy": 0.504774897680764, "Sensitivity": 1.0, "Specificity": 0.5027397260273972, "AUC": 0.7767123287671233}, "Label_5": {"Optimal Threshold": 0.03552934154868126, "Accuracy": 0.9713506139154161, "Sensitivity": 0.9, "Specificity": 0.9723374827109267, "AUC": 0.9710926694329183}, "Label_6": {"Optimal Threshold": 0.032818637788295746, "Accuracy": 0.9495225102319236, "Sensitivity": 1.0, "Specificity": 0.9485396383866481, "AUC": 0.9868865487780647}, "Label_7": {"Optimal Threshold": 0.046290744096040726, "Accuracy": 0.9399727148703957, "Sensitivity": 0.9848484848484849, "Specificity": 0.9355322338830585, "AUC": 0.9917995547680705}, "Label_8": {"Optimal Threshold": 0.01216611173003912, "Accuracy": 0.931787175989086, "Sensitivity": 1.0, "Specificity": 0.9312242090784044, "AUC": 0.9754699679046309}, "Label_9": {"Optimal Threshold": 0.01996409147977829, "Accuracy": 0.8867667121418826, "Sensitivity": 0.90625, "Specificity": 0.8858773181169758, "AUC": 0.949046005706134}, "Label_10": {"Optimal Threshold": 0.02195579558610916, "Accuracy": 0.849931787175989, "Sensitivity": 0.9166666666666666, "Specificity": 0.8488210818307905, "AUC": 0.9397827092001849}, "Label_11": {"Optimal Threshold": 0.036112189292907715, "Accuracy": 0.9522510231923602, "Sensitivity": 1.0, "Specificity": 0.9511854951185496, "AUC": 0.985965829846583}, "Label_12": {"Optimal Threshold": 0.06338648498058319, "Accuracy": 0.791268758526603, "Sensitivity": 0.8888888888888888, "Specificity": 0.7835051546391752, "AUC": 0.9044073528609611}, "Overall": {"Accuracy": 0.8812047434148391, "Sensitivity": 0.9349513683059473, "Specificity": 0.8802973596249465, "AUC": 0.9484502486935544}}, "label_names": [[8, 7, 10, 5, 11, 4, 2, 9, 0, 6], [8, 7, 10, 5, 11, 4, 2, 3, 1, 12]]}