{"shared_labels": 12, "perf": [0.08387055993080139, 0.9787775874137878], "metrics": {"Label_0": {"Optimal Threshold": 0.03333926200866699, "Accuracy": 0.9058663028649386, "Sensitivity": 0.9146341463414634, "Specificity": 0.9047619047619048, "AUC": 0.9668989547038327}, "Label_1": {"Optimal Threshold": 0.3719739615917206, "Accuracy": 0.9822646657571623, "Sensitivity": 0.9076923076923077, "Specificity": 0.9895209580838323, "AUC": 0.9841777982496546}, "Label_2": {"Optimal Threshold": 0.18799784779548645, "Accuracy": 0.9290586630286494, "Sensitivity": 0.9446808510638298, "Specificity": 0.9216867469879518, "AUC": 0.9769289925660086}, "Label_3": {"Optimal Threshold": 0.2123926877975464, "Accuracy": 0.937244201909959, "Sensitivity": 0.9523809523809523, "Specificity": 0.9302788844621513, "AUC": 0.9778806850519998}, "Label_4": {"Optimal Threshold": 0.3526727259159088, "Accuracy": 0.9931787175989086, "Sensitivity": 1.0, "Specificity": 0.9931224209078404, "AUC": 0.9970197157267308}, "Label_5": {"Optimal Threshold": 0.007900143042206764, "Accuracy": 0.8813096862210096, "Sensitivity": 0.8, "Specificity": 0.8818681318681318, "AUC": 0.8989010989010989}, "Label_6": {"Optimal Threshold": 0.030047697946429253, "Accuracy": 0.931787175989086, "Sensitivity": 1.0, "Specificity": 0.9310344827586207, "AUC": 0.9753448275862069}, "Label_7": {"Optimal Threshold": 0.10167718678712845, "Accuracy": 0.9604365620736699, "Sensitivity": 0.96875, "Specificity": 0.9596412556053812, "AUC": 0.9888359491778774}, "Label_8": {"Optimal Threshold": 0.003930552396923304, "Accuracy": 0.8540245566166439, "Sensitivity": 1.0, "Specificity": 0.8532235939643347, "AUC": 0.9516460905349794}, "Label_9": {"Optimal Threshold": 0.048487983644008636, "Accuracy": 0.9113233287858117, "Sensitivity": 0.92, "Specificity": 0.9110169491525424, "AUC": 0.9672881355932204}, "Label_10": {"Optimal Threshold": 0.03627784177660942, "Accuracy": 0.8935879945429741, "Sensitivity": 0.9333333333333333, "Specificity": 0.8927576601671309, "AUC": 0.9454967502321263}, "Label_11": {"Optimal Threshold": 0.068929024040699, "Accuracy": 0.9686221009549796, "Sensitivity": 1.0, "Specificity": 0.9680555555555556, "AUC": 0.9907051282051282}, "Label_12": {"Optimal Threshold": 0.1495610624551773, "Accuracy": 0.8922237380627558, "Sensitivity": 0.8448275862068966, "Specificity": 0.8962962962962963, "AUC": 0.9155555555555556}, "Overall": {"Accuracy": 0.9262252072620422, "Sensitivity": 0.9374076290014449, "Specificity": 0.9256357569670517, "AUC": 0.9643599755449552}}, "label_names": [[1, 10, 8, 2, 12, 0, 3, 7, 11, 9, 4, 6, 5], [1, 10, 8, 2, 12, 0, 3, 7, 11, 9, 4, 6]]}