{"shared_labels": 12, "perf": [0.08510269969701767, 0.9786091446876526], "metrics": {"Label_0": {"Optimal Threshold": 0.04043647646903992, "Accuracy": 0.8772169167803547, "Sensitivity": 0.9420289855072463, "Specificity": 0.8704819277108434, "AUC": 0.9699013445084687}, "Label_1": {"Optimal Threshold": 0.05746934562921524, "Accuracy": 0.937244201909959, "Sensitivity": 0.9655172413793104, "Specificity": 0.9348148148148148, "AUC": 0.9876372924648786}, "Label_2": {"Optimal Threshold": 0.260318785905838, "Accuracy": 0.9236016371077762, "Sensitivity": 0.9298245614035088, "Specificity": 0.9207920792079208, "AUC": 0.9733889178391524}, "Label_3": {"Optimal Threshold": 0.24599429965019226, "Accuracy": 0.927694406548431, "Sensitivity": 0.9276018099547512, "Specificity": 0.927734375, "AUC": 0.9764122596153846}, "Label_4": {"Optimal Threshold": 0.0014176496770232916, "Accuracy": 0.7967257844474761, "Sensitivity": 1.0, "Specificity": 0.7947658402203857, "AUC": 0.9580873671782763}, "Label_5": {"Optimal Threshold": 0.07579552382230759, "Accuracy": 0.9727148703956344, "Sensitivity": 0.8, "Specificity": 0.9739010989010989, "AUC": 0.9392857142857143}, "Label_6": {"Optimal Threshold": 0.03290466591715813, "Accuracy": 0.9508867667121419, "Sensitivity": 0.9090909090909091, "Specificity": 0.9515235457063712, "AUC": 0.972047343238479}, "Label_7": {"Optimal Threshold": 0.23459883034229279, "Accuracy": 0.9699863574351978, "Sensitivity": 1.0, "Specificity": 0.9672131147540983, "AUC": 0.9933897408778425}, "Label_8": {"Optimal Threshold": 0.008425760082900524, "Accuracy": 0.8635743519781719, "Sensitivity": 1.0, "Specificity": 0.8632010943912448, "AUC": 0.8803009575923392}, "Label_9": {"Optimal Threshold": 0.042402926832437515, "Accuracy": 0.8935879945429741, "Sensitivity": 0.9375, "Specificity": 0.891583452211127, "AUC": 0.9511412268188302}, "Label_10": {"Optimal Threshold": 0.010191858746111393, "Accuracy": 0.7012278308321964, "Sensitivity": 1.0, "Specificity": 0.6937062937062937, "AUC": 0.9083139083139083}, "Label_11": {"Optimal Threshold": 0.024997662752866745, "Accuracy": 0.8935879945429741, "Sensitivity": 1.0, "Specificity": 0.8909090909090909, "AUC": 0.9783216783216784}, "Label_12": {"Optimal Threshold": 0.027025628834962845, "Accuracy": 0.7612551159618008, "Sensitivity": 0.9803921568627451, "Specificity": 0.7448680351906158, "AUC": 0.939595192915876}, "Overall": {"Accuracy": 0.8822541714765454, "Sensitivity": 0.9532273587844977, "Specificity": 0.8788842125172234, "AUC": 0.9559863803054486}}, "label_names": [[5, 2, 4, 6, 11, 7, 9, 0, 12, 8, 10, 3, 1], [5, 2, 4, 6, 11, 7, 9, 0, 12, 8, 10, 3]]}