{"shared_labels": 5, "perf": [0.09048298746347427, 0.9750711917877197], "metrics": {"Label_0": {"Optimal Threshold": 0.15476229786872864, "Accuracy": 0.9427012278308322, "Sensitivity": 0.7971014492753623, "Specificity": 0.9578313253012049, "AUC": 0.949078924393225}, "Label_1": {"Optimal Threshold": 0.01734863966703415, "Accuracy": 0.8922237380627558, "Sensitivity": 0.9482758620689655, "Specificity": 0.8874074074074074, "AUC": 0.9767049808429119}, "Label_2": {"Optimal Threshold": 0.4194487929344177, "Accuracy": 0.9331514324693042, "Sensitivity": 0.9122807017543859, "Specificity": 0.9425742574257425, "AUC": 0.976585026923745}, "Label_3": {"Optimal Threshold": 0.538354754447937, "Accuracy": 0.9345156889495225, "Sensitivity": 0.9049773755656109, "Specificity": 0.947265625, "AUC": 0.9772518382352942}, "Label_4": {"Optimal Threshold": 0.004268685821443796, "Accuracy": 0.8635743519781719, "Sensitivity": 1.0, "Specificity": 0.8622589531680441, "AUC": 0.9756001574183393}, "Label_5": {"Optimal Threshold": 0.005926123820245266, "Accuracy": 0.7926330150068213, "Sensitivity": 1.0, "Specificity": 0.7912087912087912, "AUC": 0.9439560439560439}, "Label_6": {"Optimal Threshold": 0.015776479616761208, "Accuracy": 0.9358799454297408, "Sensitivity": 0.9090909090909091, "Specificity": 0.9362880886426593, "AUC": 0.9434651221354823}, "Label_7": {"Optimal Threshold": 0.15582974255084991, "Accuracy": 0.9727148703956344, "Sensitivity": 1.0, "Specificity": 0.970193740685544, "AUC": 0.9930291812893611}, "Label_8": {"Optimal Threshold": 0.0012307532597333193, "Accuracy": 0.7366984993178718, "Sensitivity": 1.0, "Specificity": 0.7359781121751026, "AUC": 0.8098495212038305}, "Label_9": {"Optimal Threshold": 0.028401723131537437, "Accuracy": 0.903137789904502, "Sensitivity": 0.96875, "Specificity": 0.9001426533523538, "AUC": 0.9539942938659057}, "Label_10": {"Optimal Threshold": 0.01622403785586357, "Accuracy": 0.8117326057298773, "Sensitivity": 0.9444444444444444, "Specificity": 0.8083916083916084, "AUC": 0.9005439005439005}, "Label_11": {"Optimal Threshold": 0.017187070101499557, "Accuracy": 0.9508867667121419, "Sensitivity": 0.9444444444444444, "Specificity": 0.951048951048951, "AUC": 0.9801864801864801}, "Label_12": {"Optimal Threshold": 0.16729600727558136, "Accuracy": 0.8635743519781719, "Sensitivity": 0.7843137254901961, "Specificity": 0.8695014662756598, "AUC": 0.9069346213558737}, "Overall": {"Accuracy": 0.8871864833665654, "Sensitivity": 0.9318214547795631, "Specificity": 0.8892377676986977, "AUC": 0.9451676994115685}}, "label_names": [[5, 9, 11, 2, 7, 10, 6, 4, 3], [5, 9, 11, 2, 7, 12, 1, 8, 0]]}