{"shared_labels": 0, "perf": [0.08726181089878082, 0.9797136187553406], "metrics": {"Label_0": {"Optimal Threshold": 0.25212401151657104, "Accuracy": 0.9399727148703957, "Sensitivity": 0.8390804597701149, "Specificity": 0.9535603715170279, "AUC": 0.9549660154442903}, "Label_1": {"Optimal Threshold": 0.23747074604034424, "Accuracy": 0.946793997271487, "Sensitivity": 0.9264705882352942, "Specificity": 0.9488721804511279, "AUC": 0.9775099513489606}, "Label_2": {"Optimal Threshold": 0.2946048378944397, "Accuracy": 0.9249658935879945, "Sensitivity": 0.9313304721030042, "Specificity": 0.922, "AUC": 0.9746266094420601}, "Label_3": {"Optimal Threshold": 0.2611953020095825, "Accuracy": 0.9263301500682128, "Sensitivity": 0.9324324324324325, "Specificity": 0.923679060665362, "AUC": 0.9740572274818851}, "Label_4": {"Optimal Threshold": 0.011226348578929901, "Accuracy": 0.9181446111869032, "Sensitivity": 1.0, "Specificity": 0.9174690508940853, "AUC": 0.979138010087116}, "Label_5": {"Optimal Threshold": 0.004045582842081785, "Accuracy": 0.8281036834924966, "Sensitivity": 1.0, "Specificity": 0.8271604938271605, "AUC": 0.9194101508916324}, "Label_6": {"Optimal Threshold": 0.1036020889878273, "Accuracy": 0.9713506139154161, "Sensitivity": 1.0, "Specificity": 0.9711141678129298, "AUC": 0.9876203576341127}, "Label_7": {"Optimal Threshold": 0.10289598256349564, "Accuracy": 0.975443383356071, "Sensitivity": 0.9402985074626866, "Specificity": 0.978978978978979, "AUC": 0.9912823271032226}, "Label_8": {"Optimal Threshold": 0.011715956032276154, "Accuracy": 0.9358799454297408, "Sensitivity": 1.0, "Specificity": 0.9352617079889807, "AUC": 0.9757969303423848}, "Label_9": {"Optimal Threshold": 0.04981876164674759, "Accuracy": 0.9181446111869032, "Sensitivity": 0.96, "Specificity": 0.9166666666666666, "AUC": 0.9779661016949153}, "Label_10": {"Optimal Threshold": 0.019553033635020256, "Accuracy": 0.844474761255116, "Sensitivity": 0.9230769230769231, "Specificity": 0.8430555555555556, "AUC": 0.9376068376068376}, "Label_11": {"Optimal Threshold": 0.037677619606256485, "Accuracy": 0.927694406548431, "Sensitivity": 1.0, "Specificity": 0.9260808926080892, "AUC": 0.9792538354253835}, "Label_12": {"Optimal Threshold": 0.03403395786881447, "Accuracy": 0.82537517053206, "Sensitivity": 0.9056603773584906, "Specificity": 0.8191176470588235, "AUC": 0.9216703662597114}, "Overall": {"Accuracy": 0.9140518417462484, "Sensitivity": 0.9506422892645344, "Specificity": 0.914078213386522, "AUC": 0.9654542092894242}}, "label_names": [[0, 3, 1, 9, 8, 11, 5], [4, 2, 12, 10, 6, 7]]}