{"shared_labels": 0, "perf": [0.08886130899190903, 0.9776452779769897], "metrics": {"Label_0": {"Optimal Threshold": 0.0817677304148674, "Accuracy": 0.8772169167803547, "Sensitivity": 0.927536231884058, "Specificity": 0.8719879518072289, "AUC": 0.9700977824340842}, "Label_1": {"Optimal Threshold": 0.16739164292812347, "Accuracy": 0.9590723055934516, "Sensitivity": 0.9137931034482759, "Specificity": 0.9629629629629629, "AUC": 0.9844955300127715}, "Label_2": {"Optimal Threshold": 0.2916763424873352, "Accuracy": 0.9358799454297408, "Sensitivity": 0.9254385964912281, "Specificity": 0.9405940594059405, "AUC": 0.9746135139829772}, "Label_3": {"Optimal Threshold": 0.4845254421234131, "Accuracy": 0.9399727148703957, "Sensitivity": 0.8914027149321267, "Specificity": 0.9609375, "AUC": 0.9765536623303166}, "Label_4": {"Optimal Threshold": 0.01266168151050806, "Accuracy": 0.8663028649386084, "Sensitivity": 1.0, "Specificity": 0.8650137741046832, "AUC": 0.9744195198740653}, "Label_5": {"Optimal Threshold": 0.14444677531719208, "Accuracy": 0.984993178717599, "Sensitivity": 0.8, "Specificity": 0.9862637362637363, "AUC": 0.9258241758241759}, "Label_6": {"Optimal Threshold": 0.0316062867641449, "Accuracy": 0.946793997271487, "Sensitivity": 1.0, "Specificity": 0.945983379501385, "AUC": 0.9783429866532359}, "Label_7": {"Optimal Threshold": 0.05523335561156273, "Accuracy": 0.965893587994543, "Sensitivity": 1.0, "Specificity": 0.96274217585693, "AUC": 0.9928368828421711}, "Label_8": {"Optimal Threshold": 0.003986836411058903, "Accuracy": 0.8458390177353342, "Sensitivity": 1.0, "Specificity": 0.8454172366621067, "AUC": 0.8946648426812586}, "Label_9": {"Optimal Threshold": 0.031125525012612343, "Accuracy": 0.8894952251023193, "Sensitivity": 0.90625, "Specificity": 0.8887303851640513, "AUC": 0.944632667617689}, "Label_10": {"Optimal Threshold": 0.008555542677640915, "Accuracy": 0.7271487039563438, "Sensitivity": 1.0, "Specificity": 0.7202797202797203, "AUC": 0.903108003108003}, "Label_11": {"Optimal Threshold": 0.013482416979968548, "Accuracy": 0.9263301500682128, "Sensitivity": 1.0, "Specificity": 0.9244755244755245, "AUC": 0.9804195804195803}, "Label_12": {"Optimal Threshold": 0.09022863209247589, "Accuracy": 0.8663028649386084, "Sensitivity": 0.7843137254901961, "Specificity": 0.8724340175953079, "AUC": 0.9124547179575643}, "Overall": {"Accuracy": 0.9024031902613076, "Sensitivity": 0.9345180286342989, "Specificity": 0.9036786480061214, "AUC": 0.9548049127490686}}, "label_names": [[8, 7, 2, 6, 10, 1, 0], [5, 3, 9, 12, 4, 11]]}