{"shared_labels": 4, "perf": [0.10164926201105118, 0.9693608283996582], "metrics": {"Label_0": {"Optimal Threshold": 0.10360541194677353, "Accuracy": 0.922237380627558, "Sensitivity": 0.9324324324324325, "Specificity": 0.921092564491654, "AUC": 0.9678054382151499}, "Label_1": {"Optimal Threshold": 0.022045651450753212, "Accuracy": 0.8908594815825375, "Sensitivity": 0.9701492537313433, "Specificity": 0.8828828828828829, "AUC": 0.9768948052530142}, "Label_2": {"Optimal Threshold": 0.18456877768039703, "Accuracy": 0.9181446111869032, "Sensitivity": 0.8909952606635071, "Specificity": 0.9291187739463601, "AUC": 0.9696845889851283}, "Label_3": {"Optimal Threshold": 0.20885436236858368, "Accuracy": 0.922237380627558, "Sensitivity": 0.9064039408866995, "Specificity": 0.9283018867924528, "AUC": 0.9657588995259782}, "Label_4": {"Optimal Threshold": 0.015757687389850616, "Accuracy": 0.8840381991814461, "Sensitivity": 1.0, "Specificity": 0.8829201101928374, "AUC": 0.9628099173553719}, "Label_5": {"Optimal Threshold": 0.021708007901906967, "Accuracy": 0.9413369713506139, "Sensitivity": 0.8333333333333334, "Specificity": 0.9422283356258597, "AUC": 0.9456671251719394}, "Label_6": {"Optimal Threshold": 0.006857546046376228, "Accuracy": 0.8772169167803547, "Sensitivity": 1.0, "Specificity": 0.8760330578512396, "AUC": 0.9748130657221566}, "Label_7": {"Optimal Threshold": 0.1189182698726654, "Accuracy": 0.9672578444747613, "Sensitivity": 0.921875, "Specificity": 0.9715994020926756, "AUC": 0.9831371449925261}, "Label_8": {"Optimal Threshold": 0.021387608721852303, "Accuracy": 0.9495225102319236, "Sensitivity": 1.0, "Specificity": 0.9491059147180193, "AUC": 0.9718019257221457}, "Label_9": {"Optimal Threshold": 0.18926116824150085, "Accuracy": 0.9481582537517054, "Sensitivity": 0.8148148148148148, "Specificity": 0.953257790368272, "AUC": 0.9485888154443395}, "Label_10": {"Optimal Threshold": 0.006272413302212954, "Accuracy": 0.6589358799454298, "Sensitivity": 0.9411764705882353, "Specificity": 0.6522346368715084, "AUC": 0.8577062109760105}, "Label_11": {"Optimal Threshold": 0.03186478093266487, "Accuracy": 0.9167803547066848, "Sensitivity": 0.875, "Specificity": 0.918194640338505, "AUC": 0.9434062059238364}, "Label_12": {"Optimal Threshold": 0.049178097397089005, "Accuracy": 0.8294679399727148, "Sensitivity": 0.8611111111111112, "Specificity": 0.8260211800302572, "AUC": 0.9143553538409817}, "Overall": {"Accuracy": 0.8943225941861684, "Sensitivity": 0.9190224321201137, "Specificity": 0.8948454750925018, "AUC": 0.9524945767021982}}, "label_names": [[2, 5, 0, 6, 1, 8, 4, 7, 3], [2, 5, 0, 6, 12, 10, 9, 11]]}