{"shared_labels": 4, "perf": [0.09094615280628204, 0.9781670570373535], "metrics": {"Label_0": {"Optimal Threshold": 0.06825001537799835, "Accuracy": 0.9058663028649386, "Sensitivity": 0.8840579710144928, "Specificity": 0.9081325301204819, "AUC": 0.9602104068447704}, "Label_1": {"Optimal Threshold": 0.060806259512901306, "Accuracy": 0.927694406548431, "Sensitivity": 0.9655172413793104, "Specificity": 0.9244444444444444, "AUC": 0.9855938697318009}, "Label_2": {"Optimal Threshold": 0.4293850064277649, "Accuracy": 0.9167803547066848, "Sensitivity": 0.9122807017543859, "Specificity": 0.9188118811881189, "AUC": 0.9685426437380581}, "Label_3": {"Optimal Threshold": 0.5697281360626221, "Accuracy": 0.937244201909959, "Sensitivity": 0.9095022624434389, "Specificity": 0.94921875, "AUC": 0.9746005373303167}, "Label_4": {"Optimal Threshold": 0.005697575863450766, "Accuracy": 0.878581173260573, "Sensitivity": 1.0, "Specificity": 0.8774104683195593, "AUC": 0.9756001574183393}, "Label_5": {"Optimal Threshold": 0.10722359269857407, "Accuracy": 0.9890859481582538, "Sensitivity": 0.8, "Specificity": 0.9903846153846154, "AUC": 0.9318681318681318}, "Label_6": {"Optimal Threshold": 0.011407165788114071, "Accuracy": 0.91268758526603, "Sensitivity": 1.0, "Specificity": 0.9113573407202216, "AUC": 0.9818685469655}, "Label_7": {"Optimal Threshold": 0.02882515825331211, "Accuracy": 0.9440654843110505, "Sensitivity": 1.0, "Specificity": 0.9388971684053651, "AUC": 0.991851353300322}, "Label_8": {"Optimal Threshold": 0.00263221119530499, "Accuracy": 0.8212824010914052, "Sensitivity": 1.0, "Specificity": 0.8207934336525308, "AUC": 0.8714090287277702}, "Label_9": {"Optimal Threshold": 0.024822382256388664, "Accuracy": 0.8840381991814461, "Sensitivity": 0.96875, "Specificity": 0.8801711840228246, "AUC": 0.9426711840228245}, "Label_10": {"Optimal Threshold": 0.008868386968970299, "Accuracy": 0.7421555252387448, "Sensitivity": 0.9444444444444444, "Specificity": 0.737062937062937, "AUC": 0.917094017094017}, "Label_11": {"Optimal Threshold": 0.025833019986748695, "Accuracy": 0.9331514324693042, "Sensitivity": 1.0, "Specificity": 0.9314685314685315, "AUC": 0.9854700854700854}, "Label_12": {"Optimal Threshold": 0.09756682813167572, "Accuracy": 0.8308321964529332, "Sensitivity": 0.8823529411764706, "Specificity": 0.8269794721407625, "AUC": 0.9331263297107699}, "Overall": {"Accuracy": 0.8941127085738272, "Sensitivity": 0.9436081201701957, "Specificity": 0.8934717505331071, "AUC": 0.9553774070940543}}, "label_names": [[6, 11, 10, 3, 0, 7, 1, 2, 8], [6, 11, 10, 3, 5, 12, 9, 4]]}