{"shared_labels": 13, "perf": [0.08512964844703674, 0.9789491891860962], "metrics": {"Label_0": {"Optimal Threshold": 0.1386701613664627, "Accuracy": 0.9440654843110505, "Sensitivity": 0.855072463768116, "Specificity": 0.9533132530120482, "AUC": 0.9657543216343635}, "Label_1": {"Optimal Threshold": 0.05424275994300842, "Accuracy": 0.9427012278308322, "Sensitivity": 0.9655172413793104, "Specificity": 0.9407407407407408, "AUC": 0.9894763729246487}, "Label_2": {"Optimal Threshold": 0.39483994245529175, "Accuracy": 0.931787175989086, "Sensitivity": 0.9035087719298246, "Specificity": 0.9445544554455445, "AUC": 0.9735799895779051}, "Label_3": {"Optimal Threshold": 0.33800968527793884, "Accuracy": 0.9331514324693042, "Sensitivity": 0.9230769230769231, "Specificity": 0.9375, "AUC": 0.976253181561086}, "Label_4": {"Optimal Threshold": 0.037350669503211975, "Accuracy": 0.956343792633015, "Sensitivity": 0.8571428571428571, "Specificity": 0.9573002754820936, "AUC": 0.9630066902794177}, "Label_5": {"Optimal Threshold": 0.0029379185289144516, "Accuracy": 0.7858117326057299, "Sensitivity": 1.0, "Specificity": 0.7843406593406593, "AUC": 0.9434065934065934}, "Label_6": {"Optimal Threshold": 0.008163348771631718, "Accuracy": 0.869031377899045, "Sensitivity": 1.0, "Specificity": 0.8670360110803325, "AUC": 0.9734323847897255}, "Label_7": {"Optimal Threshold": 0.13618607819080353, "Accuracy": 0.9713506139154161, "Sensitivity": 1.0, "Specificity": 0.9687034277198212, "AUC": 0.9931734051247535}, "Label_8": {"Optimal Threshold": 0.003725858870893717, "Accuracy": 0.8335607094133697, "Sensitivity": 1.0, "Specificity": 0.8331053351573188, "AUC": 0.86593707250342}, "Label_9": {"Optimal Threshold": 0.02509104646742344, "Accuracy": 0.878581173260573, "Sensitivity": 0.9375, "Specificity": 0.8758915834522111, "AUC": 0.9481098430813124}, "Label_10": {"Optimal Threshold": 0.013340684585273266, "Accuracy": 0.7653478854024557, "Sensitivity": 0.8888888888888888, "Specificity": 0.7622377622377622, "AUC": 0.9031080031080031}, "Label_11": {"Optimal Threshold": 0.03227878361940384, "Accuracy": 0.9358799454297408, "Sensitivity": 1.0, "Specificity": 0.9342657342657342, "AUC": 0.9826728826728827}, "Label_12": {"Optimal Threshold": 0.024740861728787422, "Accuracy": 0.7503410641200545, "Sensitivity": 0.9803921568627451, "Specificity": 0.7331378299120235, "AUC": 0.9398251969409465}, "Overall": {"Accuracy": 0.8844579704061286, "Sensitivity": 0.9470076386960512, "Specificity": 0.8840097744497145, "AUC": 0.9552104567388505}}, "label_names": [[8, 3, 0, 9, 12, 11, 4, 7, 6, 2, 10, 1, 5], [8, 3, 0, 9, 12, 11, 4, 7, 6, 2, 10, 1, 5]]}