{"shared_labels": 8, "perf": [0.08943919092416763, 0.9753034114837646], "label_names": [[6, 10, 1, 12, 3, 0, 4, 7, 8, 9, 11], [6, 10, 1, 12, 3, 0, 4, 7, 5, 2]], "metrics": {"Label_0": {"Optimal Threshold": 0.10027585178613663, "Accuracy": 0.937244201909959, "Sensitivity": 0.8695652173913043, "Specificity": 0.9442771084337349, "AUC": 0.9671512135498516}, "Label_1": {"Optimal Threshold": 0.0496164970099926, "Accuracy": 0.9427012278308322, "Sensitivity": 0.9482758620689655, "Specificity": 0.9422222222222222, "AUC": 0.9861558109833971}, "Label_2": {"Optimal Threshold": 0.307273268699646, "Accuracy": 0.922237380627558, "Sensitivity": 0.9078947368421053, "Specificity": 0.9287128712871288, "AUC": 0.96957616814313}, "Label_3": {"Optimal Threshold": 0.35574546456336975, "Accuracy": 0.931787175989086, "Sensitivity": 0.9276018099547512, "Specificity": 0.93359375, "AUC": 0.9752545248868778}, "Label_4": {"Optimal Threshold": 0.01571342535316944, "Accuracy": 0.9331514324693042, "Sensitivity": 0.8571428571428571, "Specificity": 0.9338842975206612, "AUC": 0.9535615899252263}, "Label_5": {"Optimal Threshold": 0.022105619311332703, "Accuracy": 0.9672578444747613, "Sensitivity": 0.8, "Specificity": 0.9684065934065934, "AUC": 0.9184065934065935}, "Label_6": {"Optimal Threshold": 0.004707478452473879, "Accuracy": 0.8608458390177354, "Sensitivity": 1.0, "Specificity": 0.8587257617728532, "AUC": 0.9673885671115589}, "Label_7": {"Optimal Threshold": 0.1428985893726349, "Accuracy": 0.9577080491132333, "Sensitivity": 1.0, "Specificity": 0.9538002980625931, "AUC": 0.9929811066775636}, "Label_8": {"Optimal Threshold": 0.001164160086773336, "Accuracy": 0.5948158253751705, "Sensitivity": 1.0, "Specificity": 0.5937072503419972, "AUC": 0.7127222982216143}, "Label_9": {"Optimal Threshold": 0.06699883192777634, "Accuracy": 0.931787175989086, "Sensitivity": 0.84375, "Specificity": 0.9358059914407989, "AUC": 0.9455688302425107}, "Label_10": {"Optimal Threshold": 0.015394031070172787, "Accuracy": 0.7994542974079127, "Sensitivity": 0.8888888888888888, "Specificity": 0.7972027972027972, "AUC": 0.9079254079254079}, "Label_11": {"Optimal Threshold": 0.015229430980980396, "Accuracy": 0.9181446111869032, "Sensitivity": 1.0, "Specificity": 0.916083916083916, "AUC": 0.9796425796425796}, "Label_12": {"Optimal Threshold": 0.09496234357357025, "Accuracy": 0.8622100954979536, "Sensitivity": 0.9215686274509803, "Specificity": 0.8577712609970675, "AUC": 0.948450347881088}, "Overall": {"Accuracy": 0.8891803966838073, "Sensitivity": 0.9203606153646041, "Specificity": 0.8895533937517203, "AUC": 0.9403680798921077}}}