{"shared_labels": 4, "perf": [0.08862414211034775, 0.9751968383789062], "label_names": [[3, 0, 1, 12, 11, 5, 6, 2, 7], [3, 0, 1, 12, 9, 10, 8, 4]], "metrics": {"Label_0": {"Optimal Threshold": 0.03845391795039177, "Accuracy": 0.8512960436562074, "Sensitivity": 0.9710144927536232, "Specificity": 0.838855421686747, "AUC": 0.9688318491356732}, "Label_1": {"Optimal Threshold": 0.07446490228176117, "Accuracy": 0.9508867667121419, "Sensitivity": 0.9655172413793104, "Specificity": 0.9496296296296296, "AUC": 0.9895274584929756}, "Label_2": {"Optimal Threshold": 0.4181792140007019, "Accuracy": 0.9304229195088677, "Sensitivity": 0.9035087719298246, "Specificity": 0.9425742574257425, "AUC": 0.9711307972902553}, "Label_3": {"Optimal Threshold": 0.3767394423484802, "Accuracy": 0.931787175989086, "Sensitivity": 0.9230769230769231, "Specificity": 0.935546875, "AUC": 0.9764652856334841}, "Label_4": {"Optimal Threshold": 0.006911230273544788, "Accuracy": 0.8540245566166439, "Sensitivity": 0.8571428571428571, "Specificity": 0.8539944903581267, "AUC": 0.9214876033057852}, "Label_5": {"Optimal Threshold": 0.0031326909083873034, "Accuracy": 0.781718963165075, "Sensitivity": 1.0, "Specificity": 0.7802197802197802, "AUC": 0.939010989010989}, "Label_6": {"Optimal Threshold": 0.015062523074448109, "Accuracy": 0.9263301500682128, "Sensitivity": 1.0, "Specificity": 0.925207756232687, "AUC": 0.9730546461848402}, "Label_7": {"Optimal Threshold": 0.30008041858673096, "Accuracy": 0.9699863574351978, "Sensitivity": 1.0, "Specificity": 0.9672131147540983, "AUC": 0.9940387481371088}, "Label_8": {"Optimal Threshold": 0.0011793969897553325, "Accuracy": 0.7612551159618008, "Sensitivity": 1.0, "Specificity": 0.7606019151846786, "AUC": 0.7934336525307798}, "Label_9": {"Optimal Threshold": 0.02555595524609089, "Accuracy": 0.8635743519781719, "Sensitivity": 0.9375, "Specificity": 0.8601997146932953, "AUC": 0.9538159771754635}, "Label_10": {"Optimal Threshold": 0.0037585210520774126, "Accuracy": 0.6180081855388813, "Sensitivity": 1.0, "Specificity": 0.6083916083916084, "AUC": 0.8651903651903653}, "Label_11": {"Optimal Threshold": 0.033647868782281876, "Accuracy": 0.9427012278308322, "Sensitivity": 0.8888888888888888, "Specificity": 0.9440559440559441, "AUC": 0.9630924630924631}, "Label_12": {"Optimal Threshold": 0.02007719874382019, "Accuracy": 0.7639836289222374, "Sensitivity": 1.0, "Specificity": 0.7463343108504399, "AUC": 0.9479615893278133}, "Overall": {"Accuracy": 0.8573827264141044, "Sensitivity": 0.9574345519362637, "Specificity": 0.854832678344829, "AUC": 0.9428493403467689}}}