{"shared_labels": 10, "perf": [0.0925343856215477, 0.9717873334884644], "label_names": [[7, 11, 10, 5, 8, 2, 9, 0, 1, 3, 6, 12], [7, 11, 10, 5, 8, 2, 9, 0, 1, 3, 4]], "metrics": {"Label_0": {"Optimal Threshold": 0.04571826010942459, "Accuracy": 0.8431105047748977, "Sensitivity": 0.9710144927536232, "Specificity": 0.8298192771084337, "AUC": 0.9676532215819801}, "Label_1": {"Optimal Threshold": 0.10631293803453445, "Accuracy": 0.9549795361527967, "Sensitivity": 0.9482758620689655, "Specificity": 0.9555555555555556, "AUC": 0.9889144316730524}, "Label_2": {"Optimal Threshold": 0.17067503929138184, "Accuracy": 0.9263301500682128, "Sensitivity": 0.9166666666666666, "Specificity": 0.9306930693069307, "AUC": 0.9722772277227724}, "Label_3": {"Optimal Threshold": 0.164522185921669, "Accuracy": 0.9263301500682128, "Sensitivity": 0.9276018099547512, "Specificity": 0.92578125, "AUC": 0.9752014988687783}, "Label_4": {"Optimal Threshold": 0.011343587189912796, "Accuracy": 0.9017735334242838, "Sensitivity": 0.8571428571428571, "Specificity": 0.9022038567493113, "AUC": 0.944706808343172}, "Label_5": {"Optimal Threshold": 0.0007336357957683504, "Accuracy": 0.7421555252387448, "Sensitivity": 1.0, "Specificity": 0.7403846153846154, "AUC": 0.9255494505494505}, "Label_6": {"Optimal Threshold": 0.005751233547925949, "Accuracy": 0.8717598908594816, "Sensitivity": 1.0, "Specificity": 0.8698060941828255, "AUC": 0.9476202467892219}, "Label_7": {"Optimal Threshold": 0.11994919925928116, "Accuracy": 0.965893587994543, "Sensitivity": 1.0, "Specificity": 0.96274217585693, "AUC": 0.9937983750781212}, "Label_8": {"Optimal Threshold": 0.001205009175464511, "Accuracy": 0.7407912687585266, "Sensitivity": 1.0, "Specificity": 0.7400820793433652, "AUC": 0.7735978112175103}, "Label_9": {"Optimal Threshold": 0.023180076852440834, "Accuracy": 0.878581173260573, "Sensitivity": 0.96875, "Specificity": 0.8744650499286734, "AUC": 0.9527460770328103}, "Label_10": {"Optimal Threshold": 0.007828456349670887, "Accuracy": 0.781718963165075, "Sensitivity": 0.9444444444444444, "Specificity": 0.7776223776223776, "AUC": 0.9133644133644133}, "Label_11": {"Optimal Threshold": 0.022146325558423996, "Accuracy": 0.9481582537517054, "Sensitivity": 1.0, "Specificity": 0.9468531468531468, "AUC": 0.983061383061383}, "Label_12": {"Optimal Threshold": 0.10480105876922607, "Accuracy": 0.7694406548431105, "Sensitivity": 0.9019607843137255, "Specificity": 0.7595307917888563, "AUC": 0.912052210913691}, "Overall": {"Accuracy": 0.8654633224892433, "Sensitivity": 0.9566043782573104, "Specificity": 0.8627337953600785, "AUC": 0.9423494735535657}}}