{"shared_labels": 2, "perf": [0.09155400097370148, 0.9759969711303711], "label_names": [[0, 4, 7, 9, 3, 12, 5, 10], [0, 4, 2, 11, 6, 1, 8]], "metrics": {"Label_0": {"Optimal Threshold": 0.018103010952472687, "Accuracy": 0.8676671214188267, "Sensitivity": 0.9565217391304348, "Specificity": 0.858433734939759, "AUC": 0.9714728479133927}, "Label_1": {"Optimal Threshold": 0.014840416610240936, "Accuracy": 0.9154160982264665, "Sensitivity": 0.9827586206896551, "Specificity": 0.9096296296296297, "AUC": 0.9852107279693486}, "Label_2": {"Optimal Threshold": 0.31938523054122925, "Accuracy": 0.931787175989086, "Sensitivity": 0.9166666666666666, "Specificity": 0.9386138613861386, "AUC": 0.9718429737710613}, "Label_3": {"Optimal Threshold": 0.31362971663475037, "Accuracy": 0.9304229195088677, "Sensitivity": 0.9230769230769231, "Specificity": 0.93359375, "AUC": 0.9745563489819005}, "Label_4": {"Optimal Threshold": 0.0012993637938052416, "Accuracy": 0.8417462482946794, "Sensitivity": 1.0, "Specificity": 0.8402203856749312, "AUC": 0.9728453364817001}, "Label_5": {"Optimal Threshold": 0.002908492460846901, "Accuracy": 0.772169167803547, "Sensitivity": 1.0, "Specificity": 0.7706043956043956, "AUC": 0.9406593406593406}, "Label_6": {"Optimal Threshold": 0.032593563199043274, "Accuracy": 0.9549795361527967, "Sensitivity": 1.0, "Specificity": 0.9542936288088643, "AUC": 0.9813648954923194}, "Label_7": {"Optimal Threshold": 0.035353660583496094, "Accuracy": 0.9413369713506139, "Sensitivity": 1.0, "Specificity": 0.9359165424739195, "AUC": 0.9903129657228018}, "Label_8": {"Optimal Threshold": 0.003909487277269363, "Accuracy": 0.8635743519781719, "Sensitivity": 1.0, "Specificity": 0.8632010943912448, "AUC": 0.8727770177838577}, "Label_9": {"Optimal Threshold": 0.05483211949467659, "Accuracy": 0.9290586630286494, "Sensitivity": 0.90625, "Specificity": 0.9300998573466477, "AUC": 0.950561697574893}, "Label_10": {"Optimal Threshold": 0.006053467281162739, "Accuracy": 0.7271487039563438, "Sensitivity": 0.9444444444444444, "Specificity": 0.7216783216783217, "AUC": 0.8763014763014763}, "Label_11": {"Optimal Threshold": 0.006963063031435013, "Accuracy": 0.869031377899045, "Sensitivity": 1.0, "Specificity": 0.8657342657342657, "AUC": 0.9744366744366744}, "Label_12": {"Optimal Threshold": 0.03533637151122093, "Accuracy": 0.7557980900409277, "Sensitivity": 0.9215686274509803, "Specificity": 0.7434017595307918, "AUC": 0.9180610660686562}, "Overall": {"Accuracy": 0.8692412635113864, "Sensitivity": 0.9654836170353158, "Specificity": 0.8665708636306854, "AUC": 0.952338720704417}}}