{"shared_labels": 5, "perf": [0.0887603685259819, 0.9770784378051758], "label_names": [[1, 7, 4, 0, 10, 8, 5, 6, 2], [1, 7, 4, 0, 10, 11, 9, 3, 12]], "metrics": {"Label_0": {"Optimal Threshold": 0.04304852709174156, "Accuracy": 0.9072305593451568, "Sensitivity": 0.927536231884058, "Specificity": 0.9051204819277109, "AUC": 0.9724332111052907}, "Label_1": {"Optimal Threshold": 0.020459238439798355, "Accuracy": 0.9263301500682128, "Sensitivity": 0.9827586206896551, "Specificity": 0.9214814814814815, "AUC": 0.9879182630906769}, "Label_2": {"Optimal Threshold": 0.4496289789676666, "Accuracy": 0.927694406548431, "Sensitivity": 0.8947368421052632, "Specificity": 0.9425742574257425, "AUC": 0.9732673267326732}, "Label_3": {"Optimal Threshold": 0.5761661529541016, "Accuracy": 0.9358799454297408, "Sensitivity": 0.9004524886877828, "Specificity": 0.951171875, "AUC": 0.9753959276018099}, "Label_4": {"Optimal Threshold": 0.002851302968338132, "Accuracy": 0.8403819918144612, "Sensitivity": 1.0, "Specificity": 0.8388429752066116, "AUC": 0.9708776072412436}, "Label_5": {"Optimal Threshold": 0.0027728755958378315, "Accuracy": 0.8144611186903138, "Sensitivity": 1.0, "Specificity": 0.8131868131868132, "AUC": 0.935989010989011}, "Label_6": {"Optimal Threshold": 0.006487811449915171, "Accuracy": 0.8540245566166439, "Sensitivity": 1.0, "Specificity": 0.8518005540166205, "AUC": 0.9579451019894232}, "Label_7": {"Optimal Threshold": 0.10066971927881241, "Accuracy": 0.9699863574351978, "Sensitivity": 1.0, "Specificity": 0.9672131147540983, "AUC": 0.9931734051247536}, "Label_8": {"Optimal Threshold": 0.0002805804251693189, "Accuracy": 0.5538881309686221, "Sensitivity": 1.0, "Specificity": 0.5526675786593708, "AUC": 0.6573187414500684}, "Label_9": {"Optimal Threshold": 0.00976005382835865, "Accuracy": 0.8717598908594816, "Sensitivity": 0.96875, "Specificity": 0.8673323823109843, "AUC": 0.9517653352353779}, "Label_10": {"Optimal Threshold": 0.011087850667536259, "Accuracy": 0.7926330150068213, "Sensitivity": 0.9444444444444444, "Specificity": 0.7888111888111888, "AUC": 0.9231546231546232}, "Label_11": {"Optimal Threshold": 0.015085135586559772, "Accuracy": 0.8581173260572987, "Sensitivity": 1.0, "Specificity": 0.8545454545454545, "AUC": 0.9703962703962704}, "Label_12": {"Optimal Threshold": 0.04396519064903259, "Accuracy": 0.7694406548431105, "Sensitivity": 0.9411764705882353, "Specificity": 0.7565982404692082, "AUC": 0.9187510781438676}, "Overall": {"Accuracy": 0.8478329310525764, "Sensitivity": 0.9661426998768801, "Specificity": 0.8470266459842526, "AUC": 0.9375681463273143}}}