{"shared_labels": 3, "perf": [0.09297916293144226, 0.9713035821914673], "label_names": [[2, 1, 0, 6, 4, 5, 8, 10], [2, 1, 0, 7, 12, 3, 11, 9]], "metrics": {"Label_0": {"Optimal Threshold": 0.11204972118139267, "Accuracy": 0.927694406548431, "Sensitivity": 0.8695652173913043, "Specificity": 0.9337349397590361, "AUC": 0.9675440894010826}, "Label_1": {"Optimal Threshold": 0.12629610300064087, "Accuracy": 0.956343792633015, "Sensitivity": 0.9655172413793104, "Specificity": 0.9555555555555556, "AUC": 0.9887611749680715}, "Label_2": {"Optimal Threshold": 0.19384846091270447, "Accuracy": 0.9195088676671214, "Sensitivity": 0.9429824561403509, "Specificity": 0.9089108910891089, "AUC": 0.9727896473857912}, "Label_3": {"Optimal Threshold": 0.2312871217727661, "Accuracy": 0.9249658935879945, "Sensitivity": 0.9276018099547512, "Specificity": 0.923828125, "AUC": 0.9742558682126696}, "Label_4": {"Optimal Threshold": 0.008292817510664463, "Accuracy": 0.8622100954979536, "Sensitivity": 0.8571428571428571, "Specificity": 0.8622589531680441, "AUC": 0.9179456906729634}, "Label_5": {"Optimal Threshold": 0.12038962543010712, "Accuracy": 0.9890859481582538, "Sensitivity": 0.8, "Specificity": 0.9903846153846154, "AUC": 0.9384615384615385}, "Label_6": {"Optimal Threshold": 0.03969535604119301, "Accuracy": 0.9495225102319236, "Sensitivity": 1.0, "Specificity": 0.9487534626038782, "AUC": 0.9853941072777638}, "Label_7": {"Optimal Threshold": 0.09276459366083145, "Accuracy": 0.965893587994543, "Sensitivity": 1.0, "Specificity": 0.96274217585693, "AUC": 0.9916590548531321}, "Label_8": {"Optimal Threshold": 0.0008631956297904253, "Accuracy": 0.6316507503410641, "Sensitivity": 1.0, "Specificity": 0.6306429548563611, "AUC": 0.7729138166894665}, "Label_9": {"Optimal Threshold": 0.02344433031976223, "Accuracy": 0.8854024556616644, "Sensitivity": 0.90625, "Specificity": 0.884450784593438, "AUC": 0.9446772467902996}, "Label_10": {"Optimal Threshold": 0.0032902040984481573, "Accuracy": 0.6575716234652115, "Sensitivity": 0.9444444444444444, "Specificity": 0.6503496503496503, "AUC": 0.8560994560994561}, "Label_11": {"Optimal Threshold": 0.016239678487181664, "Accuracy": 0.8854024556616644, "Sensitivity": 0.9444444444444444, "Specificity": 0.8839160839160839, "AUC": 0.9484848484848485}, "Label_12": {"Optimal Threshold": 0.10058049857616425, "Accuracy": 0.8512960436562074, "Sensitivity": 0.8431372549019608, "Specificity": 0.8519061583577713, "AUC": 0.9190960841814731}, "Overall": {"Accuracy": 0.8774268023926959, "Sensitivity": 0.9231604404461096, "Specificity": 0.8759564884992671, "AUC": 0.9367755864214276}}}