{"shared_labels": 6, "perf": [0.09059756249189377, 0.9738574624061584], "label_names": [[4, 8, 11, 1, 10, 3, 12, 9, 6, 5], [4, 8, 11, 1, 10, 3, 2, 7, 0]], "metrics": {"Label_0": {"Optimal Threshold": 0.024579718708992004, "Accuracy": 0.8963165075034106, "Sensitivity": 0.8840579710144928, "Specificity": 0.8975903614457831, "AUC": 0.9591409114719749}, "Label_1": {"Optimal Threshold": 0.08212167769670486, "Accuracy": 0.9713506139154161, "Sensitivity": 0.9137931034482759, "Specificity": 0.9762962962962963, "AUC": 0.9887611749680715}, "Label_2": {"Optimal Threshold": 0.2953723967075348, "Accuracy": 0.9263301500682128, "Sensitivity": 0.9122807017543859, "Specificity": 0.9326732673267327, "AUC": 0.9700538474900121}, "Label_3": {"Optimal Threshold": 0.5204570293426514, "Accuracy": 0.9386084583901774, "Sensitivity": 0.9140271493212669, "Specificity": 0.94921875, "AUC": 0.9748479920814479}, "Label_4": {"Optimal Threshold": 0.012440258637070656, "Accuracy": 0.91268758526603, "Sensitivity": 0.8571428571428571, "Specificity": 0.9132231404958677, "AUC": 0.9523809523809523}, "Label_5": {"Optimal Threshold": 0.04207818955183029, "Accuracy": 0.9604365620736699, "Sensitivity": 0.8, "Specificity": 0.9615384615384616, "AUC": 0.9280219780219781}, "Label_6": {"Optimal Threshold": 0.024295762181282043, "Accuracy": 0.9072305593451568, "Sensitivity": 1.0, "Specificity": 0.9058171745152355, "AUC": 0.9677663057164443}, "Label_7": {"Optimal Threshold": 0.09125152975320816, "Accuracy": 0.9618008185538881, "Sensitivity": 0.9838709677419355, "Specificity": 0.9597615499254843, "AUC": 0.9907215999230806}, "Label_8": {"Optimal Threshold": 0.0019686794839799404, "Accuracy": 0.7517053206002728, "Sensitivity": 1.0, "Specificity": 0.7510259917920656, "AUC": 0.7770177838577291}, "Label_9": {"Optimal Threshold": 0.01813536509871483, "Accuracy": 0.844474761255116, "Sensitivity": 0.96875, "Specificity": 0.8388017118402282, "AUC": 0.9565353067047075}, "Label_10": {"Optimal Threshold": 0.009323625825345516, "Accuracy": 0.7189631650750341, "Sensitivity": 1.0, "Specificity": 0.7118881118881119, "AUC": 0.9177156177156177}, "Label_11": {"Optimal Threshold": 0.027116334065794945, "Accuracy": 0.9345156889495225, "Sensitivity": 1.0, "Specificity": 0.9328671328671329, "AUC": 0.9843822843822844}, "Label_12": {"Optimal Threshold": 0.14484645426273346, "Accuracy": 0.8894952251023193, "Sensitivity": 0.8235294117647058, "Specificity": 0.8944281524926686, "AUC": 0.9293025127939738}, "Overall": {"Accuracy": 0.8933781089306326, "Sensitivity": 0.9274963201683016, "Specificity": 0.8942407771095435, "AUC": 0.9458960205775598}}}