{"shared_labels": 1, "perf": [0.09625163674354553, 0.9734341502189636], "label_names": [[9, 10, 8, 7, 6, 4, 0], [9, 5, 1, 12, 3, 2, 11]], "metrics": {"Label_0": {"Optimal Threshold": 0.18280328810214996, "Accuracy": 0.9549795361527967, "Sensitivity": 0.8405797101449275, "Specificity": 0.9668674698795181, "AUC": 0.9597302252488215}, "Label_1": {"Optimal Threshold": 0.09680777788162231, "Accuracy": 0.9645293315143247, "Sensitivity": 0.9310344827586207, "Specificity": 0.9674074074074074, "AUC": 0.986794380587484}, "Label_2": {"Optimal Threshold": 0.21199630200862885, "Accuracy": 0.91268758526603, "Sensitivity": 0.9035087719298246, "Specificity": 0.9168316831683169, "AUC": 0.9675178044120202}, "Label_3": {"Optimal Threshold": 0.27991896867752075, "Accuracy": 0.9208731241473397, "Sensitivity": 0.9049773755656109, "Specificity": 0.927734375, "AUC": 0.9713040865384617}, "Label_4": {"Optimal Threshold": 0.0006923516048118472, "Accuracy": 0.8390177353342428, "Sensitivity": 1.0, "Specificity": 0.837465564738292, "AUC": 0.9691066509248327}, "Label_5": {"Optimal Threshold": 0.0038625746965408325, "Accuracy": 0.8294679399727148, "Sensitivity": 1.0, "Specificity": 0.8282967032967034, "AUC": 0.9324175824175824}, "Label_6": {"Optimal Threshold": 0.0035376674495637417, "Accuracy": 0.7980900409276944, "Sensitivity": 1.0, "Specificity": 0.7950138504155124, "AUC": 0.9483757239989927}, "Label_7": {"Optimal Threshold": 0.11348721385002136, "Accuracy": 0.9427012278308322, "Sensitivity": 0.9838709677419355, "Specificity": 0.9388971684053651, "AUC": 0.9881736454978125}, "Label_8": {"Optimal Threshold": 0.0011413143947720528, "Accuracy": 0.8240109140518418, "Sensitivity": 1.0, "Specificity": 0.8235294117647058, "AUC": 0.8283173734610124}, "Label_9": {"Optimal Threshold": 0.007036359049379826, "Accuracy": 0.903137789904502, "Sensitivity": 0.96875, "Specificity": 0.9001426533523538, "AUC": 0.9537713980028529}, "Label_10": {"Optimal Threshold": 0.017882883548736572, "Accuracy": 0.8840381991814461, "Sensitivity": 0.8888888888888888, "Specificity": 0.8839160839160839, "AUC": 0.9296814296814296}, "Label_11": {"Optimal Threshold": 0.009152265265583992, "Accuracy": 0.91268758526603, "Sensitivity": 0.9444444444444444, "Specificity": 0.9118881118881119, "AUC": 0.9705516705516705}, "Label_12": {"Optimal Threshold": 0.03021298721432686, "Accuracy": 0.7762619372442019, "Sensitivity": 0.9411764705882353, "Specificity": 0.7639296187683284, "AUC": 0.9215398769478466}, "Overall": {"Accuracy": 0.8817294574456921, "Sensitivity": 0.9467100855432684, "Specificity": 0.8816861616923616, "AUC": 0.9482524498669862}}}