{"shared_labels": 12, "perf": [0.08454351872205734, 0.9791396856307983], "label_names": [[1, 3, 6, 5, 12, 0, 11, 2, 10, 4, 9, 7, 8], [1, 3, 6, 5, 12, 0, 11, 2, 10, 4, 9, 7]], "metrics": {"Label_0": {"Optimal Threshold": 0.04035450145602226, "Accuracy": 0.8663028649386084, "Sensitivity": 0.9565217391304348, "Specificity": 0.8569277108433735, "AUC": 0.9686572376462371}, "Label_1": {"Optimal Threshold": 0.0486488975584507, "Accuracy": 0.9386084583901774, "Sensitivity": 0.9655172413793104, "Specificity": 0.9362962962962963, "AUC": 0.9877394636015325}, "Label_2": {"Optimal Threshold": 0.336002916097641, "Accuracy": 0.927694406548431, "Sensitivity": 0.9210526315789473, "Specificity": 0.9306930693069307, "AUC": 0.9744224422442245}, "Label_3": {"Optimal Threshold": 0.2648364305496216, "Accuracy": 0.927694406548431, "Sensitivity": 0.9321266968325792, "Specificity": 0.92578125, "AUC": 0.9768276300904977}, "Label_4": {"Optimal Threshold": 0.0020194232929497957, "Accuracy": 0.8076398362892224, "Sensitivity": 1.0, "Specificity": 0.8057851239669421, "AUC": 0.9608421881149154}, "Label_5": {"Optimal Threshold": 0.004482605494558811, "Accuracy": 0.8021828103683493, "Sensitivity": 1.0, "Specificity": 0.8008241758241759, "AUC": 0.9480769230769232}, "Label_6": {"Optimal Threshold": 0.0070586130023002625, "Accuracy": 0.8567530695770805, "Sensitivity": 1.0, "Specificity": 0.8545706371191135, "AUC": 0.9748174263409721}, "Label_7": {"Optimal Threshold": 0.1447657197713852, "Accuracy": 0.9727148703956344, "Sensitivity": 1.0, "Specificity": 0.970193740685544, "AUC": 0.99382241238402}, "Label_8": {"Optimal Threshold": 0.0024469075724482536, "Accuracy": 0.8635743519781719, "Sensitivity": 1.0, "Specificity": 0.8632010943912448, "AUC": 0.880984952120383}, "Label_9": {"Optimal Threshold": 0.05349700525403023, "Accuracy": 0.9195088676671214, "Sensitivity": 0.90625, "Specificity": 0.920114122681883, "AUC": 0.9499375891583451}, "Label_10": {"Optimal Threshold": 0.013448415324091911, "Accuracy": 0.7953615279672579, "Sensitivity": 0.8888888888888888, "Specificity": 0.793006993006993, "AUC": 0.9015540015540016}, "Label_11": {"Optimal Threshold": 0.014769932255148888, "Accuracy": 0.9263301500682128, "Sensitivity": 1.0, "Specificity": 0.9244755244755245, "AUC": 0.9841491841491842}, "Label_12": {"Optimal Threshold": 0.056953512132167816, "Accuracy": 0.8158253751705321, "Sensitivity": 0.9215686274509803, "Specificity": 0.8079178885630498, "AUC": 0.9399976999597492}, "Overall": {"Accuracy": 0.8784762304544022, "Sensitivity": 0.9609173711739339, "Specificity": 0.8761375097816207, "AUC": 0.9570637808031527}}}