{"shared_labels": 11, "perf": [0.0889146700501442, 0.9754946231842041], "label_names": [[9, 3, 0, 1, 6, 2, 10, 7, 8, 12, 4, 11], [9, 3, 0, 1, 6, 2, 10, 7, 8, 12, 4, 5]], "metrics": {"Label_0": {"Optimal Threshold": 0.11626388877630234, "Accuracy": 0.9454297407912687, "Sensitivity": 0.855072463768116, "Specificity": 0.9548192771084337, "AUC": 0.9661908503579536}, "Label_1": {"Optimal Threshold": 0.017262641340494156, "Accuracy": 0.903137789904502, "Sensitivity": 0.9827586206896551, "Specificity": 0.8962962962962963, "AUC": 0.9868710089399744}, "Label_2": {"Optimal Threshold": 0.37887951731681824, "Accuracy": 0.927694406548431, "Sensitivity": 0.9122807017543859, "Specificity": 0.9346534653465347, "AUC": 0.9735191940246656}, "Label_3": {"Optimal Threshold": 0.31803205609321594, "Accuracy": 0.927694406548431, "Sensitivity": 0.9230769230769231, "Specificity": 0.9296875, "AUC": 0.9761559671945701}, "Label_4": {"Optimal Threshold": 0.0014492578338831663, "Accuracy": 0.7953615279672579, "Sensitivity": 1.0, "Specificity": 0.7933884297520661, "AUC": 0.9592680047225501}, "Label_5": {"Optimal Threshold": 0.0031882189214229584, "Accuracy": 0.7762619372442019, "Sensitivity": 1.0, "Specificity": 0.7747252747252747, "AUC": 0.923076923076923}, "Label_6": {"Optimal Threshold": 0.02697603590786457, "Accuracy": 0.9154160982264665, "Sensitivity": 0.9090909090909091, "Specificity": 0.9155124653739612, "AUC": 0.9565600604381768}, "Label_7": {"Optimal Threshold": 0.20198167860507965, "Accuracy": 0.9713506139154161, "Sensitivity": 1.0, "Specificity": 0.9687034277198212, "AUC": 0.9936781885486274}, "Label_8": {"Optimal Threshold": 0.00454691844061017, "Accuracy": 0.8049113233287858, "Sensitivity": 1.0, "Specificity": 0.8043775649794802, "AUC": 0.8433652530779754}, "Label_9": {"Optimal Threshold": 0.04043013975024223, "Accuracy": 0.8990450204638472, "Sensitivity": 0.9375, "Specificity": 0.8972895863052782, "AUC": 0.9489568473609129}, "Label_10": {"Optimal Threshold": 0.01387765258550644, "Accuracy": 0.781718963165075, "Sensitivity": 0.9444444444444444, "Specificity": 0.7776223776223776, "AUC": 0.9044289044289044}, "Label_11": {"Optimal Threshold": 0.02673354558646679, "Accuracy": 0.8703956343792633, "Sensitivity": 1.0, "Specificity": 0.8671328671328671, "AUC": 0.968065268065268}, "Label_12": {"Optimal Threshold": 0.10984041541814804, "Accuracy": 0.810368349249659, "Sensitivity": 0.9607843137254902, "Specificity": 0.7991202346041055, "AUC": 0.9518141567477431}, "Overall": {"Accuracy": 0.8714450624409698, "Sensitivity": 0.955769875119225, "Specificity": 0.8702560589974228, "AUC": 0.9501500482295573}}}