{"shared_labels": 7, "perf": [0.08895812928676605, 0.9751819372177124], "label_names": [[12, 6, 10, 0, 4, 3, 5, 1, 11, 8], [12, 6, 10, 0, 4, 3, 5, 7, 2, 9]], "metrics": {"Label_0": {"Optimal Threshold": 0.07629632949829102, "Accuracy": 0.9113233287858117, "Sensitivity": 0.8985507246376812, "Specificity": 0.9126506024096386, "AUC": 0.9701196088702636}, "Label_1": {"Optimal Threshold": 0.035861752927303314, "Accuracy": 0.9140518417462483, "Sensitivity": 0.9655172413793104, "Specificity": 0.9096296296296297, "AUC": 0.9836015325670499}, "Label_2": {"Optimal Threshold": 0.25697508454322815, "Accuracy": 0.9236016371077762, "Sensitivity": 0.9122807017543859, "Specificity": 0.9287128712871288, "AUC": 0.968898731978461}, "Label_3": {"Optimal Threshold": 0.2853924632072449, "Accuracy": 0.9263301500682128, "Sensitivity": 0.9276018099547512, "Specificity": 0.92578125, "AUC": 0.9750070701357466}, "Label_4": {"Optimal Threshold": 0.0011251260293647647, "Accuracy": 0.8021828103683493, "Sensitivity": 1.0, "Specificity": 0.800275482093664, "AUC": 0.9600550964187328}, "Label_5": {"Optimal Threshold": 0.001868217601440847, "Accuracy": 0.7899045020463847, "Sensitivity": 1.0, "Specificity": 0.7884615384615384, "AUC": 0.9532967032967032}, "Label_6": {"Optimal Threshold": 0.01725957542657852, "Accuracy": 0.9345156889495225, "Sensitivity": 1.0, "Specificity": 0.9335180055401662, "AUC": 0.9850163686728783}, "Label_7": {"Optimal Threshold": 0.0989973321557045, "Accuracy": 0.965893587994543, "Sensitivity": 1.0, "Specificity": 0.96274217585693, "AUC": 0.9928128455362724}, "Label_8": {"Optimal Threshold": 0.0009513497934676707, "Accuracy": 0.6712141882673943, "Sensitivity": 1.0, "Specificity": 0.6703146374829001, "AUC": 0.7414500683994528}, "Label_9": {"Optimal Threshold": 0.04562983289361, "Accuracy": 0.8813096862210096, "Sensitivity": 0.875, "Specificity": 0.8815977175463623, "AUC": 0.9433398716119828}, "Label_10": {"Optimal Threshold": 0.006320287473499775, "Accuracy": 0.762619372442019, "Sensitivity": 1.0, "Specificity": 0.7566433566433567, "AUC": 0.9188034188034189}, "Label_11": {"Optimal Threshold": 0.025746840983629227, "Accuracy": 0.9508867667121419, "Sensitivity": 0.9444444444444444, "Specificity": 0.951048951048951, "AUC": 0.9711732711732712}, "Label_12": {"Optimal Threshold": 0.0878821387887001, "Accuracy": 0.878581173260573, "Sensitivity": 0.8627450980392157, "Specificity": 0.8797653958944281, "AUC": 0.9456615490771088}, "Overall": {"Accuracy": 0.870185748766922, "Sensitivity": 0.9527800015545991, "Specificity": 0.8693185856842073, "AUC": 0.9468643181954879}}}