{"shared_labels": 0, "perf": [0.09684693068265915, 0.9757350087165833], "label_names": [[4, 5, 3, 2, 12, 8, 11], [9, 7, 0, 1, 6, 10]], "metrics": {"Label_0": {"Optimal Threshold": 0.19800318777561188, "Accuracy": 0.878581173260573, "Sensitivity": 0.8840579710144928, "Specificity": 0.8780120481927711, "AUC": 0.9609525056748733}, "Label_1": {"Optimal Threshold": 0.3129425048828125, "Accuracy": 0.9577080491132333, "Sensitivity": 0.9137931034482759, "Specificity": 0.9614814814814815, "AUC": 0.9835249042145594}, "Label_2": {"Optimal Threshold": 0.333496630191803, "Accuracy": 0.91268758526603, "Sensitivity": 0.9210526315789473, "Specificity": 0.9089108910891089, "AUC": 0.9688466215042556}, "Label_3": {"Optimal Threshold": 0.31142109632492065, "Accuracy": 0.9195088676671214, "Sensitivity": 0.9230769230769231, "Specificity": 0.91796875, "AUC": 0.9716310803167421}, "Label_4": {"Optimal Threshold": 0.0036464405711740255, "Accuracy": 0.8485675306957708, "Sensitivity": 1.0, "Specificity": 0.8471074380165289, "AUC": 0.9710743801652892}, "Label_5": {"Optimal Threshold": 0.08587528020143509, "Accuracy": 0.9931787175989086, "Sensitivity": 0.8, "Specificity": 0.9945054945054945, "AUC": 0.9538461538461538}, "Label_6": {"Optimal Threshold": 0.010571551509201527, "Accuracy": 0.9072305593451568, "Sensitivity": 1.0, "Specificity": 0.9058171745152355, "AUC": 0.975572903550743}, "Label_7": {"Optimal Threshold": 0.11838876456022263, "Accuracy": 0.9508867667121419, "Sensitivity": 0.9838709677419355, "Specificity": 0.9478390461997019, "AUC": 0.9900245180520167}, "Label_8": {"Optimal Threshold": 0.00987973902374506, "Accuracy": 0.8840381991814461, "Sensitivity": 1.0, "Specificity": 0.8837209302325582, "AUC": 0.8953488372093024}, "Label_9": {"Optimal Threshold": 0.07633738964796066, "Accuracy": 0.927694406548431, "Sensitivity": 0.875, "Specificity": 0.9300998573466477, "AUC": 0.9483773181169757}, "Label_10": {"Optimal Threshold": 0.022152472287416458, "Accuracy": 0.7871759890859482, "Sensitivity": 0.8888888888888888, "Specificity": 0.7846153846153846, "AUC": 0.8973581973581973}, "Label_11": {"Optimal Threshold": 0.017128201201558113, "Accuracy": 0.8512960436562074, "Sensitivity": 1.0, "Specificity": 0.8475524475524475, "AUC": 0.9679098679098679}, "Label_12": {"Optimal Threshold": 0.12195812165737152, "Accuracy": 0.8826739427012278, "Sensitivity": 0.7843137254901961, "Specificity": 0.8900293255131965, "AUC": 0.9125409694669656}, "Overall": {"Accuracy": 0.9000944485255536, "Sensitivity": 0.9210810931722816, "Specificity": 0.8998200207123505, "AUC": 0.9536160197989185}}}