{"shared_labels": 12, "perf": [0.0892697423696518, 0.978797972202301], "label_names": [[4, 5, 3, 6, 0, 11, 9, 12, 8, 1, 2, 10, 7], [4, 5, 3, 6, 0, 11, 9, 12, 8, 1, 2, 10]], "metrics": {"Label_0": {"Optimal Threshold": 0.10064548254013062, "Accuracy": 0.9440654843110505, "Sensitivity": 0.855072463768116, "Specificity": 0.9533132530120482, "AUC": 0.9678933123799547}, "Label_1": {"Optimal Threshold": 0.03143363445997238, "Accuracy": 0.9345156889495225, "Sensitivity": 0.9655172413793104, "Specificity": 0.9318518518518518, "AUC": 0.987330779054917}, "Label_2": {"Optimal Threshold": 0.5304336547851562, "Accuracy": 0.9195088676671214, "Sensitivity": 0.9210526315789473, "Specificity": 0.9188118811881189, "AUC": 0.9731717908632969}, "Label_3": {"Optimal Threshold": 0.33640041947364807, "Accuracy": 0.9085948158253752, "Sensitivity": 0.9592760180995475, "Specificity": 0.88671875, "AUC": 0.9759527007918551}, "Label_4": {"Optimal Threshold": 0.04646395146846771, "Accuracy": 0.9577080491132333, "Sensitivity": 0.8571428571428571, "Specificity": 0.9586776859504132, "AUC": 0.9649744195198741}, "Label_5": {"Optimal Threshold": 0.0041905674152076244, "Accuracy": 0.7803547066848567, "Sensitivity": 1.0, "Specificity": 0.7788461538461539, "AUC": 0.9461538461538461}, "Label_6": {"Optimal Threshold": 0.036318592727184296, "Accuracy": 0.9208731241473397, "Sensitivity": 1.0, "Specificity": 0.9196675900277008, "AUC": 0.980231679677663}, "Label_7": {"Optimal Threshold": 0.08175760507583618, "Accuracy": 0.9536152796725784, "Sensitivity": 1.0, "Specificity": 0.9493293591654247, "AUC": 0.9887986154511802}, "Label_8": {"Optimal Threshold": 0.0038494293112307787, "Accuracy": 0.8390177353342428, "Sensitivity": 1.0, "Specificity": 0.8385772913816689, "AUC": 0.8693570451436389}, "Label_9": {"Optimal Threshold": 0.036434356123209, "Accuracy": 0.9004092769440655, "Sensitivity": 0.9375, "Specificity": 0.8987161198288159, "AUC": 0.9453013552068472}, "Label_10": {"Optimal Threshold": 0.013361501507461071, "Accuracy": 0.7517053206002728, "Sensitivity": 0.9444444444444444, "Specificity": 0.7468531468531469, "AUC": 0.9065268065268065}, "Label_11": {"Optimal Threshold": 0.052144259214401245, "Accuracy": 0.9672578444747613, "Sensitivity": 0.9444444444444444, "Specificity": 0.9678321678321679, "AUC": 0.9804972804972806}, "Label_12": {"Optimal Threshold": 0.05591356009244919, "Accuracy": 0.8035470668485676, "Sensitivity": 0.9411764705882353, "Specificity": 0.7932551319648093, "AUC": 0.943562762348341}, "Overall": {"Accuracy": 0.8908594815825375, "Sensitivity": 0.9481251208804541, "Specificity": 0.8878807986847937, "AUC": 0.9561347995088846}}}