{"shared_labels": 1, "perf": [0.08985965698957443, 0.9779050350189209], "label_names": [[11, 8, 12, 7, 3, 9, 10], [11, 0, 2, 6, 1, 4, 5]], "metrics": {"Label_0": {"Optimal Threshold": 0.2818903923034668, "Accuracy": 0.9522510231923602, "Sensitivity": 0.8260869565217391, "Specificity": 0.9653614457831325, "AUC": 0.9581368954077177}, "Label_1": {"Optimal Threshold": 0.10278432071208954, "Accuracy": 0.9440654843110505, "Sensitivity": 0.9482758620689655, "Specificity": 0.9437037037037037, "AUC": 0.9837292464878672}, "Label_2": {"Optimal Threshold": 0.3559616208076477, "Accuracy": 0.9249658935879945, "Sensitivity": 0.9342105263157895, "Specificity": 0.9207920792079208, "AUC": 0.9728851832551675}, "Label_3": {"Optimal Threshold": 0.4274347722530365, "Accuracy": 0.9304229195088677, "Sensitivity": 0.9140271493212669, "Specificity": 0.9375, "AUC": 0.974538673642534}, "Label_4": {"Optimal Threshold": 0.011468927375972271, "Accuracy": 0.9045020463847203, "Sensitivity": 0.8571428571428571, "Specificity": 0.9049586776859504, "AUC": 0.9449035812672176}, "Label_5": {"Optimal Threshold": 0.0018597504822537303, "Accuracy": 0.8076398362892224, "Sensitivity": 1.0, "Specificity": 0.8063186813186813, "AUC": 0.9524725274725275}, "Label_6": {"Optimal Threshold": 0.013935115188360214, "Accuracy": 0.9045020463847203, "Sensitivity": 1.0, "Specificity": 0.9030470914127424, "AUC": 0.9706623016872324}, "Label_7": {"Optimal Threshold": 0.06257013231515884, "Accuracy": 0.9631650750341064, "Sensitivity": 0.9838709677419355, "Specificity": 0.9612518628912071, "AUC": 0.9914427191000432}, "Label_8": {"Optimal Threshold": 0.01180980447679758, "Accuracy": 0.8772169167803547, "Sensitivity": 1.0, "Specificity": 0.8768809849521204, "AUC": 0.8796169630642955}, "Label_9": {"Optimal Threshold": 0.02087344042956829, "Accuracy": 0.8649386084583902, "Sensitivity": 0.9375, "Specificity": 0.8616262482168331, "AUC": 0.942626604850214}, "Label_10": {"Optimal Threshold": 0.019494205713272095, "Accuracy": 0.82537517053206, "Sensitivity": 0.9444444444444444, "Specificity": 0.8223776223776224, "AUC": 0.9198135198135198}, "Label_11": {"Optimal Threshold": 0.034384943544864655, "Accuracy": 0.9577080491132333, "Sensitivity": 0.9444444444444444, "Specificity": 0.958041958041958, "AUC": 0.9802641802641803}, "Label_12": {"Optimal Threshold": 0.08193085342645645, "Accuracy": 0.8130968622100955, "Sensitivity": 0.9215686274509803, "Specificity": 0.8049853372434017, "AUC": 0.9375539071933758}, "Overall": {"Accuracy": 0.897680763983629, "Sensitivity": 0.9393516796501865, "Specificity": 0.8974496686796365, "AUC": 0.9545112541158378}}}