{"shared_labels": 4, "perf": [0.09293870627880096, 0.9752596616744995], "label_names": [[4, 8, 10, 2, 3, 7, 1, 6, 11], [4, 8, 10, 2, 9, 0, 5, 12]], "metrics": {"Label_0": {"Optimal Threshold": 0.049866724759340286, "Accuracy": 0.9017735334242838, "Sensitivity": 0.8985507246376812, "Specificity": 0.9021084337349398, "AUC": 0.96197834817531}, "Label_1": {"Optimal Threshold": 0.02096613124012947, "Accuracy": 0.91268758526603, "Sensitivity": 0.9827586206896551, "Specificity": 0.9066666666666666, "AUC": 0.9861558109833972}, "Label_2": {"Optimal Threshold": 0.5085204839706421, "Accuracy": 0.9263301500682128, "Sensitivity": 0.9342105263157895, "Specificity": 0.9227722772277228, "AUC": 0.9753083203057149}, "Label_3": {"Optimal Threshold": 0.394299179315567, "Accuracy": 0.9208731241473397, "Sensitivity": 0.9502262443438914, "Specificity": 0.908203125, "AUC": 0.9756875707013575}, "Label_4": {"Optimal Threshold": 0.002367310458794236, "Accuracy": 0.8185538881309686, "Sensitivity": 1.0, "Specificity": 0.8168044077134986, "AUC": 0.9641873278236914}, "Label_5": {"Optimal Threshold": 0.0005207837675698102, "Accuracy": 0.7312414733969986, "Sensitivity": 1.0, "Specificity": 0.7293956043956044, "AUC": 0.9228021978021979}, "Label_6": {"Optimal Threshold": 0.005908010061830282, "Accuracy": 0.8526603001364257, "Sensitivity": 1.0, "Specificity": 0.850415512465374, "AUC": 0.9511458071014858}, "Label_7": {"Optimal Threshold": 0.14176833629608154, "Accuracy": 0.9686221009549796, "Sensitivity": 0.9838709677419355, "Specificity": 0.9672131147540983, "AUC": 0.9929811066775637}, "Label_8": {"Optimal Threshold": 0.001279013929888606, "Accuracy": 0.8130968622100955, "Sensitivity": 1.0, "Specificity": 0.8125854993160054, "AUC": 0.841313269493844}, "Label_9": {"Optimal Threshold": 0.04178144782781601, "Accuracy": 0.91268758526603, "Sensitivity": 0.90625, "Specificity": 0.912981455064194, "AUC": 0.945435092724679}, "Label_10": {"Optimal Threshold": 0.010867278091609478, "Accuracy": 0.7435197817189632, "Sensitivity": 1.0, "Specificity": 0.737062937062937, "AUC": 0.9254079254079254}, "Label_11": {"Optimal Threshold": 0.017312582582235336, "Accuracy": 0.9113233287858117, "Sensitivity": 1.0, "Specificity": 0.9090909090909091, "AUC": 0.9732711732711732}, "Label_12": {"Optimal Threshold": 0.06092547997832298, "Accuracy": 0.8417462482946794, "Sensitivity": 0.803921568627451, "Specificity": 0.844574780058651, "AUC": 0.9102696797193951}, "Overall": {"Accuracy": 0.8657781509077552, "Sensitivity": 0.9584452809504926, "Specificity": 0.8630672863500461, "AUC": 0.9481495100144414}}}