{"shared_labels": 13, "perf": [0.08462300896644592, 0.9791785478591919], "label_names": [[7, 0, 5, 4, 10, 12, 3, 6, 8, 11, 2, 9, 1], [7, 0, 5, 4, 10, 12, 3, 6, 8, 11, 2, 9, 1]], "metrics": {"Label_0": {"Optimal Threshold": 0.05744144320487976, "Accuracy": 0.9072305593451568, "Sensitivity": 0.927536231884058, "Specificity": 0.9051204819277109, "AUC": 0.9684826261568011}, "Label_1": {"Optimal Threshold": 0.03625944256782532, "Accuracy": 0.9208731241473397, "Sensitivity": 0.9827586206896551, "Specificity": 0.9155555555555556, "AUC": 0.9877139208173692}, "Label_2": {"Optimal Threshold": 0.3053562343120575, "Accuracy": 0.9236016371077762, "Sensitivity": 0.9298245614035088, "Specificity": 0.9207920792079208, "AUC": 0.9743442765329164}, "Label_3": {"Optimal Threshold": 0.29555001854896545, "Accuracy": 0.9249658935879945, "Sensitivity": 0.9411764705882353, "Specificity": 0.91796875, "AUC": 0.9765183116515838}, "Label_4": {"Optimal Threshold": 0.024705497547984123, "Accuracy": 0.9481582537517054, "Sensitivity": 0.8571428571428571, "Specificity": 0.9490358126721763, "AUC": 0.9608421881149154}, "Label_5": {"Optimal Threshold": 0.0027253651060163975, "Accuracy": 0.7789904502046384, "Sensitivity": 1.0, "Specificity": 0.7774725274725275, "AUC": 0.9387362637362637}, "Label_6": {"Optimal Threshold": 0.00850985012948513, "Accuracy": 0.8703956343792633, "Sensitivity": 1.0, "Specificity": 0.868421052631579, "AUC": 0.9745656006043818}, "Label_7": {"Optimal Threshold": 0.20355796813964844, "Accuracy": 0.9699863574351978, "Sensitivity": 1.0, "Specificity": 0.9672131147540983, "AUC": 0.9936781885486276}, "Label_8": {"Optimal Threshold": 0.0017793042352423072, "Accuracy": 0.7803547066848567, "Sensitivity": 1.0, "Specificity": 0.7797537619699042, "AUC": 0.8173734610123119}, "Label_9": {"Optimal Threshold": 0.026782657951116562, "Accuracy": 0.9058663028649386, "Sensitivity": 0.9375, "Specificity": 0.9044222539229672, "AUC": 0.9494917974322397}, "Label_10": {"Optimal Threshold": 0.013287471607327461, "Accuracy": 0.7612551159618008, "Sensitivity": 0.9444444444444444, "Specificity": 0.7566433566433567, "AUC": 0.9092463092463092}, "Label_11": {"Optimal Threshold": 0.0296058040112257, "Accuracy": 0.9236016371077762, "Sensitivity": 1.0, "Specificity": 0.9216783216783216, "AUC": 0.9826728826728826}, "Label_12": {"Optimal Threshold": 0.03180152177810669, "Accuracy": 0.8035470668485676, "Sensitivity": 0.9411764705882353, "Specificity": 0.7932551319648093, "AUC": 0.9432465068138692}, "Overall": {"Accuracy": 0.8783712876482317, "Sensitivity": 0.9585815120569996, "Specificity": 0.8751794000308404, "AUC": 0.9520701794877287}}}