{"shared_labels": 0, "perf": [0.09390930831432343, 0.9753851890563965], "label_names": [[5, 0, 9, 1, 2, 7, 4], [3, 12, 6, 11, 8, 10]], "metrics": {"Label_0": {"Optimal Threshold": 0.09430484473705292, "Accuracy": 0.9140518417462483, "Sensitivity": 0.8260869565217391, "Specificity": 0.9231927710843374, "AUC": 0.9513925266282521}, "Label_1": {"Optimal Threshold": 0.11723101139068604, "Accuracy": 0.9618008185538881, "Sensitivity": 0.896551724137931, "Specificity": 0.9674074074074074, "AUC": 0.9823499361430396}, "Label_2": {"Optimal Threshold": 0.4768994152545929, "Accuracy": 0.9208731241473397, "Sensitivity": 0.9385964912280702, "Specificity": 0.9128712871287129, "AUC": 0.9724682994615251}, "Label_3": {"Optimal Threshold": 0.22555898129940033, "Accuracy": 0.9195088676671214, "Sensitivity": 0.9457013574660633, "Specificity": 0.908203125, "AUC": 0.9751131221719457}, "Label_4": {"Optimal Threshold": 0.0017971512861549854, "Accuracy": 0.757162346521146, "Sensitivity": 1.0, "Specificity": 0.7548209366391184, "AUC": 0.9449035812672175}, "Label_5": {"Optimal Threshold": 0.04633790999650955, "Accuracy": 0.9604365620736699, "Sensitivity": 0.8, "Specificity": 0.9615384615384616, "AUC": 0.9406593406593406}, "Label_6": {"Optimal Threshold": 0.015888331457972527, "Accuracy": 0.8949522510231923, "Sensitivity": 1.0, "Specificity": 0.8933518005540166, "AUC": 0.979224376731302}, "Label_7": {"Optimal Threshold": 0.11704958975315094, "Accuracy": 0.9713506139154161, "Sensitivity": 1.0, "Specificity": 0.9687034277198212, "AUC": 0.9929330320657661}, "Label_8": {"Optimal Threshold": 0.0054520172998309135, "Accuracy": 0.888130968622101, "Sensitivity": 1.0, "Specificity": 0.8878248974008208, "AUC": 0.8994528043775649}, "Label_9": {"Optimal Threshold": 0.013664890080690384, "Accuracy": 0.849931787175989, "Sensitivity": 0.96875, "Specificity": 0.8445078459343794, "AUC": 0.9516761768901569}, "Label_10": {"Optimal Threshold": 0.00631207600235939, "Accuracy": 0.7339699863574352, "Sensitivity": 1.0, "Specificity": 0.7272727272727273, "AUC": 0.913053613053613}, "Label_11": {"Optimal Threshold": 0.034583739936351776, "Accuracy": 0.9522510231923602, "Sensitivity": 0.9444444444444444, "Specificity": 0.9524475524475524, "AUC": 0.9740481740481741}, "Label_12": {"Optimal Threshold": 0.012596003711223602, "Accuracy": 0.7448840381991815, "Sensitivity": 0.9411764705882353, "Specificity": 0.7302052785923754, "AUC": 0.907193375884078}, "Overall": {"Accuracy": 0.8822541714765452, "Sensitivity": 0.9431774957220372, "Specificity": 0.8794113475938252, "AUC": 0.952651412260152}}}