{"shared_labels": 11, "perf": [0.08918116986751556, 0.9758191704750061], "label_names": [[8, 0, 5, 4, 7, 3, 1, 10, 11, 2, 6, 12], [8, 0, 5, 4, 7, 3, 1, 10, 11, 2, 6, 9]], "metrics": {"Label_0": {"Optimal Threshold": 0.05435080826282501, "Accuracy": 0.9195088676671214, "Sensitivity": 0.8695652173913043, "Specificity": 0.9246987951807228, "AUC": 0.9650558756766194}, "Label_1": {"Optimal Threshold": 0.03583117201924324, "Accuracy": 0.9427012278308322, "Sensitivity": 0.9482758620689655, "Specificity": 0.9422222222222222, "AUC": 0.985874840357599}, "Label_2": {"Optimal Threshold": 0.3995859622955322, "Accuracy": 0.9290586630286494, "Sensitivity": 0.9122807017543859, "Specificity": 0.9366336633663367, "AUC": 0.9733628626020496}, "Label_3": {"Optimal Threshold": 0.2466839998960495, "Accuracy": 0.9290586630286494, "Sensitivity": 0.9366515837104072, "Specificity": 0.92578125, "AUC": 0.9760322398190044}, "Label_4": {"Optimal Threshold": 0.018228016793727875, "Accuracy": 0.9358799454297408, "Sensitivity": 0.8571428571428571, "Specificity": 0.9366391184573003, "AUC": 0.9472648563557654}, "Label_5": {"Optimal Threshold": 0.04518682882189751, "Accuracy": 0.9645293315143247, "Sensitivity": 0.8, "Specificity": 0.9656593406593407, "AUC": 0.939010989010989}, "Label_6": {"Optimal Threshold": 0.009699719958007336, "Accuracy": 0.8649386084583902, "Sensitivity": 1.0, "Specificity": 0.8628808864265928, "AUC": 0.971165953160413}, "Label_7": {"Optimal Threshold": 0.17388957738876343, "Accuracy": 0.9686221009549796, "Sensitivity": 1.0, "Specificity": 0.9657228017883756, "AUC": 0.9932935916542474}, "Label_8": {"Optimal Threshold": 0.003405878320336342, "Accuracy": 0.781718963165075, "Sensitivity": 1.0, "Specificity": 0.7811217510259918, "AUC": 0.8399452804377565}, "Label_9": {"Optimal Threshold": 0.07900355756282806, "Accuracy": 0.9167803547066848, "Sensitivity": 0.875, "Specificity": 0.9186875891583453, "AUC": 0.9469507845934378}, "Label_10": {"Optimal Threshold": 0.017403405159711838, "Accuracy": 0.7926330150068213, "Sensitivity": 0.8888888888888888, "Specificity": 0.7902097902097902, "AUC": 0.9038850038850038}, "Label_11": {"Optimal Threshold": 0.02307024784386158, "Accuracy": 0.9290586630286494, "Sensitivity": 1.0, "Specificity": 0.9272727272727272, "AUC": 0.9791763791763791}, "Label_12": {"Optimal Threshold": 0.13276976346969604, "Accuracy": 0.8717598908594816, "Sensitivity": 0.7450980392156863, "Specificity": 0.8812316715542522, "AUC": 0.8939393939393939}, "Overall": {"Accuracy": 0.9035575611291845, "Sensitivity": 0.9102233192440381, "Specificity": 0.9045201236401538, "AUC": 0.9473044654360507}}}