{"shared_labels": 6, "perf": [0.09019676595926285, 0.9757159948348999], "label_names": [[1, 7, 5, 4, 8, 2, 12, 10, 6, 9], [1, 7, 5, 4, 8, 2, 0, 11, 3]], "metrics": {"Label_0": {"Optimal Threshold": 0.13153445720672607, "Accuracy": 0.9345156889495225, "Sensitivity": 0.8405797101449275, "Specificity": 0.9442771084337349, "AUC": 0.9521346254583551}, "Label_1": {"Optimal Threshold": 0.05387621745467186, "Accuracy": 0.9263301500682128, "Sensitivity": 0.9482758620689655, "Specificity": 0.9244444444444444, "AUC": 0.9845721583652617}, "Label_2": {"Optimal Threshold": 0.4830252230167389, "Accuracy": 0.9304229195088677, "Sensitivity": 0.9078947368421053, "Specificity": 0.9405940594059405, "AUC": 0.973493138787563}, "Label_3": {"Optimal Threshold": 0.38518548011779785, "Accuracy": 0.922237380627558, "Sensitivity": 0.9276018099547512, "Specificity": 0.919921875, "AUC": 0.9743884332579186}, "Label_4": {"Optimal Threshold": 0.03244655206799507, "Accuracy": 0.9508867667121419, "Sensitivity": 0.8571428571428571, "Specificity": 0.9517906336088154, "AUC": 0.9618260527351437}, "Label_5": {"Optimal Threshold": 0.003922100644558668, "Accuracy": 0.7871759890859482, "Sensitivity": 1.0, "Specificity": 0.7857142857142857, "AUC": 0.9513736263736263}, "Label_6": {"Optimal Threshold": 0.03436003997921944, "Accuracy": 0.9399727148703957, "Sensitivity": 0.9090909090909091, "Specificity": 0.9404432132963989, "AUC": 0.968521782926215}, "Label_7": {"Optimal Threshold": 0.11084410548210144, "Accuracy": 0.9618008185538881, "Sensitivity": 1.0, "Specificity": 0.9582712369597616, "AUC": 0.9930772559011586}, "Label_8": {"Optimal Threshold": 0.0020857250783592463, "Accuracy": 0.7735334242837654, "Sensitivity": 1.0, "Specificity": 0.7729138166894665, "AUC": 0.8337893296853625}, "Label_9": {"Optimal Threshold": 0.01923399791121483, "Accuracy": 0.8744884038199181, "Sensitivity": 0.90625, "Specificity": 0.8730385164051355, "AUC": 0.9453013552068474}, "Label_10": {"Optimal Threshold": 0.006380054168403149, "Accuracy": 0.723055934515689, "Sensitivity": 0.9444444444444444, "Specificity": 0.7174825174825175, "AUC": 0.893045843045843}, "Label_11": {"Optimal Threshold": 0.030933864414691925, "Accuracy": 0.9331514324693042, "Sensitivity": 0.9444444444444444, "Specificity": 0.9328671328671329, "AUC": 0.973892773892774}, "Label_12": {"Optimal Threshold": 0.08050946146249771, "Accuracy": 0.8158253751705321, "Sensitivity": 0.8823529411764706, "Specificity": 0.8108504398826979, "AUC": 0.9298487723535162}, "Overall": {"Accuracy": 0.882568999895057, "Sensitivity": 0.928313670408452, "Specificity": 0.882508406168487, "AUC": 0.9488665498453527}}}