{"shared_labels": 5, "perf": [0.08901636302471161, 0.9747600555419922], "label_names": [[9, 7, 4, 2, 3, 6, 5, 10, 12], [9, 7, 4, 2, 3, 0, 1, 11, 8]], "metrics": {"Label_0": {"Optimal Threshold": 0.14370083808898926, "Accuracy": 0.9399727148703957, "Sensitivity": 0.8260869565217391, "Specificity": 0.9518072289156626, "AUC": 0.9566308713113323}, "Label_1": {"Optimal Threshold": 0.13080242276191711, "Accuracy": 0.9631650750341064, "Sensitivity": 0.9137931034482759, "Specificity": 0.9674074074074074, "AUC": 0.9858492975734354}, "Label_2": {"Optimal Threshold": 0.197846457362175, "Accuracy": 0.9236016371077762, "Sensitivity": 0.9385964912280702, "Specificity": 0.9168316831683169, "AUC": 0.973215216258468}, "Label_3": {"Optimal Threshold": 0.2269774079322815, "Accuracy": 0.9236016371077762, "Sensitivity": 0.9321266968325792, "Specificity": 0.919921875, "AUC": 0.9757847850678734}, "Label_4": {"Optimal Threshold": 0.0021401236299425364, "Accuracy": 0.8240109140518418, "Sensitivity": 1.0, "Specificity": 0.8223140495867769, "AUC": 0.9596615505706415}, "Label_5": {"Optimal Threshold": 0.005576032213866711, "Accuracy": 0.8376534788540245, "Sensitivity": 1.0, "Specificity": 0.8365384615384616, "AUC": 0.9291208791208792}, "Label_6": {"Optimal Threshold": 0.009370237588882446, "Accuracy": 0.8321964529331515, "Sensitivity": 1.0, "Specificity": 0.8296398891966759, "AUC": 0.9581969277260136}, "Label_7": {"Optimal Threshold": 0.13645844161510468, "Accuracy": 0.9740791268758526, "Sensitivity": 1.0, "Specificity": 0.9716840536512668, "AUC": 0.9932935916542474}, "Label_8": {"Optimal Threshold": 0.00172321661375463, "Accuracy": 0.7994542974079127, "Sensitivity": 1.0, "Specificity": 0.79890560875513, "AUC": 0.8385772913816689}, "Label_9": {"Optimal Threshold": 0.05929016321897507, "Accuracy": 0.9208731241473397, "Sensitivity": 0.90625, "Specificity": 0.9215406562054208, "AUC": 0.9557774607703281}, "Label_10": {"Optimal Threshold": 0.004175233654677868, "Accuracy": 0.6780354706684857, "Sensitivity": 1.0, "Specificity": 0.66993006993007, "AUC": 0.8724164724164724}, "Label_11": {"Optimal Threshold": 0.045268282294273376, "Accuracy": 0.9618008185538881, "Sensitivity": 0.9444444444444444, "Specificity": 0.9622377622377623, "AUC": 0.9749805749805751}, "Label_12": {"Optimal Threshold": 0.07649095356464386, "Accuracy": 0.8294679399727148, "Sensitivity": 0.9019607843137255, "Specificity": 0.8240469208211144, "AUC": 0.9366338910930941}, "Overall": {"Accuracy": 0.8775317451988666, "Sensitivity": 0.9510198828299103, "Specificity": 0.8763696666472358, "AUC": 0.9469337546096177}}}