{"shared_labels": 3, "perf": [0.09006449580192566, 0.9760974049568176], "label_names": [[0, 11, 1, 8, 2, 9, 6, 12], [0, 11, 1, 5, 4, 7, 3, 10]], "metrics": {"Label_0": {"Optimal Threshold": 0.029040172696113586, "Accuracy": 0.8663028649386084, "Sensitivity": 0.9710144927536232, "Specificity": 0.8554216867469879, "AUC": 0.9723240789243932}, "Label_1": {"Optimal Threshold": 0.0647226870059967, "Accuracy": 0.956343792633015, "Sensitivity": 0.9482758620689655, "Specificity": 0.957037037037037, "AUC": 0.9895274584929757}, "Label_2": {"Optimal Threshold": 0.32384639978408813, "Accuracy": 0.9208731241473397, "Sensitivity": 0.9385964912280702, "Specificity": 0.9128712871287129, "AUC": 0.9733976029181864}, "Label_3": {"Optimal Threshold": 0.5798074007034302, "Accuracy": 0.931787175989086, "Sensitivity": 0.8959276018099548, "Specificity": 0.947265625, "AUC": 0.9742205175339367}, "Label_4": {"Optimal Threshold": 0.0057936846278607845, "Accuracy": 0.8963165075034106, "Sensitivity": 1.0, "Specificity": 0.8953168044077136, "AUC": 0.9767807949626132}, "Label_5": {"Optimal Threshold": 0.0016733520897105336, "Accuracy": 0.8472032742155525, "Sensitivity": 1.0, "Specificity": 0.8461538461538461, "AUC": 0.9519230769230769}, "Label_6": {"Optimal Threshold": 0.01556447148323059, "Accuracy": 0.9236016371077762, "Sensitivity": 0.9090909090909091, "Specificity": 0.9238227146814404, "AUC": 0.9569377990430622}, "Label_7": {"Optimal Threshold": 0.15456221997737885, "Accuracy": 0.9645293315143247, "Sensitivity": 0.9838709677419355, "Specificity": 0.96274217585693, "AUC": 0.991466756405942}, "Label_8": {"Optimal Threshold": 0.0008477260707877576, "Accuracy": 0.6875852660300137, "Sensitivity": 1.0, "Specificity": 0.6867305061559508, "AUC": 0.753077975376197}, "Label_9": {"Optimal Threshold": 0.008944224566221237, "Accuracy": 0.8840381991814461, "Sensitivity": 0.9375, "Specificity": 0.8815977175463623, "AUC": 0.9506954350927247}, "Label_10": {"Optimal Threshold": 0.007174744736403227, "Accuracy": 0.7776261937244202, "Sensitivity": 0.8888888888888888, "Specificity": 0.7748251748251749, "AUC": 0.8832167832167832}, "Label_11": {"Optimal Threshold": 0.04033402353525162, "Accuracy": 0.9686221009549796, "Sensitivity": 0.9444444444444444, "Specificity": 0.9692307692307692, "AUC": 0.9818958818958818}, "Label_12": {"Optimal Threshold": 0.05041520297527313, "Accuracy": 0.8294679399727148, "Sensitivity": 0.8235294117647058, "Specificity": 0.8299120234604106, "AUC": 0.9134897360703812}, "Overall": {"Accuracy": 0.8810998006086682, "Sensitivity": 0.9416260822916538, "Specificity": 0.8802251821716413, "AUC": 0.9437656843735505}}}