{"shared_labels": 8, "perf": [0.08716879040002823, 0.9776476621627808], "label_names": [[6, 0, 5, 1, 7, 2, 3, 12, 4, 11, 10], [6, 0, 5, 1, 7, 2, 3, 12, 9, 8]], "metrics": {"Label_0": {"Optimal Threshold": 0.09024103730916977, "Accuracy": 0.927694406548431, "Sensitivity": 0.8985507246376812, "Specificity": 0.9307228915662651, "AUC": 0.9712109306792388}, "Label_1": {"Optimal Threshold": 0.06679823249578476, "Accuracy": 0.9508867667121419, "Sensitivity": 0.9655172413793104, "Specificity": 0.9496296296296296, "AUC": 0.988735632183908}, "Label_2": {"Optimal Threshold": 0.37859249114990234, "Accuracy": 0.9208731241473397, "Sensitivity": 0.9385964912280702, "Specificity": 0.9128712871287129, "AUC": 0.9740663540038215}, "Label_3": {"Optimal Threshold": 0.2986772656440735, "Accuracy": 0.9167803547066848, "Sensitivity": 0.9502262443438914, "Specificity": 0.90234375, "AUC": 0.9758819994343891}, "Label_4": {"Optimal Threshold": 0.01511066872626543, "Accuracy": 0.9072305593451568, "Sensitivity": 0.8571428571428571, "Specificity": 0.9077134986225895, "AUC": 0.9466745375836285}, "Label_5": {"Optimal Threshold": 0.07204651087522507, "Accuracy": 0.9768076398362893, "Sensitivity": 0.8, "Specificity": 0.978021978021978, "AUC": 0.9456043956043957}, "Label_6": {"Optimal Threshold": 0.022043677046895027, "Accuracy": 0.9263301500682128, "Sensitivity": 1.0, "Specificity": 0.925207756232687, "AUC": 0.9831276756484514}, "Label_7": {"Optimal Threshold": 0.09080508351325989, "Accuracy": 0.9672578444747613, "Sensitivity": 1.0, "Specificity": 0.9642324888226528, "AUC": 0.9935580020191337}, "Label_8": {"Optimal Threshold": 0.0012561902403831482, "Accuracy": 0.723055934515689, "Sensitivity": 1.0, "Specificity": 0.7222982216142271, "AUC": 0.7941176470588235}, "Label_9": {"Optimal Threshold": 0.015009417198598385, "Accuracy": 0.8431105047748977, "Sensitivity": 0.9375, "Specificity": 0.8388017118402282, "AUC": 0.9447218259629101}, "Label_10": {"Optimal Threshold": 0.034961361438035965, "Accuracy": 0.8021828103683493, "Sensitivity": 0.7777777777777778, "Specificity": 0.8027972027972028, "AUC": 0.854001554001554}, "Label_11": {"Optimal Threshold": 0.05599493160843849, "Accuracy": 0.931787175989086, "Sensitivity": 0.8888888888888888, "Specificity": 0.9328671328671329, "AUC": 0.965034965034965}, "Label_12": {"Optimal Threshold": 0.06286618858575821, "Accuracy": 0.8226466575716235, "Sensitivity": 0.9215686274509803, "Specificity": 0.8152492668621701, "AUC": 0.9404864585130239}, "Overall": {"Accuracy": 0.8935879945429739, "Sensitivity": 0.9181360656038045, "Specificity": 0.8909812935388827, "AUC": 0.9444016905944802}}}