{"shared_labels": 9, "perf": [0.08964379131793976, 0.9769991040229797], "label_names": [[0, 7, 4, 8, 2, 10, 3, 6, 5, 12, 1], [0, 7, 4, 8, 2, 10, 3, 6, 5, 11, 9]], "metrics": {"Label_0": {"Optimal Threshold": 0.029623761773109436, "Accuracy": 0.8472032742155525, "Sensitivity": 0.9855072463768116, "Specificity": 0.8328313253012049, "AUC": 0.9712109306792387}, "Label_1": {"Optimal Threshold": 0.037895698100328445, "Accuracy": 0.9181446111869032, "Sensitivity": 0.9655172413793104, "Specificity": 0.914074074074074, "AUC": 0.9860536398467433}, "Label_2": {"Optimal Threshold": 0.411832720041275, "Accuracy": 0.9195088676671214, "Sensitivity": 0.9342105263157895, "Specificity": 0.9128712871287129, "AUC": 0.9724075039082856}, "Label_3": {"Optimal Threshold": 0.5115835070610046, "Accuracy": 0.9290586630286494, "Sensitivity": 0.918552036199095, "Specificity": 0.93359375, "AUC": 0.9757759473981901}, "Label_4": {"Optimal Threshold": 0.019392317160964012, "Accuracy": 0.9208731241473397, "Sensitivity": 0.8571428571428571, "Specificity": 0.9214876033057852, "AUC": 0.9512003148366784}, "Label_5": {"Optimal Threshold": 0.052471451461315155, "Accuracy": 0.9604365620736699, "Sensitivity": 0.8, "Specificity": 0.9615384615384616, "AUC": 0.9274725274725275}, "Label_6": {"Optimal Threshold": 0.009120726957917213, "Accuracy": 0.8581173260572987, "Sensitivity": 1.0, "Specificity": 0.8559556786703602, "AUC": 0.9733064719214303}, "Label_7": {"Optimal Threshold": 0.09212605655193329, "Accuracy": 0.9618008185538881, "Sensitivity": 1.0, "Specificity": 0.9582712369597616, "AUC": 0.9929089947598674}, "Label_8": {"Optimal Threshold": 0.0017517810920253396, "Accuracy": 0.7366984993178718, "Sensitivity": 1.0, "Specificity": 0.7359781121751026, "AUC": 0.7838577291381669}, "Label_9": {"Optimal Threshold": 0.09646442532539368, "Accuracy": 0.9249658935879945, "Sensitivity": 0.84375, "Specificity": 0.9286733238231099, "AUC": 0.9429386590584878}, "Label_10": {"Optimal Threshold": 0.014490247704088688, "Accuracy": 0.7967257844474761, "Sensitivity": 0.8888888888888888, "Specificity": 0.7944055944055944, "AUC": 0.9086247086247087}, "Label_11": {"Optimal Threshold": 0.009193675592541695, "Accuracy": 0.878581173260573, "Sensitivity": 1.0, "Specificity": 0.8755244755244755, "AUC": 0.9760683760683762}, "Label_12": {"Optimal Threshold": 0.09609849750995636, "Accuracy": 0.8622100954979536, "Sensitivity": 0.803921568627451, "Specificity": 0.8665689149560117, "AUC": 0.9002357541256971}, "Overall": {"Accuracy": 0.8857172840801764, "Sensitivity": 0.9228838742254003, "Specificity": 0.8839826029125119, "AUC": 0.9432355044491074}}}