{"shared_labels": 2, "perf": [0.09356952458620071, 0.9746159315109253], "label_names": [[6, 4, 5, 11, 0, 12, 7, 10], [6, 4, 1, 2, 9, 3, 8]], "metrics": {"Label_0": {"Optimal Threshold": 0.027746787294745445, "Accuracy": 0.8567530695770805, "Sensitivity": 0.9420289855072463, "Specificity": 0.8478915662650602, "AUC": 0.95979570455736}, "Label_1": {"Optimal Threshold": 0.033672966063022614, "Accuracy": 0.8894952251023193, "Sensitivity": 0.9827586206896551, "Specificity": 0.8814814814814815, "AUC": 0.9829629629629629}, "Label_2": {"Optimal Threshold": 0.25574085116386414, "Accuracy": 0.9195088676671214, "Sensitivity": 0.8991228070175439, "Specificity": 0.9287128712871288, "AUC": 0.964695153725899}, "Label_3": {"Optimal Threshold": 0.24822808802127838, "Accuracy": 0.922237380627558, "Sensitivity": 0.9230769230769231, "Specificity": 0.921875, "AUC": 0.9704910209276019}, "Label_4": {"Optimal Threshold": 0.10795245319604874, "Accuracy": 0.9809004092769441, "Sensitivity": 0.8571428571428571, "Specificity": 0.9820936639118457, "AUC": 0.9653679653679653}, "Label_5": {"Optimal Threshold": 0.05780257284641266, "Accuracy": 0.9672578444747613, "Sensitivity": 0.8, "Specificity": 0.9684065934065934, "AUC": 0.9010989010989011}, "Label_6": {"Optimal Threshold": 0.026566267013549805, "Accuracy": 0.9399727148703957, "Sensitivity": 1.0, "Specificity": 0.9390581717451524, "AUC": 0.9797280282044826}, "Label_7": {"Optimal Threshold": 0.22340378165245056, "Accuracy": 0.9822646657571623, "Sensitivity": 1.0, "Specificity": 0.9806259314456036, "AUC": 0.9938945243017163}, "Label_8": {"Optimal Threshold": 0.000852676632348448, "Accuracy": 0.5661664392905866, "Sensitivity": 1.0, "Specificity": 0.5649794801641587, "AUC": 0.7291381668946648}, "Label_9": {"Optimal Threshold": 0.03224768117070198, "Accuracy": 0.8908594815825375, "Sensitivity": 0.90625, "Specificity": 0.8901569186875892, "AUC": 0.9402639087018545}, "Label_10": {"Optimal Threshold": 0.01087325718253851, "Accuracy": 0.7448840381991815, "Sensitivity": 1.0, "Specificity": 0.7384615384615385, "AUC": 0.9094794094794094}, "Label_11": {"Optimal Threshold": 0.03238999843597412, "Accuracy": 0.9236016371077762, "Sensitivity": 0.9444444444444444, "Specificity": 0.9230769230769231, "AUC": 0.9635586635586635}, "Label_12": {"Optimal Threshold": 0.12751509249210358, "Accuracy": 0.9058663028649386, "Sensitivity": 0.7647058823529411, "Specificity": 0.9164222873900293, "AUC": 0.9167385429245012}, "Overall": {"Accuracy": 0.8838283135691049, "Sensitivity": 0.924579270787047, "Specificity": 0.8833263405633157, "AUC": 0.9367086886696908}}}