{"shared_labels": 7, "perf": [0.09039367735385895, 0.9721847772598267], "label_names": [[1, 2, 8, 0, 11, 3, 12, 10, 6, 9], [1, 2, 8, 0, 11, 3, 12, 5, 7, 4]], "metrics": {"Label_0": {"Optimal Threshold": 0.01579095609486103, "Accuracy": 0.8458390177353342, "Sensitivity": 0.9855072463768116, "Specificity": 0.8313253012048193, "AUC": 0.9691155928060067}, "Label_1": {"Optimal Threshold": 0.014641989022493362, "Accuracy": 0.91268758526603, "Sensitivity": 0.9827586206896551, "Specificity": 0.9066666666666666, "AUC": 0.988199233716475}, "Label_2": {"Optimal Threshold": 0.18756870925426483, "Accuracy": 0.9181446111869032, "Sensitivity": 0.9342105263157895, "Specificity": 0.9108910891089109, "AUC": 0.9738665971860343}, "Label_3": {"Optimal Threshold": 0.26593539118766785, "Accuracy": 0.9304229195088677, "Sensitivity": 0.918552036199095, "Specificity": 0.935546875, "AUC": 0.9766508766968326}, "Label_4": {"Optimal Threshold": 0.019597258418798447, "Accuracy": 0.9195088676671214, "Sensitivity": 0.8571428571428571, "Specificity": 0.9201101928374655, "AUC": 0.9472648563557654}, "Label_5": {"Optimal Threshold": 0.006205466575920582, "Accuracy": 0.7694406548431105, "Sensitivity": 1.0, "Specificity": 0.7678571428571429, "AUC": 0.9318681318681319}, "Label_6": {"Optimal Threshold": 0.0017477067885920405, "Accuracy": 0.7994542974079127, "Sensitivity": 1.0, "Specificity": 0.796398891966759, "AUC": 0.9025434399395618}, "Label_7": {"Optimal Threshold": 0.25447317957878113, "Accuracy": 0.9740791268758526, "Sensitivity": 1.0, "Specificity": 0.9716840536512668, "AUC": 0.9939666362194125}, "Label_8": {"Optimal Threshold": 0.002894593635573983, "Accuracy": 0.8130968622100955, "Sensitivity": 1.0, "Specificity": 0.8125854993160054, "AUC": 0.8242134062927496}, "Label_9": {"Optimal Threshold": 0.0506565198302269, "Accuracy": 0.9290586630286494, "Sensitivity": 0.84375, "Specificity": 0.9329529243937232, "AUC": 0.9498484308131241}, "Label_10": {"Optimal Threshold": 0.006611498538404703, "Accuracy": 0.7285129604365621, "Sensitivity": 0.8888888888888888, "Specificity": 0.7244755244755244, "AUC": 0.8751359751359751}, "Label_11": {"Optimal Threshold": 0.019804196432232857, "Accuracy": 0.946793997271487, "Sensitivity": 1.0, "Specificity": 0.9454545454545454, "AUC": 0.9832167832167832}, "Label_12": {"Optimal Threshold": 0.08546307682991028, "Accuracy": 0.8512960436562074, "Sensitivity": 0.9215686274509803, "Specificity": 0.8460410557184751, "AUC": 0.9539129434765108}, "Overall": {"Accuracy": 0.8721796620841642, "Sensitivity": 0.9486445233126214, "Specificity": 0.8693838278962542, "AUC": 0.9438309925941049}}}