{"shared_labels": 4, "perf": [0.08982712030410767, 0.975873589515686], "metrics": {"Label_0": {"Optimal Threshold": 0.06485659629106522, "Accuracy": 0.888130968622101, "Sensitivity": 0.8985507246376812, "Specificity": 0.8870481927710844, "AUC": 0.9587262091845644}, "Label_1": {"Optimal Threshold": 0.0751756802201271, "Accuracy": 0.9481582537517054, "Sensitivity": 0.9482758620689655, "Specificity": 0.9481481481481482, "AUC": 0.9829885057471264}, "Label_2": {"Optimal Threshold": 0.3838161528110504, "Accuracy": 0.9249658935879945, "Sensitivity": 0.8859649122807017, "Specificity": 0.9425742574257425, "AUC": 0.9689508424526663}, "Label_3": {"Optimal Threshold": 0.5299021005630493, "Accuracy": 0.9331514324693042, "Sensitivity": 0.9049773755656109, "Specificity": 0.9453125, "AUC": 0.9753870899321267}, "Label_4": {"Optimal Threshold": 0.026445243507623672, "Accuracy": 0.9577080491132333, "Sensitivity": 0.8571428571428571, "Specificity": 0.9586776859504132, "AUC": 0.961038961038961}, "Label_5": {"Optimal Threshold": 0.0031717796809971333, "Accuracy": 0.7953615279672579, "Sensitivity": 1.0, "Specificity": 0.7939560439560439, "AUC": 0.9497252747252747}, "Label_6": {"Optimal Threshold": 0.020730799064040184, "Accuracy": 0.9358799454297408, "Sensitivity": 1.0, "Specificity": 0.9349030470914127, "AUC": 0.983001762780156}, "Label_7": {"Optimal Threshold": 0.03743523731827736, "Accuracy": 0.9536152796725784, "Sensitivity": 1.0, "Specificity": 0.9493293591654247, "AUC": 0.992428248641892}, "Label_8": {"Optimal Threshold": 0.0007689170306548476, "Accuracy": 0.7489768076398363, "Sensitivity": 1.0, "Specificity": 0.7482900136798906, "AUC": 0.7715458276333789}, "Label_9": {"Optimal Threshold": 0.010078269056975842, "Accuracy": 0.8512960436562074, "Sensitivity": 0.96875, "Specificity": 0.8459343794579173, "AUC": 0.9518099144079886}, "Label_10": {"Optimal Threshold": 0.006151767447590828, "Accuracy": 0.772169167803547, "Sensitivity": 0.9444444444444444, "Specificity": 0.7678321678321678, "AUC": 0.9232323232323233}, "Label_11": {"Optimal Threshold": 0.0175778865814209, "Accuracy": 0.9154160982264665, "Sensitivity": 1.0, "Specificity": 0.9132867132867133, "AUC": 0.9793317793317793}, "Label_12": {"Optimal Threshold": 0.06326306611299515, "Accuracy": 0.800818553888131, "Sensitivity": 0.8823529411764706, "Specificity": 0.7947214076246334, "AUC": 0.9144960036800643}, "Overall": {"Accuracy": 0.8788960016790848, "Sensitivity": 0.9454199321012872, "Specificity": 0.8792318397222763, "AUC": 0.9471279032914078}}, "label_names": [[3, 6, 4, 10, 12, 11, 1, 9, 5], [3, 6, 4, 10, 0, 8, 7, 2]]}