{"shared_labels": 4, "perf": [0.0919543132185936, 0.9754950404167175], "metrics": {"Label_0": {"Optimal Threshold": 0.17363029718399048, "Accuracy": 0.937244201909959, "Sensitivity": 0.8767123287671232, "Specificity": 0.943939393939394, "AUC": 0.9641552511415525}, "Label_1": {"Optimal Threshold": 0.15566189587116241, "Accuracy": 0.9481582537517054, "Sensitivity": 0.9090909090909091, "Specificity": 0.952023988005997, "AUC": 0.9796919721957204}, "Label_2": {"Optimal Threshold": 0.2959049940109253, "Accuracy": 0.9331514324693042, "Sensitivity": 0.889344262295082, "Specificity": 0.9550102249488752, "AUC": 0.9699537362968923}, "Label_3": {"Optimal Threshold": 0.2608388662338257, "Accuracy": 0.9345156889495225, "Sensitivity": 0.9156118143459916, "Specificity": 0.9435483870967742, "AUC": 0.9709320130665579}, "Label_4": {"Optimal Threshold": 0.001657001324929297, "Accuracy": 0.8335607094133697, "Sensitivity": 1.0, "Specificity": 0.8310249307479224, "AUC": 0.9564341475698818}, "Label_5": {"Optimal Threshold": 0.009510237723588943, "Accuracy": 0.8676671214188267, "Sensitivity": 1.0, "Specificity": 0.8669410150891632, "AUC": 0.9588477366255143}, "Label_6": {"Optimal Threshold": 0.25703513622283936, "Accuracy": 0.9945429740791268, "Sensitivity": 1.0, "Specificity": 0.9945280437756497, "AUC": 0.9958960328317374}, "Label_7": {"Optimal Threshold": 0.05341119319200516, "Accuracy": 0.9331514324693042, "Sensitivity": 0.984375, "Specificity": 0.9282511210762332, "AUC": 0.9870842675635277}, "Label_8": {"Optimal Threshold": 0.006762021686881781, "Accuracy": 0.8963165075034106, "Sensitivity": 1.0, "Specificity": 0.8957475994513031, "AUC": 0.9375857338820301}, "Label_9": {"Optimal Threshold": 0.03817072510719299, "Accuracy": 0.8935879945429741, "Sensitivity": 0.9629629629629629, "Specificity": 0.8909348441926346, "AUC": 0.9678417794565104}, "Label_10": {"Optimal Threshold": 0.040424950420856476, "Accuracy": 0.922237380627558, "Sensitivity": 0.875, "Specificity": 0.9232914923291492, "AUC": 0.9430788005578802}, "Label_11": {"Optimal Threshold": 0.09158127754926682, "Accuracy": 0.9631650750341064, "Sensitivity": 1.0, "Specificity": 0.9624478442280946, "AUC": 0.9838068746274587}, "Label_12": {"Optimal Threshold": 0.04252709448337555, "Accuracy": 0.8294679399727148, "Sensitivity": 0.9393939393939394, "Specificity": 0.8185907046476761, "AUC": 0.9424378719731044}, "Overall": {"Accuracy": 0.9143666701647603, "Sensitivity": 0.9501916320658469, "Specificity": 0.9158676607329895, "AUC": 0.9659804782914129}}, "label_names": [[12, 4, 10, 2, 5, 0, 1, 9, 8], [12, 4, 10, 2, 3, 7, 11, 6]]}