{"shared_labels": 7, "perf": [0.09011290222406387, 0.9776769280433655], "metrics": {"Label_0": {"Optimal Threshold": 0.037072714418172836, "Accuracy": 0.9017735334242838, "Sensitivity": 0.8620689655172413, "Specificity": 0.9071207430340558, "AUC": 0.9473684210526316}, "Label_1": {"Optimal Threshold": 0.02226008102297783, "Accuracy": 0.922237380627558, "Sensitivity": 0.9264705882352942, "Specificity": 0.9218045112781955, "AUC": 0.9717823971693941}, "Label_2": {"Optimal Threshold": 0.3990129828453064, "Accuracy": 0.9208731241473397, "Sensitivity": 0.9098712446351931, "Specificity": 0.926, "AUC": 0.973510729613734}, "Label_3": {"Optimal Threshold": 0.3799225986003876, "Accuracy": 0.9208731241473397, "Sensitivity": 0.9099099099099099, "Specificity": 0.9256360078277887, "AUC": 0.9712187725886355}, "Label_4": {"Optimal Threshold": 0.02357562817633152, "Accuracy": 0.9549795361527967, "Sensitivity": 0.8333333333333334, "Specificity": 0.9559834938101788, "AUC": 0.941082072443833}, "Label_5": {"Optimal Threshold": 0.009787258692085743, "Accuracy": 0.888130968622101, "Sensitivity": 1.0, "Specificity": 0.887517146776406, "AUC": 0.9526748971193415}, "Label_6": {"Optimal Threshold": 0.05326729267835617, "Accuracy": 0.9604365620736699, "Sensitivity": 1.0, "Specificity": 0.9601100412654745, "AUC": 0.9876203576341129}, "Label_7": {"Optimal Threshold": 0.1316135674715042, "Accuracy": 0.9699863574351978, "Sensitivity": 0.9402985074626866, "Specificity": 0.972972972972973, "AUC": 0.9906324234682443}, "Label_8": {"Optimal Threshold": 0.07051292061805725, "Accuracy": 0.984993178717599, "Sensitivity": 1.0, "Specificity": 0.9848484848484849, "AUC": 0.9937032664305392}, "Label_9": {"Optimal Threshold": 0.04774421453475952, "Accuracy": 0.9440654843110505, "Sensitivity": 0.96, "Specificity": 0.943502824858757, "AUC": 0.9796045197740113}, "Label_10": {"Optimal Threshold": 0.011541802436113358, "Accuracy": 0.7735334242837654, "Sensitivity": 1.0, "Specificity": 0.7694444444444445, "AUC": 0.9463675213675212}, "Label_11": {"Optimal Threshold": 0.017335042357444763, "Accuracy": 0.8963165075034106, "Sensitivity": 1.0, "Specificity": 0.8940027894002789, "AUC": 0.9724546722454672}, "Label_12": {"Optimal Threshold": 0.11598960310220718, "Accuracy": 0.8799454297407913, "Sensitivity": 0.9245283018867925, "Specificity": 0.8764705882352941, "AUC": 0.94342397336293}, "Overall": {"Accuracy": 0.9167803547066848, "Sensitivity": 0.9435754500754192, "Specificity": 0.9173395422117179, "AUC": 0.9670341557131075}}, "label_names": [[6, 12, 2, 9, 10, 7, 5, 11, 3, 4], [6, 12, 2, 9, 10, 7, 5, 8, 1, 0]]}