{"shared_labels": 7, "perf": [0.08646988123655319, 0.9772774577140808], "metrics": {"Label_0": {"Optimal Threshold": 0.09506866335868835, "Accuracy": 0.8894952251023193, "Sensitivity": 0.9565217391304348, "Specificity": 0.8825301204819277, "AUC": 0.9731098306268552}, "Label_1": {"Optimal Threshold": 0.15307936072349548, "Accuracy": 0.9440654843110505, "Sensitivity": 0.9482758620689655, "Specificity": 0.9437037037037037, "AUC": 0.9880970625798211}, "Label_2": {"Optimal Threshold": 0.26211389899253845, "Accuracy": 0.9167803547066848, "Sensitivity": 0.9473684210526315, "Specificity": 0.902970297029703, "AUC": 0.9734410283133577}, "Label_3": {"Optimal Threshold": 0.33711278438568115, "Accuracy": 0.9345156889495225, "Sensitivity": 0.9321266968325792, "Specificity": 0.935546875, "AUC": 0.9766066883484162}, "Label_4": {"Optimal Threshold": 0.004239581059664488, "Accuracy": 0.8390177353342428, "Sensitivity": 1.0, "Specificity": 0.837465564738292, "AUC": 0.9632034632034633}, "Label_5": {"Optimal Threshold": 0.0602901466190815, "Accuracy": 0.9672578444747613, "Sensitivity": 0.8, "Specificity": 0.9684065934065934, "AUC": 0.9357142857142857}, "Label_6": {"Optimal Threshold": 0.0172875989228487, "Accuracy": 0.9167803547066848, "Sensitivity": 1.0, "Specificity": 0.9155124653739612, "AUC": 0.9779652480483506}, "Label_7": {"Optimal Threshold": 0.13263282179832458, "Accuracy": 0.9699863574351978, "Sensitivity": 1.0, "Specificity": 0.9672131147540983, "AUC": 0.9937503004663237}, "Label_8": {"Optimal Threshold": 0.0012746929423883557, "Accuracy": 0.7257844474761255, "Sensitivity": 1.0, "Specificity": 0.7250341997264022, "AUC": 0.7906976744186047}, "Label_9": {"Optimal Threshold": 0.04214226081967354, "Accuracy": 0.8676671214188267, "Sensitivity": 0.9375, "Specificity": 0.8644793152639088, "AUC": 0.9477532097004279}, "Label_10": {"Optimal Threshold": 0.01663115806877613, "Accuracy": 0.7557980900409277, "Sensitivity": 0.9444444444444444, "Specificity": 0.7510489510489511, "AUC": 0.8812742812742813}, "Label_11": {"Optimal Threshold": 0.03395487740635872, "Accuracy": 0.9454297407912687, "Sensitivity": 0.8888888888888888, "Specificity": 0.9468531468531468, "AUC": 0.9545454545454545}, "Label_12": {"Optimal Threshold": 0.08698270469903946, "Accuracy": 0.859481582537517, "Sensitivity": 0.9019607843137255, "Specificity": 0.8563049853372434, "AUC": 0.9498016215283768}, "Overall": {"Accuracy": 0.8870815405603947, "Sensitivity": 0.9428528335947439, "Specificity": 0.88438994867061, "AUC": 0.9466123191360014}}, "label_names": [[2, 3, 8, 6, 7, 0, 12, 10, 4, 11], [2, 3, 8, 6, 7, 0, 12, 1, 9, 5]]}