{"shared_labels": 4, "perf": [0.09445185959339142, 0.9737016558647156], "label_names": [[6, 12, 10, 9, 0, 2, 11, 3, 5], [6, 12, 10, 9, 1, 4, 7, 8]], "metrics": {"Label_0": {"Optimal Threshold": 0.07681110501289368, "Accuracy": 0.9072305593451568, "Sensitivity": 0.9130434782608695, "Specificity": 0.9066265060240963, "AUC": 0.9659071066876201}, "Label_1": {"Optimal Threshold": 0.1023298054933548, "Accuracy": 0.9263301500682128, "Sensitivity": 0.9655172413793104, "Specificity": 0.922962962962963, "AUC": 0.9883780332056195}, "Label_2": {"Optimal Threshold": 0.08273641765117645, "Accuracy": 0.91268758526603, "Sensitivity": 0.9385964912280702, "Specificity": 0.900990099009901, "AUC": 0.9663192635052978}, "Label_3": {"Optimal Threshold": 0.08539514988660812, "Accuracy": 0.91268758526603, "Sensitivity": 0.9411764705882353, "Specificity": 0.900390625, "AUC": 0.9696956306561086}, "Label_4": {"Optimal Threshold": 0.16283166408538818, "Accuracy": 0.9918144611186903, "Sensitivity": 0.8571428571428571, "Specificity": 0.9931129476584022, "AUC": 0.9685163321526957}, "Label_5": {"Optimal Threshold": 0.024227457121014595, "Accuracy": 0.9631650750341064, "Sensitivity": 0.8, "Specificity": 0.9642857142857143, "AUC": 0.932967032967033}, "Label_6": {"Optimal Threshold": 0.008418695069849491, "Accuracy": 0.922237380627558, "Sensitivity": 1.0, "Specificity": 0.9210526315789473, "AUC": 0.9806094182825484}, "Label_7": {"Optimal Threshold": 0.08501099050045013, "Accuracy": 0.956343792633015, "Sensitivity": 1.0, "Specificity": 0.9523099850968704, "AUC": 0.9907937118407769}, "Label_8": {"Optimal Threshold": 0.0008488835301250219, "Accuracy": 0.7953615279672579, "Sensitivity": 1.0, "Specificity": 0.7948016415868673, "AUC": 0.8529411764705882}, "Label_9": {"Optimal Threshold": 0.014029530808329582, "Accuracy": 0.9085948158253752, "Sensitivity": 0.9375, "Specificity": 0.9072753209700428, "AUC": 0.954083452211127}, "Label_10": {"Optimal Threshold": 0.009808794595301151, "Accuracy": 0.8226466575716235, "Sensitivity": 0.9444444444444444, "Specificity": 0.8195804195804196, "AUC": 0.9275058275058276}, "Label_11": {"Optimal Threshold": 0.01408560760319233, "Accuracy": 0.9577080491132333, "Sensitivity": 0.9444444444444444, "Specificity": 0.958041958041958, "AUC": 0.9753690753690755}, "Label_12": {"Optimal Threshold": 0.0715254619717598, "Accuracy": 0.8826739427012278, "Sensitivity": 0.8823529411764706, "Specificity": 0.8826979472140762, "AUC": 0.9544017020297855}, "Overall": {"Accuracy": 0.9122678140413473, "Sensitivity": 0.9326321822049771, "Specificity": 0.9095483660777124, "AUC": 0.9559605971449311}}}