{"shared_labels": 0, "perf": [0.09797275066375732, 0.97014319896698], "label_names": [[2, 8, 12, 4, 6, 11, 5], [0, 3, 1, 9, 7, 10]], "metrics": {"Label_0": {"Optimal Threshold": 0.3157554864883423, "Accuracy": 0.9304229195088677, "Sensitivity": 0.8840579710144928, "Specificity": 0.9352409638554217, "AUC": 0.9625458355159769}, "Label_1": {"Optimal Threshold": 0.2107280045747757, "Accuracy": 0.937244201909959, "Sensitivity": 0.9137931034482759, "Specificity": 0.9392592592592592, "AUC": 0.9774201787994892}, "Label_2": {"Optimal Threshold": 0.168682262301445, "Accuracy": 0.9236016371077762, "Sensitivity": 0.9122807017543859, "Specificity": 0.9287128712871288, "AUC": 0.971113427132187}, "Label_3": {"Optimal Threshold": 0.20002466440200806, "Accuracy": 0.9236016371077762, "Sensitivity": 0.9366515837104072, "Specificity": 0.91796875, "AUC": 0.9741586538461539}, "Label_4": {"Optimal Threshold": 0.03944921866059303, "Accuracy": 0.9536152796725784, "Sensitivity": 0.8571428571428571, "Specificity": 0.9545454545454546, "AUC": 0.9541519086973633}, "Label_5": {"Optimal Threshold": 0.005626251921057701, "Accuracy": 0.8144611186903138, "Sensitivity": 1.0, "Specificity": 0.8131868131868132, "AUC": 0.9593406593406594}, "Label_6": {"Optimal Threshold": 0.045946329832077026, "Accuracy": 0.9495225102319236, "Sensitivity": 1.0, "Specificity": 0.9487534626038782, "AUC": 0.9840090657265173}, "Label_7": {"Optimal Threshold": 0.0716857761144638, "Accuracy": 0.9495225102319236, "Sensitivity": 1.0, "Specificity": 0.9448584202682563, "AUC": 0.9910100475938657}, "Label_8": {"Optimal Threshold": 0.004557095002382994, "Accuracy": 0.8035470668485676, "Sensitivity": 1.0, "Specificity": 0.8030095759233926, "AUC": 0.8645690834473324}, "Label_9": {"Optimal Threshold": 0.014842863194644451, "Accuracy": 0.8649386084583902, "Sensitivity": 0.9375, "Specificity": 0.8616262482168331, "AUC": 0.9436519258202567}, "Label_10": {"Optimal Threshold": 0.001814495655708015, "Accuracy": 0.6412005457025921, "Sensitivity": 1.0, "Specificity": 0.6321678321678321, "AUC": 0.8632478632478632}, "Label_11": {"Optimal Threshold": 0.03429229184985161, "Accuracy": 0.9454297407912687, "Sensitivity": 0.9444444444444444, "Specificity": 0.9454545454545454, "AUC": 0.973038073038073}, "Label_12": {"Optimal Threshold": 0.04243285953998566, "Accuracy": 0.7735334242837654, "Sensitivity": 0.9019607843137255, "Specificity": 0.7639296187683284, "AUC": 0.918521074118797}, "Overall": {"Accuracy": 0.8777416308112079, "Sensitivity": 0.9452178035252761, "Specificity": 0.8760549088874725, "AUC": 0.9489829074095796}}}