{"shared_labels": 2, "perf": [0.09422551840543747, 0.9732472896575928], "label_names": [[0, 3, 11, 9, 4, 6, 12, 8], [0, 3, 2, 1, 10, 7, 5]], "metrics": {"Label_0": {"Optimal Threshold": 0.05090560391545296, "Accuracy": 0.8867667121418826, "Sensitivity": 0.9565217391304348, "Specificity": 0.8795180722891566, "AUC": 0.9751615156277282}, "Label_1": {"Optimal Threshold": 0.1358831822872162, "Accuracy": 0.9604365620736699, "Sensitivity": 0.9482758620689655, "Specificity": 0.9614814814814815, "AUC": 0.9886079182630907}, "Label_2": {"Optimal Threshold": 0.49513840675354004, "Accuracy": 0.9154160982264665, "Sensitivity": 0.9078947368421053, "Specificity": 0.9188118811881189, "AUC": 0.9680475942331076}, "Label_3": {"Optimal Threshold": 0.5240980386734009, "Accuracy": 0.9249658935879945, "Sensitivity": 0.9230769230769231, "Specificity": 0.92578125, "AUC": 0.974609375}, "Label_4": {"Optimal Threshold": 0.029130971059203148, "Accuracy": 0.9549795361527967, "Sensitivity": 0.8571428571428571, "Specificity": 0.9559228650137741, "AUC": 0.9569067296340024}, "Label_5": {"Optimal Threshold": 0.0140035729855299, "Accuracy": 0.922237380627558, "Sensitivity": 0.8, "Specificity": 0.9230769230769231, "AUC": 0.9145604395604395}, "Label_6": {"Optimal Threshold": 0.02475597709417343, "Accuracy": 0.9140518417462483, "Sensitivity": 1.0, "Specificity": 0.9127423822714681, "AUC": 0.9794762024678922}, "Label_7": {"Optimal Threshold": 0.11619418859481812, "Accuracy": 0.9631650750341064, "Sensitivity": 1.0, "Specificity": 0.9597615499254843, "AUC": 0.9923801740300947}, "Label_8": {"Optimal Threshold": 0.0013333713868632913, "Accuracy": 0.800818553888131, "Sensitivity": 1.0, "Specificity": 0.8002735978112175, "AUC": 0.8228454172366622}, "Label_9": {"Optimal Threshold": 0.006299870554357767, "Accuracy": 0.7953615279672579, "Sensitivity": 0.96875, "Specificity": 0.7874465049928673, "AUC": 0.9387927960057061}, "Label_10": {"Optimal Threshold": 0.0073716542683541775, "Accuracy": 0.757162346521146, "Sensitivity": 0.9444444444444444, "Specificity": 0.7524475524475525, "AUC": 0.8982905982905983}, "Label_11": {"Optimal Threshold": 0.015657348558306694, "Accuracy": 0.8731241473396999, "Sensitivity": 0.8888888888888888, "Specificity": 0.8727272727272727, "AUC": 0.9098679098679098}, "Label_12": {"Optimal Threshold": 0.05276431515812874, "Accuracy": 0.8376534788540245, "Sensitivity": 0.8431372549019608, "Specificity": 0.8372434017595308, "AUC": 0.8971882007935139}, "Overall": {"Accuracy": 0.8850876272431525, "Sensitivity": 0.9260102081920447, "Specificity": 0.8836334411526807, "AUC": 0.9397488362315957}}}