{"shared_labels": 5, "perf": [0.08782947808504105, 0.9771724343299866], "label_names": [[2, 3, 7, 12, 10, 1, 11, 6, 4], [2, 3, 7, 12, 10, 5, 0, 8, 9]], "metrics": {"Label_0": {"Optimal Threshold": 0.08209843188524246, "Accuracy": 0.9454297407912687, "Sensitivity": 0.8260869565217391, "Specificity": 0.9578313253012049, "AUC": 0.9603413654618475}, "Label_1": {"Optimal Threshold": 0.07162968069314957, "Accuracy": 0.9454297407912687, "Sensitivity": 0.9482758620689655, "Specificity": 0.9451851851851852, "AUC": 0.9891698595146872}, "Label_2": {"Optimal Threshold": 0.31169596314430237, "Accuracy": 0.9181446111869032, "Sensitivity": 0.9385964912280702, "Specificity": 0.9089108910891089, "AUC": 0.9733107521278443}, "Label_3": {"Optimal Threshold": 0.48909419775009155, "Accuracy": 0.9304229195088677, "Sensitivity": 0.9230769230769231, "Specificity": 0.93359375, "AUC": 0.9763415582579185}, "Label_4": {"Optimal Threshold": 0.002330799587070942, "Accuracy": 0.819918144611187, "Sensitivity": 1.0, "Specificity": 0.8181818181818182, "AUC": 0.9639905548996457}, "Label_5": {"Optimal Threshold": 0.0010027268435806036, "Accuracy": 0.8308321964529332, "Sensitivity": 1.0, "Specificity": 0.8296703296703297, "AUC": 0.9151098901098902}, "Label_6": {"Optimal Threshold": 0.04276134446263313, "Accuracy": 0.9208731241473397, "Sensitivity": 0.9090909090909091, "Specificity": 0.9210526315789473, "AUC": 0.9517753714429614}, "Label_7": {"Optimal Threshold": 0.22316604852676392, "Accuracy": 0.9727148703956344, "Sensitivity": 1.0, "Specificity": 0.970193740685544, "AUC": 0.9937743377722225}, "Label_8": {"Optimal Threshold": 0.003894963301718235, "Accuracy": 0.8472032742155525, "Sensitivity": 1.0, "Specificity": 0.8467852257181943, "AUC": 0.8563611491108071}, "Label_9": {"Optimal Threshold": 0.045248743146657944, "Accuracy": 0.9072305593451568, "Sensitivity": 0.875, "Specificity": 0.9087018544935807, "AUC": 0.9391940085592012}, "Label_10": {"Optimal Threshold": 0.00703765545040369, "Accuracy": 0.713506139154161, "Sensitivity": 1.0, "Specificity": 0.7062937062937062, "AUC": 0.9226884226884227}, "Label_11": {"Optimal Threshold": 0.017784660682082176, "Accuracy": 0.903137789904502, "Sensitivity": 1.0, "Specificity": 0.9006993006993007, "AUC": 0.9735042735042736}, "Label_12": {"Optimal Threshold": 0.038251928985118866, "Accuracy": 0.800818553888131, "Sensitivity": 0.9411764705882353, "Specificity": 0.7903225806451613, "AUC": 0.9452590420332356}, "Overall": {"Accuracy": 0.8812047434148389, "Sensitivity": 0.9508695086596034, "Specificity": 0.879801718426314, "AUC": 0.9508323527294582}}}