{"shared_labels": 10, "perf": [0.08676481246948242, 0.9787915349006653], "label_names": [[7, 4, 11, 8, 0, 12, 2, 6, 3, 10, 1, 9], [7, 4, 11, 8, 0, 12, 2, 6, 3, 10, 5]], "metrics": {"Label_0": {"Optimal Threshold": 0.07081630825996399, "Accuracy": 0.8758526603001364, "Sensitivity": 0.9710144927536232, "Specificity": 0.8659638554216867, "AUC": 0.9742666317443689}, "Label_1": {"Optimal Threshold": 0.16681960225105286, "Accuracy": 0.946793997271487, "Sensitivity": 0.9482758620689655, "Specificity": 0.9466666666666667, "AUC": 0.988735632183908}, "Label_2": {"Optimal Threshold": 0.4365540146827698, "Accuracy": 0.9290586630286494, "Sensitivity": 0.9078947368421053, "Specificity": 0.9386138613861386, "AUC": 0.9733541775230155}, "Label_3": {"Optimal Threshold": 0.4784831702709198, "Accuracy": 0.9345156889495225, "Sensitivity": 0.9230769230769231, "Specificity": 0.939453125, "AUC": 0.9759350254524887}, "Label_4": {"Optimal Threshold": 0.022689394652843475, "Accuracy": 0.91268758526603, "Sensitivity": 0.8571428571428571, "Specificity": 0.9132231404958677, "AUC": 0.9490358126721763}, "Label_5": {"Optimal Threshold": 0.03907792270183563, "Accuracy": 0.9618008185538881, "Sensitivity": 0.8, "Specificity": 0.9629120879120879, "AUC": 0.9255494505494506}, "Label_6": {"Optimal Threshold": 0.008332923986017704, "Accuracy": 0.8663028649386084, "Sensitivity": 1.0, "Specificity": 0.8642659279778393, "AUC": 0.9706623016872324}, "Label_7": {"Optimal Threshold": 0.12454723566770554, "Accuracy": 0.9631650750341064, "Sensitivity": 1.0, "Specificity": 0.9597615499254843, "AUC": 0.9924763232536897}, "Label_8": {"Optimal Threshold": 0.0019414888229221106, "Accuracy": 0.7257844474761255, "Sensitivity": 1.0, "Specificity": 0.7250341997264022, "AUC": 0.805061559507524}, "Label_9": {"Optimal Threshold": 0.04654167965054512, "Accuracy": 0.8567530695770805, "Sensitivity": 0.9375, "Specificity": 0.8530670470756063, "AUC": 0.9371433666191157}, "Label_10": {"Optimal Threshold": 0.017222935333848, "Accuracy": 0.7667121418826739, "Sensitivity": 0.8888888888888888, "Specificity": 0.7636363636363637, "AUC": 0.8856254856254856}, "Label_11": {"Optimal Threshold": 0.01738557405769825, "Accuracy": 0.91268758526603, "Sensitivity": 1.0, "Specificity": 0.9104895104895104, "AUC": 0.9804195804195803}, "Label_12": {"Optimal Threshold": 0.1049371063709259, "Accuracy": 0.8663028649386084, "Sensitivity": 0.9019607843137255, "Specificity": 0.8636363636363636, "AUC": 0.9493703639813698}, "Overall": {"Accuracy": 0.8860321124986883, "Sensitivity": 0.9335195803913146, "Specificity": 0.8851325922576936, "AUC": 0.9467412085553389}}}