{"shared_labels": 3, "perf": [0.09113361686468124, 0.974775493144989], "label_names": [[11, 3, 8, 9, 0, 12, 4, 5], [11, 3, 8, 2, 7, 10, 6, 1]], "metrics": {"Label_0": {"Optimal Threshold": 0.19858908653259277, "Accuracy": 0.946793997271487, "Sensitivity": 0.8695652173913043, "Specificity": 0.9548192771084337, "AUC": 0.9658198009429021}, "Label_1": {"Optimal Threshold": 0.07763727754354477, "Accuracy": 0.9522510231923602, "Sensitivity": 0.9482758620689655, "Specificity": 0.9525925925925925, "AUC": 0.9851085568326947}, "Label_2": {"Optimal Threshold": 0.15278507769107819, "Accuracy": 0.9113233287858117, "Sensitivity": 0.9122807017543859, "Specificity": 0.9108910891089109, "AUC": 0.9679781136008337}, "Label_3": {"Optimal Threshold": 0.27969855070114136, "Accuracy": 0.9263301500682128, "Sensitivity": 0.9140271493212669, "Specificity": 0.931640625, "AUC": 0.9750159078054299}, "Label_4": {"Optimal Threshold": 0.01550593413412571, "Accuracy": 0.931787175989086, "Sensitivity": 0.8571428571428571, "Specificity": 0.9325068870523416, "AUC": 0.9504132231404959}, "Label_5": {"Optimal Threshold": 0.07012464106082916, "Accuracy": 0.9686221009549796, "Sensitivity": 0.8, "Specificity": 0.9697802197802198, "AUC": 0.9329670329670331}, "Label_6": {"Optimal Threshold": 0.00699220085516572, "Accuracy": 0.8676671214188267, "Sensitivity": 1.0, "Specificity": 0.8656509695290858, "AUC": 0.9636111810627046}, "Label_7": {"Optimal Threshold": 0.08137771487236023, "Accuracy": 0.9577080491132333, "Sensitivity": 1.0, "Specificity": 0.9538002980625931, "AUC": 0.9919715398298158}, "Label_8": {"Optimal Threshold": 0.0021219016052782536, "Accuracy": 0.7844474761255116, "Sensitivity": 1.0, "Specificity": 0.7838577291381669, "AUC": 0.786593707250342}, "Label_9": {"Optimal Threshold": 0.02821626514196396, "Accuracy": 0.8894952251023193, "Sensitivity": 0.9375, "Specificity": 0.8873038516405135, "AUC": 0.9450784593437945}, "Label_10": {"Optimal Threshold": 0.015464778989553452, "Accuracy": 0.8212824010914052, "Sensitivity": 0.9444444444444444, "Specificity": 0.8181818181818182, "AUC": 0.917094017094017}, "Label_11": {"Optimal Threshold": 0.035950757563114166, "Accuracy": 0.9549795361527967, "Sensitivity": 0.9444444444444444, "Specificity": 0.9552447552447553, "AUC": 0.9825174825174825}, "Label_12": {"Optimal Threshold": 0.12641999125480652, "Accuracy": 0.8799454297407913, "Sensitivity": 0.8627450980392157, "Specificity": 0.8812316715542522, "AUC": 0.9307112874475304}, "Overall": {"Accuracy": 0.9071256165389863, "Sensitivity": 0.9223404442005296, "Specificity": 0.9075001372302834, "AUC": 0.9457600238334675}}}