{"shared_labels": 8, "perf": [0.08518800139427185, 0.9796168804168701], "label_names": [[10, 6, 9, 2, 11, 12, 8, 0, 1, 7, 3], [10, 6, 9, 2, 11, 12, 8, 0, 4, 5]], "metrics": {"Label_0": {"Optimal Threshold": 0.11797124147415161, "Accuracy": 0.897680763983629, "Sensitivity": 0.9710144927536232, "Specificity": 0.8900602409638554, "AUC": 0.9736118386589838}, "Label_1": {"Optimal Threshold": 0.06765801459550858, "Accuracy": 0.9304229195088677, "Sensitivity": 0.9827586206896551, "Specificity": 0.9259259259259259, "AUC": 0.9865644955300127}, "Label_2": {"Optimal Threshold": 0.3236238956451416, "Accuracy": 0.9208731241473397, "Sensitivity": 0.9298245614035088, "Specificity": 0.9168316831683169, "AUC": 0.9748132708007643}, "Label_3": {"Optimal Threshold": 0.40093109011650085, "Accuracy": 0.9290586630286494, "Sensitivity": 0.918552036199095, "Specificity": 0.93359375, "AUC": 0.9759261877828055}, "Label_4": {"Optimal Threshold": 0.040881432592868805, "Accuracy": 0.9618008185538881, "Sensitivity": 0.8571428571428571, "Specificity": 0.9628099173553719, "AUC": 0.9569067296340024}, "Label_5": {"Optimal Threshold": 0.025797607377171516, "Accuracy": 0.9549795361527967, "Sensitivity": 0.8, "Specificity": 0.9560439560439561, "AUC": 0.9348901098901099}, "Label_6": {"Optimal Threshold": 0.01983991079032421, "Accuracy": 0.9304229195088677, "Sensitivity": 1.0, "Specificity": 0.9293628808864266, "AUC": 0.9787207252581214}, "Label_7": {"Optimal Threshold": 0.13501618802547455, "Accuracy": 0.9618008185538881, "Sensitivity": 1.0, "Specificity": 0.9582712369597616, "AUC": 0.9931012932070574}, "Label_8": {"Optimal Threshold": 0.0017663888866081834, "Accuracy": 0.781718963165075, "Sensitivity": 1.0, "Specificity": 0.7811217510259918, "AUC": 0.7872777017783857}, "Label_9": {"Optimal Threshold": 0.013022143393754959, "Accuracy": 0.8663028649386084, "Sensitivity": 0.96875, "Specificity": 0.8616262482168331, "AUC": 0.948644793152639}, "Label_10": {"Optimal Threshold": 0.007479841820895672, "Accuracy": 0.732605729877217, "Sensitivity": 1.0, "Specificity": 0.7258741258741259, "AUC": 0.9226884226884227}, "Label_11": {"Optimal Threshold": 0.033410705626010895, "Accuracy": 0.9399727148703957, "Sensitivity": 1.0, "Specificity": 0.9384615384615385, "AUC": 0.9845376845376845}, "Label_12": {"Optimal Threshold": 0.035671576857566833, "Accuracy": 0.8158253751705321, "Sensitivity": 0.9411764705882353, "Specificity": 0.8064516129032258, "AUC": 0.946380311655454}, "Overall": {"Accuracy": 0.8941127085738272, "Sensitivity": 0.9514783875982289, "Specificity": 0.8912642205988716, "AUC": 0.9510818126595726}}}