{"shared_labels": 9, "perf": [0.08673201501369476, 0.9786809682846069], "label_names": [[11, 2, 10, 4, 1, 12, 5, 0, 6, 7, 3], [11, 2, 10, 4, 1, 12, 5, 0, 6, 8, 9]], "metrics": {"Label_0": {"Optimal Threshold": 0.20030206441879272, "Accuracy": 0.9427012278308322, "Sensitivity": 0.855072463768116, "Specificity": 0.9518072289156626, "AUC": 0.966256329666492}, "Label_1": {"Optimal Threshold": 0.06922702491283417, "Accuracy": 0.927694406548431, "Sensitivity": 0.9655172413793104, "Specificity": 0.9244444444444444, "AUC": 0.9871519795657726}, "Label_2": {"Optimal Threshold": 0.3413258492946625, "Accuracy": 0.9263301500682128, "Sensitivity": 0.9298245614035088, "Specificity": 0.9247524752475248, "AUC": 0.9733454924439812}, "Label_3": {"Optimal Threshold": 0.28967127203941345, "Accuracy": 0.9195088676671214, "Sensitivity": 0.9502262443438914, "Specificity": 0.90625, "AUC": 0.9752103365384616}, "Label_4": {"Optimal Threshold": 0.03005610592663288, "Accuracy": 0.931787175989086, "Sensitivity": 0.8571428571428571, "Specificity": 0.9325068870523416, "AUC": 0.9480519480519481}, "Label_5": {"Optimal Threshold": 0.05455370619893074, "Accuracy": 0.965893587994543, "Sensitivity": 0.8, "Specificity": 0.967032967032967, "AUC": 0.9348901098901099}, "Label_6": {"Optimal Threshold": 0.020545367151498795, "Accuracy": 0.9263301500682128, "Sensitivity": 1.0, "Specificity": 0.925207756232687, "AUC": 0.9819944598337951}, "Label_7": {"Optimal Threshold": 0.18318383395671844, "Accuracy": 0.9645293315143247, "Sensitivity": 0.9838709677419355, "Specificity": 0.96274217585693, "AUC": 0.9911542714292582}, "Label_8": {"Optimal Threshold": 0.002025935798883438, "Accuracy": 0.7762619372442019, "Sensitivity": 1.0, "Specificity": 0.7756497948016415, "AUC": 0.8440492476060192}, "Label_9": {"Optimal Threshold": 0.036209724843502045, "Accuracy": 0.903137789904502, "Sensitivity": 0.90625, "Specificity": 0.9029957203994294, "AUC": 0.9420916547788873}, "Label_10": {"Optimal Threshold": 0.007388669066131115, "Accuracy": 0.7312414733969986, "Sensitivity": 1.0, "Specificity": 0.7244755244755244, "AUC": 0.9134421134421135}, "Label_11": {"Optimal Threshold": 0.022962741553783417, "Accuracy": 0.9249658935879945, "Sensitivity": 1.0, "Specificity": 0.9230769230769231, "AUC": 0.9837606837606837}, "Label_12": {"Optimal Threshold": 0.03421824425458908, "Accuracy": 0.781718963165075, "Sensitivity": 1.0, "Specificity": 0.7653958944281525, "AUC": 0.9494853659939049}, "Overall": {"Accuracy": 0.8940077657676567, "Sensitivity": 0.942146487367663, "Specificity": 0.8912567532280176, "AUC": 0.9531449225385713}}}