{"shared_labels": 12, "perf": [0.0872030109167099, 0.9776850342750549], "label_names": [[11, 12, 6, 5, 9, 0, 2, 1, 8, 3, 4, 10, 7], [11, 12, 6, 5, 9, 0, 2, 1, 8, 3, 4, 10]], "metrics": {"Label_0": {"Optimal Threshold": 0.03713927045464516, "Accuracy": 0.9058663028649386, "Sensitivity": 0.8985507246376812, "Specificity": 0.9066265060240963, "AUC": 0.9680242709970316}, "Label_1": {"Optimal Threshold": 0.01765712909400463, "Accuracy": 0.9208731241473397, "Sensitivity": 0.9827586206896551, "Specificity": 0.9155555555555556, "AUC": 0.9875606641123882}, "Label_2": {"Optimal Threshold": 0.22596076130867004, "Accuracy": 0.922237380627558, "Sensitivity": 0.9210526315789473, "Specificity": 0.9227722772277228, "AUC": 0.9724335591453882}, "Label_3": {"Optimal Threshold": 0.34793227910995483, "Accuracy": 0.931787175989086, "Sensitivity": 0.9049773755656109, "Specificity": 0.943359375, "AUC": 0.9746447256787331}, "Label_4": {"Optimal Threshold": 0.018713107332587242, "Accuracy": 0.9399727148703957, "Sensitivity": 0.8571428571428571, "Specificity": 0.940771349862259, "AUC": 0.957103502558048}, "Label_5": {"Optimal Threshold": 0.0025135695468634367, "Accuracy": 0.772169167803547, "Sensitivity": 1.0, "Specificity": 0.7706043956043956, "AUC": 0.9425824175824176}, "Label_6": {"Optimal Threshold": 0.020162619650363922, "Accuracy": 0.9208731241473397, "Sensitivity": 1.0, "Specificity": 0.9196675900277008, "AUC": 0.9773356837068748}, "Label_7": {"Optimal Threshold": 0.12287622690200806, "Accuracy": 0.9631650750341064, "Sensitivity": 0.9838709677419355, "Specificity": 0.9612518628912071, "AUC": 0.9914186817941445}, "Label_8": {"Optimal Threshold": 0.002992837456986308, "Accuracy": 0.8076398362892224, "Sensitivity": 1.0, "Specificity": 0.8071135430916553, "AUC": 0.8461012311901505}, "Label_9": {"Optimal Threshold": 0.02861785888671875, "Accuracy": 0.9004092769440655, "Sensitivity": 0.9375, "Specificity": 0.8987161198288159, "AUC": 0.9498930099857347}, "Label_10": {"Optimal Threshold": 0.00825288612395525, "Accuracy": 0.684856753069577, "Sensitivity": 1.0, "Specificity": 0.676923076923077, "AUC": 0.8976689976689977}, "Label_11": {"Optimal Threshold": 0.01626138761639595, "Accuracy": 0.9181446111869032, "Sensitivity": 1.0, "Specificity": 0.916083916083916, "AUC": 0.9832944832944832}, "Label_12": {"Optimal Threshold": 0.05165896564722061, "Accuracy": 0.819918144611187, "Sensitivity": 0.9411764705882353, "Specificity": 0.8108504398826979, "AUC": 0.9447127824736932}, "Overall": {"Accuracy": 0.8775317451988666, "Sensitivity": 0.9559253575342249, "Specificity": 0.8761766160002383, "AUC": 0.9532903084760065}}}