{"shared_labels": 6, "perf": [0.08973760157823563, 0.9778062105178833], "label_names": [[11, 3, 5, 6, 7, 1, 8, 2, 12, 9], [11, 3, 5, 6, 7, 1, 10, 0, 4]], "metrics": {"Label_0": {"Optimal Threshold": 0.15813088417053223, "Accuracy": 0.9440654843110505, "Sensitivity": 0.8405797101449275, "Specificity": 0.9548192771084337, "AUC": 0.9593591758337698}, "Label_1": {"Optimal Threshold": 0.06668344885110855, "Accuracy": 0.9331514324693042, "Sensitivity": 0.9655172413793104, "Specificity": 0.9303703703703704, "AUC": 0.9882758620689656}, "Label_2": {"Optimal Threshold": 0.4586303234100342, "Accuracy": 0.9181446111869032, "Sensitivity": 0.9122807017543859, "Specificity": 0.9207920792079208, "AUC": 0.9695587979850617}, "Label_3": {"Optimal Threshold": 0.5621006488800049, "Accuracy": 0.9358799454297408, "Sensitivity": 0.9140271493212669, "Specificity": 0.9453125, "AUC": 0.974335407239819}, "Label_4": {"Optimal Threshold": 0.007529574912041426, "Accuracy": 0.8512960436562074, "Sensitivity": 1.0, "Specificity": 0.849862258953168, "AUC": 0.9698937426210154}, "Label_5": {"Optimal Threshold": 0.10117369145154953, "Accuracy": 0.984993178717599, "Sensitivity": 0.8, "Specificity": 0.9862637362637363, "AUC": 0.9445054945054945}, "Label_6": {"Optimal Threshold": 0.006190659943968058, "Accuracy": 0.8744884038199181, "Sensitivity": 1.0, "Specificity": 0.8725761772853186, "AUC": 0.9751951649458575}, "Label_7": {"Optimal Threshold": 0.12003543972969055, "Accuracy": 0.965893587994543, "Sensitivity": 1.0, "Specificity": 0.96274217585693, "AUC": 0.9932935916542474}, "Label_8": {"Optimal Threshold": 0.0005583987222053111, "Accuracy": 0.45566166439290584, "Sensitivity": 1.0, "Specificity": 0.454172366621067, "AUC": 0.6839945280437757}, "Label_9": {"Optimal Threshold": 0.06513181328773499, "Accuracy": 0.9072305593451568, "Sensitivity": 0.875, "Specificity": 0.9087018544935807, "AUC": 0.9444989300998573}, "Label_10": {"Optimal Threshold": 0.017812252044677734, "Accuracy": 0.7858117326057299, "Sensitivity": 0.8888888888888888, "Specificity": 0.7832167832167832, "AUC": 0.9088578088578089}, "Label_11": {"Optimal Threshold": 0.05886392295360565, "Accuracy": 0.9645293315143247, "Sensitivity": 0.9444444444444444, "Specificity": 0.965034965034965, "AUC": 0.9793317793317794}, "Label_12": {"Optimal Threshold": 0.12719662487506866, "Accuracy": 0.8799454297407913, "Sensitivity": 0.7843137254901961, "Specificity": 0.8870967741935484, "AUC": 0.9178885630498534}, "Overall": {"Accuracy": 0.8770070311680135, "Sensitivity": 0.9173116816479555, "Specificity": 0.8785354860466017, "AUC": 0.9391529881721005}}}