{"shared_labels": 1, "perf": [0.09477103501558304, 0.971872866153717], "label_names": [[0, 12, 3, 2, 4, 10, 5], [0, 11, 7, 8, 1, 9, 6]], "metrics": {"Label_0": {"Optimal Threshold": 0.05057840421795845, "Accuracy": 0.8663028649386084, "Sensitivity": 0.9710144927536232, "Specificity": 0.8554216867469879, "AUC": 0.9731534834992143}, "Label_1": {"Optimal Threshold": 0.09137816727161407, "Accuracy": 0.937244201909959, "Sensitivity": 0.9655172413793104, "Specificity": 0.9348148148148148, "AUC": 0.9886334610472541}, "Label_2": {"Optimal Threshold": 0.22450774908065796, "Accuracy": 0.9140518417462483, "Sensitivity": 0.9210526315789473, "Specificity": 0.9108910891089109, "AUC": 0.9618811881188118}, "Label_3": {"Optimal Threshold": 0.17034010589122772, "Accuracy": 0.9140518417462483, "Sensitivity": 0.9411764705882353, "Specificity": 0.90234375, "AUC": 0.9673713235294118}, "Label_4": {"Optimal Threshold": 0.010295063257217407, "Accuracy": 0.8990450204638472, "Sensitivity": 1.0, "Specificity": 0.8980716253443526, "AUC": 0.9761904761904762}, "Label_5": {"Optimal Threshold": 0.030611447989940643, "Accuracy": 0.9590723055934516, "Sensitivity": 0.8, "Specificity": 0.9601648351648352, "AUC": 0.9318681318681319}, "Label_6": {"Optimal Threshold": 0.018258849158883095, "Accuracy": 0.8990450204638472, "Sensitivity": 1.0, "Specificity": 0.8975069252077562, "AUC": 0.9722991689750692}, "Label_7": {"Optimal Threshold": 0.16668576002120972, "Accuracy": 0.9604365620736699, "Sensitivity": 1.0, "Specificity": 0.9567809239940388, "AUC": 0.9933416662660449}, "Label_8": {"Optimal Threshold": 0.0024740996304899454, "Accuracy": 0.772169167803547, "Sensitivity": 1.0, "Specificity": 0.771545827633379, "AUC": 0.7941176470588236}, "Label_9": {"Optimal Threshold": 0.12818409502506256, "Accuracy": 0.9508867667121419, "Sensitivity": 0.875, "Specificity": 0.9543509272467903, "AUC": 0.9458808844507846}, "Label_10": {"Optimal Threshold": 0.002943943487480283, "Accuracy": 0.6821282401091405, "Sensitivity": 1.0, "Specificity": 0.6741258741258741, "AUC": 0.8886557886557888}, "Label_11": {"Optimal Threshold": 0.049132782965898514, "Accuracy": 0.9618008185538881, "Sensitivity": 0.8888888888888888, "Specificity": 0.9636363636363636, "AUC": 0.9635586635586636}, "Label_12": {"Optimal Threshold": 0.08476732671260834, "Accuracy": 0.8567530695770805, "Sensitivity": 0.7843137254901961, "Specificity": 0.8621700879765396, "AUC": 0.9155022712897476}, "Overall": {"Accuracy": 0.8902298247455137, "Sensitivity": 0.9343818038984002, "Specificity": 0.887832671615434, "AUC": 0.9440349349621712}}}