{"shared_labels": 7, "perf": [0.09093384444713593, 0.9746360778808594], "label_names": [[11, 12, 10, 4, 8, 3, 1, 5, 0, 7], [11, 12, 10, 4, 8, 3, 1, 9, 2, 6]], "metrics": {"Label_0": {"Optimal Threshold": 0.029326384887099266, "Accuracy": 0.9263301500682128, "Sensitivity": 0.8260869565217391, "Specificity": 0.9367469879518072, "AUC": 0.9578531517373844}, "Label_1": {"Optimal Threshold": 0.0134818647056818, "Accuracy": 0.9263301500682128, "Sensitivity": 0.9655172413793104, "Specificity": 0.922962962962963, "AUC": 0.988786717752235}, "Label_2": {"Optimal Threshold": 0.15935099124908447, "Accuracy": 0.9154160982264665, "Sensitivity": 0.9473684210526315, "Specificity": 0.900990099009901, "AUC": 0.9717648080597533}, "Label_3": {"Optimal Threshold": 0.47728171944618225, "Accuracy": 0.9358799454297408, "Sensitivity": 0.9004524886877828, "Specificity": 0.951171875, "AUC": 0.9754489536199095}, "Label_4": {"Optimal Threshold": 0.0189549271017313, "Accuracy": 0.9590723055934516, "Sensitivity": 0.8571428571428571, "Specificity": 0.9600550964187328, "AUC": 0.9596615505706415}, "Label_5": {"Optimal Threshold": 0.002770266029983759, "Accuracy": 0.772169167803547, "Sensitivity": 1.0, "Specificity": 0.7706043956043956, "AUC": 0.9285714285714286}, "Label_6": {"Optimal Threshold": 0.05024406686425209, "Accuracy": 0.9236016371077762, "Sensitivity": 1.0, "Specificity": 0.9224376731301939, "AUC": 0.9762024678922185}, "Label_7": {"Optimal Threshold": 0.0993146076798439, "Accuracy": 0.9631650750341064, "Sensitivity": 1.0, "Specificity": 0.9597615499254843, "AUC": 0.9915869429354358}, "Label_8": {"Optimal Threshold": 0.007548881229013205, "Accuracy": 0.8540245566166439, "Sensitivity": 1.0, "Specificity": 0.853625170998632, "AUC": 0.8714090287277702}, "Label_9": {"Optimal Threshold": 0.005801855586469173, "Accuracy": 0.8581173260572987, "Sensitivity": 0.96875, "Specificity": 0.8530670470756063, "AUC": 0.9494917974322397}, "Label_10": {"Optimal Threshold": 0.010087249800562859, "Accuracy": 0.7530695770804912, "Sensitivity": 1.0, "Specificity": 0.7468531468531469, "AUC": 0.9243978243978244}, "Label_11": {"Optimal Threshold": 0.04496833682060242, "Accuracy": 0.9604365620736699, "Sensitivity": 0.9444444444444444, "Specificity": 0.9608391608391609, "AUC": 0.982983682983683}, "Label_12": {"Optimal Threshold": 0.056152183562517166, "Accuracy": 0.8417462482946794, "Sensitivity": 0.9215686274509803, "Specificity": 0.8357771260997068, "AUC": 0.9444252774423553}, "Overall": {"Accuracy": 0.8914891384195615, "Sensitivity": 0.948563925898442, "Specificity": 0.8903763301438254, "AUC": 0.9555833563171444}}}