{"shared_labels": 13, "perf": [0.08662892132997513, 0.9760318398475647], "label_names": [[7, 9, 5, 2, 4, 8, 6, 10, 3, 12, 11, 0, 1], [7, 9, 5, 2, 4, 8, 6, 10, 3, 12, 11, 0, 1]], "metrics": {"Label_0": {"Optimal Threshold": 0.14244279265403748, "Accuracy": 0.9345156889495225, "Sensitivity": 0.8695652173913043, "Specificity": 0.9412650602409639, "AUC": 0.9669766020604156}, "Label_1": {"Optimal Threshold": 0.04459618031978607, "Accuracy": 0.903137789904502, "Sensitivity": 0.9827586206896551, "Specificity": 0.8962962962962963, "AUC": 0.9883524904214559}, "Label_2": {"Optimal Threshold": 0.2522657811641693, "Accuracy": 0.9236016371077762, "Sensitivity": 0.9210526315789473, "Specificity": 0.9247524752475248, "AUC": 0.9726420010422094}, "Label_3": {"Optimal Threshold": 0.17883604764938354, "Accuracy": 0.9236016371077762, "Sensitivity": 0.9411764705882353, "Specificity": 0.916015625, "AUC": 0.9758378110859729}, "Label_4": {"Optimal Threshold": 0.002160961041226983, "Accuracy": 0.791268758526603, "Sensitivity": 1.0, "Specificity": 0.7892561983471075, "AUC": 0.9569067296340024}, "Label_5": {"Optimal Threshold": 0.0017877069767564535, "Accuracy": 0.7667121418826739, "Sensitivity": 1.0, "Specificity": 0.7651098901098901, "AUC": 0.9406593406593406}, "Label_6": {"Optimal Threshold": 0.008241997100412846, "Accuracy": 0.8758526603001364, "Sensitivity": 1.0, "Specificity": 0.8739612188365651, "AUC": 0.9744396877360866}, "Label_7": {"Optimal Threshold": 0.13746820390224457, "Accuracy": 0.9740791268758526, "Sensitivity": 1.0, "Specificity": 0.9716840536512668, "AUC": 0.9932935916542474}, "Label_8": {"Optimal Threshold": 0.0018440595595166087, "Accuracy": 0.8212824010914052, "Sensitivity": 1.0, "Specificity": 0.8207934336525308, "AUC": 0.8481532147742818}, "Label_9": {"Optimal Threshold": 0.021154798567295074, "Accuracy": 0.8894952251023193, "Sensitivity": 0.9375, "Specificity": 0.8873038516405135, "AUC": 0.9505616975748931}, "Label_10": {"Optimal Threshold": 0.009507866576313972, "Accuracy": 0.7667121418826739, "Sensitivity": 0.8888888888888888, "Specificity": 0.7636363636363637, "AUC": 0.897047397047397}, "Label_11": {"Optimal Threshold": 0.01784363016486168, "Accuracy": 0.927694406548431, "Sensitivity": 1.0, "Specificity": 0.9258741258741259, "AUC": 0.9843045843045843}, "Label_12": {"Optimal Threshold": 0.03264014422893524, "Accuracy": 0.7980900409276944, "Sensitivity": 0.9215686274509803, "Specificity": 0.7888563049853372, "AUC": 0.9386464263124605}, "Overall": {"Accuracy": 0.8689264350928745, "Sensitivity": 0.9586546505067701, "Specificity": 0.8665234536552682, "AUC": 0.952909351869796}}}