{"shared_labels": 11, "perf": [0.08679546415805817, 0.9790966510772705], "label_names": [[12, 6, 11, 1, 4, 10, 7, 5, 9, 2, 3, 8], [12, 6, 11, 1, 4, 10, 7, 5, 9, 2, 3, 0]], "metrics": {"Label_0": {"Optimal Threshold": 0.1335698664188385, "Accuracy": 0.946793997271487, "Sensitivity": 0.7971014492753623, "Specificity": 0.9623493975903614, "AUC": 0.9569800942902043}, "Label_1": {"Optimal Threshold": 0.02252466045320034, "Accuracy": 0.9236016371077762, "Sensitivity": 0.9655172413793104, "Specificity": 0.92, "AUC": 0.9886590038314176}, "Label_2": {"Optimal Threshold": 0.3216899633407593, "Accuracy": 0.9154160982264665, "Sensitivity": 0.9517543859649122, "Specificity": 0.899009900990099, "AUC": 0.9741879451103005}, "Label_3": {"Optimal Threshold": 0.38663458824157715, "Accuracy": 0.927694406548431, "Sensitivity": 0.9366515837104072, "Specificity": 0.923828125, "AUC": 0.976288532239819}, "Label_4": {"Optimal Threshold": 0.01757880114018917, "Accuracy": 0.9440654843110505, "Sensitivity": 0.8571428571428571, "Specificity": 0.9449035812672176, "AUC": 0.9614325068870524}, "Label_5": {"Optimal Threshold": 0.046259187161922455, "Accuracy": 0.9672578444747613, "Sensitivity": 0.8, "Specificity": 0.9684065934065934, "AUC": 0.9431318681318682}, "Label_6": {"Optimal Threshold": 0.007900916039943695, "Accuracy": 0.8526603001364257, "Sensitivity": 1.0, "Specificity": 0.850415512465374, "AUC": 0.9725509947116595}, "Label_7": {"Optimal Threshold": 0.10270532965660095, "Accuracy": 0.9672578444747613, "Sensitivity": 1.0, "Specificity": 0.9642324888226528, "AUC": 0.9938704869958175}, "Label_8": {"Optimal Threshold": 0.010581008158624172, "Accuracy": 0.8840381991814461, "Sensitivity": 1.0, "Specificity": 0.8837209302325582, "AUC": 0.8864569083447332}, "Label_9": {"Optimal Threshold": 0.021002085879445076, "Accuracy": 0.8935879945429741, "Sensitivity": 0.9375, "Specificity": 0.891583452211127, "AUC": 0.9488676890156919}, "Label_10": {"Optimal Threshold": 0.00949245784431696, "Accuracy": 0.694406548431105, "Sensitivity": 1.0, "Specificity": 0.6867132867132867, "AUC": 0.9042735042735043}, "Label_11": {"Optimal Threshold": 0.02719174139201641, "Accuracy": 0.937244201909959, "Sensitivity": 0.9444444444444444, "Specificity": 0.9370629370629371, "AUC": 0.977000777000777}, "Label_12": {"Optimal Threshold": 0.03632669150829315, "Accuracy": 0.8158253751705321, "Sensitivity": 0.9411764705882353, "Specificity": 0.8064516129032258, "AUC": 0.9502328790753839}, "Overall": {"Accuracy": 0.897680763983629, "Sensitivity": 0.9331760332696561, "Specificity": 0.8952829091281101, "AUC": 0.9564563992237101}}}