{"shared_labels": 12, "perf": [0.08752310276031494, 0.9771044254302979], "metrics": {"Label_0": {"Optimal Threshold": 0.1218152642250061, "Accuracy": 0.9331514324693042, "Sensitivity": 0.9315068493150684, "Specificity": 0.9333333333333333, "AUC": 0.9787048567870485}, "Label_1": {"Optimal Threshold": 0.06911396980285645, "Accuracy": 0.9481582537517054, "Sensitivity": 0.9402985074626866, "Specificity": 0.948948948948949, "AUC": 0.9867330016583747}, "Label_2": {"Optimal Threshold": 0.22492185235023499, "Accuracy": 0.903137789904502, "Sensitivity": 0.9295774647887324, "Specificity": 0.8923076923076924, "AUC": 0.9683369447453954}, "Label_3": {"Optimal Threshold": 0.13693758845329285, "Accuracy": 0.9017735334242838, "Sensitivity": 0.961352657004831, "Specificity": 0.8783269961977186, "AUC": 0.9703532264286108}, "Label_4": {"Optimal Threshold": 0.043092768639326096, "Accuracy": 0.9549795361527967, "Sensitivity": 0.8333333333333334, "Specificity": 0.9559834938101788, "AUC": 0.9227418615314077}, "Label_5": {"Optimal Threshold": 0.04213277995586395, "Accuracy": 0.9522510231923602, "Sensitivity": 0.75, "Specificity": 0.953360768175583, "AUC": 0.901920438957476}, "Label_6": {"Optimal Threshold": 0.029970034956932068, "Accuracy": 0.9427012278308322, "Sensitivity": 1.0, "Specificity": 0.9420689655172414, "AUC": 0.9791379310344828}, "Label_7": {"Optimal Threshold": 0.020097941160202026, "Accuracy": 0.9399727148703957, "Sensitivity": 0.9384615384615385, "Specificity": 0.9401197604790419, "AUC": 0.9813680331644404}, "Label_8": {"Optimal Threshold": 0.03365970030426979, "Accuracy": 0.9645293315143247, "Sensitivity": 1.0, "Specificity": 0.9641379310344828, "AUC": 0.986551724137931}, "Label_9": {"Optimal Threshold": 0.12849007546901703, "Accuracy": 0.9413369713506139, "Sensitivity": 0.9333333333333333, "Specificity": 0.9416785206258891, "AUC": 0.9801801801801803}, "Label_10": {"Optimal Threshold": 0.06377305835485458, "Accuracy": 0.9290586630286494, "Sensitivity": 1.0, "Specificity": 0.9278779472954231, "AUC": 0.9701803051317615}, "Label_11": {"Optimal Threshold": 0.035575635731220245, "Accuracy": 0.9522510231923602, "Sensitivity": 1.0, "Specificity": 0.9511854951185496, "AUC": 0.9829149232914923}, "Label_12": {"Optimal Threshold": 0.16888728737831116, "Accuracy": 0.897680763983629, "Sensitivity": 0.7735849056603774, "Specificity": 0.9073529411764706, "AUC": 0.9059100998890122}, "Overall": {"Accuracy": 0.9354601742050583, "Sensitivity": 0.9224191222584539, "Specificity": 0.9335909841554272, "AUC": 0.9626948866875088}}, "label_names": [[11, 7, 10, 12, 8, 5, 0, 2, 9, 6, 1, 4, 3], [11, 7, 10, 12, 8, 5, 0, 2, 9, 6, 1, 4]]}