{"shared_labels": 0, "perf": [0.0937935933470726, 0.9720219373703003], "metrics": {"Label_0": {"Optimal Threshold": 0.14735819399356842, "Accuracy": 0.9236016371077762, "Sensitivity": 0.855072463768116, "Specificity": 0.9307228915662651, "AUC": 0.9570019207263839}, "Label_1": {"Optimal Threshold": 0.1077345535159111, "Accuracy": 0.931787175989086, "Sensitivity": 0.9827586206896551, "Specificity": 0.9274074074074075, "AUC": 0.9900638569604088}, "Label_2": {"Optimal Threshold": 0.2336614429950714, "Accuracy": 0.9181446111869032, "Sensitivity": 0.9122807017543859, "Specificity": 0.9207920792079208, "AUC": 0.9689508424526663}, "Label_3": {"Optimal Threshold": 0.193976029753685, "Accuracy": 0.9208731241473397, "Sensitivity": 0.9276018099547512, "Specificity": 0.91796875, "AUC": 0.9723380938914028}, "Label_4": {"Optimal Threshold": 0.0030310149304568768, "Accuracy": 0.8335607094133697, "Sensitivity": 1.0, "Specificity": 0.8319559228650137, "AUC": 0.9710743801652892}, "Label_5": {"Optimal Threshold": 0.08670195937156677, "Accuracy": 0.9890859481582538, "Sensitivity": 0.8, "Specificity": 0.9903846153846154, "AUC": 0.9131868131868132}, "Label_6": {"Optimal Threshold": 0.008589361794292927, "Accuracy": 0.9304229195088677, "Sensitivity": 1.0, "Specificity": 0.9293628808864266, "AUC": 0.9632334424578192}, "Label_7": {"Optimal Threshold": 0.3040716052055359, "Accuracy": 0.9699863574351978, "Sensitivity": 1.0, "Specificity": 0.9672131147540983, "AUC": 0.99401471083121}, "Label_8": {"Optimal Threshold": 0.0015086692292243242, "Accuracy": 0.7694406548431105, "Sensitivity": 1.0, "Specificity": 0.7688098495212038, "AUC": 0.7927496580027359}, "Label_9": {"Optimal Threshold": 0.05498967319726944, "Accuracy": 0.9290586630286494, "Sensitivity": 0.90625, "Specificity": 0.9300998573466477, "AUC": 0.9506954350927247}, "Label_10": {"Optimal Threshold": 0.03699510172009468, "Accuracy": 0.9099590723055935, "Sensitivity": 0.7777777777777778, "Specificity": 0.9132867132867133, "AUC": 0.9176379176379176}, "Label_11": {"Optimal Threshold": 0.11955965310335159, "Accuracy": 0.9686221009549796, "Sensitivity": 0.8888888888888888, "Specificity": 0.9706293706293706, "AUC": 0.9529914529914529}, "Label_12": {"Optimal Threshold": 0.0918194055557251, "Accuracy": 0.8567530695770805, "Sensitivity": 0.8235294117647058, "Specificity": 0.8592375366568915, "AUC": 0.9232936576390087}, "Overall": {"Accuracy": 0.9116381572043237, "Sensitivity": 0.9133968980460216, "Specificity": 0.9121439222701981, "AUC": 0.9436332447719871}}, "label_names": [[4, 0, 9, 12, 5, 8, 11], [1, 10, 2, 7, 6, 3]]}