{"shared_labels": 0, "perf": [0.09169521927833557, 0.9721208214759827], "metrics": {"Label_0": {"Optimal Threshold": 0.045364174991846085, "Accuracy": 0.8458390177353342, "Sensitivity": 0.8823529411764706, "Specificity": 0.8421052631578947, "AUC": 0.9440513047324194}, "Label_1": {"Optimal Threshold": 0.07956686615943909, "Accuracy": 0.9413369713506139, "Sensitivity": 0.9107142857142857, "Specificity": 0.9438700147710487, "AUC": 0.9791622705212071}, "Label_2": {"Optimal Threshold": 0.313308984041214, "Accuracy": 0.937244201909959, "Sensitivity": 0.9364406779661016, "Specificity": 0.937625754527163, "AUC": 0.9763240459707397}, "Label_3": {"Optimal Threshold": 0.5487565398216248, "Accuracy": 0.9386084583901774, "Sensitivity": 0.911504424778761, "Specificity": 0.9506903353057199, "AUC": 0.9746557050845682}, "Label_4": {"Optimal Threshold": 0.0972873717546463, "Accuracy": 0.9836289222373806, "Sensitivity": 0.8571428571428571, "Specificity": 0.9848484848484849, "AUC": 0.9555293191656827}, "Label_5": {"Optimal Threshold": 0.01569061540067196, "Accuracy": 0.9058663028649386, "Sensitivity": 1.0, "Specificity": 0.9049586776859504, "AUC": 0.9673356946084218}, "Label_6": {"Optimal Threshold": 0.012950396165251732, "Accuracy": 0.8472032742155525, "Sensitivity": 1.0, "Specificity": 0.8450899031811895, "AUC": 0.950207468879668}, "Label_7": {"Optimal Threshold": 0.11907760798931122, "Accuracy": 0.9590723055934516, "Sensitivity": 0.9473684210526315, "Specificity": 0.9600591715976331, "AUC": 0.9863749610713174}, "Label_8": {"Optimal Threshold": 0.005824920255690813, "Accuracy": 0.8990450204638472, "Sensitivity": 1.0, "Specificity": 0.8983516483516484, "AUC": 0.9739010989010988}, "Label_9": {"Optimal Threshold": 0.1017911434173584, "Accuracy": 0.9331514324693042, "Sensitivity": 0.8787878787878788, "Specificity": 0.9357142857142857, "AUC": 0.9512554112554112}, "Label_10": {"Optimal Threshold": 0.044186659157276154, "Accuracy": 0.8635743519781719, "Sensitivity": 1.0, "Specificity": 0.8613037447988904, "AUC": 0.944290337494221}, "Label_11": {"Optimal Threshold": 0.008558722212910652, "Accuracy": 0.8362892223738063, "Sensitivity": 0.9285714285714286, "Specificity": 0.8344923504867872, "AUC": 0.9399960262269025}, "Label_12": {"Optimal Threshold": 0.15432941913604736, "Accuracy": 0.9004092769440655, "Sensitivity": 0.7407407407407407, "Specificity": 0.9131075110456554, "AUC": 0.879152348224513}, "Overall": {"Accuracy": 0.9070206737328157, "Sensitivity": 0.9225864350716274, "Specificity": 0.9086320881132578, "AUC": 0.9555566147797057}}, "label_names": [[11, 7, 12, 9, 3, 6, 10], [2, 0, 4, 5, 1, 8]]}