{"shared_labels": 11, "perf": [0.08175511658191681, 0.9812574982643127], "metrics": {"Label_0": {"Optimal Threshold": 0.18635517358779907, "Accuracy": 0.956343792633015, "Sensitivity": 0.8292682926829268, "Specificity": 0.9723502304147466, "AUC": 0.9677419354838709}, "Label_1": {"Optimal Threshold": 0.11306802183389664, "Accuracy": 0.9549795361527967, "Sensitivity": 0.9230769230769231, "Specificity": 0.9580838323353293, "AUC": 0.9823353293413174}, "Label_2": {"Optimal Threshold": 0.28428784012794495, "Accuracy": 0.9236016371077762, "Sensitivity": 0.9446808510638298, "Specificity": 0.9136546184738956, "AUC": 0.9756387251132189}, "Label_3": {"Optimal Threshold": 0.3798863887786865, "Accuracy": 0.9413369713506139, "Sensitivity": 0.9437229437229437, "Specificity": 0.9402390438247012, "AUC": 0.9792000827857401}, "Label_4": {"Optimal Threshold": 0.3165852129459381, "Accuracy": 0.9863574351978172, "Sensitivity": 1.0, "Specificity": 0.9862448418156808, "AUC": 0.9961027051811095}, "Label_5": {"Optimal Threshold": 0.0071030533872544765, "Accuracy": 0.897680763983629, "Sensitivity": 1.0, "Specificity": 0.896978021978022, "AUC": 0.9565934065934066}, "Label_6": {"Optimal Threshold": 0.010134659707546234, "Accuracy": 0.9099590723055935, "Sensitivity": 1.0, "Specificity": 0.9089655172413793, "AUC": 0.9731034482758621}, "Label_7": {"Optimal Threshold": 0.16576224565505981, "Accuracy": 0.9713506139154161, "Sensitivity": 0.96875, "Specificity": 0.9715994020926756, "AUC": 0.9895366218236173}, "Label_8": {"Optimal Threshold": 0.002543419599533081, "Accuracy": 0.8608458390177354, "Sensitivity": 1.0, "Specificity": 0.8600823045267489, "AUC": 0.9554183813443072}, "Label_9": {"Optimal Threshold": 0.08882816880941391, "Accuracy": 0.9508867667121419, "Sensitivity": 0.88, "Specificity": 0.9533898305084746, "AUC": 0.9701129943502824}, "Label_10": {"Optimal Threshold": 0.024712854996323586, "Accuracy": 0.8867667121418826, "Sensitivity": 0.9333333333333333, "Specificity": 0.8857938718662952, "AUC": 0.947075208913649}, "Label_11": {"Optimal Threshold": 0.10293655097484589, "Accuracy": 0.9795361527967258, "Sensitivity": 1.0, "Specificity": 0.9791666666666666, "AUC": 0.9918803418803418}, "Label_12": {"Optimal Threshold": 0.08935113251209259, "Accuracy": 0.8922237380627558, "Sensitivity": 0.8103448275862069, "Specificity": 0.8992592592592593, "AUC": 0.9137420178799489}, "Overall": {"Accuracy": 0.9316822331829152, "Sensitivity": 0.9410136285743204, "Specificity": 0.9327544185387595, "AUC": 0.9691139383820517}}, "label_names": [[7, 4, 12, 0, 8, 11, 9, 10, 3, 5, 6, 1], [7, 4, 12, 0, 8, 11, 9, 10, 3, 5, 6, 2]]}