{"shared_labels": 11, "perf": [0.08551233261823654, 0.9785934686660767], "metrics": {"Label_0": {"Optimal Threshold": 0.17797113955020905, "Accuracy": 0.946793997271487, "Sensitivity": 0.855072463768116, "Specificity": 0.9563253012048193, "AUC": 0.9613672079622839}, "Label_1": {"Optimal Threshold": 0.1312193125486374, "Accuracy": 0.9604365620736699, "Sensitivity": 0.9310344827586207, "Specificity": 0.9629629629629629, "AUC": 0.9882247765006386}, "Label_2": {"Optimal Threshold": 0.29495084285736084, "Accuracy": 0.931787175989086, "Sensitivity": 0.9122807017543859, "Specificity": 0.9405940594059405, "AUC": 0.9732325864165364}, "Label_3": {"Optimal Threshold": 0.29938575625419617, "Accuracy": 0.931787175989086, "Sensitivity": 0.9366515837104072, "Specificity": 0.9296875, "AUC": 0.9760941035067874}, "Label_4": {"Optimal Threshold": 0.03650793805718422, "Accuracy": 0.9454297407912687, "Sensitivity": 0.8571428571428571, "Specificity": 0.9462809917355371, "AUC": 0.961629279811098}, "Label_5": {"Optimal Threshold": 0.05564267188310623, "Accuracy": 0.9672578444747613, "Sensitivity": 0.8, "Specificity": 0.9684065934065934, "AUC": 0.9370879120879121}, "Label_6": {"Optimal Threshold": 0.008584138005971909, "Accuracy": 0.8799454297407913, "Sensitivity": 1.0, "Specificity": 0.8781163434903048, "AUC": 0.9734323847897255}, "Label_7": {"Optimal Threshold": 0.11669810861349106, "Accuracy": 0.9699863574351978, "Sensitivity": 1.0, "Specificity": 0.9672131147540983, "AUC": 0.9928849574539687}, "Label_8": {"Optimal Threshold": 0.002513666171580553, "Accuracy": 0.800818553888131, "Sensitivity": 1.0, "Specificity": 0.8002735978112175, "AUC": 0.8372093023255814}, "Label_9": {"Optimal Threshold": 0.048903048038482666, "Accuracy": 0.9017735334242838, "Sensitivity": 0.9375, "Specificity": 0.9001426533523538, "AUC": 0.946638730385164}, "Label_10": {"Optimal Threshold": 0.006003436632454395, "Accuracy": 0.6821282401091405, "Sensitivity": 1.0, "Specificity": 0.6741258741258741, "AUC": 0.8978243978243978}, "Label_11": {"Optimal Threshold": 0.05476691201329231, "Accuracy": 0.9672578444747613, "Sensitivity": 0.9444444444444444, "Specificity": 0.9678321678321679, "AUC": 0.9798756798756799}, "Label_12": {"Optimal Threshold": 0.05495408549904823, "Accuracy": 0.8049113233287858, "Sensitivity": 0.9411764705882353, "Specificity": 0.7947214076246334, "AUC": 0.9470990742337991}, "Overall": {"Accuracy": 0.8992549060761886, "Sensitivity": 0.9319463849359283, "Specificity": 0.8989755821312695, "AUC": 0.9517384917825825}}, "label_names": [[9, 11, 7, 10, 12, 3, 4, 6, 8, 5, 1, 0], [9, 11, 7, 10, 12, 3, 4, 6, 8, 5, 1, 2]]}