{"shared_labels": 13, "perf": [0.08564446121454239, 0.9790000915527344], "metrics": {"Label_0": {"Optimal Threshold": 0.1882384866476059, "Accuracy": 0.9386084583901774, "Sensitivity": 0.8695652173913043, "Specificity": 0.9457831325301205, "AUC": 0.9671512135498516}, "Label_1": {"Optimal Threshold": 0.05507271736860275, "Accuracy": 0.91268758526603, "Sensitivity": 0.9827586206896551, "Specificity": 0.9066666666666666, "AUC": 0.9865900383141764}, "Label_2": {"Optimal Threshold": 0.3444499373435974, "Accuracy": 0.922237380627558, "Sensitivity": 0.9342105263157895, "Specificity": 0.9168316831683169, "AUC": 0.974604828903943}, "Label_3": {"Optimal Threshold": 0.4517541825771332, "Accuracy": 0.9304229195088677, "Sensitivity": 0.918552036199095, "Specificity": 0.935546875, "AUC": 0.9761559671945701}, "Label_4": {"Optimal Threshold": 0.0022358191199600697, "Accuracy": 0.7980900409276944, "Sensitivity": 1.0, "Specificity": 0.7961432506887053, "AUC": 0.9590712317985046}, "Label_5": {"Optimal Threshold": 0.030545638874173164, "Accuracy": 0.9618008185538881, "Sensitivity": 0.8, "Specificity": 0.9629120879120879, "AUC": 0.9357142857142857}, "Label_6": {"Optimal Threshold": 0.007985180243849754, "Accuracy": 0.8867667121418826, "Sensitivity": 1.0, "Specificity": 0.8850415512465374, "AUC": 0.9754469906824478}, "Label_7": {"Optimal Threshold": 0.09989099204540253, "Accuracy": 0.9699863574351978, "Sensitivity": 1.0, "Specificity": 0.9672131147540983, "AUC": 0.9931012932070574}, "Label_8": {"Optimal Threshold": 0.0014056601794436574, "Accuracy": 0.8049113233287858, "Sensitivity": 1.0, "Specificity": 0.8043775649794802, "AUC": 0.8317373461012311}, "Label_9": {"Optimal Threshold": 0.04723278060555458, "Accuracy": 0.9154160982264665, "Sensitivity": 0.90625, "Specificity": 0.9158345221112696, "AUC": 0.9490905848787446}, "Label_10": {"Optimal Threshold": 0.013086595572531223, "Accuracy": 0.7980900409276944, "Sensitivity": 0.9444444444444444, "Specificity": 0.7944055944055944, "AUC": 0.9105672105672106}, "Label_11": {"Optimal Threshold": 0.05236845090985298, "Accuracy": 0.9672578444747613, "Sensitivity": 0.9444444444444444, "Specificity": 0.9678321678321679, "AUC": 0.9796425796425797}, "Label_12": {"Optimal Threshold": 0.0807720273733139, "Accuracy": 0.834924965893588, "Sensitivity": 0.9215686274509803, "Specificity": 0.8284457478005866, "AUC": 0.9494278649876373}, "Overall": {"Accuracy": 0.8954769650540455, "Sensitivity": 0.9401379936104395, "Specificity": 0.8943872276227408, "AUC": 0.95294626427248}}, "label_names": [[6, 4, 10, 8, 7, 12, 3, 0, 9, 11, 2, 1, 5], [6, 4, 10, 8, 7, 12, 3, 0, 9, 11, 2, 1, 5]]}