{"shared_labels": 13, "perf": [0.08546328544616699, 0.9788142442703247], "metrics": {"Label_0": {"Optimal Threshold": 0.08480975031852722, "Accuracy": 0.9072305593451568, "Sensitivity": 0.8985507246376812, "Specificity": 0.9081325301204819, "AUC": 0.9662781561026715}, "Label_1": {"Optimal Threshold": 0.0488944835960865, "Accuracy": 0.931787175989086, "Sensitivity": 0.9655172413793104, "Specificity": 0.9288888888888889, "AUC": 0.9882247765006386}, "Label_2": {"Optimal Threshold": 0.48194265365600586, "Accuracy": 0.9249658935879945, "Sensitivity": 0.9210526315789473, "Specificity": 0.9267326732673268, "AUC": 0.9740055584505819}, "Label_3": {"Optimal Threshold": 0.44060805439949036, "Accuracy": 0.9304229195088677, "Sensitivity": 0.918552036199095, "Specificity": 0.935546875, "AUC": 0.9769248444570136}, "Label_4": {"Optimal Threshold": 0.02285202220082283, "Accuracy": 0.9236016371077762, "Sensitivity": 0.8571428571428571, "Specificity": 0.9242424242424242, "AUC": 0.9504132231404959}, "Label_5": {"Optimal Threshold": 0.0592808797955513, "Accuracy": 0.9699863574351978, "Sensitivity": 0.8, "Specificity": 0.9711538461538461, "AUC": 0.9401098901098901}, "Label_6": {"Optimal Threshold": 0.012571671977639198, "Accuracy": 0.8731241473396999, "Sensitivity": 1.0, "Specificity": 0.871191135734072, "AUC": 0.9750692520775623}, "Label_7": {"Optimal Threshold": 0.17941467463970184, "Accuracy": 0.9686221009549796, "Sensitivity": 1.0, "Specificity": 0.9657228017883756, "AUC": 0.9936301139368299}, "Label_8": {"Optimal Threshold": 0.0030389230232685804, "Accuracy": 0.7680763983628922, "Sensitivity": 1.0, "Specificity": 0.7674418604651163, "AUC": 0.805061559507524}, "Label_9": {"Optimal Threshold": 0.042295053601264954, "Accuracy": 0.888130968622101, "Sensitivity": 0.9375, "Specificity": 0.8858773181169758, "AUC": 0.9494472182596292}, "Label_10": {"Optimal Threshold": 0.012732348404824734, "Accuracy": 0.7639836289222374, "Sensitivity": 0.9444444444444444, "Specificity": 0.7594405594405594, "AUC": 0.909013209013209}, "Label_11": {"Optimal Threshold": 0.1305452287197113, "Accuracy": 0.9686221009549796, "Sensitivity": 0.8888888888888888, "Specificity": 0.9706293706293706, "AUC": 0.9744366744366744}, "Label_12": {"Optimal Threshold": 0.12026458233594894, "Accuracy": 0.8581173260572987, "Sensitivity": 0.9019607843137255, "Specificity": 0.8548387096774194, "AUC": 0.9484790983842217}, "Overall": {"Accuracy": 0.898205478014482, "Sensitivity": 0.9256622775834578, "Specificity": 0.8976799225788352, "AUC": 0.9500841211059186}}, "label_names": [[3, 2, 8, 1, 4, 6, 5, 9, 12, 0, 11, 10, 7], [3, 2, 8, 1, 4, 6, 5, 9, 12, 0, 11, 10, 7]]}