{"shared_labels": 7, "perf": [0.08789387345314026, 0.9783802032470703], "metrics": {"Label_0": {"Optimal Threshold": 0.08578895032405853, "Accuracy": 0.9017735334242838, "Sensitivity": 0.8933333333333333, "Specificity": 0.9027355623100304, "AUC": 0.9582776089159067}, "Label_1": {"Optimal Threshold": 0.07332328706979752, "Accuracy": 0.9045020463847203, "Sensitivity": 0.95, "Specificity": 0.9004457652303121, "AUC": 0.9780089153046063}, "Label_2": {"Optimal Threshold": 0.25083833932876587, "Accuracy": 0.9263301500682128, "Sensitivity": 0.9588477366255144, "Specificity": 0.9102040816326531, "AUC": 0.9754850088183422}, "Label_3": {"Optimal Threshold": 0.1945386677980423, "Accuracy": 0.9208731241473397, "Sensitivity": 0.9465020576131687, "Specificity": 0.9081632653061225, "AUC": 0.9760980935584112}, "Label_4": {"Optimal Threshold": 0.010040845721960068, "Accuracy": 0.8744884038199181, "Sensitivity": 1.0, "Specificity": 0.8729281767955801, "AUC": 0.9791282995702885}, "Label_5": {"Optimal Threshold": 0.01816391386091709, "Accuracy": 0.9017735334242838, "Sensitivity": 1.0, "Specificity": 0.9006896551724138, "AUC": 0.9863793103448276}, "Label_6": {"Optimal Threshold": 0.044566474854946136, "Accuracy": 0.9536152796725784, "Sensitivity": 1.0, "Specificity": 0.9530386740331491, "AUC": 0.987415592387968}, "Label_7": {"Optimal Threshold": 0.06608998775482178, "Accuracy": 0.9208731241473397, "Sensitivity": 0.9661016949152542, "Specificity": 0.9169139465875371, "AUC": 0.9815671679324046}, "Label_8": {"Optimal Threshold": 0.012932178564369678, "Accuracy": 0.8867667121418826, "Sensitivity": 1.0, "Specificity": 0.8855172413793103, "AUC": 0.9755172413793104}, "Label_9": {"Optimal Threshold": 0.040512651205062866, "Accuracy": 0.8362892223738063, "Sensitivity": 0.9090909090909091, "Specificity": 0.8328571428571429, "AUC": 0.9351515151515152}, "Label_10": {"Optimal Threshold": 0.03616013750433922, "Accuracy": 0.834924965893588, "Sensitivity": 1.0, "Specificity": 0.832409972299169, "AUC": 0.9508939813648957}, "Label_11": {"Optimal Threshold": 0.12417902797460556, "Accuracy": 0.9795361527967258, "Sensitivity": 0.9473684210526315, "Specificity": 0.9803921568627451, "AUC": 0.9870263895031697}, "Label_12": {"Optimal Threshold": 0.1380796730518341, "Accuracy": 0.897680763983629, "Sensitivity": 0.8723404255319149, "Specificity": 0.8994169096209913, "AUC": 0.9441101668630978}, "Overall": {"Accuracy": 0.9030328470983314, "Sensitivity": 0.9571988137048251, "Specificity": 0.8996701961605506, "AUC": 0.9703891762380573}}, "label_names": [[0, 4, 6, 5, 11, 10, 2, 3, 12, 7], [0, 4, 6, 5, 11, 10, 2, 1, 8, 9]]}