{"shared_labels": 7, "perf": [0.09202681481838226, 0.9750145673751831], "metrics": {"Label_0": {"Optimal Threshold": 0.04320012405514717, "Accuracy": 0.9140518417462483, "Sensitivity": 0.9130434782608695, "Specificity": 0.9141566265060241, "AUC": 0.9711454513707003}, "Label_1": {"Optimal Threshold": 0.04390828311443329, "Accuracy": 0.9522510231923602, "Sensitivity": 0.9655172413793104, "Specificity": 0.9511111111111111, "AUC": 0.9853639846743294}, "Label_2": {"Optimal Threshold": 0.2207828164100647, "Accuracy": 0.9099590723055935, "Sensitivity": 0.9342105263157895, "Specificity": 0.899009900990099, "AUC": 0.9668837936425222}, "Label_3": {"Optimal Threshold": 0.3041302561759949, "Accuracy": 0.9249658935879945, "Sensitivity": 0.9140271493212669, "Specificity": 0.9296875, "AUC": 0.9712687358597285}, "Label_4": {"Optimal Threshold": 0.02749345824122429, "Accuracy": 0.9536152796725784, "Sensitivity": 0.8571428571428571, "Specificity": 0.9545454545454546, "AUC": 0.9618260527351437}, "Label_5": {"Optimal Threshold": 0.05808854475617409, "Accuracy": 0.9795361527967258, "Sensitivity": 0.8, "Specificity": 0.9807692307692307, "AUC": 0.9346153846153846}, "Label_6": {"Optimal Threshold": 0.010457578115165234, "Accuracy": 0.9072305593451568, "Sensitivity": 0.9090909090909091, "Specificity": 0.907202216066482, "AUC": 0.9617224880382775}, "Label_7": {"Optimal Threshold": 0.07484687864780426, "Accuracy": 0.9618008185538881, "Sensitivity": 1.0, "Specificity": 0.9582712369597616, "AUC": 0.9934858901014374}, "Label_8": {"Optimal Threshold": 0.0007254270021803677, "Accuracy": 0.6712141882673943, "Sensitivity": 1.0, "Specificity": 0.6703146374829001, "AUC": 0.698358413132695}, "Label_9": {"Optimal Threshold": 0.014564178884029388, "Accuracy": 0.878581173260573, "Sensitivity": 0.96875, "Specificity": 0.8744650499286734, "AUC": 0.953370185449358}, "Label_10": {"Optimal Threshold": 0.006974447052925825, "Accuracy": 0.7394270122783083, "Sensitivity": 1.0, "Specificity": 0.7328671328671329, "AUC": 0.9282051282051281}, "Label_11": {"Optimal Threshold": 0.011402961798012257, "Accuracy": 0.897680763983629, "Sensitivity": 1.0, "Specificity": 0.8951048951048951, "AUC": 0.9809634809634808}, "Label_12": {"Optimal Threshold": 0.0985725149512291, "Accuracy": 0.8376534788540245, "Sensitivity": 0.7843137254901961, "Specificity": 0.841642228739003, "AUC": 0.9025932953826692}, "Overall": {"Accuracy": 0.8867667121418827, "Sensitivity": 0.9266227605385537, "Specificity": 0.8853190170054437, "AUC": 0.9392155603208351}}, "label_names": [[8, 5, 10, 11, 7, 0, 4, 1, 3, 2], [8, 5, 10, 11, 7, 0, 4, 9, 12, 6]]}