{"shared_labels": 5, "perf": [0.09202909469604492, 0.9752134084701538], "metrics": {"Label_0": {"Optimal Threshold": 0.09353582561016083, "Accuracy": 0.8935879945429741, "Sensitivity": 0.958904109589041, "Specificity": 0.8863636363636364, "AUC": 0.9741386467413864}, "Label_1": {"Optimal Threshold": 0.14194196462631226, "Accuracy": 0.9454297407912687, "Sensitivity": 0.9545454545454546, "Specificity": 0.9445277361319341, "AUC": 0.9868702012630048}, "Label_2": {"Optimal Threshold": 0.34661665558815, "Accuracy": 0.9249658935879945, "Sensitivity": 0.8975409836065574, "Specificity": 0.9386503067484663, "AUC": 0.9640450568238962}, "Label_3": {"Optimal Threshold": 0.2161533683538437, "Accuracy": 0.9236016371077762, "Sensitivity": 0.9409282700421941, "Specificity": 0.9153225806451613, "AUC": 0.9678780454607323}, "Label_4": {"Optimal Threshold": 0.010994011536240578, "Accuracy": 0.8458390177353342, "Sensitivity": 1.0, "Specificity": 0.8434903047091413, "AUC": 0.9584487534626038}, "Label_5": {"Optimal Threshold": 0.01424056850373745, "Accuracy": 0.8894952251023193, "Sensitivity": 1.0, "Specificity": 0.8888888888888888, "AUC": 0.9578189300411522}, "Label_6": {"Optimal Threshold": 0.29324647784233093, "Accuracy": 0.9945429740791268, "Sensitivity": 1.0, "Specificity": 0.9945280437756497, "AUC": 0.9952120383036935}, "Label_7": {"Optimal Threshold": 0.22724469006061554, "Accuracy": 0.975443383356071, "Sensitivity": 0.953125, "Specificity": 0.9775784753363229, "AUC": 0.9850523168908819}, "Label_8": {"Optimal Threshold": 0.021662885323166847, "Accuracy": 0.922237380627558, "Sensitivity": 0.75, "Specificity": 0.9231824417009602, "AUC": 0.8449931412894376}, "Label_9": {"Optimal Threshold": 0.12056038528680801, "Accuracy": 0.8949522510231923, "Sensitivity": 0.9629629629629629, "Specificity": 0.8923512747875354, "AUC": 0.9689959080893925}, "Label_10": {"Optimal Threshold": 0.10172437131404877, "Accuracy": 0.9236016371077762, "Sensitivity": 0.875, "Specificity": 0.9246861924686193, "AUC": 0.9369769874476986}, "Label_11": {"Optimal Threshold": 0.03176301345229149, "Accuracy": 0.8908594815825375, "Sensitivity": 1.0, "Specificity": 0.8887343532684284, "AUC": 0.9709914563878403}, "Label_12": {"Optimal Threshold": 0.10962682962417603, "Accuracy": 0.8744884038199181, "Sensitivity": 0.8787878787878788, "Specificity": 0.8740629685157422, "AUC": 0.9369860524283313}, "Overall": {"Accuracy": 0.915311155420296, "Sensitivity": 0.9362918968872377, "Specificity": 0.9147974771800376, "AUC": 0.9575698103561578}}, "label_names": [[10, 12, 1, 7, 0, 8, 4, 9, 6], [10, 12, 1, 7, 0, 11, 2, 5, 3]]}