{"shared_labels": 13, "perf": [0.08551626652479172, 0.9793318510055542], "metrics": {"Label_0": {"Optimal Threshold": 0.20549432933330536, "Accuracy": 0.9522510231923602, "Sensitivity": 0.8405797101449275, "Specificity": 0.963855421686747, "AUC": 0.9654487515278506}, "Label_1": {"Optimal Threshold": 0.09475355595350266, "Accuracy": 0.956343792633015, "Sensitivity": 0.9482758620689655, "Specificity": 0.957037037037037, "AUC": 0.9891443167305236}, "Label_2": {"Optimal Threshold": 0.3573431670665741, "Accuracy": 0.9236016371077762, "Sensitivity": 0.9342105263157895, "Specificity": 0.9188118811881189, "AUC": 0.9738752822650686}, "Label_3": {"Optimal Threshold": 0.42678388953208923, "Accuracy": 0.9290586630286494, "Sensitivity": 0.9276018099547512, "Specificity": 0.9296875, "AUC": 0.9765625}, "Label_4": {"Optimal Threshold": 0.036711324006319046, "Accuracy": 0.9413369713506139, "Sensitivity": 0.8571428571428571, "Specificity": 0.9421487603305785, "AUC": 0.9598583234946871}, "Label_5": {"Optimal Threshold": 0.04397062957286835, "Accuracy": 0.9536152796725784, "Sensitivity": 0.8, "Specificity": 0.9546703296703297, "AUC": 0.9365384615384615}, "Label_6": {"Optimal Threshold": 0.005254759918898344, "Accuracy": 0.8171896316507503, "Sensitivity": 1.0, "Specificity": 0.814404432132964, "AUC": 0.9641148325358851}, "Label_7": {"Optimal Threshold": 0.1448759138584137, "Accuracy": 0.9699863574351978, "Sensitivity": 1.0, "Specificity": 0.9672131147540983, "AUC": 0.9936060766309311}, "Label_8": {"Optimal Threshold": 0.002343369647860527, "Accuracy": 0.8212824010914052, "Sensitivity": 1.0, "Specificity": 0.8207934336525308, "AUC": 0.8406292749658003}, "Label_9": {"Optimal Threshold": 0.027802104130387306, "Accuracy": 0.8772169167803547, "Sensitivity": 0.9375, "Specificity": 0.8744650499286734, "AUC": 0.949268901569187}, "Label_10": {"Optimal Threshold": 0.015676012262701988, "Accuracy": 0.8144611186903138, "Sensitivity": 0.8888888888888888, "Specificity": 0.8125874125874126, "AUC": 0.9050505050505051}, "Label_11": {"Optimal Threshold": 0.034255024045705795, "Accuracy": 0.9645293315143247, "Sensitivity": 0.9444444444444444, "Specificity": 0.965034965034965, "AUC": 0.977000777000777}, "Label_12": {"Optimal Threshold": 0.060493726283311844, "Accuracy": 0.8062755798090041, "Sensitivity": 0.9607843137254902, "Specificity": 0.7947214076246334, "AUC": 0.9500891265597148}, "Overall": {"Accuracy": 0.9020883618427956, "Sensitivity": 0.926109877898932, "Specificity": 0.9011869804329299, "AUC": 0.9523990099899533}}, "label_names": [[6, 5, 1, 2, 7, 12, 8, 0, 11, 4, 10, 3, 9], [6, 5, 1, 2, 7, 12, 8, 0, 11, 4, 10, 3, 9]]}