{"shared_labels": 0, "perf": [0.0929887667298317, 0.9746766090393066], "metrics": {"Label_0": {"Optimal Threshold": 0.30788207054138184, "Accuracy": 0.9427012278308322, "Sensitivity": 0.8648648648648649, "Specificity": 0.9514415781487102, "AUC": 0.9655702743714883}, "Label_1": {"Optimal Threshold": 0.18428291380405426, "Accuracy": 0.9604365620736699, "Sensitivity": 0.9295774647887324, "Specificity": 0.9637462235649547, "AUC": 0.9838517509893197}, "Label_2": {"Optimal Threshold": 0.3075006604194641, "Accuracy": 0.9249658935879945, "Sensitivity": 0.9401709401709402, "Specificity": 0.9178356713426854, "AUC": 0.9766541630269084}, "Label_3": {"Optimal Threshold": 0.20104418694972992, "Accuracy": 0.922237380627558, "Sensitivity": 0.911504424778761, "Specificity": 0.9270216962524654, "AUC": 0.9724127698940497}, "Label_4": {"Optimal Threshold": 0.01691117137670517, "Accuracy": 0.9058663028649386, "Sensitivity": 1.0, "Specificity": 0.9048275862068965, "AUC": 0.9672413793103447}, "Label_5": {"Optimal Threshold": 0.0013187528820708394, "Accuracy": 0.7789904502046384, "Sensitivity": 1.0, "Specificity": 0.7771664374140302, "AUC": 0.9376432828977533}, "Label_6": {"Optimal Threshold": 0.01967201568186283, "Accuracy": 0.9672578444747613, "Sensitivity": 1.0, "Specificity": 0.9670781893004116, "AUC": 0.9821673525377229}, "Label_7": {"Optimal Threshold": 0.06759379804134369, "Accuracy": 0.9304229195088677, "Sensitivity": 0.9841269841269841, "Specificity": 0.9253731343283582, "AUC": 0.9839611466477138}, "Label_8": {"Optimal Threshold": 0.008826492354273796, "Accuracy": 0.9072305593451568, "Sensitivity": 1.0, "Specificity": 0.906721536351166, "AUC": 0.9478737997256516}, "Label_9": {"Optimal Threshold": 0.06031110882759094, "Accuracy": 0.9208731241473397, "Sensitivity": 0.896551724137931, "Specificity": 0.921875, "AUC": 0.9442104231974922}, "Label_10": {"Optimal Threshold": 0.005471934098750353, "Accuracy": 0.7366984993178718, "Sensitivity": 1.0, "Specificity": 0.7323162274618585, "AUC": 0.9165510864539991}, "Label_11": {"Optimal Threshold": 0.013083085417747498, "Accuracy": 0.8840381991814461, "Sensitivity": 0.9565217391304348, "Specificity": 0.8816901408450705, "AUC": 0.9681567666870791}, "Label_12": {"Optimal Threshold": 0.023608487099409103, "Accuracy": 0.834924965893588, "Sensitivity": 0.8867924528301887, "Specificity": 0.8308823529411765, "AUC": 0.9142896781354051}, "Overall": {"Accuracy": 0.8935879945429741, "Sensitivity": 0.9515469688329875, "Specificity": 0.8929212133967523, "AUC": 0.9585064518365329}}, "label_names": [[12, 8, 11, 9, 7, 3, 5], [4, 2, 1, 0, 6, 10]]}