{"shared_labels": 7, "perf": [0.0859711542725563, 0.9762820601463318], "metrics": {"Label_0": {"Optimal Threshold": 0.05319074168801308, "Accuracy": 0.9140518417462483, "Sensitivity": 0.9130434782608695, "Specificity": 0.9141566265060241, "AUC": 0.9725859961585472}, "Label_1": {"Optimal Threshold": 0.05022158846259117, "Accuracy": 0.9413369713506139, "Sensitivity": 0.9655172413793104, "Specificity": 0.9392592592592592, "AUC": 0.9853128991060026}, "Label_2": {"Optimal Threshold": 0.22898516058921814, "Accuracy": 0.931787175989086, "Sensitivity": 0.9429824561403509, "Specificity": 0.9267326732673268, "AUC": 0.975151988883099}, "Label_3": {"Optimal Threshold": 0.3517323136329651, "Accuracy": 0.9345156889495225, "Sensitivity": 0.918552036199095, "Specificity": 0.94140625, "AUC": 0.9759527007918551}, "Label_4": {"Optimal Threshold": 0.021833010017871857, "Accuracy": 0.9440654843110505, "Sensitivity": 0.8571428571428571, "Specificity": 0.9449035812672176, "AUC": 0.9557260920897284}, "Label_5": {"Optimal Threshold": 0.0008612238452769816, "Accuracy": 0.7598908594815825, "Sensitivity": 1.0, "Specificity": 0.7582417582417582, "AUC": 0.926923076923077}, "Label_6": {"Optimal Threshold": 0.018974779173731804, "Accuracy": 0.9331514324693042, "Sensitivity": 1.0, "Specificity": 0.9321329639889196, "AUC": 0.9816167212289095}, "Label_7": {"Optimal Threshold": 0.07402368634939194, "Accuracy": 0.9631650750341064, "Sensitivity": 0.9838709677419355, "Specificity": 0.9612518628912071, "AUC": 0.9907937118407768}, "Label_8": {"Optimal Threshold": 0.0012212273431941867, "Accuracy": 0.7489768076398363, "Sensitivity": 1.0, "Specificity": 0.7482900136798906, "AUC": 0.8002735978112175}, "Label_9": {"Optimal Threshold": 0.08084817975759506, "Accuracy": 0.9549795361527967, "Sensitivity": 0.8125, "Specificity": 0.9614835948644793, "AUC": 0.943429029957204}, "Label_10": {"Optimal Threshold": 0.0070646945387125015, "Accuracy": 0.7339699863574352, "Sensitivity": 0.9444444444444444, "Specificity": 0.7286713286713287, "AUC": 0.9121989121989121}, "Label_11": {"Optimal Threshold": 0.02986735850572586, "Accuracy": 0.9522510231923602, "Sensitivity": 1.0, "Specificity": 0.951048951048951, "AUC": 0.9832944832944833}, "Label_12": {"Optimal Threshold": 0.07409621775150299, "Accuracy": 0.8635743519781719, "Sensitivity": 0.9411764705882353, "Specificity": 0.8577712609970675, "AUC": 0.9607555632223563}, "Overall": {"Accuracy": 0.8904397103578551, "Sensitivity": 0.9445561501459306, "Specificity": 0.8896423172833406, "AUC": 0.9510780595004745}}, "label_names": [[8, 4, 0, 2, 10, 11, 12, 6, 3, 9], [8, 4, 0, 2, 10, 11, 12, 5, 7, 1]]}