{"shared_labels": 13, "perf": [0.09088634699583054, 0.9732975959777832], "metrics": {"Label_0": {"Optimal Threshold": 0.0542011521756649, "Accuracy": 0.9495225102319236, "Sensitivity": 0.8648648648648649, "Specificity": 0.9590288315629742, "AUC": 0.9632530861665914}, "Label_1": {"Optimal Threshold": 0.01824624091386795, "Accuracy": 0.956343792633015, "Sensitivity": 0.9436619718309859, "Specificity": 0.9577039274924471, "AUC": 0.9866601421216118}, "Label_2": {"Optimal Threshold": 0.2806693911552429, "Accuracy": 0.9195088676671214, "Sensitivity": 0.9401709401709402, "Specificity": 0.9098196392785571, "AUC": 0.975934775533974}, "Label_3": {"Optimal Threshold": 0.19642940163612366, "Accuracy": 0.9140518417462483, "Sensitivity": 0.9513274336283186, "Specificity": 0.8974358974358975, "AUC": 0.9742891553647169}, "Label_4": {"Optimal Threshold": 0.005832933820784092, "Accuracy": 0.8894952251023193, "Sensitivity": 1.0, "Specificity": 0.8882758620689655, "AUC": 0.9584482758620689}, "Label_5": {"Optimal Threshold": 0.002735358430072665, "Accuracy": 0.7844474761255116, "Sensitivity": 1.0, "Specificity": 0.782668500687758, "AUC": 0.921595598349381}, "Label_6": {"Optimal Threshold": 0.014392105862498283, "Accuracy": 0.8335607094133697, "Sensitivity": 1.0, "Specificity": 0.8326474622770919, "AUC": 0.9242112482853223}, "Label_7": {"Optimal Threshold": 0.1297256350517273, "Accuracy": 0.965893587994543, "Sensitivity": 0.9841269841269841, "Specificity": 0.9641791044776119, "AUC": 0.9903340440653873}, "Label_8": {"Optimal Threshold": 0.01122071873396635, "Accuracy": 0.9140518417462483, "Sensitivity": 1.0, "Specificity": 0.9135802469135802, "AUC": 0.9633058984910836}, "Label_9": {"Optimal Threshold": 0.0487491749227047, "Accuracy": 0.9181446111869032, "Sensitivity": 0.896551724137931, "Specificity": 0.9190340909090909, "AUC": 0.9456308777429467}, "Label_10": {"Optimal Threshold": 0.047685522586107254, "Accuracy": 0.8826739427012278, "Sensitivity": 0.9166666666666666, "Specificity": 0.8821081830790569, "AUC": 0.9463707813222377}, "Label_11": {"Optimal Threshold": 0.016745731234550476, "Accuracy": 0.8772169167803547, "Sensitivity": 0.9565217391304348, "Specificity": 0.8746478873239436, "AUC": 0.9638089406001225}, "Label_12": {"Optimal Threshold": 0.044394224882125854, "Accuracy": 0.8622100954979536, "Sensitivity": 0.8867924528301887, "Specificity": 0.8602941176470589, "AUC": 0.9320754716981132}, "Overall": {"Accuracy": 0.8974708783712877, "Sensitivity": 0.9492834444144088, "Specificity": 0.8954941347041564, "AUC": 0.9573783304310428}}, "label_names": [[3, 5, 10, 8, 4, 7, 9, 2, 11, 1, 0, 12, 6], [3, 5, 10, 8, 4, 7, 9, 2, 11, 1, 0, 12, 6]]}