{"shared_labels": 13, "perf": [0.08875925093889236, 0.9786476492881775], "metrics": {"Label_0": {"Optimal Threshold": 0.029874136671423912, "Accuracy": 0.8908594815825375, "Sensitivity": 0.9130434782608695, "Specificity": 0.8885542168674698, "AUC": 0.9678278330714161}, "Label_1": {"Optimal Threshold": 0.04860752075910568, "Accuracy": 0.9508867667121419, "Sensitivity": 0.9482758620689655, "Specificity": 0.9511111111111111, "AUC": 0.9883269476372925}, "Label_2": {"Optimal Threshold": 0.35493478178977966, "Accuracy": 0.9195088676671214, "Sensitivity": 0.9429824561403509, "Specificity": 0.9089108910891089, "AUC": 0.9746308841410458}, "Label_3": {"Optimal Threshold": 0.40422043204307556, "Accuracy": 0.9236016371077762, "Sensitivity": 0.9411764705882353, "Specificity": 0.916015625, "AUC": 0.9772695135746606}, "Label_4": {"Optimal Threshold": 0.03486444056034088, "Accuracy": 0.9549795361527967, "Sensitivity": 0.8571428571428571, "Specificity": 0.9559228650137741, "AUC": 0.9586776859504132}, "Label_5": {"Optimal Threshold": 0.0048889280296862125, "Accuracy": 0.7653478854024557, "Sensitivity": 1.0, "Specificity": 0.7637362637362637, "AUC": 0.9354395604395604}, "Label_6": {"Optimal Threshold": 0.011479641310870647, "Accuracy": 0.8458390177353342, "Sensitivity": 1.0, "Specificity": 0.8434903047091413, "AUC": 0.9647443968773609}, "Label_7": {"Optimal Threshold": 0.16428394615650177, "Accuracy": 0.9699863574351978, "Sensitivity": 1.0, "Specificity": 0.9672131147540983, "AUC": 0.9935820393250325}, "Label_8": {"Optimal Threshold": 0.005135997664183378, "Accuracy": 0.8076398362892224, "Sensitivity": 1.0, "Specificity": 0.8071135430916553, "AUC": 0.8590971272229823}, "Label_9": {"Optimal Threshold": 0.026897292584180832, "Accuracy": 0.878581173260573, "Sensitivity": 0.90625, "Specificity": 0.8773181169757489, "AUC": 0.9427603423680457}, "Label_10": {"Optimal Threshold": 0.01284797117114067, "Accuracy": 0.7530695770804912, "Sensitivity": 0.9444444444444444, "Specificity": 0.7482517482517482, "AUC": 0.9048174048174048}, "Label_11": {"Optimal Threshold": 0.03965035080909729, "Accuracy": 0.9536152796725784, "Sensitivity": 0.9444444444444444, "Specificity": 0.9538461538461539, "AUC": 0.980963480963481}, "Label_12": {"Optimal Threshold": 0.12118199467658997, "Accuracy": 0.8281036834924966, "Sensitivity": 0.9411764705882353, "Specificity": 0.8196480938416423, "AUC": 0.9445977804611579}, "Overall": {"Accuracy": 0.8801553153531325, "Sensitivity": 0.949148960282954, "Specificity": 0.877010157560609, "AUC": 0.9532873074499887}}, "label_names": [[8, 6, 9, 0, 12, 3, 1, 11, 2, 10, 4, 5, 7], [8, 6, 9, 0, 12, 3, 1, 11, 2, 10, 4, 5, 7]]}