{"shared_labels": 1, "perf": [0.11088605970144272, 0.9672129154205322], "metrics": {"Label_0": {"Optimal Threshold": 0.16266988217830658, "Accuracy": 0.922237380627558, "Sensitivity": 0.8378378378378378, "Specificity": 0.9317147192716236, "AUC": 0.9478735184349751}, "Label_1": {"Optimal Threshold": 0.13763752579689026, "Accuracy": 0.9427012278308322, "Sensitivity": 0.9014084507042254, "Specificity": 0.947129909365559, "AUC": 0.9708948555380622}, "Label_2": {"Optimal Threshold": 0.056185901165008545, "Accuracy": 0.8908594815825375, "Sensitivity": 0.9188034188034188, "Specificity": 0.8777555110220441, "AUC": 0.9627460048301731}, "Label_3": {"Optimal Threshold": 0.07193607091903687, "Accuracy": 0.8990450204638472, "Sensitivity": 0.9247787610619469, "Specificity": 0.8875739644970414, "AUC": 0.9639384894660593}, "Label_4": {"Optimal Threshold": 0.01501389592885971, "Accuracy": 0.897680763983629, "Sensitivity": 1.0, "Specificity": 0.896551724137931, "AUC": 0.9629310344827586}, "Label_5": {"Optimal Threshold": 0.004336532671004534, "Accuracy": 0.8294679399727148, "Sensitivity": 1.0, "Specificity": 0.828060522696011, "AUC": 0.9348922512608895}, "Label_6": {"Optimal Threshold": 0.018540870398283005, "Accuracy": 0.8799454297407913, "Sensitivity": 1.0, "Specificity": 0.879286694101509, "AUC": 0.9276406035665294}, "Label_7": {"Optimal Threshold": 0.01974141038954258, "Accuracy": 0.9399727148703957, "Sensitivity": 0.9523809523809523, "Specificity": 0.9388059701492537, "AUC": 0.9805496327884388}, "Label_8": {"Optimal Threshold": 0.036211103200912476, "Accuracy": 0.9631650750341064, "Sensitivity": 1.0, "Specificity": 0.9629629629629629, "AUC": 0.9883401920438958}, "Label_9": {"Optimal Threshold": 0.05660289525985718, "Accuracy": 0.9181446111869032, "Sensitivity": 0.896551724137931, "Specificity": 0.9190340909090909, "AUC": 0.939900078369906}, "Label_10": {"Optimal Threshold": 0.024500340223312378, "Accuracy": 0.8512960436562074, "Sensitivity": 0.9166666666666666, "Specificity": 0.8502080443828016, "AUC": 0.9251040221914008}, "Label_11": {"Optimal Threshold": 0.010726659558713436, "Accuracy": 0.9167803547066848, "Sensitivity": 0.9565217391304348, "Specificity": 0.9154929577464789, "AUC": 0.9757501530924677}, "Label_12": {"Optimal Threshold": 0.08129897713661194, "Accuracy": 0.9167803547066848, "Sensitivity": 0.8113207547169812, "Specificity": 0.925, "AUC": 0.9182852386237516}, "Overall": {"Accuracy": 0.9052366460279148, "Sensitivity": 0.9320207927261842, "Specificity": 0.9045828516340237, "AUC": 0.9537573903607159}}, "label_names": [[11, 8, 5, 0, 6, 1, 12], [11, 7, 2, 3, 9, 4, 10]]}