{"shared_labels": 1, "perf": [0.09524692595005035, 0.9699445366859436], "metrics": {"Label_0": {"Optimal Threshold": 0.021191932260990143, "Accuracy": 0.8581173260572987, "Sensitivity": 0.9420289855072463, "Specificity": 0.8493975903614458, "AUC": 0.9653614457831325}, "Label_1": {"Optimal Threshold": 0.10788533836603165, "Accuracy": 0.965893587994543, "Sensitivity": 0.9137931034482759, "Specificity": 0.9703703703703703, "AUC": 0.9867432950191571}, "Label_2": {"Optimal Threshold": 0.3903704583644867, "Accuracy": 0.9249658935879945, "Sensitivity": 0.8596491228070176, "Specificity": 0.9544554455445544, "AUC": 0.9657547333680737}, "Label_3": {"Optimal Threshold": 0.14345519244670868, "Accuracy": 0.9167803547066848, "Sensitivity": 0.9230769230769231, "Specificity": 0.9140625, "AUC": 0.96875}, "Label_4": {"Optimal Threshold": 0.004369186237454414, "Accuracy": 0.8403819918144612, "Sensitivity": 1.0, "Specificity": 0.8388429752066116, "AUC": 0.968909878000787}, "Label_5": {"Optimal Threshold": 0.002513784682378173, "Accuracy": 0.8212824010914052, "Sensitivity": 1.0, "Specificity": 0.820054945054945, "AUC": 0.945054945054945}, "Label_6": {"Optimal Threshold": 0.007404622156172991, "Accuracy": 0.8581173260572987, "Sensitivity": 1.0, "Specificity": 0.8559556786703602, "AUC": 0.9587005791991943}, "Label_7": {"Optimal Threshold": 0.09888911247253418, "Accuracy": 0.956343792633015, "Sensitivity": 1.0, "Specificity": 0.9523099850968704, "AUC": 0.9917792413826259}, "Label_8": {"Optimal Threshold": 0.002704869257286191, "Accuracy": 0.8376534788540245, "Sensitivity": 1.0, "Specificity": 0.8372093023255814, "AUC": 0.8488372093023255}, "Label_9": {"Optimal Threshold": 0.021921077743172646, "Accuracy": 0.8854024556616644, "Sensitivity": 0.90625, "Specificity": 0.884450784593438, "AUC": 0.9453013552068473}, "Label_10": {"Optimal Threshold": 0.01310428325086832, "Accuracy": 0.8049113233287858, "Sensitivity": 0.8888888888888888, "Specificity": 0.8027972027972028, "AUC": 0.9111888111888112}, "Label_11": {"Optimal Threshold": 0.030105503275990486, "Accuracy": 0.9085948158253752, "Sensitivity": 1.0, "Specificity": 0.9062937062937063, "AUC": 0.982983682983683}, "Label_12": {"Optimal Threshold": 0.027766387909650803, "Accuracy": 0.7585266030013642, "Sensitivity": 0.9803921568627451, "Specificity": 0.7419354838709677, "AUC": 0.9319763095854177}, "Overall": {"Accuracy": 0.8720747192779934, "Sensitivity": 0.9549291677377768, "Specificity": 0.8713950746296965, "AUC": 0.951641652775}}, "label_names": [[1, 8, 2, 11, 4, 3, 9], [1, 6, 7, 10, 12, 0, 5]]}