{"shared_labels": 6, "perf": [0.09087937325239182, 0.9749292135238647], "metrics": {"Label_0": {"Optimal Threshold": 0.08964589238166809, "Accuracy": 0.9495225102319236, "Sensitivity": 0.8115942028985508, "Specificity": 0.963855421686747, "AUC": 0.9566308713113322}, "Label_1": {"Optimal Threshold": 0.09402068704366684, "Accuracy": 0.9727148703956344, "Sensitivity": 0.9310344827586207, "Specificity": 0.9762962962962963, "AUC": 0.9846487867177522}, "Label_2": {"Optimal Threshold": 0.18422159552574158, "Accuracy": 0.9154160982264665, "Sensitivity": 0.9078947368421053, "Specificity": 0.9188118811881189, "AUC": 0.9685860691332291}, "Label_3": {"Optimal Threshold": 0.2222745567560196, "Accuracy": 0.9290586630286494, "Sensitivity": 0.9049773755656109, "Specificity": 0.939453125, "AUC": 0.975431278280543}, "Label_4": {"Optimal Threshold": 0.0022946561221033335, "Accuracy": 0.8717598908594816, "Sensitivity": 1.0, "Specificity": 0.8705234159779615, "AUC": 0.9799291617473436}, "Label_5": {"Optimal Threshold": 0.09749098867177963, "Accuracy": 0.990450204638472, "Sensitivity": 0.8, "Specificity": 0.9917582417582418, "AUC": 0.9543956043956043}, "Label_6": {"Optimal Threshold": 0.013531123287975788, "Accuracy": 0.922237380627558, "Sensitivity": 1.0, "Specificity": 0.9210526315789473, "AUC": 0.9817426340972046}, "Label_7": {"Optimal Threshold": 0.1425236016511917, "Accuracy": 0.9672578444747613, "Sensitivity": 1.0, "Specificity": 0.9642324888226528, "AUC": 0.9925965097831835}, "Label_8": {"Optimal Threshold": 0.008027671836316586, "Accuracy": 0.9045020463847203, "Sensitivity": 1.0, "Specificity": 0.9042407660738714, "AUC": 0.9090287277701778}, "Label_9": {"Optimal Threshold": 0.026722218841314316, "Accuracy": 0.9154160982264665, "Sensitivity": 0.9375, "Specificity": 0.9144079885877318, "AUC": 0.9547075606276747}, "Label_10": {"Optimal Threshold": 0.007062597665935755, "Accuracy": 0.7680763983628922, "Sensitivity": 0.8888888888888888, "Specificity": 0.765034965034965, "AUC": 0.8790209790209791}, "Label_11": {"Optimal Threshold": 0.009993774816393852, "Accuracy": 0.9085948158253752, "Sensitivity": 0.9444444444444444, "Specificity": 0.9076923076923077, "AUC": 0.962004662004662}, "Label_12": {"Optimal Threshold": 0.04229320213198662, "Accuracy": 0.8390177353342428, "Sensitivity": 0.9411764705882353, "Specificity": 0.8313782991202346, "AUC": 0.9539416939796447}, "Overall": {"Accuracy": 0.911848042816665, "Sensitivity": 0.9282700463066506, "Specificity": 0.9129798329860059, "AUC": 0.9578972722207175}}, "label_names": [[12, 5, 9, 8, 7, 4, 3, 0, 2, 10], [12, 5, 9, 8, 7, 4, 11, 1, 6]]}