{"shared_labels": 13, "perf": [0.08888573199510574, 0.9753616452217102], "metrics": {"Label_0": {"Optimal Threshold": 0.1788504421710968, "Accuracy": 0.937244201909959, "Sensitivity": 0.9315068493150684, "Specificity": 0.9378787878787879, "AUC": 0.9793690327936904}, "Label_1": {"Optimal Threshold": 0.044066160917282104, "Accuracy": 0.9058663028649386, "Sensitivity": 0.9850746268656716, "Specificity": 0.8978978978978979, "AUC": 0.98559006767962}, "Label_2": {"Optimal Threshold": 0.1995237022638321, "Accuracy": 0.9072305593451568, "Sensitivity": 0.9389671361502347, "Specificity": 0.8942307692307693, "AUC": 0.9695287107258939}, "Label_3": {"Optimal Threshold": 0.19842523336410522, "Accuracy": 0.91268758526603, "Sensitivity": 0.9516908212560387, "Specificity": 0.8973384030418251, "AUC": 0.97383405888944}, "Label_4": {"Optimal Threshold": 0.022572064772248268, "Accuracy": 0.9167803547066848, "Sensitivity": 0.8333333333333334, "Specificity": 0.9174690508940853, "AUC": 0.8915635029802843}, "Label_5": {"Optimal Threshold": 0.0005325936363078654, "Accuracy": 0.713506139154161, "Sensitivity": 1.0, "Specificity": 0.7119341563786008, "AUC": 0.9039780521262002}, "Label_6": {"Optimal Threshold": 0.019618088379502296, "Accuracy": 0.9304229195088677, "Sensitivity": 1.0, "Specificity": 0.9296551724137931, "AUC": 0.973448275862069}, "Label_7": {"Optimal Threshold": 0.06719738245010376, "Accuracy": 0.9686221009549796, "Sensitivity": 0.9076923076923077, "Specificity": 0.9745508982035929, "AUC": 0.9811607554122524}, "Label_8": {"Optimal Threshold": 0.025099674239754677, "Accuracy": 0.9686221009549796, "Sensitivity": 1.0, "Specificity": 0.9682758620689655, "AUC": 0.9839655172413794}, "Label_9": {"Optimal Threshold": 0.08807651698589325, "Accuracy": 0.9454297407912687, "Sensitivity": 0.9333333333333333, "Specificity": 0.9459459459459459, "AUC": 0.9788525367472736}, "Label_10": {"Optimal Threshold": 0.0529312863945961, "Accuracy": 0.9058663028649386, "Sensitivity": 1.0, "Specificity": 0.9042995839112344, "AUC": 0.9638233934350439}, "Label_11": {"Optimal Threshold": 0.042251039296388626, "Accuracy": 0.9549795361527967, "Sensitivity": 1.0, "Specificity": 0.9539748953974896, "AUC": 0.9808228730822873}, "Label_12": {"Optimal Threshold": 0.1004287376999855, "Accuracy": 0.8799454297407913, "Sensitivity": 0.7735849056603774, "Specificity": 0.888235294117647, "AUC": 0.8977247502774695}, "Overall": {"Accuracy": 0.9113233287858117, "Sensitivity": 0.9427064087389513, "Specificity": 0.9093605167215872, "AUC": 0.9587431944040696}}, "label_names": [[0, 11, 7, 4, 3, 9, 12, 10, 2, 8, 5, 6, 1], [0, 11, 7, 4, 3, 9, 12, 10, 2, 8, 5, 6, 1]]}