{"shared_labels": 13, "perf": [0.08585640043020248, 0.9770366549491882], "metrics": {"Label_0": {"Optimal Threshold": 0.06323149055242538, "Accuracy": 0.869031377899045, "Sensitivity": 0.9565217391304348, "Specificity": 0.8599397590361446, "AUC": 0.9697703858913916}, "Label_1": {"Optimal Threshold": 0.0777910128235817, "Accuracy": 0.9345156889495225, "Sensitivity": 0.9655172413793104, "Specificity": 0.9318518518518518, "AUC": 0.9881481481481482}, "Label_2": {"Optimal Threshold": 0.23142856359481812, "Accuracy": 0.9208731241473397, "Sensitivity": 0.9254385964912281, "Specificity": 0.9188118811881189, "AUC": 0.9736842105263158}, "Label_3": {"Optimal Threshold": 0.3047778606414795, "Accuracy": 0.9331514324693042, "Sensitivity": 0.9276018099547512, "Specificity": 0.935546875, "AUC": 0.9757936227375565}, "Label_4": {"Optimal Threshold": 0.02493174374103546, "Accuracy": 0.927694406548431, "Sensitivity": 0.8571428571428571, "Specificity": 0.928374655647383, "AUC": 0.9555293191656828}, "Label_5": {"Optimal Threshold": 0.05991709604859352, "Accuracy": 0.9672578444747613, "Sensitivity": 0.8, "Specificity": 0.9684065934065934, "AUC": 0.9409340659340659}, "Label_6": {"Optimal Threshold": 0.014476886950433254, "Accuracy": 0.8826739427012278, "Sensitivity": 1.0, "Specificity": 0.8808864265927978, "AUC": 0.974691513472677}, "Label_7": {"Optimal Threshold": 0.14477434754371643, "Accuracy": 0.965893587994543, "Sensitivity": 1.0, "Specificity": 0.96274217585693, "AUC": 0.9933416662660449}, "Label_8": {"Optimal Threshold": 0.003882764605805278, "Accuracy": 0.8076398362892224, "Sensitivity": 1.0, "Specificity": 0.8071135430916553, "AUC": 0.8378932968536252}, "Label_9": {"Optimal Threshold": 0.06025140732526779, "Accuracy": 0.9113233287858117, "Sensitivity": 0.90625, "Specificity": 0.9115549215406562, "AUC": 0.9501604850213979}, "Label_10": {"Optimal Threshold": 0.012265411205589771, "Accuracy": 0.7694406548431105, "Sensitivity": 0.8888888888888888, "Specificity": 0.7664335664335664, "AUC": 0.899067599067599}, "Label_11": {"Optimal Threshold": 0.02505377121269703, "Accuracy": 0.9181446111869032, "Sensitivity": 1.0, "Specificity": 0.916083916083916, "AUC": 0.981118881118881}, "Label_12": {"Optimal Threshold": 0.059684962034225464, "Accuracy": 0.82537517053206, "Sensitivity": 0.9019607843137255, "Specificity": 0.8196480938416423, "AUC": 0.9382439192685871}, "Overall": {"Accuracy": 0.894847308217022, "Sensitivity": 0.9330247628693228, "Specificity": 0.8928764815054813, "AUC": 0.9521828548824595}}, "label_names": [[7, 0, 12, 4, 1, 9, 3, 2, 11, 5, 8, 10, 6], [7, 0, 12, 4, 1, 9, 3, 2, 11, 5, 8, 10, 6]]}