{"shared_labels": 6, "perf": [0.09185206890106201, 0.975252628326416], "metrics": {"Label_0": {"Optimal Threshold": 0.2857598066329956, "Accuracy": 0.9454297407912687, "Sensitivity": 0.8170731707317073, "Specificity": 0.9615975422427036, "AUC": 0.9589000037465812}, "Label_1": {"Optimal Threshold": 0.11728044599294662, "Accuracy": 0.9386084583901774, "Sensitivity": 0.9375, "Specificity": 0.9387144992526159, "AUC": 0.9798906950672646}, "Label_2": {"Optimal Threshold": 0.3411114811897278, "Accuracy": 0.9167803547066848, "Sensitivity": 0.9227642276422764, "Specificity": 0.9137577002053389, "AUC": 0.9702091784778217}, "Label_3": {"Optimal Threshold": 0.4359374940395355, "Accuracy": 0.9263301500682128, "Sensitivity": 0.899581589958159, "Specificity": 0.9392712550607287, "AUC": 0.9721257601680415}, "Label_4": {"Optimal Threshold": 0.05222254991531372, "Accuracy": 0.9454297407912687, "Sensitivity": 1.0, "Specificity": 0.9449793672627235, "AUC": 0.9759284731774416}, "Label_5": {"Optimal Threshold": 0.037427183240652084, "Accuracy": 0.9549795361527967, "Sensitivity": 1.0, "Specificity": 0.9546703296703297, "AUC": 0.9868131868131869}, "Label_6": {"Optimal Threshold": 0.21114574372768402, "Accuracy": 0.9877216916780355, "Sensitivity": 1.0, "Specificity": 0.9876373626373627, "AUC": 0.9958791208791209}, "Label_7": {"Optimal Threshold": 0.080644391477108, "Accuracy": 0.9440654843110505, "Sensitivity": 1.0, "Specificity": 0.9398826979472141, "AUC": 0.9912598470473233}, "Label_8": {"Optimal Threshold": 0.054248616099357605, "Accuracy": 0.9699863574351978, "Sensitivity": 1.0, "Specificity": 0.9698216735253772, "AUC": 0.9897119341563786}, "Label_9": {"Optimal Threshold": 0.06475988030433655, "Accuracy": 0.9045020463847203, "Sensitivity": 0.896551724137931, "Specificity": 0.9048295454545454, "AUC": 0.9540066614420063}, "Label_10": {"Optimal Threshold": 0.047037556767463684, "Accuracy": 0.897680763983629, "Sensitivity": 0.8888888888888888, "Specificity": 0.8979020979020979, "AUC": 0.94009324009324}, "Label_11": {"Optimal Threshold": 0.04596434161067009, "Accuracy": 0.9017735334242838, "Sensitivity": 1.0, "Specificity": 0.9, "AUC": 0.9800213675213675}, "Label_12": {"Optimal Threshold": 0.07834196090698242, "Accuracy": 0.82537517053206, "Sensitivity": 0.7647058823529411, "Specificity": 0.8299120234604106, "AUC": 0.8704789833822092}, "Overall": {"Accuracy": 0.9275894637422605, "Sensitivity": 0.9328511910547618, "Specificity": 0.9294596995862652, "AUC": 0.9665629578439987}}, "label_names": [[1, 5, 0, 8, 2, 4, 10, 6, 11, 9], [1, 5, 0, 8, 2, 4, 12, 7, 3]]}