{"shared_labels": 6, "perf": [0.09094943106174469, 0.9744564890861511], "metrics": {"Label_0": {"Optimal Threshold": 0.0585743673145771, "Accuracy": 0.9154160982264665, "Sensitivity": 0.927536231884058, "Specificity": 0.9141566265060241, "AUC": 0.9728042605203423}, "Label_1": {"Optimal Threshold": 0.0759342759847641, "Accuracy": 0.956343792633015, "Sensitivity": 0.9655172413793104, "Specificity": 0.9555555555555556, "AUC": 0.9869220945083014}, "Label_2": {"Optimal Threshold": 0.4617915451526642, "Accuracy": 0.9331514324693042, "Sensitivity": 0.9122807017543859, "Specificity": 0.9425742574257425, "AUC": 0.9742921660587112}, "Label_3": {"Optimal Threshold": 0.2696341276168823, "Accuracy": 0.9263301500682128, "Sensitivity": 0.9366515837104072, "Specificity": 0.921875, "AUC": 0.9759792138009049}, "Label_4": {"Optimal Threshold": 0.00416324008256197, "Accuracy": 0.7762619372442019, "Sensitivity": 1.0, "Specificity": 0.7741046831955923, "AUC": 0.9541519086973633}, "Label_5": {"Optimal Threshold": 0.0024856203235685825, "Accuracy": 0.7789904502046384, "Sensitivity": 1.0, "Specificity": 0.7774725274725275, "AUC": 0.9491758241758241}, "Label_6": {"Optimal Threshold": 0.008202780969440937, "Accuracy": 0.869031377899045, "Sensitivity": 1.0, "Specificity": 0.8670360110803325, "AUC": 0.9717955175018886}, "Label_7": {"Optimal Threshold": 0.15747524797916412, "Accuracy": 0.9699863574351978, "Sensitivity": 1.0, "Specificity": 0.9672131147540983, "AUC": 0.9932455170424499}, "Label_8": {"Optimal Threshold": 0.00414248276501894, "Accuracy": 0.8076398362892224, "Sensitivity": 1.0, "Specificity": 0.8071135430916553, "AUC": 0.86593707250342}, "Label_9": {"Optimal Threshold": 0.11622025072574615, "Accuracy": 0.9072305593451568, "Sensitivity": 0.875, "Specificity": 0.9087018544935807, "AUC": 0.9443651925820256}, "Label_10": {"Optimal Threshold": 0.01551159005612135, "Accuracy": 0.7680763983628922, "Sensitivity": 0.8888888888888888, "Specificity": 0.765034965034965, "AUC": 0.85003885003885}, "Label_11": {"Optimal Threshold": 0.031112441793084145, "Accuracy": 0.927694406548431, "Sensitivity": 0.9444444444444444, "Specificity": 0.9272727272727272, "AUC": 0.9463869463869463}, "Label_12": {"Optimal Threshold": 0.23269471526145935, "Accuracy": 0.897680763983629, "Sensitivity": 0.7450980392156863, "Specificity": 0.9090909090909091, "AUC": 0.9079983899718245}, "Overall": {"Accuracy": 0.8795256585161089, "Sensitivity": 0.9381090100982448, "Specificity": 0.8797847519210548, "AUC": 0.9456225349068349}}, "label_names": [[6, 3, 7, 2, 5, 0, 8, 9, 1, 4], [6, 3, 7, 2, 5, 0, 12, 11, 10]]}