{"shared_labels": 7, "perf": [0.08616305142641068, 0.9774148464202881], "metrics": {"Label_0": {"Optimal Threshold": 0.04247475787997246, "Accuracy": 0.8813096862210096, "Sensitivity": 0.927536231884058, "Specificity": 0.8765060240963856, "AUC": 0.962240265409464}, "Label_1": {"Optimal Threshold": 0.099260114133358, "Accuracy": 0.9590723055934516, "Sensitivity": 0.9482758620689655, "Specificity": 0.96, "AUC": 0.9899361430395913}, "Label_2": {"Optimal Threshold": 0.41050437092781067, "Accuracy": 0.927694406548431, "Sensitivity": 0.9078947368421053, "Specificity": 0.9366336633663367, "AUC": 0.9738058016327948}, "Label_3": {"Optimal Threshold": 0.28734663128852844, "Accuracy": 0.9263301500682128, "Sensitivity": 0.9276018099547512, "Specificity": 0.92578125, "AUC": 0.9762001555429864}, "Label_4": {"Optimal Threshold": 0.05618233606219292, "Accuracy": 0.9686221009549796, "Sensitivity": 0.8571428571428571, "Specificity": 0.9696969696969697, "AUC": 0.9606454151908697}, "Label_5": {"Optimal Threshold": 0.04812675341963768, "Accuracy": 0.9713506139154161, "Sensitivity": 0.8, "Specificity": 0.9725274725274725, "AUC": 0.9269230769230768}, "Label_6": {"Optimal Threshold": 0.023867396637797356, "Accuracy": 0.9154160982264665, "Sensitivity": 1.0, "Specificity": 0.9141274238227147, "AUC": 0.9775875094434651}, "Label_7": {"Optimal Threshold": 0.20633170008659363, "Accuracy": 0.975443383356071, "Sensitivity": 1.0, "Specificity": 0.9731743666169895, "AUC": 0.9944233450314889}, "Label_8": {"Optimal Threshold": 0.005172977689653635, "Accuracy": 0.8267394270122783, "Sensitivity": 1.0, "Specificity": 0.826265389876881, "AUC": 0.8563611491108072}, "Label_9": {"Optimal Threshold": 0.024714332073926926, "Accuracy": 0.8622100954979536, "Sensitivity": 0.90625, "Specificity": 0.8601997146932953, "AUC": 0.9443651925820257}, "Label_10": {"Optimal Threshold": 0.06658367812633514, "Accuracy": 0.922237380627558, "Sensitivity": 0.7222222222222222, "Specificity": 0.9272727272727272, "AUC": 0.8982905982905983}, "Label_11": {"Optimal Threshold": 0.02537057176232338, "Accuracy": 0.9236016371077762, "Sensitivity": 1.0, "Specificity": 0.9216783216783216, "AUC": 0.9819735819735821}, "Label_12": {"Optimal Threshold": 0.055000122636556625, "Accuracy": 0.8321964529331515, "Sensitivity": 0.9019607843137255, "Specificity": 0.8269794721407625, "AUC": 0.9442527744235524}, "Overall": {"Accuracy": 0.9147864413894429, "Sensitivity": 0.9152988080329757, "Specificity": 0.9146802150606811, "AUC": 0.9528465391226386}}, "label_names": [[8, 12, 11, 1, 6, 2, 3, 4, 7, 9], [8, 12, 11, 1, 6, 2, 3, 5, 0, 10]]}