{"shared_labels": 7, "perf": [0.0918227955698967, 0.9752630591392517], "metrics": {"Label_0": {"Optimal Threshold": 0.09383021295070648, "Accuracy": 0.9195088676671214, "Sensitivity": 0.8924731182795699, "Specificity": 0.9234375, "AUC": 0.9679771505376344}, "Label_1": {"Optimal Threshold": 0.16600573062896729, "Accuracy": 0.965893587994543, "Sensitivity": 0.9466666666666667, "Specificity": 0.9680851063829787, "AUC": 0.9881053698074975}, "Label_2": {"Optimal Threshold": 0.14494982361793518, "Accuracy": 0.9304229195088677, "Sensitivity": 0.9367588932806324, "Specificity": 0.9270833333333334, "AUC": 0.9759963768115941}, "Label_3": {"Optimal Threshold": 0.09137827903032303, "Accuracy": 0.9236016371077762, "Sensitivity": 0.9545454545454546, "Specificity": 0.9083503054989817, "AUC": 0.9768982175018095}, "Label_4": {"Optimal Threshold": 0.001014070468954742, "Accuracy": 0.8021828103683493, "Sensitivity": 0.9, "Specificity": 0.8008298755186722, "AUC": 0.8973720608575381}, "Label_5": {"Optimal Threshold": 0.001999477855861187, "Accuracy": 0.7653478854024557, "Sensitivity": 1.0, "Specificity": 0.7630853994490359, "AUC": 0.9228650137741047}, "Label_6": {"Optimal Threshold": 0.02640194073319435, "Accuracy": 0.9481582537517054, "Sensitivity": 1.0, "Specificity": 0.9478021978021978, "AUC": 0.9829670329670329}, "Label_7": {"Optimal Threshold": 0.028055284172296524, "Accuracy": 0.9508867667121419, "Sensitivity": 0.9682539682539683, "Specificity": 0.9492537313432836, "AUC": 0.986377635631367}, "Label_8": {"Optimal Threshold": 0.003144776914268732, "Accuracy": 0.8281036834924966, "Sensitivity": 1.0, "Specificity": 0.8266850068775791, "AUC": 0.9509399358092617}, "Label_9": {"Optimal Threshold": 0.052641239017248154, "Accuracy": 0.9099590723055935, "Sensitivity": 0.9615384615384616, "Specificity": 0.9080622347949081, "AUC": 0.9775867696659777}, "Label_10": {"Optimal Threshold": 0.036380376666784286, "Accuracy": 0.8867667121418826, "Sensitivity": 0.8461538461538461, "Specificity": 0.8875, "AUC": 0.9223290598290599}, "Label_11": {"Optimal Threshold": 0.047540441155433655, "Accuracy": 0.9508867667121419, "Sensitivity": 1.0, "Specificity": 0.9497206703910615, "AUC": 0.9848833388103845}, "Label_12": {"Optimal Threshold": 0.2711867690086365, "Accuracy": 0.9154160982264665, "Sensitivity": 0.8333333333333334, "Specificity": 0.9219440353460973, "AUC": 0.9437626138657067}, "Overall": {"Accuracy": 0.8997796201070417, "Sensitivity": 0.9415172109270719, "Specificity": 0.8986030305183176, "AUC": 0.9598508135283821}}, "label_names": [[2, 1, 12, 10, 7, 9, 6, 0, 11, 3], [2, 1, 12, 10, 7, 9, 6, 5, 8, 4]]}