{"shared_labels": 12, "perf": [0.08789415657520294, 0.976983904838562], "metrics": {"Label_0": {"Optimal Threshold": 0.05243850126862526, "Accuracy": 0.9058663028649386, "Sensitivity": 0.8928571428571429, "Specificity": 0.9075500770416025, "AUC": 0.9538300682368478}, "Label_1": {"Optimal Threshold": 0.0460384376347065, "Accuracy": 0.927694406548431, "Sensitivity": 0.9420289855072463, "Specificity": 0.9262048192771084, "AUC": 0.983695652173913}, "Label_2": {"Optimal Threshold": 0.2504626512527466, "Accuracy": 0.9167803547066848, "Sensitivity": 0.9216589861751152, "Specificity": 0.9147286821705426, "AUC": 0.9718233129710999}, "Label_3": {"Optimal Threshold": 0.19702032208442688, "Accuracy": 0.8922237380627558, "Sensitivity": 0.941747572815534, "Specificity": 0.872865275142315, "AUC": 0.9696578913431956}, "Label_4": {"Optimal Threshold": 0.008967540226876736, "Accuracy": 0.8935879945429741, "Sensitivity": 1.0, "Specificity": 0.8928571428571429, "AUC": 0.9631868131868132}, "Label_5": {"Optimal Threshold": 0.0019130826694890857, "Accuracy": 0.8130968622100955, "Sensitivity": 1.0, "Specificity": 0.8118131868131868, "AUC": 0.9431318681318681}, "Label_6": {"Optimal Threshold": 0.1148664802312851, "Accuracy": 0.9795361527967258, "Sensitivity": 1.0, "Specificity": 0.9793672627235214, "AUC": 0.9908298945437873}, "Label_7": {"Optimal Threshold": 0.18396791815757751, "Accuracy": 0.9836289222373806, "Sensitivity": 0.9836065573770492, "Specificity": 0.9836309523809523, "AUC": 0.991486143637783}, "Label_8": {"Optimal Threshold": 0.009077904745936394, "Accuracy": 0.9154160982264665, "Sensitivity": 1.0, "Specificity": 0.9144827586206896, "AUC": 0.9748275862068966}, "Label_9": {"Optimal Threshold": 0.08283039182424545, "Accuracy": 0.9331514324693042, "Sensitivity": 0.9354838709677419, "Specificity": 0.9330484330484331, "AUC": 0.9803326900101095}, "Label_10": {"Optimal Threshold": 0.010967005975544453, "Accuracy": 0.7612551159618008, "Sensitivity": 1.0, "Specificity": 0.7586206896551724, "AUC": 0.9163793103448276}, "Label_11": {"Optimal Threshold": 0.01921866647899151, "Accuracy": 0.922237380627558, "Sensitivity": 1.0, "Specificity": 0.9194915254237288, "AUC": 0.9827683615819208}, "Label_12": {"Optimal Threshold": 0.11197039484977722, "Accuracy": 0.8703956343792633, "Sensitivity": 0.8947368421052632, "Specificity": 0.8683431952662722, "AUC": 0.9373248209280598}, "Overall": {"Accuracy": 0.90114387658726, "Sensitivity": 0.9624707659850072, "Specificity": 0.8986926154169745, "AUC": 0.9660980317920862}}, "label_names": [[2, 11, 9, 3, 1, 8, 7, 12, 6, 4, 10, 0, 5], [2, 11, 9, 3, 1, 8, 7, 12, 6, 4, 10, 0]]}