{"shared_labels": 12, "perf": [0.08431005477905273, 0.98027104139328], "metrics": {"Label_0": {"Optimal Threshold": 0.05001946911215782, "Accuracy": 0.8581173260572987, "Sensitivity": 0.9710144927536232, "Specificity": 0.8463855421686747, "AUC": 0.9709708398812642}, "Label_1": {"Optimal Threshold": 0.050217825919389725, "Accuracy": 0.9331514324693042, "Sensitivity": 0.9655172413793104, "Specificity": 0.9303703703703704, "AUC": 0.9896296296296296}, "Label_2": {"Optimal Threshold": 0.3828085660934448, "Accuracy": 0.927694406548431, "Sensitivity": 0.9298245614035088, "Specificity": 0.9267326732673268, "AUC": 0.9754038561750912}, "Label_3": {"Optimal Threshold": 0.3948737382888794, "Accuracy": 0.927694406548431, "Sensitivity": 0.9321266968325792, "Specificity": 0.92578125, "AUC": 0.9757582720588236}, "Label_4": {"Optimal Threshold": 0.07249383628368378, "Accuracy": 0.9727148703956344, "Sensitivity": 0.8571428571428571, "Specificity": 0.9738292011019284, "AUC": 0.9641873278236914}, "Label_5": {"Optimal Threshold": 0.048122189939022064, "Accuracy": 0.9645293315143247, "Sensitivity": 0.8, "Specificity": 0.9656593406593407, "AUC": 0.9425824175824176}, "Label_6": {"Optimal Threshold": 0.01237206719815731, "Accuracy": 0.8854024556616644, "Sensitivity": 1.0, "Specificity": 0.8836565096952909, "AUC": 0.9770838579702846}, "Label_7": {"Optimal Threshold": 0.17290915548801422, "Accuracy": 0.9727148703956344, "Sensitivity": 1.0, "Specificity": 0.970193740685544, "AUC": 0.992933032065766}, "Label_8": {"Optimal Threshold": 0.0011514796642586589, "Accuracy": 0.7312414733969986, "Sensitivity": 1.0, "Specificity": 0.7305061559507524, "AUC": 0.7872777017783857}, "Label_9": {"Optimal Threshold": 0.02702385000884533, "Accuracy": 0.8758526603001364, "Sensitivity": 0.9375, "Specificity": 0.8730385164051355, "AUC": 0.9492243223965763}, "Label_10": {"Optimal Threshold": 0.015160195529460907, "Accuracy": 0.7885402455661664, "Sensitivity": 0.8888888888888888, "Specificity": 0.786013986013986, "AUC": 0.9034965034965035}, "Label_11": {"Optimal Threshold": 0.04431407153606415, "Accuracy": 0.9618008185538881, "Sensitivity": 0.9444444444444444, "Specificity": 0.9622377622377623, "AUC": 0.97995337995338}, "Label_12": {"Optimal Threshold": 0.05207225680351257, "Accuracy": 0.8431105047748977, "Sensitivity": 0.9019607843137255, "Specificity": 0.8387096774193549, "AUC": 0.9464665631648554}, "Overall": {"Accuracy": 0.8955819078602162, "Sensitivity": 0.9329553820891492, "Specificity": 0.8933165173827281, "AUC": 0.9503821310751286}}, "label_names": [[8, 10, 11, 12, 0, 9, 1, 4, 5, 6, 7, 2, 3], [8, 10, 11, 12, 0, 9, 1, 4, 5, 6, 7, 2]]}