{"shared_labels": 12, "perf": [0.09810381382703781, 0.9736051559448242], "metrics": {"Label_0": {"Optimal Threshold": 0.4079374670982361, "Accuracy": 0.9590723055934516, "Sensitivity": 0.8571428571428571, "Specificity": 0.9710365853658537, "AUC": 0.9668197656002534}, "Label_1": {"Optimal Threshold": 0.19465339183807373, "Accuracy": 0.9618008185538881, "Sensitivity": 0.9315068493150684, "Specificity": 0.9651515151515152, "AUC": 0.9836031548360316}, "Label_2": {"Optimal Threshold": 0.3750257194042206, "Accuracy": 0.9072305593451568, "Sensitivity": 0.8991935483870968, "Specificity": 0.911340206185567, "AUC": 0.9628616561356834}, "Label_3": {"Optimal Threshold": 0.3551551401615143, "Accuracy": 0.91268758526603, "Sensitivity": 0.9083333333333333, "Specificity": 0.9148073022312373, "AUC": 0.9684161595672752}, "Label_4": {"Optimal Threshold": 0.006773865316063166, "Accuracy": 0.844474761255116, "Sensitivity": 1.0, "Specificity": 0.8425414364640884, "AUC": 0.9713014119091467}, "Label_5": {"Optimal Threshold": 0.012346601113677025, "Accuracy": 0.8908594815825375, "Sensitivity": 1.0, "Specificity": 0.8901098901098901, "AUC": 0.9563186813186814}, "Label_6": {"Optimal Threshold": 0.017055561766028404, "Accuracy": 0.9208731241473397, "Sensitivity": 1.0, "Specificity": 0.9203296703296703, "AUC": 0.9799450549450549}, "Label_7": {"Optimal Threshold": 0.26688352227211, "Accuracy": 0.9727148703956344, "Sensitivity": 0.9206349206349206, "Specificity": 0.9776119402985075, "AUC": 0.9796019900497512}, "Label_8": {"Optimal Threshold": 0.011090366169810295, "Accuracy": 0.9290586630286494, "Sensitivity": 1.0, "Specificity": 0.9282758620689655, "AUC": 0.9775862068965517}, "Label_9": {"Optimal Threshold": 0.040699999779462814, "Accuracy": 0.8744884038199181, "Sensitivity": 0.96875, "Specificity": 0.8701854493580599, "AUC": 0.9572039942938659}, "Label_10": {"Optimal Threshold": 0.011699233204126358, "Accuracy": 0.7639836289222374, "Sensitivity": 0.8, "Specificity": 0.7632311977715878, "AUC": 0.832033426183844}, "Label_11": {"Optimal Threshold": 0.04343219846487045, "Accuracy": 0.9631650750341064, "Sensitivity": 1.0, "Specificity": 0.9622905027932961, "AUC": 0.9897305290831416}, "Label_12": {"Optimal Threshold": 0.05737168714404106, "Accuracy": 0.7680763983628922, "Sensitivity": 0.9285714285714286, "Specificity": 0.7548005908419497, "AUC": 0.914354294154885}, "Overall": {"Accuracy": 0.8975758211774583, "Sensitivity": 0.9395486874911312, "Specificity": 0.8978240114592453, "AUC": 0.956905871151859}}, "label_names": [[9, 3, 11, 2, 8, 7, 5, 6, 4, 1, 12, 0, 10], [9, 3, 11, 2, 8, 7, 5, 6, 4, 1, 12, 0]]}