{"shared_labels": 12, "perf": [0.08852836489677429, 0.9789136648178101], "metrics": {"Label_0": {"Optimal Threshold": 0.1887027621269226, "Accuracy": 0.9536152796725784, "Sensitivity": 0.8405797101449275, "Specificity": 0.9653614457831325, "AUC": 0.9686572376462371}, "Label_1": {"Optimal Threshold": 0.058130379766225815, "Accuracy": 0.9427012278308322, "Sensitivity": 0.9655172413793104, "Specificity": 0.9407407407407408, "AUC": 0.9876883780332056}, "Label_2": {"Optimal Threshold": 0.37232673168182373, "Accuracy": 0.9154160982264665, "Sensitivity": 0.9429824561403509, "Specificity": 0.902970297029703, "AUC": 0.9733976029181866}, "Label_3": {"Optimal Threshold": 0.5771862864494324, "Accuracy": 0.931787175989086, "Sensitivity": 0.9276018099547512, "Specificity": 0.93359375, "AUC": 0.9759968891402715}, "Label_4": {"Optimal Threshold": 0.05476580932736397, "Accuracy": 0.9699863574351978, "Sensitivity": 0.8571428571428571, "Specificity": 0.9710743801652892, "AUC": 0.9637937819756001}, "Label_5": {"Optimal Threshold": 0.031748924404382706, "Accuracy": 0.9495225102319236, "Sensitivity": 0.8, "Specificity": 0.9505494505494505, "AUC": 0.9351648351648352}, "Label_6": {"Optimal Threshold": 0.010532509535551071, "Accuracy": 0.8758526603001364, "Sensitivity": 1.0, "Specificity": 0.8739612188365651, "AUC": 0.9743137748677915}, "Label_7": {"Optimal Threshold": 0.09134489297866821, "Accuracy": 0.965893587994543, "Sensitivity": 1.0, "Specificity": 0.96274217585693, "AUC": 0.9935339647132349}, "Label_8": {"Optimal Threshold": 0.0015621872153133154, "Accuracy": 0.7803547066848567, "Sensitivity": 1.0, "Specificity": 0.7797537619699042, "AUC": 0.8242134062927496}, "Label_9": {"Optimal Threshold": 0.024681860581040382, "Accuracy": 0.8949522510231923, "Sensitivity": 0.9375, "Specificity": 0.8930099857346647, "AUC": 0.9519882310984308}, "Label_10": {"Optimal Threshold": 0.013313991948962212, "Accuracy": 0.7871759890859482, "Sensitivity": 0.9444444444444444, "Specificity": 0.7832167832167832, "AUC": 0.9086247086247086}, "Label_11": {"Optimal Threshold": 0.028574837371706963, "Accuracy": 0.9304229195088677, "Sensitivity": 0.9444444444444444, "Specificity": 0.9300699300699301, "AUC": 0.9617715617715618}, "Label_12": {"Optimal Threshold": 0.04246886819601059, "Accuracy": 0.7980900409276944, "Sensitivity": 0.9411764705882353, "Specificity": 0.7873900293255132, "AUC": 0.9427864987637283}, "Overall": {"Accuracy": 0.899674677300871, "Sensitivity": 0.9308761103261016, "Specificity": 0.898033380713739, "AUC": 0.9509177593085033}}, "label_names": [[5, 0, 8, 9, 4, 10, 6, 1, 2, 7, 12, 3, 11], [5, 0, 8, 9, 4, 10, 6, 1, 2, 7, 12, 3]]}