{"shared_labels": 10, "perf": [0.10007491707801819, 0.973839521408081], "metrics": {"Label_0": {"Optimal Threshold": 0.01063293032348156, "Accuracy": 0.8567530695770805, "Sensitivity": 0.9186046511627907, "Specificity": 0.848531684698609, "AUC": 0.9474857122317675}, "Label_1": {"Optimal Threshold": 0.07334458082914352, "Accuracy": 0.9331514324693042, "Sensitivity": 0.9444444444444444, "Specificity": 0.9319213313161876, "AUC": 0.9787149100689191}, "Label_2": {"Optimal Threshold": 0.5182939767837524, "Accuracy": 0.9085948158253752, "Sensitivity": 0.8966942148760331, "Specificity": 0.9144602851323829, "AUC": 0.9645520189863831}, "Label_3": {"Optimal Threshold": 0.3447488844394684, "Accuracy": 0.9099590723055935, "Sensitivity": 0.9484978540772532, "Specificity": 0.892, "AUC": 0.9703862660944206}, "Label_4": {"Optimal Threshold": 0.003174701239913702, "Accuracy": 0.8635743519781719, "Sensitivity": 1.0, "Specificity": 0.8614958448753463, "AUC": 0.970284563082347}, "Label_5": {"Optimal Threshold": 0.001188984839245677, "Accuracy": 0.7407912687585266, "Sensitivity": 1.0, "Specificity": 0.7393689986282579, "AUC": 0.8936899862825789}, "Label_6": {"Optimal Threshold": 0.13696086406707764, "Accuracy": 0.990450204638472, "Sensitivity": 1.0, "Specificity": 0.9904240766073872, "AUC": 0.9945280437756499}, "Label_7": {"Optimal Threshold": 0.022577662020921707, "Accuracy": 0.937244201909959, "Sensitivity": 0.9824561403508771, "Specificity": 0.9334319526627219, "AUC": 0.9867642478978511}, "Label_8": {"Optimal Threshold": 0.006988198962062597, "Accuracy": 0.9236016371077762, "Sensitivity": 1.0, "Specificity": 0.9231824417009602, "AUC": 0.9773662551440329}, "Label_9": {"Optimal Threshold": 0.02352566085755825, "Accuracy": 0.8922237380627558, "Sensitivity": 1.0, "Specificity": 0.8879432624113475, "AUC": 0.9757345491388045}, "Label_10": {"Optimal Threshold": 0.012612768448889256, "Accuracy": 0.819918144611187, "Sensitivity": 0.8666666666666667, "Specificity": 0.8189415041782729, "AUC": 0.8895078922934077}, "Label_11": {"Optimal Threshold": 0.019329234957695007, "Accuracy": 0.9508867667121419, "Sensitivity": 0.9444444444444444, "Specificity": 0.951048951048951, "AUC": 0.9851592851592851}, "Label_12": {"Optimal Threshold": 0.05736083164811134, "Accuracy": 0.8540245566166439, "Sensitivity": 0.85, "Specificity": 0.8543833580980683, "AUC": 0.9142397226349678}, "Overall": {"Accuracy": 0.8908594815825374, "Sensitivity": 0.9501391089248086, "Specificity": 0.8882410531814227, "AUC": 0.9575702655992627}}, "label_names": [[3, 9, 5, 12, 6, 10, 7, 11, 8, 4, 1, 2], [3, 9, 5, 12, 6, 10, 7, 11, 8, 4, 0]]}