{"shared_labels": 10, "perf": [0.08812475949525833, 0.976347804069519], "metrics": {"Label_0": {"Optimal Threshold": 0.09521479159593582, "Accuracy": 0.9304229195088677, "Sensitivity": 0.8840579710144928, "Specificity": 0.9352409638554217, "AUC": 0.9675659158372621}, "Label_1": {"Optimal Threshold": 0.031484078615903854, "Accuracy": 0.9154160982264665, "Sensitivity": 0.9827586206896551, "Specificity": 0.9096296296296297, "AUC": 0.987713920817369}, "Label_2": {"Optimal Threshold": 0.5058618783950806, "Accuracy": 0.9304229195088677, "Sensitivity": 0.8991228070175439, "Specificity": 0.9445544554455445, "AUC": 0.9731631057842627}, "Label_3": {"Optimal Threshold": 0.3563999831676483, "Accuracy": 0.9236016371077762, "Sensitivity": 0.9230769230769231, "Specificity": 0.923828125, "AUC": 0.9754577912895928}, "Label_4": {"Optimal Threshold": 0.029538817703723907, "Accuracy": 0.9290586630286494, "Sensitivity": 0.8571428571428571, "Specificity": 0.9297520661157025, "AUC": 0.9567099567099567}, "Label_5": {"Optimal Threshold": 0.003878921503201127, "Accuracy": 0.7980900409276944, "Sensitivity": 1.0, "Specificity": 0.7967032967032966, "AUC": 0.9222527472527472}, "Label_6": {"Optimal Threshold": 0.027464749291539192, "Accuracy": 0.9263301500682128, "Sensitivity": 0.9090909090909091, "Specificity": 0.9265927977839336, "AUC": 0.9642407454041803}, "Label_7": {"Optimal Threshold": 0.19212783873081207, "Accuracy": 0.9740791268758526, "Sensitivity": 1.0, "Specificity": 0.9716840536512668, "AUC": 0.992933032065766}, "Label_8": {"Optimal Threshold": 0.0014137292746454477, "Accuracy": 0.6971350613915416, "Sensitivity": 1.0, "Specificity": 0.6963064295485636, "AUC": 0.7489740082079344}, "Label_9": {"Optimal Threshold": 0.10261952131986618, "Accuracy": 0.9345156889495225, "Sensitivity": 0.84375, "Specificity": 0.9386590584878745, "AUC": 0.9460592011412268}, "Label_10": {"Optimal Threshold": 0.01978195272386074, "Accuracy": 0.800818553888131, "Sensitivity": 0.8888888888888888, "Specificity": 0.7986013986013986, "AUC": 0.908080808080808}, "Label_11": {"Optimal Threshold": 0.030970267951488495, "Accuracy": 0.9345156889495225, "Sensitivity": 0.9444444444444444, "Specificity": 0.9342657342657342, "AUC": 0.965034965034965}, "Label_12": {"Optimal Threshold": 0.06750255078077316, "Accuracy": 0.844474761255116, "Sensitivity": 0.9019607843137255, "Specificity": 0.8401759530791789, "AUC": 0.9481628428497498}, "Overall": {"Accuracy": 0.8876062545912478, "Sensitivity": 0.9257149388984185, "Specificity": 0.8881533817051958, "AUC": 0.9427960800366014}}, "label_names": [[4, 8, 1, 2, 10, 6, 3, 12, 0, 7, 5, 11], [4, 8, 1, 2, 10, 6, 3, 12, 0, 7, 9]]}