{"shared_labels": 12, "perf": [0.08514087647199631, 0.9783118367195129], "metrics": {"Label_0": {"Optimal Threshold": 0.07450268417596817, "Accuracy": 0.9208731241473397, "Sensitivity": 0.8985507246376812, "Specificity": 0.9231927710843374, "AUC": 0.9686354112100577}, "Label_1": {"Optimal Threshold": 0.06044187769293785, "Accuracy": 0.9536152796725784, "Sensitivity": 0.9655172413793104, "Specificity": 0.9525925925925925, "AUC": 0.9879948914431673}, "Label_2": {"Optimal Threshold": 0.35516783595085144, "Accuracy": 0.9263301500682128, "Sensitivity": 0.9166666666666666, "Specificity": 0.9306930693069307, "AUC": 0.9739795032134793}, "Label_3": {"Optimal Threshold": 0.3359946012496948, "Accuracy": 0.931787175989086, "Sensitivity": 0.918552036199095, "Specificity": 0.9375, "AUC": 0.9753782522624433}, "Label_4": {"Optimal Threshold": 0.0028965375386178493, "Accuracy": 0.8281036834924966, "Sensitivity": 1.0, "Specificity": 0.8264462809917356, "AUC": 0.9683195592286501}, "Label_5": {"Optimal Threshold": 0.0032229709904640913, "Accuracy": 0.7776261937244202, "Sensitivity": 1.0, "Specificity": 0.7760989010989011, "AUC": 0.9423076923076924}, "Label_6": {"Optimal Threshold": 0.010197458788752556, "Accuracy": 0.8649386084583902, "Sensitivity": 1.0, "Specificity": 0.8628808864265928, "AUC": 0.9731805590531353}, "Label_7": {"Optimal Threshold": 0.14146268367767334, "Accuracy": 0.9549795361527967, "Sensitivity": 1.0, "Specificity": 0.9508196721311475, "AUC": 0.992356136724196}, "Label_8": {"Optimal Threshold": 0.008418448269367218, "Accuracy": 0.8485675306957708, "Sensitivity": 1.0, "Specificity": 0.8481532147742818, "AUC": 0.8912448700410397}, "Label_9": {"Optimal Threshold": 0.013217414729297161, "Accuracy": 0.8540245566166439, "Sensitivity": 0.96875, "Specificity": 0.8487874465049928, "AUC": 0.9489122681883023}, "Label_10": {"Optimal Threshold": 0.008253604173660278, "Accuracy": 0.6984993178717599, "Sensitivity": 1.0, "Specificity": 0.6909090909090909, "AUC": 0.8933954933954934}, "Label_11": {"Optimal Threshold": 0.04784095659852028, "Accuracy": 0.9495225102319236, "Sensitivity": 0.9444444444444444, "Specificity": 0.9496503496503497, "AUC": 0.978088578088578}, "Label_12": {"Optimal Threshold": 0.07726818323135376, "Accuracy": 0.8622100954979536, "Sensitivity": 0.9019607843137255, "Specificity": 0.8592375366568915, "AUC": 0.949916623540912}, "Overall": {"Accuracy": 0.8746982894322594, "Sensitivity": 0.9626493767416094, "Specificity": 0.8736124470867572, "AUC": 0.9572084491305497}}, "label_names": [[11, 3, 6, 7, 2, 12, 4, 8, 1, 5, 0, 9, 10], [11, 3, 6, 7, 2, 12, 4, 8, 1, 5, 0, 9]]}