{"shared_labels": 11, "perf": [0.08619272708892822, 0.9774940013885498], "metrics": {"Label_0": {"Optimal Threshold": 0.0390007309615612, "Accuracy": 0.9058663028649386, "Sensitivity": 0.9130434782608695, "Specificity": 0.9051204819277109, "AUC": 0.9693993364763401}, "Label_1": {"Optimal Threshold": 0.0173232052475214, "Accuracy": 0.9140518417462483, "Sensitivity": 0.9827586206896551, "Specificity": 0.9081481481481481, "AUC": 0.9876628352490422}, "Label_2": {"Optimal Threshold": 0.2676774859428406, "Accuracy": 0.9181446111869032, "Sensitivity": 0.9166666666666666, "Specificity": 0.9188118811881189, "AUC": 0.9704967865207573}, "Label_3": {"Optimal Threshold": 0.32731106877326965, "Accuracy": 0.9345156889495225, "Sensitivity": 0.918552036199095, "Specificity": 0.94140625, "AUC": 0.975431278280543}, "Label_4": {"Optimal Threshold": 0.006465978920459747, "Accuracy": 0.8622100954979536, "Sensitivity": 1.0, "Specificity": 0.8608815426997245, "AUC": 0.9726485635576544}, "Label_5": {"Optimal Threshold": 0.038915909826755524, "Accuracy": 0.9631650750341064, "Sensitivity": 0.8, "Specificity": 0.9642857142857143, "AUC": 0.9296703296703297}, "Label_6": {"Optimal Threshold": 0.009601310826838017, "Accuracy": 0.8799454297407913, "Sensitivity": 1.0, "Specificity": 0.8781163434903048, "AUC": 0.9740619491312013}, "Label_7": {"Optimal Threshold": 0.10399223119020462, "Accuracy": 0.965893587994543, "Sensitivity": 1.0, "Specificity": 0.96274217585693, "AUC": 0.9933897408778425}, "Label_8": {"Optimal Threshold": 0.0023936897050589323, "Accuracy": 0.7899045020463847, "Sensitivity": 1.0, "Specificity": 0.7893296853625171, "AUC": 0.8248974008207933}, "Label_9": {"Optimal Threshold": 0.025710679590702057, "Accuracy": 0.9004092769440655, "Sensitivity": 0.9375, "Specificity": 0.8987161198288159, "AUC": 0.9513641226818831}, "Label_10": {"Optimal Threshold": 0.007311929948627949, "Accuracy": 0.772169167803547, "Sensitivity": 0.9444444444444444, "Specificity": 0.7678321678321678, "AUC": 0.9156177156177157}, "Label_11": {"Optimal Threshold": 0.041724588721990585, "Accuracy": 0.9686221009549796, "Sensitivity": 0.9444444444444444, "Specificity": 0.9692307692307692, "AUC": 0.9799533799533799}, "Label_12": {"Optimal Threshold": 0.09593119472265244, "Accuracy": 0.8390177353342428, "Sensitivity": 0.9803921568627451, "Specificity": 0.8284457478005866, "AUC": 0.9586280259904548}, "Overall": {"Accuracy": 0.8933781089306329, "Sensitivity": 0.9490616805821477, "Specificity": 0.8917743867424236, "AUC": 0.9540939588329184}}, "label_names": [[11, 5, 10, 6, 8, 1, 3, 7, 12, 9, 0, 4], [11, 5, 10, 6, 8, 1, 3, 7, 12, 9, 0, 2]]}