{"shared_labels": 11, "perf": [0.08874759078025818, 0.9758956432342529], "metrics": {"Label_0": {"Optimal Threshold": 0.16445036232471466, "Accuracy": 0.9481582537517054, "Sensitivity": 0.9178082191780822, "Specificity": 0.9515151515151515, "AUC": 0.979431299294313}, "Label_1": {"Optimal Threshold": 0.06264964491128922, "Accuracy": 0.9413369713506139, "Sensitivity": 0.9552238805970149, "Specificity": 0.93993993993994, "AUC": 0.9870243377706065}, "Label_2": {"Optimal Threshold": 0.144744411110878, "Accuracy": 0.9099590723055935, "Sensitivity": 0.9295774647887324, "Specificity": 0.9019230769230769, "AUC": 0.9682195738533766}, "Label_3": {"Optimal Threshold": 0.11737328767776489, "Accuracy": 0.91268758526603, "Sensitivity": 0.9516908212560387, "Specificity": 0.8973384030418251, "AUC": 0.9724747892213589}, "Label_4": {"Optimal Threshold": 0.013554533943533897, "Accuracy": 0.9290586630286494, "Sensitivity": 0.8333333333333334, "Specificity": 0.9298486932599724, "AUC": 0.8972948188904172}, "Label_5": {"Optimal Threshold": 0.0006219951319508255, "Accuracy": 0.8049113233287858, "Sensitivity": 1.0, "Specificity": 0.803840877914952, "AUC": 0.9207818930041152}, "Label_6": {"Optimal Threshold": 0.016570549458265305, "Accuracy": 0.931787175989086, "Sensitivity": 1.0, "Specificity": 0.9310344827586207, "AUC": 0.9741379310344828}, "Label_7": {"Optimal Threshold": 0.055246442556381226, "Accuracy": 0.9522510231923602, "Sensitivity": 0.9384615384615385, "Specificity": 0.9535928143712575, "AUC": 0.9830262551819439}, "Label_8": {"Optimal Threshold": 0.013880802318453789, "Accuracy": 0.946793997271487, "Sensitivity": 1.0, "Specificity": 0.9462068965517242, "AUC": 0.9820689655172414}, "Label_9": {"Optimal Threshold": 0.09224402904510498, "Accuracy": 0.946793997271487, "Sensitivity": 0.9333333333333333, "Specificity": 0.9473684210526315, "AUC": 0.9795163584637269}, "Label_10": {"Optimal Threshold": 0.04394025728106499, "Accuracy": 0.9263301500682128, "Sensitivity": 1.0, "Specificity": 0.9251040221914009, "AUC": 0.9687933425797504}, "Label_11": {"Optimal Threshold": 0.012879819609224796, "Accuracy": 0.8963165075034106, "Sensitivity": 1.0, "Specificity": 0.8940027894002789, "AUC": 0.9721931659693166}, "Label_12": {"Optimal Threshold": 0.1725977510213852, "Accuracy": 0.9085948158253752, "Sensitivity": 0.7547169811320755, "Specificity": 0.9205882352941176, "AUC": 0.90188679245283}, "Overall": {"Accuracy": 0.9196138104732919, "Sensitivity": 0.9395496593907807, "Specificity": 0.9186387541703808, "AUC": 0.9605268864025754}}, "label_names": [[4, 12, 7, 3, 0, 1, 10, 2, 9, 8, 6, 11], [4, 12, 7, 3, 0, 1, 10, 2, 9, 8, 6, 5]]}