{"shared_labels": 5, "perf": [0.09074949473142624, 0.9767668843269348], "metrics": {"Label_0": {"Optimal Threshold": 0.1221720278263092, "Accuracy": 0.8581173260572987, "Sensitivity": 0.9710144927536232, "Specificity": 0.8463855421686747, "AUC": 0.9686135847738782}, "Label_1": {"Optimal Threshold": 0.12470123916864395, "Accuracy": 0.9345156889495225, "Sensitivity": 0.9655172413793104, "Specificity": 0.9318518518518518, "AUC": 0.9879438058748403}, "Label_2": {"Optimal Threshold": 0.47610044479370117, "Accuracy": 0.9331514324693042, "Sensitivity": 0.9122807017543859, "Specificity": 0.9425742574257425, "AUC": 0.9748045857217301}, "Label_3": {"Optimal Threshold": 0.5616695284843445, "Accuracy": 0.9331514324693042, "Sensitivity": 0.9140271493212669, "Specificity": 0.94140625, "AUC": 0.9753163885746606}, "Label_4": {"Optimal Threshold": 0.014557444490492344, "Accuracy": 0.8663028649386084, "Sensitivity": 1.0, "Specificity": 0.8650137741046832, "AUC": 0.9696969696969696}, "Label_5": {"Optimal Threshold": 0.005701726768165827, "Accuracy": 0.8417462482946794, "Sensitivity": 1.0, "Specificity": 0.8406593406593407, "AUC": 0.9442307692307692}, "Label_6": {"Optimal Threshold": 0.02032918855547905, "Accuracy": 0.9249658935879945, "Sensitivity": 0.9090909090909091, "Specificity": 0.925207756232687, "AUC": 0.9563082347015865}, "Label_7": {"Optimal Threshold": 0.10794172435998917, "Accuracy": 0.9645293315143247, "Sensitivity": 1.0, "Specificity": 0.9612518628912071, "AUC": 0.9937022258545262}, "Label_8": {"Optimal Threshold": 0.0012269193539395928, "Accuracy": 0.7353342428376535, "Sensitivity": 1.0, "Specificity": 0.7346101231190151, "AUC": 0.7387140902872777}, "Label_9": {"Optimal Threshold": 0.03631848096847534, "Accuracy": 0.888130968622101, "Sensitivity": 0.90625, "Specificity": 0.8873038516405135, "AUC": 0.9514087018544936}, "Label_10": {"Optimal Threshold": 0.00611151335760951, "Accuracy": 0.6671214188267395, "Sensitivity": 1.0, "Specificity": 0.6587412587412588, "AUC": 0.8824397824397824}, "Label_11": {"Optimal Threshold": 0.05853086709976196, "Accuracy": 0.9618008185538881, "Sensitivity": 0.9444444444444444, "Specificity": 0.9622377622377623, "AUC": 0.9823620823620823}, "Label_12": {"Optimal Threshold": 0.02378898113965988, "Accuracy": 0.7557980900409277, "Sensitivity": 0.9411764705882353, "Specificity": 0.7419354838709677, "AUC": 0.916019780346156}, "Overall": {"Accuracy": 0.8665127505509497, "Sensitivity": 0.9587539545640135, "Specificity": 0.8645522396110542, "AUC": 0.9416585385937501}}, "label_names": [[11, 8, 7, 0, 2, 9, 4, 6, 1], [11, 8, 7, 0, 2, 10, 3, 12, 5]]}