{"shared_labels": 8, "perf": [0.094276063144207, 0.9716368913650513], "metrics": {"Label_0": {"Optimal Threshold": 0.10709121823310852, "Accuracy": 0.937244201909959, "Sensitivity": 0.9041095890410958, "Specificity": 0.9409090909090909, "AUC": 0.9713158987131589}, "Label_1": {"Optimal Threshold": 0.062233854085206985, "Accuracy": 0.9427012278308322, "Sensitivity": 0.9552238805970149, "Specificity": 0.9414414414414415, "AUC": 0.9855676572094483}, "Label_2": {"Optimal Threshold": 0.09560955315828323, "Accuracy": 0.9099590723055935, "Sensitivity": 0.9295774647887324, "Specificity": 0.9019230769230769, "AUC": 0.9664951245937161}, "Label_3": {"Optimal Threshold": 0.05863939970731735, "Accuracy": 0.9017735334242838, "Sensitivity": 0.9516908212560387, "Specificity": 0.8821292775665399, "AUC": 0.9690949835601844}, "Label_4": {"Optimal Threshold": 0.036415718495845795, "Accuracy": 0.9699863574351978, "Sensitivity": 0.8333333333333334, "Specificity": 0.9711141678129298, "AUC": 0.9259513984410821}, "Label_5": {"Optimal Threshold": 0.0006290301098488271, "Accuracy": 0.7394270122783083, "Sensitivity": 1.0, "Specificity": 0.7379972565157751, "AUC": 0.926954732510288}, "Label_6": {"Optimal Threshold": 0.02516193874180317, "Accuracy": 0.9386084583901774, "Sensitivity": 1.0, "Specificity": 0.9379310344827586, "AUC": 0.9775862068965517}, "Label_7": {"Optimal Threshold": 0.00795664545148611, "Accuracy": 0.9154160982264665, "Sensitivity": 0.9692307692307692, "Specificity": 0.9101796407185628, "AUC": 0.9807231690465223}, "Label_8": {"Optimal Threshold": 0.028198758140206337, "Accuracy": 0.965893587994543, "Sensitivity": 1.0, "Specificity": 0.9655172413793104, "AUC": 0.9851724137931034}, "Label_9": {"Optimal Threshold": 0.041424501687288284, "Accuracy": 0.9331514324693042, "Sensitivity": 0.9666666666666667, "Specificity": 0.9317211948790897, "AUC": 0.9820293978188716}, "Label_10": {"Optimal Threshold": 0.036448054015636444, "Accuracy": 0.9290586630286494, "Sensitivity": 1.0, "Specificity": 0.9278779472954231, "AUC": 0.9709893666204346}, "Label_11": {"Optimal Threshold": 0.03130735084414482, "Accuracy": 0.9290586630286494, "Sensitivity": 1.0, "Specificity": 0.9274755927475593, "AUC": 0.9759414225941423}, "Label_12": {"Optimal Threshold": 0.09881815314292908, "Accuracy": 0.9072305593451568, "Sensitivity": 0.7358490566037735, "Specificity": 0.9205882352941176, "AUC": 0.8838790233074363}, "Overall": {"Accuracy": 0.9168852975128556, "Sensitivity": 0.9419755062705713, "Specificity": 0.915138861381975, "AUC": 0.9616692919311493}}, "label_names": [[7, 9, 4, 6, 2, 10, 5, 8, 11, 0, 12], [7, 9, 4, 6, 2, 10, 5, 8, 1, 3]]}