{"shared_labels": 8, "perf": [0.09215044975280762, 0.9713894724845886], "metrics": {"Label_0": {"Optimal Threshold": 0.0773598849773407, "Accuracy": 0.8717598908594816, "Sensitivity": 0.927536231884058, "Specificity": 0.8659638554216867, "AUC": 0.9593591758337698}, "Label_1": {"Optimal Threshold": 0.20390744507312775, "Accuracy": 0.9618008185538881, "Sensitivity": 0.9310344827586207, "Specificity": 0.9644444444444444, "AUC": 0.9887100893997445}, "Label_2": {"Optimal Threshold": 0.13033455610275269, "Accuracy": 0.9249658935879945, "Sensitivity": 0.9210526315789473, "Specificity": 0.9267326732673268, "AUC": 0.9720774709049852}, "Label_3": {"Optimal Threshold": 0.1642158478498459, "Accuracy": 0.9263301500682128, "Sensitivity": 0.9321266968325792, "Specificity": 0.923828125, "AUC": 0.9751926611990951}, "Label_4": {"Optimal Threshold": 0.03846152871847153, "Accuracy": 0.9481582537517054, "Sensitivity": 0.8571428571428571, "Specificity": 0.9490358126721763, "AUC": 0.9525777253049981}, "Label_5": {"Optimal Threshold": 0.07106050848960876, "Accuracy": 0.9781718963165075, "Sensitivity": 0.8, "Specificity": 0.9793956043956044, "AUC": 0.9247252747252748}, "Label_6": {"Optimal Threshold": 0.013039872981607914, "Accuracy": 0.9085948158253752, "Sensitivity": 1.0, "Specificity": 0.907202216066482, "AUC": 0.9751951649458575}, "Label_7": {"Optimal Threshold": 0.10242239385843277, "Accuracy": 0.9549795361527967, "Sensitivity": 0.9838709677419355, "Specificity": 0.9523099850968704, "AUC": 0.9900245180520167}, "Label_8": {"Optimal Threshold": 0.0041205366142094135, "Accuracy": 0.8608458390177354, "Sensitivity": 1.0, "Specificity": 0.8604651162790697, "AUC": 0.8919288645690834}, "Label_9": {"Optimal Threshold": 0.01496092975139618, "Accuracy": 0.8608458390177354, "Sensitivity": 0.96875, "Specificity": 0.8559201141226819, "AUC": 0.9479315263908702}, "Label_10": {"Optimal Threshold": 0.002721637487411499, "Accuracy": 0.6466575716234653, "Sensitivity": 0.9444444444444444, "Specificity": 0.6391608391608392, "AUC": 0.84001554001554}, "Label_11": {"Optimal Threshold": 0.03352798521518707, "Accuracy": 0.9508867667121419, "Sensitivity": 0.9444444444444444, "Specificity": 0.951048951048951, "AUC": 0.9695415695415697}, "Label_12": {"Optimal Threshold": 0.04317760095000267, "Accuracy": 0.7748976807639836, "Sensitivity": 1.0, "Specificity": 0.7580645161290323, "AUC": 0.9521591627853487}, "Overall": {"Accuracy": 0.8899149963270018, "Sensitivity": 0.939261750525222, "Specificity": 0.8871978656234742, "AUC": 0.9491875956667811}}, "label_names": [[1, 12, 9, 6, 8, 2, 3, 5, 4, 0, 7], [1, 12, 9, 6, 8, 2, 3, 5, 11, 10]]}