{"shared_labels": 9, "perf": [0.0863313376903534, 0.9760540723800659], "metrics": {"Label_0": {"Optimal Threshold": 0.05556188523769379, "Accuracy": 0.8949522510231923, "Sensitivity": 0.8970588235294118, "Specificity": 0.8947368421052632, "AUC": 0.9565900044228217}, "Label_1": {"Optimal Threshold": 0.19328302145004272, "Accuracy": 0.9727148703956344, "Sensitivity": 0.9285714285714286, "Specificity": 0.9763663220088626, "AUC": 0.9889217134416544}, "Label_2": {"Optimal Threshold": 0.2242073118686676, "Accuracy": 0.9304229195088677, "Sensitivity": 0.9364406779661016, "Specificity": 0.9275653923541247, "AUC": 0.9757187190942264}, "Label_3": {"Optimal Threshold": 0.3777902126312256, "Accuracy": 0.937244201909959, "Sensitivity": 0.9292035398230089, "Specificity": 0.9408284023668639, "AUC": 0.9762179050810772}, "Label_4": {"Optimal Threshold": 0.1372869610786438, "Accuracy": 0.9809004092769441, "Sensitivity": 0.8571428571428571, "Specificity": 0.9820936639118457, "AUC": 0.9413616686343959}, "Label_5": {"Optimal Threshold": 0.009814376011490822, "Accuracy": 0.8826739427012278, "Sensitivity": 1.0, "Specificity": 0.8815426997245179, "AUC": 0.9720582447855175}, "Label_6": {"Optimal Threshold": 0.012998520396649837, "Accuracy": 0.9017735334242838, "Sensitivity": 1.0, "Specificity": 0.9004149377593361, "AUC": 0.972060857538036}, "Label_7": {"Optimal Threshold": 0.18989473581314087, "Accuracy": 0.9604365620736699, "Sensitivity": 0.9649122807017544, "Specificity": 0.9600591715976331, "AUC": 0.9889442541264404}, "Label_8": {"Optimal Threshold": 0.057907864451408386, "Accuracy": 0.975443383356071, "Sensitivity": 1.0, "Specificity": 0.9752747252747253, "AUC": 0.9879120879120878}, "Label_9": {"Optimal Threshold": 0.07179537415504456, "Accuracy": 0.9358799454297408, "Sensitivity": 0.9090909090909091, "Specificity": 0.9371428571428572, "AUC": 0.9554545454545454}, "Label_10": {"Optimal Threshold": 0.05337219312787056, "Accuracy": 0.9085948158253752, "Sensitivity": 0.9166666666666666, "Specificity": 0.9084604715672677, "AUC": 0.9475265834489135}, "Label_11": {"Optimal Threshold": 0.005302697420120239, "Accuracy": 0.8826739427012278, "Sensitivity": 1.0, "Specificity": 0.8803894297635605, "AUC": 0.9714881780250347}, "Label_12": {"Optimal Threshold": 0.06069675460457802, "Accuracy": 0.8294679399727148, "Sensitivity": 0.8888888888888888, "Specificity": 0.8247422680412371, "AUC": 0.8940708012872962}, "Overall": {"Accuracy": 0.9225522090460697, "Sensitivity": 0.9406135440293096, "Specificity": 0.9222782448936998, "AUC": 0.9637173510193882}}, "label_names": [[0, 4, 5, 8, 6, 10, 7, 9, 11, 2, 1], [0, 4, 5, 8, 6, 10, 7, 9, 11, 12, 3]]}