{"shared_labels": 9, "perf": [0.08832184970378876, 0.9776763319969177], "metrics": {"Label_0": {"Optimal Threshold": 0.10843482613563538, "Accuracy": 0.91268758526603, "Sensitivity": 0.8985507246376812, "Specificity": 0.9141566265060241, "AUC": 0.9691374192421861}, "Label_1": {"Optimal Threshold": 0.12629728019237518, "Accuracy": 0.946793997271487, "Sensitivity": 0.9482758620689655, "Specificity": 0.9466666666666667, "AUC": 0.9886334610472541}, "Label_2": {"Optimal Threshold": 0.3461608290672302, "Accuracy": 0.9208731241473397, "Sensitivity": 0.9298245614035088, "Specificity": 0.9168316831683169, "AUC": 0.9725898905680042}, "Label_3": {"Optimal Threshold": 0.4462735056877136, "Accuracy": 0.927694406548431, "Sensitivity": 0.9321266968325792, "Specificity": 0.92578125, "AUC": 0.9753694145927602}, "Label_4": {"Optimal Threshold": 0.0025518457405269146, "Accuracy": 0.7939972714870396, "Sensitivity": 1.0, "Specificity": 0.7920110192837465, "AUC": 0.9571035025580481}, "Label_5": {"Optimal Threshold": 0.004970230627804995, "Accuracy": 0.7776261937244202, "Sensitivity": 1.0, "Specificity": 0.7760989010989011, "AUC": 0.9447802197802198}, "Label_6": {"Optimal Threshold": 0.010799583978950977, "Accuracy": 0.8512960436562074, "Sensitivity": 1.0, "Specificity": 0.8490304709141274, "AUC": 0.9726769075799546}, "Label_7": {"Optimal Threshold": 0.19664619863033295, "Accuracy": 0.9686221009549796, "Sensitivity": 1.0, "Specificity": 0.9657228017883756, "AUC": 0.9931493678188549}, "Label_8": {"Optimal Threshold": 0.0033727167174220085, "Accuracy": 0.791268758526603, "Sensitivity": 1.0, "Specificity": 0.7906976744186046, "AUC": 0.8488372093023255}, "Label_9": {"Optimal Threshold": 0.03278558701276779, "Accuracy": 0.8799454297407913, "Sensitivity": 0.96875, "Specificity": 0.8758915834522111, "AUC": 0.9538159771754637}, "Label_10": {"Optimal Threshold": 0.0235965047031641, "Accuracy": 0.810368349249659, "Sensitivity": 0.8888888888888888, "Specificity": 0.8083916083916084, "AUC": 0.911965811965812}, "Label_11": {"Optimal Threshold": 0.028922080993652344, "Accuracy": 0.9413369713506139, "Sensitivity": 1.0, "Specificity": 0.9398601398601398, "AUC": 0.9831390831390832}, "Label_12": {"Optimal Threshold": 0.15592965483665466, "Accuracy": 0.8608458390177354, "Sensitivity": 0.7843137254901961, "Specificity": 0.8665689149560117, "AUC": 0.8911793456385486}, "Overall": {"Accuracy": 0.8756427746877951, "Sensitivity": 0.9500561891786016, "Specificity": 0.8744391800388255, "AUC": 0.950952123877578}}, "label_names": [[10, 5, 0, 9, 11, 2, 3, 4, 7, 6, 1], [10, 5, 0, 9, 11, 2, 3, 4, 7, 12, 8]]}