{"shared_labels": 9, "perf": [0.08846402913331985, 0.9773749709129333], "metrics": {"Label_0": {"Optimal Threshold": 0.1668064147233963, "Accuracy": 0.9399727148703957, "Sensitivity": 0.8602150537634409, "Specificity": 0.9515625, "AUC": 0.9716565860215053}, "Label_1": {"Optimal Threshold": 0.14766450226306915, "Accuracy": 0.9536152796725784, "Sensitivity": 0.9466666666666667, "Specificity": 0.9544072948328267, "AUC": 0.9867274569402229}, "Label_2": {"Optimal Threshold": 0.2461126297712326, "Accuracy": 0.9290586630286494, "Sensitivity": 0.9288537549407114, "Specificity": 0.9291666666666667, "AUC": 0.973838932806324}, "Label_3": {"Optimal Threshold": 0.24413195252418518, "Accuracy": 0.9236016371077762, "Sensitivity": 0.9338842975206612, "Specificity": 0.9185336048879837, "AUC": 0.9748952214236422}, "Label_4": {"Optimal Threshold": 0.0020353784784674644, "Accuracy": 0.8267394270122783, "Sensitivity": 0.9, "Specificity": 0.8257261410788381, "AUC": 0.904149377593361}, "Label_5": {"Optimal Threshold": 0.0023292754776775837, "Accuracy": 0.8308321964529332, "Sensitivity": 1.0, "Specificity": 0.8292011019283747, "AUC": 0.9417552144824871}, "Label_6": {"Optimal Threshold": 0.08944714069366455, "Accuracy": 0.9768076398362893, "Sensitivity": 1.0, "Specificity": 0.9766483516483516, "AUC": 0.9890109890109889}, "Label_7": {"Optimal Threshold": 0.03414106369018555, "Accuracy": 0.9536152796725784, "Sensitivity": 0.9682539682539683, "Specificity": 0.9522388059701492, "AUC": 0.9855484482350154}, "Label_8": {"Optimal Threshold": 0.0052118729799985886, "Accuracy": 0.8908594815825375, "Sensitivity": 1.0, "Specificity": 0.889958734525447, "AUC": 0.9621733149931224}, "Label_9": {"Optimal Threshold": 0.034985337406396866, "Accuracy": 0.8813096862210096, "Sensitivity": 0.9615384615384616, "Specificity": 0.8783592644978784, "AUC": 0.9762267435534763}, "Label_10": {"Optimal Threshold": 0.028801321983337402, "Accuracy": 0.8567530695770805, "Sensitivity": 0.8461538461538461, "Specificity": 0.8569444444444444, "AUC": 0.8992521367521368}, "Label_11": {"Optimal Threshold": 0.01931578479707241, "Accuracy": 0.91268758526603, "Sensitivity": 1.0, "Specificity": 0.9106145251396648, "AUC": 0.9847190272757147}, "Label_12": {"Optimal Threshold": 0.10768868029117584, "Accuracy": 0.9154160982264665, "Sensitivity": 0.8333333333333334, "Specificity": 0.9219440353460973, "AUC": 0.9423171330387825}, "Overall": {"Accuracy": 0.9070206737328156, "Sensitivity": 0.9368384140131608, "Specificity": 0.9073311900743631, "AUC": 0.9609438909328294}}, "label_names": [[7, 8, 10, 6, 4, 2, 9, 12, 0, 5, 11], [7, 8, 10, 6, 4, 2, 9, 12, 0, 3, 1]]}