{"shared_labels": 9, "perf": [0.08425777405500412, 0.9803776144981384], "metrics": {"Label_0": {"Optimal Threshold": 0.09136466681957245, "Accuracy": 0.9181446111869032, "Sensitivity": 0.8985507246376812, "Specificity": 0.9201807228915663, "AUC": 0.9705124847214947}, "Label_1": {"Optimal Threshold": 0.10236041992902756, "Accuracy": 0.9536152796725784, "Sensitivity": 0.9655172413793104, "Specificity": 0.9525925925925925, "AUC": 0.9898595146871009}, "Label_2": {"Optimal Threshold": 0.39402541518211365, "Accuracy": 0.9345156889495225, "Sensitivity": 0.9166666666666666, "Specificity": 0.9425742574257425, "AUC": 0.9740402987667188}, "Label_3": {"Optimal Threshold": 0.41882431507110596, "Accuracy": 0.9304229195088677, "Sensitivity": 0.9411764705882353, "Specificity": 0.92578125, "AUC": 0.9754931419683258}, "Label_4": {"Optimal Threshold": 0.05463238060474396, "Accuracy": 0.9590723055934516, "Sensitivity": 0.8571428571428571, "Specificity": 0.9600550964187328, "AUC": 0.960448642266824}, "Label_5": {"Optimal Threshold": 0.09054385870695114, "Accuracy": 0.9686221009549796, "Sensitivity": 0.8, "Specificity": 0.9697802197802198, "AUC": 0.9412087912087912}, "Label_6": {"Optimal Threshold": 0.014918476343154907, "Accuracy": 0.8963165075034106, "Sensitivity": 1.0, "Specificity": 0.8947368421052632, "AUC": 0.9785948123898263}, "Label_7": {"Optimal Threshold": 0.1463322788476944, "Accuracy": 0.9727148703956344, "Sensitivity": 1.0, "Specificity": 0.970193740685544, "AUC": 0.9937503004663237}, "Label_8": {"Optimal Threshold": 0.0011217708233743906, "Accuracy": 0.6330150068212824, "Sensitivity": 1.0, "Specificity": 0.6320109439124487, "AUC": 0.7393980848153214}, "Label_9": {"Optimal Threshold": 0.04397447407245636, "Accuracy": 0.8813096862210096, "Sensitivity": 0.875, "Specificity": 0.8815977175463623, "AUC": 0.9376783166904422}, "Label_10": {"Optimal Threshold": 0.016205426305532455, "Accuracy": 0.7680763983628922, "Sensitivity": 0.9444444444444444, "Specificity": 0.7636363636363637, "AUC": 0.9130536130536131}, "Label_11": {"Optimal Threshold": 0.05480128154158592, "Accuracy": 0.965893587994543, "Sensitivity": 0.9444444444444444, "Specificity": 0.9664335664335665, "AUC": 0.9833721833721834}, "Label_12": {"Optimal Threshold": 0.05862057954072952, "Accuracy": 0.8240109140518418, "Sensitivity": 0.9411764705882353, "Specificity": 0.8152492668621701, "AUC": 0.9511816456787994}, "Overall": {"Accuracy": 0.892748452093609, "Sensitivity": 0.9295476399916828, "Specificity": 0.8919094292531209, "AUC": 0.9468147561604435}}, "label_names": [[4, 6, 8, 7, 12, 10, 11, 1, 0, 5, 3], [4, 6, 8, 7, 12, 10, 11, 1, 0, 9, 2]]}