{"shared_labels": 7, "perf": [0.08864801377058029, 0.9767490029335022], "metrics": {"Label_0": {"Optimal Threshold": 0.04953857883810997, "Accuracy": 0.9263301500682128, "Sensitivity": 0.855072463768116, "Specificity": 0.9337349397590361, "AUC": 0.9607778941854375}, "Label_1": {"Optimal Threshold": 0.054960135370492935, "Accuracy": 0.9536152796725784, "Sensitivity": 0.9310344827586207, "Specificity": 0.9555555555555556, "AUC": 0.9873563218390805}, "Label_2": {"Optimal Threshold": 0.34370413422584534, "Accuracy": 0.9249658935879945, "Sensitivity": 0.9385964912280702, "Specificity": 0.9188118811881189, "AUC": 0.9747003647733194}, "Label_3": {"Optimal Threshold": 0.16798289120197296, "Accuracy": 0.9099590723055935, "Sensitivity": 0.9683257918552036, "Specificity": 0.884765625, "AUC": 0.9761648048642534}, "Label_4": {"Optimal Threshold": 0.0016833582194522023, "Accuracy": 0.8076398362892224, "Sensitivity": 1.0, "Specificity": 0.8057851239669421, "AUC": 0.9616292798110979}, "Label_5": {"Optimal Threshold": 0.0022321161814033985, "Accuracy": 0.7789904502046384, "Sensitivity": 1.0, "Specificity": 0.7774725274725275, "AUC": 0.9464285714285715}, "Label_6": {"Optimal Threshold": 0.012170269154012203, "Accuracy": 0.8894952251023193, "Sensitivity": 1.0, "Specificity": 0.8878116343490304, "AUC": 0.9779652480483505}, "Label_7": {"Optimal Threshold": 0.10319088399410248, "Accuracy": 0.9590723055934516, "Sensitivity": 1.0, "Specificity": 0.9552906110283159, "AUC": 0.9928368828421711}, "Label_8": {"Optimal Threshold": 0.000620211532805115, "Accuracy": 0.6111869031377899, "Sensitivity": 1.0, "Specificity": 0.6101231190150479, "AUC": 0.7763337893296853}, "Label_9": {"Optimal Threshold": 0.0288580022752285, "Accuracy": 0.9099590723055935, "Sensitivity": 0.90625, "Specificity": 0.9101283880171184, "AUC": 0.9515424393723253}, "Label_10": {"Optimal Threshold": 0.004967889748513699, "Accuracy": 0.6821282401091405, "Sensitivity": 1.0, "Specificity": 0.6741258741258741, "AUC": 0.8978243978243978}, "Label_11": {"Optimal Threshold": 0.042770206928253174, "Accuracy": 0.9577080491132333, "Sensitivity": 0.9444444444444444, "Specificity": 0.958041958041958, "AUC": 0.979020979020979}, "Label_12": {"Optimal Threshold": 0.1690363734960556, "Accuracy": 0.878581173260573, "Sensitivity": 0.803921568627451, "Specificity": 0.8841642228739003, "AUC": 0.9173135529871773}, "Overall": {"Accuracy": 0.8607408962115646, "Sensitivity": 0.9498188648216851, "Specificity": 0.8581393431071866, "AUC": 0.9461457327943728}}, "label_names": [[11, 1, 6, 9, 2, 5, 7, 12, 4, 0], [11, 1, 6, 9, 2, 5, 7, 10, 8, 3]]}