{"shared_labels": 7, "perf": [0.09075057506561279, 0.97249835729599], "metrics": {"Label_0": {"Optimal Threshold": 0.055424053221940994, "Accuracy": 0.8390177353342428, "Sensitivity": 0.8970588235294118, "Specificity": 0.8330827067669173, "AUC": 0.9379256965944273}, "Label_1": {"Optimal Threshold": 0.09458038955926895, "Accuracy": 0.946793997271487, "Sensitivity": 0.9285714285714286, "Specificity": 0.948301329394387, "AUC": 0.9859938805655201}, "Label_2": {"Optimal Threshold": 0.5444146394729614, "Accuracy": 0.9427012278308322, "Sensitivity": 0.902542372881356, "Specificity": 0.9617706237424547, "AUC": 0.9757187190942264}, "Label_3": {"Optimal Threshold": 0.5453561544418335, "Accuracy": 0.9454297407912687, "Sensitivity": 0.9292035398230089, "Specificity": 0.9526627218934911, "AUC": 0.9783299296573633}, "Label_4": {"Optimal Threshold": 0.0489378422498703, "Accuracy": 0.9604365620736699, "Sensitivity": 0.8571428571428571, "Specificity": 0.9614325068870524, "AUC": 0.9350649350649352}, "Label_5": {"Optimal Threshold": 0.008612338453531265, "Accuracy": 0.8826739427012278, "Sensitivity": 1.0, "Specificity": 0.8815426997245179, "AUC": 0.9622195985832349}, "Label_6": {"Optimal Threshold": 0.010567182675004005, "Accuracy": 0.903137789904502, "Sensitivity": 1.0, "Specificity": 0.9017980636237898, "AUC": 0.9651452282157676}, "Label_7": {"Optimal Threshold": 0.21550312638282776, "Accuracy": 0.9713506139154161, "Sensitivity": 0.9473684210526315, "Specificity": 0.9733727810650887, "AUC": 0.9862971037060105}, "Label_8": {"Optimal Threshold": 0.05204102769494057, "Accuracy": 0.9795361527967258, "Sensitivity": 1.0, "Specificity": 0.9793956043956044, "AUC": 0.9884615384615384}, "Label_9": {"Optimal Threshold": 0.09509341418743134, "Accuracy": 0.927694406548431, "Sensitivity": 0.8484848484848485, "Specificity": 0.9314285714285714, "AUC": 0.9532467532467533}, "Label_10": {"Optimal Threshold": 0.04878358542919159, "Accuracy": 0.9154160982264665, "Sensitivity": 0.9166666666666666, "Specificity": 0.9153952843273232, "AUC": 0.9327323162274618}, "Label_11": {"Optimal Threshold": 0.01352554839104414, "Accuracy": 0.9358799454297408, "Sensitivity": 0.8571428571428571, "Specificity": 0.9374130737134909, "AUC": 0.933240611961057}, "Label_12": {"Optimal Threshold": 0.01689864881336689, "Accuracy": 0.7216916780354706, "Sensitivity": 0.8888888888888888, "Specificity": 0.7083946980854198, "AUC": 0.8682703321878579}, "Overall": {"Accuracy": 0.9132122992968833, "Sensitivity": 0.9210054387833811, "Specificity": 0.9143069742344697, "AUC": 0.9540497418127811}}, "label_names": [[2, 5, 3, 6, 7, 10, 8, 0, 1, 9], [2, 5, 3, 6, 7, 10, 8, 4, 12, 11]]}