{"shared_labels": 7, "perf": [0.08809191733598709, 0.9783620238304138], "metrics": {"Label_0": {"Optimal Threshold": 0.05157843232154846, "Accuracy": 0.9181446111869032, "Sensitivity": 0.8840579710144928, "Specificity": 0.9216867469879518, "AUC": 0.9595992666317444}, "Label_1": {"Optimal Threshold": 0.0538763590157032, "Accuracy": 0.9454297407912687, "Sensitivity": 0.9655172413793104, "Specificity": 0.9437037037037037, "AUC": 0.9876628352490421}, "Label_2": {"Optimal Threshold": 0.5771827697753906, "Accuracy": 0.9304229195088677, "Sensitivity": 0.8991228070175439, "Specificity": 0.9445544554455445, "AUC": 0.9726767413583464}, "Label_3": {"Optimal Threshold": 0.5595685243606567, "Accuracy": 0.9263301500682128, "Sensitivity": 0.918552036199095, "Specificity": 0.9296875, "AUC": 0.9754224406108597}, "Label_4": {"Optimal Threshold": 0.002904682420194149, "Accuracy": 0.8321964529331515, "Sensitivity": 1.0, "Specificity": 0.8305785123966942, "AUC": 0.9698937426210154}, "Label_5": {"Optimal Threshold": 0.05351658910512924, "Accuracy": 0.9454297407912687, "Sensitivity": 0.8, "Specificity": 0.9464285714285714, "AUC": 0.9291208791208792}, "Label_6": {"Optimal Threshold": 0.0375441312789917, "Accuracy": 0.9358799454297408, "Sensitivity": 0.9090909090909091, "Specificity": 0.9362880886426593, "AUC": 0.972928733316545}, "Label_7": {"Optimal Threshold": 0.09942848235368729, "Accuracy": 0.965893587994543, "Sensitivity": 1.0, "Specificity": 0.96274217585693, "AUC": 0.9929089947598674}, "Label_8": {"Optimal Threshold": 0.0019625541754066944, "Accuracy": 0.7271487039563438, "Sensitivity": 1.0, "Specificity": 0.7264021887824897, "AUC": 0.8160054719562243}, "Label_9": {"Optimal Threshold": 0.012231183238327503, "Accuracy": 0.8840381991814461, "Sensitivity": 0.96875, "Specificity": 0.8801711840228246, "AUC": 0.9512303851640515}, "Label_10": {"Optimal Threshold": 0.006582255475223064, "Accuracy": 0.7080491132332879, "Sensitivity": 1.0, "Specificity": 0.7006993006993008, "AUC": 0.9132867132867133}, "Label_11": {"Optimal Threshold": 0.03591112419962883, "Accuracy": 0.9263301500682128, "Sensitivity": 0.9444444444444444, "Specificity": 0.9258741258741259, "AUC": 0.974125874125874}, "Label_12": {"Optimal Threshold": 0.03666386753320694, "Accuracy": 0.7667121418826739, "Sensitivity": 1.0, "Specificity": 0.749266862170088, "AUC": 0.9521304122822148}, "Overall": {"Accuracy": 0.8778465736173786, "Sensitivity": 0.9453488776265997, "Specificity": 0.8767756473854527, "AUC": 0.9513071146525675}}, "label_names": [[6, 7, 3, 4, 10, 9, 12, 8, 2, 0], [6, 7, 3, 4, 10, 9, 12, 5, 1, 11]]}