{"shared_labels": 0, "perf": [0.09377286583185196, 0.972206711769104], "label_names": [[10, 1, 8, 6, 11, 4, 7], [3, 9, 0, 2, 5, 12]], "metrics": {"Label_0": {"Optimal Threshold": 0.04725606366991997, "Accuracy": 0.9154160982264665, "Sensitivity": 0.855072463768116, "Specificity": 0.9216867469879518, "AUC": 0.9613017286537454}, "Label_1": {"Optimal Threshold": 0.03689606487751007, "Accuracy": 0.9304229195088677, "Sensitivity": 0.9655172413793104, "Specificity": 0.9274074074074075, "AUC": 0.986513409961686}, "Label_2": {"Optimal Threshold": 0.18318134546279907, "Accuracy": 0.922237380627558, "Sensitivity": 0.9122807017543859, "Specificity": 0.9267326732673268, "AUC": 0.9671356609345144}, "Label_3": {"Optimal Threshold": 0.2597823441028595, "Accuracy": 0.927694406548431, "Sensitivity": 0.9049773755656109, "Specificity": 0.9375, "AUC": 0.9687765130090498}, "Label_4": {"Optimal Threshold": 0.05010267719626427, "Accuracy": 0.9386084583901774, "Sensitivity": 0.8571428571428571, "Specificity": 0.9393939393939394, "AUC": 0.9488390397481307}, "Label_5": {"Optimal Threshold": 0.05680059269070625, "Accuracy": 0.9781718963165075, "Sensitivity": 0.8, "Specificity": 0.9793956043956044, "AUC": 0.8409340659340659}, "Label_6": {"Optimal Threshold": 0.022362954914569855, "Accuracy": 0.931787175989086, "Sensitivity": 1.0, "Specificity": 0.9307479224376731, "AUC": 0.9789725509947117}, "Label_7": {"Optimal Threshold": 0.12374024838209152, "Accuracy": 0.9577080491132333, "Sensitivity": 0.9838709677419355, "Specificity": 0.9552906110283159, "AUC": 0.9924763232536897}, "Label_8": {"Optimal Threshold": 0.0023484406992793083, "Accuracy": 0.7339699863574352, "Sensitivity": 1.0, "Specificity": 0.7332421340629275, "AUC": 0.8036935704514364}, "Label_9": {"Optimal Threshold": 0.029815154150128365, "Accuracy": 0.8867667121418826, "Sensitivity": 0.875, "Specificity": 0.8873038516405135, "AUC": 0.9382132667617689}, "Label_10": {"Optimal Threshold": 0.03382779285311699, "Accuracy": 0.8649386084583902, "Sensitivity": 0.9444444444444444, "Specificity": 0.862937062937063, "AUC": 0.9372183372183371}, "Label_11": {"Optimal Threshold": 0.10578808933496475, "Accuracy": 0.975443383356071, "Sensitivity": 0.8888888888888888, "Specificity": 0.9776223776223776, "AUC": 0.972960372960373}, "Label_12": {"Optimal Threshold": 0.0902395099401474, "Accuracy": 0.8226466575716235, "Sensitivity": 0.9019607843137255, "Specificity": 0.8167155425219942, "AUC": 0.9324075671324248}, "Overall": {"Accuracy": 0.906600902508133, "Sensitivity": 0.9145504403845597, "Specificity": 0.9073827595156226, "AUC": 0.9407263390010717}}}