{"shared_labels": 3, "perf": [0.09371598809957504, 0.9774977564811707], "label_names": [[9, 10, 2, 1, 11, 8, 0, 3], [9, 10, 2, 7, 4, 12, 6, 5]], "metrics": {"Label_0": {"Optimal Threshold": 0.377046674489975, "Accuracy": 0.9536152796725784, "Sensitivity": 0.8115942028985508, "Specificity": 0.9683734939759037, "AUC": 0.9581150689715384}, "Label_1": {"Optimal Threshold": 0.1516350358724594, "Accuracy": 0.9481582537517054, "Sensitivity": 0.9137931034482759, "Specificity": 0.9511111111111111, "AUC": 0.9785185185185185}, "Label_2": {"Optimal Threshold": 0.4676429033279419, "Accuracy": 0.9195088676671214, "Sensitivity": 0.9473684210526315, "Specificity": 0.906930693069307, "AUC": 0.9748306409588327}, "Label_3": {"Optimal Threshold": 0.556411623954773, "Accuracy": 0.922237380627558, "Sensitivity": 0.9276018099547512, "Specificity": 0.919921875, "AUC": 0.9757494343891403}, "Label_4": {"Optimal Threshold": 0.05384616553783417, "Accuracy": 0.9495225102319236, "Sensitivity": 0.8571428571428571, "Specificity": 0.9504132231404959, "AUC": 0.9630066902794175}, "Label_5": {"Optimal Threshold": 0.00563629949465394, "Accuracy": 0.7939972714870396, "Sensitivity": 1.0, "Specificity": 0.7925824175824175, "AUC": 0.9505494505494505}, "Label_6": {"Optimal Threshold": 0.007245182059705257, "Accuracy": 0.82537517053206, "Sensitivity": 1.0, "Specificity": 0.8227146814404432, "AUC": 0.9626038781163436}, "Label_7": {"Optimal Threshold": 0.18569853901863098, "Accuracy": 0.9699863574351978, "Sensitivity": 1.0, "Specificity": 0.9672131147540983, "AUC": 0.9920196144416134}, "Label_8": {"Optimal Threshold": 0.001855566748417914, "Accuracy": 0.8185538881309686, "Sensitivity": 1.0, "Specificity": 0.8180574555403557, "AUC": 0.8461012311901506}, "Label_9": {"Optimal Threshold": 0.030528785660862923, "Accuracy": 0.9017735334242838, "Sensitivity": 0.96875, "Specificity": 0.8987161198288159, "AUC": 0.9543063480741798}, "Label_10": {"Optimal Threshold": 0.010769938118755817, "Accuracy": 0.7612551159618008, "Sensitivity": 0.9444444444444444, "Specificity": 0.7566433566433567, "AUC": 0.9287490287490288}, "Label_11": {"Optimal Threshold": 0.04271085932850838, "Accuracy": 0.9522510231923602, "Sensitivity": 0.9444444444444444, "Specificity": 0.9524475524475524, "AUC": 0.9786324786324786}, "Label_12": {"Optimal Threshold": 0.03911760076880455, "Accuracy": 0.7994542974079127, "Sensitivity": 0.8235294117647058, "Specificity": 0.7976539589442815, "AUC": 0.9039733195330919}, "Overall": {"Accuracy": 0.885822226886347, "Sensitivity": 0.9337437457808202, "Specificity": 0.8848291579598567, "AUC": 0.9513196694156758}}}