{"shared_labels": 8, "perf": [0.08902515470981598, 0.9769074320793152], "label_names": [[12, 1, 2, 5, 10, 0, 3, 9, 11, 6, 7], [12, 1, 2, 5, 10, 0, 3, 9, 4, 8]], "metrics": {"Label_0": {"Optimal Threshold": 0.08162485063076019, "Accuracy": 0.8649386084583902, "Sensitivity": 0.9710144927536232, "Specificity": 0.8539156626506024, "AUC": 0.9697703858913918}, "Label_1": {"Optimal Threshold": 0.0966929942369461, "Accuracy": 0.9181446111869032, "Sensitivity": 0.9655172413793104, "Specificity": 0.914074074074074, "AUC": 0.9866922094508301}, "Label_2": {"Optimal Threshold": 0.4059425890445709, "Accuracy": 0.9290586630286494, "Sensitivity": 0.9122807017543859, "Specificity": 0.9366336633663367, "AUC": 0.9732065311794338}, "Label_3": {"Optimal Threshold": 0.44331562519073486, "Accuracy": 0.9331514324693042, "Sensitivity": 0.918552036199095, "Specificity": 0.939453125, "AUC": 0.97577594739819}, "Label_4": {"Optimal Threshold": 0.011226105503737926, "Accuracy": 0.8267394270122783, "Sensitivity": 1.0, "Specificity": 0.8250688705234159, "AUC": 0.9653679653679654}, "Label_5": {"Optimal Threshold": 0.00451152678579092, "Accuracy": 0.7858117326057299, "Sensitivity": 1.0, "Specificity": 0.7843406593406593, "AUC": 0.9478021978021978}, "Label_6": {"Optimal Threshold": 0.012141688726842403, "Accuracy": 0.888130968622101, "Sensitivity": 1.0, "Specificity": 0.8864265927977839, "AUC": 0.973936036262906}, "Label_7": {"Optimal Threshold": 0.12915244698524475, "Accuracy": 0.9631650750341064, "Sensitivity": 1.0, "Specificity": 0.9597615499254843, "AUC": 0.9914186817941445}, "Label_8": {"Optimal Threshold": 0.0017545701703056693, "Accuracy": 0.7517053206002728, "Sensitivity": 1.0, "Specificity": 0.7510259917920656, "AUC": 0.7845417236662107}, "Label_9": {"Optimal Threshold": 0.034075986593961716, "Accuracy": 0.9017735334242838, "Sensitivity": 0.9375, "Specificity": 0.9001426533523538, "AUC": 0.9468616262482167}, "Label_10": {"Optimal Threshold": 0.015060840174555779, "Accuracy": 0.7680763983628922, "Sensitivity": 0.9444444444444444, "Specificity": 0.7636363636363637, "AUC": 0.918026418026418}, "Label_11": {"Optimal Threshold": 0.027853762730956078, "Accuracy": 0.9249658935879945, "Sensitivity": 0.8888888888888888, "Specificity": 0.9258741258741259, "AUC": 0.9520590520590521}, "Label_12": {"Optimal Threshold": 0.09044225513935089, "Accuracy": 0.7939972714870396, "Sensitivity": 0.9803921568627451, "Specificity": 0.7800586510263929, "AUC": 0.9530216778793629}, "Overall": {"Accuracy": 0.8653583796830728, "Sensitivity": 0.9629684586371149, "Specificity": 0.8631086141045891, "AUC": 0.9491138810020245}}}