{"shared_labels": 6, "perf": [0.0864684134721756, 0.9781109690666199], "label_names": [[11, 5, 10, 1, 2, 12, 7, 9, 3, 6], [11, 5, 10, 1, 2, 12, 4, 0, 8]], "metrics": {"Label_0": {"Optimal Threshold": 0.032384756952524185, "Accuracy": 0.8622100954979536, "Sensitivity": 0.9565217391304348, "Specificity": 0.8524096385542169, "AUC": 0.9676095687096211}, "Label_1": {"Optimal Threshold": 0.03403230011463165, "Accuracy": 0.9304229195088677, "Sensitivity": 0.9655172413793104, "Specificity": 0.9274074074074075, "AUC": 0.9885312899106002}, "Label_2": {"Optimal Threshold": 0.21379771828651428, "Accuracy": 0.91268758526603, "Sensitivity": 0.956140350877193, "Specificity": 0.8930693069306931, "AUC": 0.9764547507382316}, "Label_3": {"Optimal Threshold": 0.4052920341491699, "Accuracy": 0.9263301500682128, "Sensitivity": 0.9230769230769231, "Specificity": 0.927734375, "AUC": 0.9761382918552036}, "Label_4": {"Optimal Threshold": 0.003794917371124029, "Accuracy": 0.849931787175989, "Sensitivity": 1.0, "Specificity": 0.8484848484848485, "AUC": 0.9702872884691066}, "Label_5": {"Optimal Threshold": 0.041942298412323, "Accuracy": 0.9604365620736699, "Sensitivity": 0.8, "Specificity": 0.9615384615384616, "AUC": 0.9442307692307692}, "Label_6": {"Optimal Threshold": 0.02171388268470764, "Accuracy": 0.9208731241473397, "Sensitivity": 1.0, "Specificity": 0.9196675900277008, "AUC": 0.9728028204482497}, "Label_7": {"Optimal Threshold": 0.059321459382772446, "Accuracy": 0.9508867667121419, "Sensitivity": 1.0, "Specificity": 0.9463487332339792, "AUC": 0.9929330320657661}, "Label_8": {"Optimal Threshold": 0.0015099406009539962, "Accuracy": 0.7421555252387448, "Sensitivity": 1.0, "Specificity": 0.7414500683994528, "AUC": 0.780437756497948}, "Label_9": {"Optimal Threshold": 0.03764067962765694, "Accuracy": 0.8894952251023193, "Sensitivity": 0.90625, "Specificity": 0.8887303851640513, "AUC": 0.9375}, "Label_10": {"Optimal Threshold": 0.005037762690335512, "Accuracy": 0.703956343792633, "Sensitivity": 1.0, "Specificity": 0.6965034965034965, "AUC": 0.9126651126651126}, "Label_11": {"Optimal Threshold": 0.008979247882962227, "Accuracy": 0.8990450204638472, "Sensitivity": 1.0, "Specificity": 0.8965034965034965, "AUC": 0.9799533799533799}, "Label_12": {"Optimal Threshold": 0.126104936003685, "Accuracy": 0.8663028649386084, "Sensitivity": 0.9215686274509803, "Specificity": 0.8621700879765396, "AUC": 0.9524754183198206}, "Overall": {"Accuracy": 0.8780564592297199, "Sensitivity": 0.9560826832242186, "Specificity": 0.8740013765941802, "AUC": 0.9501553445279853}}}