{"shared_labels": 2, "perf": [0.09505247324705124, 0.9729524850845337], "label_names": [[9, 10, 0, 3, 7, 6, 2, 1], [9, 10, 5, 4, 12, 8, 11]], "metrics": {"Label_0": {"Optimal Threshold": 0.1953149288892746, "Accuracy": 0.937244201909959, "Sensitivity": 0.9130434782608695, "Specificity": 0.9397590361445783, "AUC": 0.967696874454339}, "Label_1": {"Optimal Threshold": 0.18107455968856812, "Accuracy": 0.931787175989086, "Sensitivity": 0.9827586206896551, "Specificity": 0.9274074074074075, "AUC": 0.9875095785440614}, "Label_2": {"Optimal Threshold": 0.16776466369628906, "Accuracy": 0.9140518417462483, "Sensitivity": 0.9210526315789473, "Specificity": 0.9108910891089109, "AUC": 0.9669706444328644}, "Label_3": {"Optimal Threshold": 0.18853320181369781, "Accuracy": 0.922237380627558, "Sensitivity": 0.9276018099547512, "Specificity": 0.919921875, "AUC": 0.9698370333710407}, "Label_4": {"Optimal Threshold": 0.0025210371240973473, "Accuracy": 0.8117326057298773, "Sensitivity": 1.0, "Specificity": 0.8099173553719008, "AUC": 0.9541519086973632}, "Label_5": {"Optimal Threshold": 0.1354145109653473, "Accuracy": 0.975443383356071, "Sensitivity": 0.8, "Specificity": 0.9766483516483516, "AUC": 0.9461538461538462}, "Label_6": {"Optimal Threshold": 0.009339671581983566, "Accuracy": 0.9058663028649386, "Sensitivity": 1.0, "Specificity": 0.9044321329639889, "AUC": 0.9688995215311004}, "Label_7": {"Optimal Threshold": 0.09571334719657898, "Accuracy": 0.9536152796725784, "Sensitivity": 1.0, "Specificity": 0.9493293591654247, "AUC": 0.9918273159944234}, "Label_8": {"Optimal Threshold": 0.004388144705444574, "Accuracy": 0.8281036834924966, "Sensitivity": 1.0, "Specificity": 0.8276333789329685, "AUC": 0.8632010943912448}, "Label_9": {"Optimal Threshold": 0.09852426499128342, "Accuracy": 0.9236016371077762, "Sensitivity": 0.90625, "Specificity": 0.9243937232524965, "AUC": 0.9501159058487876}, "Label_10": {"Optimal Threshold": 0.026634350419044495, "Accuracy": 0.8731241473396999, "Sensitivity": 0.8888888888888888, "Specificity": 0.8727272727272727, "AUC": 0.9408702408702408}, "Label_11": {"Optimal Threshold": 0.009843645617365837, "Accuracy": 0.8512960436562074, "Sensitivity": 0.9444444444444444, "Specificity": 0.848951048951049, "AUC": 0.9425019425019425}, "Label_12": {"Optimal Threshold": 0.1128707230091095, "Accuracy": 0.869031377899045, "Sensitivity": 0.9019607843137255, "Specificity": 0.8665689149560117, "AUC": 0.9340463458110517}, "Overall": {"Accuracy": 0.8997796201070417, "Sensitivity": 0.9373846660100986, "Specificity": 0.8983523804331047, "AUC": 0.9525986348155621}}}