{"shared_labels": 7, "perf": [0.08929476886987686, 0.9755093455314636], "label_names": [[2, 9, 5, 11, 3, 0, 4, 12, 10, 1], [2, 9, 5, 11, 3, 0, 4, 6, 8, 7]], "metrics": {"Label_0": {"Optimal Threshold": 0.03684702143073082, "Accuracy": 0.8608458390177354, "Sensitivity": 0.9565217391304348, "Specificity": 0.8509036144578314, "AUC": 0.9692902042954427}, "Label_1": {"Optimal Threshold": 0.045164089649915695, "Accuracy": 0.9249658935879945, "Sensitivity": 0.9482758620689655, "Specificity": 0.922962962962963, "AUC": 0.9842656449553001}, "Label_2": {"Optimal Threshold": 0.4591946005821228, "Accuracy": 0.9249658935879945, "Sensitivity": 0.9078947368421053, "Specificity": 0.9326732673267327, "AUC": 0.9734670835504603}, "Label_3": {"Optimal Threshold": 0.31177014112472534, "Accuracy": 0.9208731241473397, "Sensitivity": 0.9276018099547512, "Specificity": 0.91796875, "AUC": 0.9758024604072398}, "Label_4": {"Optimal Threshold": 0.0020001486409455538, "Accuracy": 0.8144611186903138, "Sensitivity": 1.0, "Specificity": 0.8126721763085399, "AUC": 0.9643841007477371}, "Label_5": {"Optimal Threshold": 0.004283240530639887, "Accuracy": 0.791268758526603, "Sensitivity": 1.0, "Specificity": 0.7898351648351648, "AUC": 0.9467032967032967}, "Label_6": {"Optimal Threshold": 0.02356945164501667, "Accuracy": 0.9140518417462483, "Sensitivity": 1.0, "Specificity": 0.9127423822714681, "AUC": 0.9754469906824477}, "Label_7": {"Optimal Threshold": 0.14916783571243286, "Accuracy": 0.9590723055934516, "Sensitivity": 1.0, "Specificity": 0.9552906110283159, "AUC": 0.9928609201480697}, "Label_8": {"Optimal Threshold": 0.002732247579842806, "Accuracy": 0.8608458390177354, "Sensitivity": 1.0, "Specificity": 0.8604651162790697, "AUC": 0.8946648426812586}, "Label_9": {"Optimal Threshold": 0.011224767193198204, "Accuracy": 0.8949522510231923, "Sensitivity": 0.9375, "Specificity": 0.8930099857346647, "AUC": 0.9531918687589158}, "Label_10": {"Optimal Threshold": 0.011981712654232979, "Accuracy": 0.8158253751705321, "Sensitivity": 0.8333333333333334, "Specificity": 0.8153846153846154, "AUC": 0.8602175602175602}, "Label_11": {"Optimal Threshold": 0.024398809298872948, "Accuracy": 0.9399727148703957, "Sensitivity": 0.9444444444444444, "Specificity": 0.9398601398601398, "AUC": 0.9770784770784771}, "Label_12": {"Optimal Threshold": 0.02843211218714714, "Accuracy": 0.7530695770804912, "Sensitivity": 0.9019607843137255, "Specificity": 0.7419354838709677, "AUC": 0.910125927203726}, "Overall": {"Accuracy": 0.8750131178507713, "Sensitivity": 0.95057943923752, "Specificity": 0.8727464823323442, "AUC": 0.9521153367253793}}}