{"shared_labels": 5, "perf": [0.08948986977338791, 0.9777178168296814], "label_names": [[7, 3, 10, 5, 12, 4, 2, 11, 6], [7, 3, 10, 5, 12, 9, 0, 1, 8]], "metrics": {"Label_0": {"Optimal Threshold": 0.04852557182312012, "Accuracy": 0.878581173260573, "Sensitivity": 0.927536231884058, "Specificity": 0.8734939759036144, "AUC": 0.9617819102496945}, "Label_1": {"Optimal Threshold": 0.025948472321033478, "Accuracy": 0.9181446111869032, "Sensitivity": 0.9482758620689655, "Specificity": 0.9155555555555556, "AUC": 0.9826819923371647}, "Label_2": {"Optimal Threshold": 0.3746452331542969, "Accuracy": 0.9099590723055935, "Sensitivity": 0.9298245614035088, "Specificity": 0.900990099009901, "AUC": 0.9691940246656244}, "Label_3": {"Optimal Threshold": 0.41991639137268066, "Accuracy": 0.9236016371077762, "Sensitivity": 0.9276018099547512, "Specificity": 0.921875, "AUC": 0.975431278280543}, "Label_4": {"Optimal Threshold": 0.0064968569204211235, "Accuracy": 0.8867667121418826, "Sensitivity": 1.0, "Specificity": 0.8856749311294766, "AUC": 0.9761904761904762}, "Label_5": {"Optimal Threshold": 0.044748980551958084, "Accuracy": 0.9618008185538881, "Sensitivity": 0.8, "Specificity": 0.9629120879120879, "AUC": 0.9335164835164835}, "Label_6": {"Optimal Threshold": 0.011222528293728828, "Accuracy": 0.8540245566166439, "Sensitivity": 1.0, "Specificity": 0.8518005540166205, "AUC": 0.9627297909846386}, "Label_7": {"Optimal Threshold": 0.18860168755054474, "Accuracy": 0.9672578444747613, "Sensitivity": 1.0, "Specificity": 0.9642324888226528, "AUC": 0.9937743377722226}, "Label_8": {"Optimal Threshold": 0.0005680146277882159, "Accuracy": 0.495225102319236, "Sensitivity": 1.0, "Specificity": 0.493844049247606, "AUC": 0.6928864569083448}, "Label_9": {"Optimal Threshold": 0.057625796645879745, "Accuracy": 0.922237380627558, "Sensitivity": 0.875, "Specificity": 0.9243937232524965, "AUC": 0.9481098430813124}, "Label_10": {"Optimal Threshold": 0.015775496140122414, "Accuracy": 0.7748976807639836, "Sensitivity": 0.9444444444444444, "Specificity": 0.7706293706293706, "AUC": 0.9228438228438228}, "Label_11": {"Optimal Threshold": 0.0774935930967331, "Accuracy": 0.965893587994543, "Sensitivity": 0.8888888888888888, "Specificity": 0.9678321678321679, "AUC": 0.9686091686091686}, "Label_12": {"Optimal Threshold": 0.04378549009561539, "Accuracy": 0.8185538881309686, "Sensitivity": 0.9607843137254902, "Specificity": 0.8079178885630498, "AUC": 0.9506066356161234}, "Overall": {"Accuracy": 0.8674572358064855, "Sensitivity": 0.9386427778746237, "Specificity": 0.8647039916826615, "AUC": 0.9414120170042786}}}