{"shared_labels": 10, "perf": [0.0869855061173439, 0.9785314202308655], "label_names": [[3, 9, 2, 5, 1, 0, 10, 7, 11, 8, 6, 12], [3, 9, 2, 5, 1, 0, 10, 7, 11, 8, 4]], "metrics": {"Label_0": {"Optimal Threshold": 0.17052403092384338, "Accuracy": 0.9454297407912687, "Sensitivity": 0.855072463768116, "Specificity": 0.9548192771084337, "AUC": 0.9689409813165706}, "Label_1": {"Optimal Threshold": 0.08856353908777237, "Accuracy": 0.9481582537517054, "Sensitivity": 0.9482758620689655, "Specificity": 0.9481481481481482, "AUC": 0.9879948914431673}, "Label_2": {"Optimal Threshold": 0.47895321249961853, "Accuracy": 0.9290586630286494, "Sensitivity": 0.9035087719298246, "Specificity": 0.9405940594059405, "AUC": 0.9731023102310231}, "Label_3": {"Optimal Threshold": 0.310267835855484, "Accuracy": 0.9263301500682128, "Sensitivity": 0.9366515837104072, "Specificity": 0.921875, "AUC": 0.9756787330316742}, "Label_4": {"Optimal Threshold": 0.01807287521660328, "Accuracy": 0.9140518417462483, "Sensitivity": 0.8571428571428571, "Specificity": 0.9146005509641874, "AUC": 0.9515938606847697}, "Label_5": {"Optimal Threshold": 0.02886083535850048, "Accuracy": 0.9481582537517054, "Sensitivity": 0.8, "Specificity": 0.9491758241758241, "AUC": 0.9302197802197802}, "Label_6": {"Optimal Threshold": 0.006589499767869711, "Accuracy": 0.8308321964529332, "Sensitivity": 1.0, "Specificity": 0.8282548476454293, "AUC": 0.9589524049357844}, "Label_7": {"Optimal Threshold": 0.09156617522239685, "Accuracy": 0.9645293315143247, "Sensitivity": 1.0, "Specificity": 0.9612518628912071, "AUC": 0.9935580020191338}, "Label_8": {"Optimal Threshold": 0.0014841118827462196, "Accuracy": 0.8076398362892224, "Sensitivity": 1.0, "Specificity": 0.8071135430916553, "AUC": 0.8132694938440491}, "Label_9": {"Optimal Threshold": 0.046300146728754044, "Accuracy": 0.927694406548431, "Sensitivity": 0.90625, "Specificity": 0.9286733238231099, "AUC": 0.9533256062767476}, "Label_10": {"Optimal Threshold": 0.014247477054595947, "Accuracy": 0.7994542974079127, "Sensitivity": 0.9444444444444444, "Specificity": 0.7958041958041958, "AUC": 0.9165501165501165}, "Label_11": {"Optimal Threshold": 0.03745266795158386, "Accuracy": 0.9536152796725784, "Sensitivity": 1.0, "Specificity": 0.9524475524475524, "AUC": 0.9853146853146852}, "Label_12": {"Optimal Threshold": 0.07175063341856003, "Accuracy": 0.8772169167803547, "Sensitivity": 0.8431372549019608, "Specificity": 0.8797653958944281, "AUC": 0.927088724052671}, "Overall": {"Accuracy": 0.9055514744464267, "Sensitivity": 0.9226525567666598, "Specificity": 0.9063479678000086, "AUC": 0.9488915069169364}}}