{"shared_labels": 13, "perf": [0.08676671981811523, 0.9789043664932251], "label_names": [[0, 7, 1, 5, 12, 2, 11, 9, 4, 8, 3, 10, 6], [0, 7, 1, 5, 12, 2, 11, 9, 4, 8, 3, 10, 6]], "metrics": {"Label_0": {"Optimal Threshold": 0.099393330514431, "Accuracy": 0.9181446111869032, "Sensitivity": 0.8985507246376812, "Specificity": 0.9201807228915663, "AUC": 0.9704251789767767}, "Label_1": {"Optimal Threshold": 0.05910777300596237, "Accuracy": 0.9358799454297408, "Sensitivity": 0.9655172413793104, "Specificity": 0.9333333333333333, "AUC": 0.9874840357598977}, "Label_2": {"Optimal Threshold": 0.42041799426078796, "Accuracy": 0.9140518417462483, "Sensitivity": 0.9298245614035088, "Specificity": 0.906930693069307, "AUC": 0.9733107521278443}, "Label_3": {"Optimal Threshold": 0.482673317193985, "Accuracy": 0.9263301500682128, "Sensitivity": 0.9321266968325792, "Specificity": 0.923828125, "AUC": 0.976695065045249}, "Label_4": {"Optimal Threshold": 0.001744682784192264, "Accuracy": 0.7762619372442019, "Sensitivity": 1.0, "Specificity": 0.7741046831955923, "AUC": 0.9541519086973632}, "Label_5": {"Optimal Threshold": 0.04638029262423515, "Accuracy": 0.9645293315143247, "Sensitivity": 0.8, "Specificity": 0.9656593406593407, "AUC": 0.9401098901098901}, "Label_6": {"Optimal Threshold": 0.008338545449078083, "Accuracy": 0.8744884038199181, "Sensitivity": 1.0, "Specificity": 0.8725761772853186, "AUC": 0.973936036262906}, "Label_7": {"Optimal Threshold": 0.12160961329936981, "Accuracy": 0.9618008185538881, "Sensitivity": 1.0, "Specificity": 0.9582712369597616, "AUC": 0.9933176289601462}, "Label_8": {"Optimal Threshold": 0.0022590819280594587, "Accuracy": 0.810368349249659, "Sensitivity": 1.0, "Specificity": 0.8098495212038304, "AUC": 0.8290013679890561}, "Label_9": {"Optimal Threshold": 0.05787257105112076, "Accuracy": 0.9154160982264665, "Sensitivity": 0.90625, "Specificity": 0.9158345221112696, "AUC": 0.9472628388017118}, "Label_10": {"Optimal Threshold": 0.011490382254123688, "Accuracy": 0.7885402455661664, "Sensitivity": 0.9444444444444444, "Specificity": 0.7846153846153846, "AUC": 0.9076923076923077}, "Label_11": {"Optimal Threshold": 0.021012375131249428, "Accuracy": 0.931787175989086, "Sensitivity": 0.9444444444444444, "Specificity": 0.9314685314685315, "AUC": 0.9754467754467755}, "Label_12": {"Optimal Threshold": 0.06991776823997498, "Accuracy": 0.8362892223738063, "Sensitivity": 0.9215686274509803, "Specificity": 0.8299120234604106, "AUC": 0.9464378126617216}, "Overall": {"Accuracy": 0.8887606254591246, "Sensitivity": 0.9417482108148423, "Specificity": 0.8866587919425883, "AUC": 0.9519439691178189}}}