{"shared_labels": 12, "perf": [0.08806085586547852, 0.9793464541435242], "label_names": [[12, 4, 0, 2, 3, 5, 8, 9, 7, 10, 11, 6, 1], [12, 4, 0, 2, 3, 5, 8, 9, 7, 10, 11, 6]], "metrics": {"Label_0": {"Optimal Threshold": 0.07380026578903198, "Accuracy": 0.91268758526603, "Sensitivity": 0.8840579710144928, "Specificity": 0.9156626506024096, "AUC": 0.9671512135498516}, "Label_1": {"Optimal Threshold": 0.03640028089284897, "Accuracy": 0.9140518417462483, "Sensitivity": 0.9655172413793104, "Specificity": 0.9096296296296297, "AUC": 0.9853128991060025}, "Label_2": {"Optimal Threshold": 0.44390153884887695, "Accuracy": 0.9167803547066848, "Sensitivity": 0.9385964912280702, "Specificity": 0.906930693069307, "AUC": 0.9733628626020496}, "Label_3": {"Optimal Threshold": 0.5705364942550659, "Accuracy": 0.9290586630286494, "Sensitivity": 0.918552036199095, "Specificity": 0.93359375, "AUC": 0.9767746040723981}, "Label_4": {"Optimal Threshold": 0.046303641051054, "Accuracy": 0.9590723055934516, "Sensitivity": 0.8571428571428571, "Specificity": 0.9600550964187328, "AUC": 0.9653679653679653}, "Label_5": {"Optimal Threshold": 0.004347815643996, "Accuracy": 0.7748976807639836, "Sensitivity": 1.0, "Specificity": 0.7733516483516484, "AUC": 0.940934065934066}, "Label_6": {"Optimal Threshold": 0.009444798342883587, "Accuracy": 0.8403819918144612, "Sensitivity": 1.0, "Specificity": 0.8379501385041551, "AUC": 0.9676403928481491}, "Label_7": {"Optimal Threshold": 0.15159335732460022, "Accuracy": 0.9672578444747613, "Sensitivity": 1.0, "Specificity": 0.9642324888226528, "AUC": 0.99382241238402}, "Label_8": {"Optimal Threshold": 0.0035411017015576363, "Accuracy": 0.800818553888131, "Sensitivity": 1.0, "Specificity": 0.8002735978112175, "AUC": 0.8515731874145007}, "Label_9": {"Optimal Threshold": 0.022432422265410423, "Accuracy": 0.8676671214188267, "Sensitivity": 0.96875, "Specificity": 0.8630527817403709, "AUC": 0.9469062054208274}, "Label_10": {"Optimal Threshold": 0.018943054601550102, "Accuracy": 0.7789904502046384, "Sensitivity": 0.8888888888888888, "Specificity": 0.7762237762237763, "AUC": 0.8944055944055944}, "Label_11": {"Optimal Threshold": 0.04635891318321228, "Accuracy": 0.9454297407912687, "Sensitivity": 0.9444444444444444, "Specificity": 0.9454545454545454, "AUC": 0.9794094794094794}, "Label_12": {"Optimal Threshold": 0.08184226602315903, "Accuracy": 0.834924965893588, "Sensitivity": 0.9411764705882353, "Specificity": 0.8269794721407625, "AUC": 0.9478178368121443}, "Overall": {"Accuracy": 0.8801553153531325, "Sensitivity": 0.9467020308373381, "Specificity": 0.8779530975976315, "AUC": 0.9531137476405421}}}