{"shared_labels": 9, "perf": [0.08698417246341705, 0.9758651256561279], "label_names": [[7, 5, 11, 3, 4, 1, 12, 2, 6, 9, 8], [7, 5, 11, 3, 4, 1, 12, 2, 6, 10, 0]], "metrics": {"Label_0": {"Optimal Threshold": 0.06436415761709213, "Accuracy": 0.8622100954979536, "Sensitivity": 0.9130434782608695, "Specificity": 0.8569277108433735, "AUC": 0.9569364414178453}, "Label_1": {"Optimal Threshold": 0.29753488302230835, "Accuracy": 0.9740791268758526, "Sensitivity": 0.9137931034482759, "Specificity": 0.9792592592592593, "AUC": 0.9885312899106002}, "Label_2": {"Optimal Threshold": 0.22576384246349335, "Accuracy": 0.9181446111869032, "Sensitivity": 0.9342105263157895, "Specificity": 0.9108910891089109, "AUC": 0.9733889178391524}, "Label_3": {"Optimal Threshold": 0.3486790955066681, "Accuracy": 0.9304229195088677, "Sensitivity": 0.9276018099547512, "Specificity": 0.931640625, "AUC": 0.9768983314479638}, "Label_4": {"Optimal Threshold": 0.00143821828532964, "Accuracy": 0.7926330150068213, "Sensitivity": 1.0, "Specificity": 0.790633608815427, "AUC": 0.9588744588744589}, "Label_5": {"Optimal Threshold": 0.002045955741778016, "Accuracy": 0.7885402455661664, "Sensitivity": 1.0, "Specificity": 0.7870879120879121, "AUC": 0.9494505494505494}, "Label_6": {"Optimal Threshold": 0.004776645451784134, "Accuracy": 0.8894952251023193, "Sensitivity": 1.0, "Specificity": 0.8878116343490304, "AUC": 0.9762024678922185}, "Label_7": {"Optimal Threshold": 0.16189347207546234, "Accuracy": 0.9686221009549796, "Sensitivity": 1.0, "Specificity": 0.9657228017883756, "AUC": 0.99363011393683}, "Label_8": {"Optimal Threshold": 0.004407582804560661, "Accuracy": 0.8744884038199181, "Sensitivity": 1.0, "Specificity": 0.8741450068399452, "AUC": 0.8775649794801641}, "Label_9": {"Optimal Threshold": 0.020891522988677025, "Accuracy": 0.8308321964529332, "Sensitivity": 0.96875, "Specificity": 0.8245363766048502, "AUC": 0.9420916547788873}, "Label_10": {"Optimal Threshold": 0.01246046181768179, "Accuracy": 0.8240109140518418, "Sensitivity": 0.8333333333333334, "Specificity": 0.8237762237762237, "AUC": 0.8860139860139861}, "Label_11": {"Optimal Threshold": 0.020658431574702263, "Accuracy": 0.9508867667121419, "Sensitivity": 0.9444444444444444, "Specificity": 0.951048951048951, "AUC": 0.9785547785547786}, "Label_12": {"Optimal Threshold": 0.0933716744184494, "Accuracy": 0.8799454297407913, "Sensitivity": 0.9019607843137255, "Specificity": 0.8782991202346041, "AUC": 0.9520729112759473}, "Overall": {"Accuracy": 0.8834085423444223, "Sensitivity": 0.9490105753900916, "Specificity": 0.8816754092120663, "AUC": 0.9546316062210293}}}