{"shared_labels": 11, "perf": [0.08665783703327179, 0.9772720336914062], "label_names": [[3, 6, 11, 2, 0, 7, 4, 9, 12, 8, 10, 1], [3, 6, 11, 2, 0, 7, 4, 9, 12, 8, 10, 5]], "metrics": {"Label_0": {"Optimal Threshold": 0.24892714619636536, "Accuracy": 0.9481582537517054, "Sensitivity": 0.855072463768116, "Specificity": 0.9578313253012049, "AUC": 0.9675877422734416}, "Label_1": {"Optimal Threshold": 0.15548114478588104, "Accuracy": 0.9495225102319236, "Sensitivity": 0.9482758620689655, "Specificity": 0.9496296296296296, "AUC": 0.9857982120051085}, "Label_2": {"Optimal Threshold": 0.24254783987998962, "Accuracy": 0.9263301500682128, "Sensitivity": 0.9166666666666666, "Specificity": 0.9306930693069307, "AUC": 0.9734757686294946}, "Label_3": {"Optimal Threshold": 0.24651163816452026, "Accuracy": 0.9304229195088677, "Sensitivity": 0.9230769230769231, "Specificity": 0.93359375, "AUC": 0.9762708569004526}, "Label_4": {"Optimal Threshold": 0.0017912996700033545, "Accuracy": 0.7667121418826739, "Sensitivity": 1.0, "Specificity": 0.7644628099173554, "AUC": 0.9517906336088154}, "Label_5": {"Optimal Threshold": 0.057976145297288895, "Accuracy": 0.9618008185538881, "Sensitivity": 0.8, "Specificity": 0.9629120879120879, "AUC": 0.9304945054945055}, "Label_6": {"Optimal Threshold": 0.014800939708948135, "Accuracy": 0.9017735334242838, "Sensitivity": 1.0, "Specificity": 0.9002770083102493, "AUC": 0.9746915134726768}, "Label_7": {"Optimal Threshold": 0.16253024339675903, "Accuracy": 0.9699863574351978, "Sensitivity": 1.0, "Specificity": 0.9672131147540983, "AUC": 0.9939666362194125}, "Label_8": {"Optimal Threshold": 0.00868217647075653, "Accuracy": 0.878581173260573, "Sensitivity": 1.0, "Specificity": 0.8782489740082079, "AUC": 0.8796169630642956}, "Label_9": {"Optimal Threshold": 0.03319191560149193, "Accuracy": 0.8649386084583902, "Sensitivity": 0.96875, "Specificity": 0.8601997146932953, "AUC": 0.9515424393723253}, "Label_10": {"Optimal Threshold": 0.013843792490661144, "Accuracy": 0.7748976807639836, "Sensitivity": 0.8888888888888888, "Specificity": 0.772027972027972, "AUC": 0.8952602952602953}, "Label_11": {"Optimal Threshold": 0.009439725428819656, "Accuracy": 0.897680763983629, "Sensitivity": 1.0, "Specificity": 0.8951048951048951, "AUC": 0.9803418803418804}, "Label_12": {"Optimal Threshold": 0.0930686667561531, "Accuracy": 0.8635743519781719, "Sensitivity": 0.9019607843137255, "Specificity": 0.8607038123167156, "AUC": 0.9508078891380599}, "Overall": {"Accuracy": 0.8949522510231923, "Sensitivity": 0.9386685837525606, "Specificity": 0.8948383202525109, "AUC": 0.9547419489062126}}}