{"shared_labels": 4, "perf": [0.09236587584018707, 0.9754400849342346], "label_names": [[5, 8, 6, 10, 1, 7, 9, 4, 2], [5, 8, 6, 10, 12, 11, 0, 3]], "metrics": {"Label_0": {"Optimal Threshold": 0.024915911257267, "Accuracy": 0.903137789904502, "Sensitivity": 0.8840579710144928, "Specificity": 0.9051204819277109, "AUC": 0.9594028287061289}, "Label_1": {"Optimal Threshold": 0.05048493668437004, "Accuracy": 0.9413369713506139, "Sensitivity": 0.9655172413793104, "Specificity": 0.9392592592592592, "AUC": 0.9854916985951468}, "Label_2": {"Optimal Threshold": 0.4830572009086609, "Accuracy": 0.9208731241473397, "Sensitivity": 0.9342105263157895, "Specificity": 0.9148514851485149, "AUC": 0.9727896473857912}, "Label_3": {"Optimal Threshold": 0.37853384017944336, "Accuracy": 0.927694406548431, "Sensitivity": 0.9321266968325792, "Specificity": 0.92578125, "AUC": 0.9733013998868778}, "Label_4": {"Optimal Threshold": 0.020908407866954803, "Accuracy": 0.9454297407912687, "Sensitivity": 0.8571428571428571, "Specificity": 0.9462809917355371, "AUC": 0.9541519086973632}, "Label_5": {"Optimal Threshold": 0.10322391241788864, "Accuracy": 0.9931787175989086, "Sensitivity": 0.8, "Specificity": 0.9945054945054945, "AUC": 0.9255494505494506}, "Label_6": {"Optimal Threshold": 0.015878865495324135, "Accuracy": 0.9290586630286494, "Sensitivity": 1.0, "Specificity": 0.9279778393351801, "AUC": 0.9824981113069756}, "Label_7": {"Optimal Threshold": 0.07658268511295319, "Accuracy": 0.9345156889495225, "Sensitivity": 1.0, "Specificity": 0.9284649776453056, "AUC": 0.990000480746118}, "Label_8": {"Optimal Threshold": 0.0012817621463909745, "Accuracy": 0.6916780354706685, "Sensitivity": 1.0, "Specificity": 0.6908344733242134, "AUC": 0.7852257181942545}, "Label_9": {"Optimal Threshold": 0.05481946840882301, "Accuracy": 0.9085948158253752, "Sensitivity": 0.9375, "Specificity": 0.9072753209700428, "AUC": 0.9507400142653353}, "Label_10": {"Optimal Threshold": 0.008613718673586845, "Accuracy": 0.7748976807639836, "Sensitivity": 1.0, "Specificity": 0.7692307692307693, "AUC": 0.934965034965035}, "Label_11": {"Optimal Threshold": 0.018095966428518295, "Accuracy": 0.9249658935879945, "Sensitivity": 0.9444444444444444, "Specificity": 0.9244755244755245, "AUC": 0.9736596736596737}, "Label_12": {"Optimal Threshold": 0.09062473475933075, "Accuracy": 0.8867667121418826, "Sensitivity": 0.7450980392156863, "Specificity": 0.8973607038123167, "AUC": 0.9049220861365074}, "Overall": {"Accuracy": 0.8986252492391646, "Sensitivity": 0.9230844443342432, "Specificity": 0.8978014285669131, "AUC": 0.9455921579303582}}}