{"shared_labels": 1, "perf": [0.09242449700832367, 0.9739420413970947], "label_names": [[6, 11, 10, 3, 8, 9, 4], [6, 5, 0, 1, 12, 7, 2]], "metrics": {"Label_0": {"Optimal Threshold": 0.05686657503247261, "Accuracy": 0.9113233287858117, "Sensitivity": 0.9130434782608695, "Specificity": 0.911144578313253, "AUC": 0.9716256329666493}, "Label_1": {"Optimal Threshold": 0.03637700527906418, "Accuracy": 0.9413369713506139, "Sensitivity": 0.9482758620689655, "Specificity": 0.9407407407407408, "AUC": 0.9814814814814814}, "Label_2": {"Optimal Threshold": 0.3833911120891571, "Accuracy": 0.9304229195088677, "Sensitivity": 0.9122807017543859, "Specificity": 0.9386138613861386, "AUC": 0.9731544207052284}, "Label_3": {"Optimal Threshold": 0.12962181866168976, "Accuracy": 0.9140518417462483, "Sensitivity": 0.9502262443438914, "Specificity": 0.8984375, "AUC": 0.9736637443438914}, "Label_4": {"Optimal Threshold": 0.03473475202918053, "Accuracy": 0.9713506139154161, "Sensitivity": 0.8571428571428571, "Specificity": 0.9724517906336089, "AUC": 0.9639905548996458}, "Label_5": {"Optimal Threshold": 0.03718820586800575, "Accuracy": 0.956343792633015, "Sensitivity": 0.8, "Specificity": 0.9574175824175825, "AUC": 0.9228021978021977}, "Label_6": {"Optimal Threshold": 0.021016176789999008, "Accuracy": 0.9427012278308322, "Sensitivity": 1.0, "Specificity": 0.9418282548476454, "AUC": 0.9819944598337951}, "Label_7": {"Optimal Threshold": 0.09658198803663254, "Accuracy": 0.975443383356071, "Sensitivity": 0.967741935483871, "Specificity": 0.9761549925484352, "AUC": 0.9929570693716648}, "Label_8": {"Optimal Threshold": 0.0011996455723419785, "Accuracy": 0.7667121418826739, "Sensitivity": 1.0, "Specificity": 0.7660738714090287, "AUC": 0.8399452804377565}, "Label_9": {"Optimal Threshold": 0.017951741814613342, "Accuracy": 0.9058663028649386, "Sensitivity": 0.875, "Specificity": 0.9072753209700428, "AUC": 0.9375445791726105}, "Label_10": {"Optimal Threshold": 0.018588831648230553, "Accuracy": 0.8035470668485676, "Sensitivity": 0.8888888888888888, "Specificity": 0.8013986013986014, "AUC": 0.9138306138306138}, "Label_11": {"Optimal Threshold": 0.03233471140265465, "Accuracy": 0.956343792633015, "Sensitivity": 0.9444444444444444, "Specificity": 0.9566433566433566, "AUC": 0.9794094794094794}, "Label_12": {"Optimal Threshold": 0.08343463391065598, "Accuracy": 0.8963165075034106, "Sensitivity": 0.7254901960784313, "Specificity": 0.9090909090909091, "AUC": 0.8983382209188661}, "Overall": {"Accuracy": 0.9132122992968833, "Sensitivity": 0.9063488160358927, "Specificity": 0.9136362584922572, "AUC": 0.9485182873210678}}}