{"shared_labels": 3, "perf": [0.09958077222108841, 0.9696919918060303], "metrics": {"Label_0": {"Optimal Threshold": 0.13109271228313446, "Accuracy": 0.9495225102319236, "Sensitivity": 0.8783783783783784, "Specificity": 0.9575113808801214, "AUC": 0.9661034327195177}, "Label_1": {"Optimal Threshold": 0.06326474249362946, "Accuracy": 0.946793997271487, "Sensitivity": 0.9253731343283582, "Specificity": 0.948948948948949, "AUC": 0.9772757832459326}, "Label_2": {"Optimal Threshold": 0.16951271891593933, "Accuracy": 0.8894952251023193, "Sensitivity": 0.9478672985781991, "Specificity": 0.8659003831417624, "AUC": 0.9624303172268527}, "Label_3": {"Optimal Threshold": 0.19431427121162415, "Accuracy": 0.9004092769440655, "Sensitivity": 0.9359605911330049, "Specificity": 0.8867924528301887, "AUC": 0.9644576633516125}, "Label_4": {"Optimal Threshold": 0.0003488333313725889, "Accuracy": 0.7598908594815825, "Sensitivity": 1.0, "Specificity": 0.7575757575757576, "AUC": 0.9378197560015742}, "Label_5": {"Optimal Threshold": 0.06828664243221283, "Accuracy": 0.9795361527967258, "Sensitivity": 0.6666666666666666, "Specificity": 0.9821182943603851, "AUC": 0.9018798716185237}, "Label_6": {"Optimal Threshold": 0.010304026305675507, "Accuracy": 0.8744884038199181, "Sensitivity": 1.0, "Specificity": 0.8732782369146006, "AUC": 0.9748130657221568}, "Label_7": {"Optimal Threshold": 0.18737539649009705, "Accuracy": 0.9740791268758526, "Sensitivity": 0.921875, "Specificity": 0.9790732436472347, "AUC": 0.9790732436472348}, "Label_8": {"Optimal Threshold": 0.009972766041755676, "Accuracy": 0.9099590723055935, "Sensitivity": 1.0, "Specificity": 0.9092159559834938, "AUC": 0.9644658413571756}, "Label_9": {"Optimal Threshold": 0.01666872575879097, "Accuracy": 0.8321964529331515, "Sensitivity": 0.9259259259259259, "Specificity": 0.8286118980169972, "AUC": 0.9329556185080264}, "Label_10": {"Optimal Threshold": 0.004195528570562601, "Accuracy": 0.6957708049113234, "Sensitivity": 1.0, "Specificity": 0.6885474860335196, "AUC": 0.898784094643444}, "Label_11": {"Optimal Threshold": 0.023501276969909668, "Accuracy": 0.9263301500682128, "Sensitivity": 0.9583333333333334, "Specificity": 0.92524682651622, "AUC": 0.9729078514339444}, "Label_12": {"Optimal Threshold": 0.08174226433038712, "Accuracy": 0.8512960436562074, "Sensitivity": 0.9027777777777778, "Specificity": 0.8456883509833586, "AUC": 0.9419860480753068}, "Overall": {"Accuracy": 0.8838283135691049, "Sensitivity": 0.9279352389324342, "Specificity": 0.8806545550640454, "AUC": 0.9519194298116388}}, "label_names": [[1, 7, 12, 0, 5, 6, 10, 9], [1, 7, 12, 8, 3, 4, 2, 11]]}