{"shared_labels": 3, "perf": [0.09765945374965668, 0.9698337316513062], "metrics": {"Label_0": {"Optimal Threshold": 0.007656036410480738, "Accuracy": 0.8130968622100955, "Sensitivity": 0.927536231884058, "Specificity": 0.8012048192771084, "AUC": 0.9451283394447355}, "Label_1": {"Optimal Threshold": 0.007156768813729286, "Accuracy": 0.8990450204638472, "Sensitivity": 0.9310344827586207, "Specificity": 0.8962962962962963, "AUC": 0.9723371647509578}, "Label_2": {"Optimal Threshold": 0.2729739248752594, "Accuracy": 0.9236016371077762, "Sensitivity": 0.9254385964912281, "Specificity": 0.9227722772277228, "AUC": 0.9704359909675178}, "Label_3": {"Optimal Threshold": 0.18708454072475433, "Accuracy": 0.9249658935879945, "Sensitivity": 0.9230769230769231, "Specificity": 0.92578125, "AUC": 0.9750159078054299}, "Label_4": {"Optimal Threshold": 0.06005431339144707, "Accuracy": 0.9836289222373806, "Sensitivity": 0.8571428571428571, "Specificity": 0.9848484848484849, "AUC": 0.9675324675324675}, "Label_5": {"Optimal Threshold": 0.01288910023868084, "Accuracy": 0.9181446111869032, "Sensitivity": 0.8, "Specificity": 0.9189560439560439, "AUC": 0.9192307692307692}, "Label_6": {"Optimal Threshold": 0.004005427937954664, "Accuracy": 0.8540245566166439, "Sensitivity": 1.0, "Specificity": 0.8518005540166205, "AUC": 0.966633089901788}, "Label_7": {"Optimal Threshold": 0.06429924815893173, "Accuracy": 0.9631650750341064, "Sensitivity": 1.0, "Specificity": 0.9597615499254843, "AUC": 0.9934378154896399}, "Label_8": {"Optimal Threshold": 0.0058358763344585896, "Accuracy": 0.9249658935879945, "Sensitivity": 1.0, "Specificity": 0.9247606019151847, "AUC": 0.9268125854993159}, "Label_9": {"Optimal Threshold": 0.00403851643204689, "Accuracy": 0.8731241473396999, "Sensitivity": 0.96875, "Specificity": 0.8687589158345221, "AUC": 0.9547967189728959}, "Label_10": {"Optimal Threshold": 0.008485740050673485, "Accuracy": 0.7544338335607094, "Sensitivity": 0.9444444444444444, "Specificity": 0.7496503496503496, "AUC": 0.9027195027195026}, "Label_11": {"Optimal Threshold": 0.04697239026427269, "Accuracy": 0.9522510231923602, "Sensitivity": 0.8333333333333334, "Specificity": 0.9552447552447553, "AUC": 0.936985236985237}, "Label_12": {"Optimal Threshold": 0.057431064546108246, "Accuracy": 0.8335607094133697, "Sensitivity": 0.9019607843137255, "Specificity": 0.8284457478005866, "AUC": 0.9282099936748893}, "Overall": {"Accuracy": 0.8936929373491448, "Sensitivity": 0.9240552041111686, "Specificity": 0.8914062804610124, "AUC": 0.9507135063827035}}, "label_names": [[9, 4, 8, 7, 5, 2, 11, 10], [9, 4, 8, 12, 6, 3, 0, 1]]}