{"shared_labels": 6, "perf": [0.09234535694122314, 0.9743459820747375], "metrics": {"Label_0": {"Optimal Threshold": 0.2085505574941635, "Accuracy": 0.9263301500682128, "Sensitivity": 0.8809523809523809, "Specificity": 0.9322033898305084, "AUC": 0.9567833296646856}, "Label_1": {"Optimal Threshold": 0.11536170542240143, "Accuracy": 0.922237380627558, "Sensitivity": 0.927536231884058, "Specificity": 0.9216867469879518, "AUC": 0.9826698096734765}, "Label_2": {"Optimal Threshold": 0.4573991298675537, "Accuracy": 0.9113233287858117, "Sensitivity": 0.8940092165898618, "Specificity": 0.9186046511627907, "AUC": 0.9690994177115707}, "Label_3": {"Optimal Threshold": 0.24403917789459229, "Accuracy": 0.8840381991814461, "Sensitivity": 0.9660194174757282, "Specificity": 0.8519924098671727, "AUC": 0.9708645750815202}, "Label_4": {"Optimal Threshold": 0.021712420508265495, "Accuracy": 0.9099590723055935, "Sensitivity": 1.0, "Specificity": 0.9093406593406593, "AUC": 0.9629120879120879}, "Label_5": {"Optimal Threshold": 0.0015609189867973328, "Accuracy": 0.7899045020463847, "Sensitivity": 1.0, "Specificity": 0.7884615384615384, "AUC": 0.942032967032967}, "Label_6": {"Optimal Threshold": 0.0781160369515419, "Accuracy": 0.9863574351978172, "Sensitivity": 1.0, "Specificity": 0.9862448418156808, "AUC": 0.9949564419990831}, "Label_7": {"Optimal Threshold": 0.1821845918893814, "Accuracy": 0.9809004092769441, "Sensitivity": 0.9836065573770492, "Specificity": 0.9806547619047619, "AUC": 0.9906079234972678}, "Label_8": {"Optimal Threshold": 0.004344740882515907, "Accuracy": 0.8362892223738063, "Sensitivity": 1.0, "Specificity": 0.8344827586206897, "AUC": 0.9444827586206896}, "Label_9": {"Optimal Threshold": 0.06378752738237381, "Accuracy": 0.8840381991814461, "Sensitivity": 0.967741935483871, "Specificity": 0.8803418803418803, "AUC": 0.9626872530098337}, "Label_10": {"Optimal Threshold": 0.0030281287617981434, "Accuracy": 0.5429740791268759, "Sensitivity": 1.0, "Specificity": 0.5379310344827586, "AUC": 0.8179310344827587}, "Label_11": {"Optimal Threshold": 0.013375261798501015, "Accuracy": 0.849931787175989, "Sensitivity": 1.0, "Specificity": 0.844632768361582, "AUC": 0.9670056497175141}, "Label_12": {"Optimal Threshold": 0.05536675080657005, "Accuracy": 0.869031377899045, "Sensitivity": 0.9122807017543859, "Specificity": 0.8653846153846154, "AUC": 0.9389079206892972}, "Overall": {"Accuracy": 0.8687165494805332, "Sensitivity": 0.9640112647321027, "Specificity": 0.8655355428125068, "AUC": 0.9539185514686734}}, "label_names": [[7, 5, 3, 12, 6, 0, 11, 1, 8, 4], [7, 5, 3, 12, 6, 0, 9, 2, 10]]}