{"shared_labels": 6, "perf": [0.09573574364185333, 0.9727019667625427], "metrics": {"Label_0": {"Optimal Threshold": 0.08689993619918823, "Accuracy": 0.91268758526603, "Sensitivity": 0.8695652173913043, "Specificity": 0.9171686746987951, "AUC": 0.9482713462545836}, "Label_1": {"Optimal Threshold": 0.1339838057756424, "Accuracy": 0.946793997271487, "Sensitivity": 0.9137931034482759, "Specificity": 0.9496296296296296, "AUC": 0.974610472541507}, "Label_2": {"Optimal Threshold": 0.4016227126121521, "Accuracy": 0.9167803547066848, "Sensitivity": 0.9035087719298246, "Specificity": 0.9227722772277228, "AUC": 0.9679694285217995}, "Label_3": {"Optimal Threshold": 0.566715657711029, "Accuracy": 0.9345156889495225, "Sensitivity": 0.9140271493212669, "Specificity": 0.943359375, "AUC": 0.9744414592760181}, "Label_4": {"Optimal Threshold": 0.2552323043346405, "Accuracy": 0.9945429740791268, "Sensitivity": 0.7142857142857143, "Specificity": 0.9972451790633609, "AUC": 0.9275875639512002}, "Label_5": {"Optimal Threshold": 0.06295863538980484, "Accuracy": 0.9672578444747613, "Sensitivity": 0.8, "Specificity": 0.9684065934065934, "AUC": 0.932967032967033}, "Label_6": {"Optimal Threshold": 0.02143309824168682, "Accuracy": 0.9195088676671214, "Sensitivity": 1.0, "Specificity": 0.9182825484764543, "AUC": 0.9754469906824477}, "Label_7": {"Optimal Threshold": 0.08924144506454468, "Accuracy": 0.965893587994543, "Sensitivity": 1.0, "Specificity": 0.96274217585693, "AUC": 0.9936060766309313}, "Label_8": {"Optimal Threshold": 0.0016724442830309272, "Accuracy": 0.7407912687585266, "Sensitivity": 1.0, "Specificity": 0.7400820793433652, "AUC": 0.8262653898768809}, "Label_9": {"Optimal Threshold": 0.017089560627937317, "Accuracy": 0.8676671214188267, "Sensitivity": 0.9375, "Specificity": 0.8644793152639088, "AUC": 0.9440977175463623}, "Label_10": {"Optimal Threshold": 0.01135268248617649, "Accuracy": 0.7748976807639836, "Sensitivity": 1.0, "Specificity": 0.7692307692307693, "AUC": 0.9352758352758352}, "Label_11": {"Optimal Threshold": 0.018354477360844612, "Accuracy": 0.9072305593451568, "Sensitivity": 1.0, "Specificity": 0.9048951048951049, "AUC": 0.9780108780108779}, "Label_12": {"Optimal Threshold": 0.042746540158987045, "Accuracy": 0.7953615279672579, "Sensitivity": 0.8431372549019608, "Specificity": 0.7917888563049853, "AUC": 0.8914381001667528}, "Overall": {"Accuracy": 0.8956868506663866, "Sensitivity": 0.9150628624060266, "Specificity": 0.8961601983382785, "AUC": 0.9438452532078637}}, "label_names": [[10, 6, 7, 8, 3, 5, 0, 1, 4, 11], [10, 6, 7, 8, 3, 5, 2, 9, 12]]}