{"shared_labels": 10, "perf": [0.09547407925128937, 0.9737350344657898], "metrics": {"Label_0": {"Optimal Threshold": 0.0469278059899807, "Accuracy": 0.8990450204638472, "Sensitivity": 0.8507462686567164, "Specificity": 0.9039039039039038, "AUC": 0.9488593070682623}, "Label_1": {"Optimal Threshold": 0.016272246837615967, "Accuracy": 0.8935879945429741, "Sensitivity": 0.9821428571428571, "Specificity": 0.8862629246676514, "AUC": 0.9830924245621439}, "Label_2": {"Optimal Threshold": 0.2386854737997055, "Accuracy": 0.9181446111869032, "Sensitivity": 0.8931623931623932, "Specificity": 0.9298597194388778, "AUC": 0.9635424695544935}, "Label_3": {"Optimal Threshold": 0.27172738313674927, "Accuracy": 0.931787175989086, "Sensitivity": 0.9095022624434389, "Specificity": 0.94140625, "AUC": 0.9703672935520362}, "Label_4": {"Optimal Threshold": 0.007321354001760483, "Accuracy": 0.897680763983629, "Sensitivity": 0.6666666666666666, "Specificity": 0.8986301369863013, "AUC": 0.7999999999999999}, "Label_5": {"Optimal Threshold": 0.03816686570644379, "Accuracy": 0.9727148703956344, "Sensitivity": 0.9, "Specificity": 0.9737206085753803, "AUC": 0.977731673582296}, "Label_6": {"Optimal Threshold": 0.02784072421491146, "Accuracy": 0.9522510231923602, "Sensitivity": 1.0, "Specificity": 0.9513212795549374, "AUC": 0.9836081859725809}, "Label_7": {"Optimal Threshold": 0.03602714464068413, "Accuracy": 0.9345156889495225, "Sensitivity": 1.0, "Specificity": 0.9280359820089955, "AUC": 0.9925946117850166}, "Label_8": {"Optimal Threshold": 0.00429628835991025, "Accuracy": 0.8403819918144612, "Sensitivity": 1.0, "Specificity": 0.8390646492434664, "AUC": 0.9523154516276937}, "Label_9": {"Optimal Threshold": 0.025656821206212044, "Accuracy": 0.9085948158253752, "Sensitivity": 0.90625, "Specificity": 0.9087018544935807, "AUC": 0.950740014265335}, "Label_10": {"Optimal Threshold": 0.04831701144576073, "Accuracy": 0.91268758526603, "Sensitivity": 0.9166666666666666, "Specificity": 0.912621359223301, "AUC": 0.9440591770688859}, "Label_11": {"Optimal Threshold": 0.02353556640446186, "Accuracy": 0.9358799454297408, "Sensitivity": 1.0, "Specificity": 0.9344490934449093, "AUC": 0.9842224546722453}, "Label_12": {"Optimal Threshold": 0.04816914722323418, "Accuracy": 0.8867667121418826, "Sensitivity": 0.8703703703703703, "Specificity": 0.8880706921944035, "AUC": 0.9314351170021273}, "Overall": {"Accuracy": 0.9141567845524189, "Sensitivity": 0.9150390373160853, "Specificity": 0.9150806502873622, "AUC": 0.9525052446702398}}, "label_names": [[0, 10, 11, 7, 3, 4, 9, 6, 12, 1, 5, 2], [0, 10, 11, 7, 3, 4, 9, 6, 12, 1, 8]]}