{"shared_labels": 10, "perf": [0.08895833790302277, 0.976789116859436], "metrics": {"Label_0": {"Optimal Threshold": 0.2971831262111664, "Accuracy": 0.9481582537517054, "Sensitivity": 0.855072463768116, "Specificity": 0.9578313253012049, "AUC": 0.966605552645364}, "Label_1": {"Optimal Threshold": 0.07236023247241974, "Accuracy": 0.9072305593451568, "Sensitivity": 0.9827586206896551, "Specificity": 0.9007407407407407, "AUC": 0.9877905491698595}, "Label_2": {"Optimal Threshold": 0.6647733449935913, "Accuracy": 0.9386084583901774, "Sensitivity": 0.8903508771929824, "Specificity": 0.9603960396039604, "AUC": 0.9735278791036998}, "Label_3": {"Optimal Threshold": 0.5489354133605957, "Accuracy": 0.937244201909959, "Sensitivity": 0.918552036199095, "Specificity": 0.9453125, "AUC": 0.9765006363122172}, "Label_4": {"Optimal Threshold": 0.038727257400751114, "Accuracy": 0.9454297407912687, "Sensitivity": 0.8571428571428571, "Specificity": 0.9462809917355371, "AUC": 0.9608421881149154}, "Label_5": {"Optimal Threshold": 0.0030791028402745724, "Accuracy": 0.8062755798090041, "Sensitivity": 1.0, "Specificity": 0.804945054945055, "AUC": 0.9442307692307693}, "Label_6": {"Optimal Threshold": 0.007217861246317625, "Accuracy": 0.8744884038199181, "Sensitivity": 1.0, "Specificity": 0.8725761772853186, "AUC": 0.9744396877360866}, "Label_7": {"Optimal Threshold": 0.119434654712677, "Accuracy": 0.9686221009549796, "Sensitivity": 1.0, "Specificity": 0.9657228017883756, "AUC": 0.9938464496899188}, "Label_8": {"Optimal Threshold": 0.0011123402509838343, "Accuracy": 0.7667121418826739, "Sensitivity": 1.0, "Specificity": 0.7660738714090287, "AUC": 0.8358413132694938}, "Label_9": {"Optimal Threshold": 0.03149580955505371, "Accuracy": 0.897680763983629, "Sensitivity": 0.9375, "Specificity": 0.8958630527817404, "AUC": 0.9467724679029956}, "Label_10": {"Optimal Threshold": 0.010171905159950256, "Accuracy": 0.6971350613915416, "Sensitivity": 0.9444444444444444, "Specificity": 0.6909090909090909, "AUC": 0.884926184926185}, "Label_11": {"Optimal Threshold": 0.022373570129275322, "Accuracy": 0.9386084583901774, "Sensitivity": 0.8888888888888888, "Specificity": 0.9398601398601398, "AUC": 0.9373737373737373}, "Label_12": {"Optimal Threshold": 0.038623370230197906, "Accuracy": 0.810368349249659, "Sensitivity": 0.9215686274509803, "Specificity": 0.8020527859237536, "AUC": 0.9416939796446437}, "Overall": {"Accuracy": 0.8797355441284501, "Sensitivity": 0.9381752935213092, "Specificity": 0.8806588132526113, "AUC": 0.9480301073169143}}, "label_names": [[5, 6, 3, 7, 9, 1, 12, 0, 4, 2, 11, 10], [5, 6, 3, 7, 9, 1, 12, 0, 4, 2, 8]]}