{"shared_labels": 1, "perf": [0.10264404118061066, 0.9669914841651917], "metrics": {"Label_0": {"Optimal Threshold": 0.28557416796684265, "Accuracy": 0.9386084583901774, "Sensitivity": 0.8260869565217391, "Specificity": 0.9503012048192772, "AUC": 0.9515889645538677}, "Label_1": {"Optimal Threshold": 0.10518360137939453, "Accuracy": 0.9263301500682128, "Sensitivity": 0.9655172413793104, "Specificity": 0.922962962962963, "AUC": 0.9850830140485313}, "Label_2": {"Optimal Threshold": 0.06387629359960556, "Accuracy": 0.9085948158253752, "Sensitivity": 0.9254385964912281, "Specificity": 0.900990099009901, "AUC": 0.9630970991836026}, "Label_3": {"Optimal Threshold": 0.04808920621871948, "Accuracy": 0.9085948158253752, "Sensitivity": 0.9457013574660633, "Specificity": 0.892578125, "AUC": 0.967760180995475}, "Label_4": {"Optimal Threshold": 0.04716874659061432, "Accuracy": 0.9768076398362893, "Sensitivity": 0.8571428571428571, "Specificity": 0.977961432506887, "AUC": 0.9687131050767415}, "Label_5": {"Optimal Threshold": 0.001731052529066801, "Accuracy": 0.7858117326057299, "Sensitivity": 1.0, "Specificity": 0.7843406593406593, "AUC": 0.951923076923077}, "Label_6": {"Optimal Threshold": 0.01966790482401848, "Accuracy": 0.9577080491132333, "Sensitivity": 1.0, "Specificity": 0.9570637119113573, "AUC": 0.9851422815411733}, "Label_7": {"Optimal Threshold": 0.14304286241531372, "Accuracy": 0.9549795361527967, "Sensitivity": 1.0, "Specificity": 0.9508196721311475, "AUC": 0.9928128455362722}, "Label_8": {"Optimal Threshold": 0.007573917508125305, "Accuracy": 0.8431105047748977, "Sensitivity": 1.0, "Specificity": 0.8426812585499316, "AUC": 0.859781121751026}, "Label_9": {"Optimal Threshold": 0.03466407582163811, "Accuracy": 0.9099590723055935, "Sensitivity": 0.96875, "Specificity": 0.9072753209700428, "AUC": 0.9457471469329527}, "Label_10": {"Optimal Threshold": 0.005968629382550716, "Accuracy": 0.732605729877217, "Sensitivity": 1.0, "Specificity": 0.7258741258741259, "AUC": 0.9182595182595182}, "Label_11": {"Optimal Threshold": 0.020847545936703682, "Accuracy": 0.9495225102319236, "Sensitivity": 0.9444444444444444, "Specificity": 0.9496503496503497, "AUC": 0.9711732711732712}, "Label_12": {"Optimal Threshold": 0.07653011381626129, "Accuracy": 0.844474761255116, "Sensitivity": 0.803921568627451, "Specificity": 0.8475073313782991, "AUC": 0.8972744523029152}, "Overall": {"Accuracy": 0.8951621366355338, "Sensitivity": 0.9413079247748535, "Specificity": 0.8930774041619186, "AUC": 0.9506427752521862}}, "label_names": [[6, 11, 0, 4, 1, 10, 7], [6, 3, 12, 2, 5, 8, 9]]}