{"shared_labels": 1, "perf": [0.10769480466842651, 0.9742867946624756], "metrics": {"Label_0": {"Optimal Threshold": 0.22191564738750458, "Accuracy": 0.8649386084583902, "Sensitivity": 0.855072463768116, "Specificity": 0.8659638554216867, "AUC": 0.9404793085385019}, "Label_1": {"Optimal Threshold": 0.2769651710987091, "Accuracy": 0.937244201909959, "Sensitivity": 0.9272727272727272, "Specificity": 0.9380530973451328, "AUC": 0.9829444891391793}, "Label_2": {"Optimal Threshold": 0.7566009163856506, "Accuracy": 0.9290586630286494, "Sensitivity": 0.8957528957528957, "Specificity": 0.9472573839662447, "AUC": 0.9724353648404281}, "Label_3": {"Optimal Threshold": 0.6961666345596313, "Accuracy": 0.9263301500682128, "Sensitivity": 0.9212598425196851, "Specificity": 0.9290187891440501, "AUC": 0.9758601416994066}, "Label_4": {"Optimal Threshold": 0.08929469436407089, "Accuracy": 0.9740791268758526, "Sensitivity": 0.8888888888888888, "Specificity": 0.9751381215469613, "AUC": 0.9550337630448128}, "Label_5": {"Optimal Threshold": 0.01974240131676197, "Accuracy": 0.9345156889495225, "Sensitivity": 0.8571428571428571, "Specificity": 0.9352617079889807, "AUC": 0.9478551751279023}, "Label_6": {"Optimal Threshold": 0.03740698844194412, "Accuracy": 0.946793997271487, "Sensitivity": 1.0, "Specificity": 0.9462809917355371, "AUC": 0.9801259346713892}, "Label_7": {"Optimal Threshold": 0.04138737916946411, "Accuracy": 0.9263301500682128, "Sensitivity": 1.0, "Specificity": 0.9192825112107623, "AUC": 0.9879484304932735}, "Label_8": {"Optimal Threshold": 0.026136737316846848, "Accuracy": 0.9699863574351978, "Sensitivity": 1.0, "Specificity": 0.9695712309820194, "AUC": 0.990594744121715}, "Label_9": {"Optimal Threshold": 0.016587108373641968, "Accuracy": 0.859481582537517, "Sensitivity": 0.9444444444444444, "Specificity": 0.8550932568149211, "AUC": 0.9420930974015623}, "Label_10": {"Optimal Threshold": 0.07853011786937714, "Accuracy": 0.8731241473396999, "Sensitivity": 0.8571428571428571, "Specificity": 0.8734353268428373, "AUC": 0.8859527121001389}, "Label_11": {"Optimal Threshold": 0.046653956174850464, "Accuracy": 0.9618008185538881, "Sensitivity": 1.0, "Specificity": 0.96105702364395, "AUC": 0.9875819590701371}, "Label_12": {"Optimal Threshold": 0.029587602242827415, "Accuracy": 0.7939972714870396, "Sensitivity": 0.8771929824561403, "Specificity": 0.7869822485207101, "AUC": 0.8971763728848748}, "Overall": {"Accuracy": 0.9152062126141255, "Sensitivity": 0.924936150722201, "Specificity": 0.9155688880895225, "AUC": 0.9573908840871787}}, "label_names": [[11, 1, 7, 0, 10, 4, 9], [11, 6, 12, 5, 8, 3, 2]]}