{"shared_labels": 1, "perf": [0.09796380996704102, 0.9712345600128174], "metrics": {"Label_0": {"Optimal Threshold": 0.10792643576860428, "Accuracy": 0.9454297407912687, "Sensitivity": 0.8045977011494253, "Specificity": 0.9643962848297214, "AUC": 0.940802818405039}, "Label_1": {"Optimal Threshold": 0.053446441888809204, "Accuracy": 0.9413369713506139, "Sensitivity": 0.9264705882352942, "Specificity": 0.9428571428571428, "AUC": 0.9706988058381248}, "Label_2": {"Optimal Threshold": 0.10082623362541199, "Accuracy": 0.9058663028649386, "Sensitivity": 0.927038626609442, "Specificity": 0.896, "AUC": 0.968206008583691}, "Label_3": {"Optimal Threshold": 0.08836179226636887, "Accuracy": 0.903137789904502, "Sensitivity": 0.9324324324324325, "Specificity": 0.8904109589041096, "AUC": 0.9665115213060419}, "Label_4": {"Optimal Threshold": 0.00680895010009408, "Accuracy": 0.8458390177353342, "Sensitivity": 1.0, "Specificity": 0.844566712517194, "AUC": 0.9731774415405777}, "Label_5": {"Optimal Threshold": 0.015696199610829353, "Accuracy": 0.922237380627558, "Sensitivity": 1.0, "Specificity": 0.9218106995884774, "AUC": 0.9612482853223594}, "Label_6": {"Optimal Threshold": 0.06896980851888657, "Accuracy": 0.956343792633015, "Sensitivity": 1.0, "Specificity": 0.9559834938101788, "AUC": 0.9846400733608437}, "Label_7": {"Optimal Threshold": 0.02304474264383316, "Accuracy": 0.9399727148703957, "Sensitivity": 1.0, "Specificity": 0.933933933933934, "AUC": 0.990789296759446}, "Label_8": {"Optimal Threshold": 0.04722951725125313, "Accuracy": 0.9795361527967258, "Sensitivity": 1.0, "Specificity": 0.9793388429752066, "AUC": 0.9923258559622197}, "Label_9": {"Optimal Threshold": 0.02021826058626175, "Accuracy": 0.8758526603001364, "Sensitivity": 1.0, "Specificity": 0.8714689265536724, "AUC": 0.980225988700565}, "Label_10": {"Optimal Threshold": 0.00809086300432682, "Accuracy": 0.7285129604365621, "Sensitivity": 1.0, "Specificity": 0.7236111111111111, "AUC": 0.9252136752136751}, "Label_11": {"Optimal Threshold": 0.024278772994875908, "Accuracy": 0.91268758526603, "Sensitivity": 0.9375, "Specificity": 0.9121338912133892, "AUC": 0.9631276150627615}, "Label_12": {"Optimal Threshold": 0.05567624419927597, "Accuracy": 0.844474761255116, "Sensitivity": 0.8867924528301887, "Specificity": 0.8411764705882353, "AUC": 0.9157602663706993}, "Overall": {"Accuracy": 0.9000944485255535, "Sensitivity": 0.9549870616351371, "Specificity": 0.8982837283755672, "AUC": 0.9640559732635418}}, "label_names": [[8, 9, 4, 11, 10, 6, 1], [8, 5, 2, 0, 12, 3, 7]]}