{"shared_labels": 1, "perf": [0.0923214927315712, 0.9748645424842834], "metrics": {"Label_0": {"Optimal Threshold": 0.08327576518058777, "Accuracy": 0.9263301500682128, "Sensitivity": 0.8840579710144928, "Specificity": 0.9307228915662651, "AUC": 0.9649249170595425}, "Label_1": {"Optimal Threshold": 0.18948788940906525, "Accuracy": 0.9427012278308322, "Sensitivity": 0.9827586206896551, "Specificity": 0.9392592592592592, "AUC": 0.9881481481481481}, "Label_2": {"Optimal Threshold": 0.3405238091945648, "Accuracy": 0.9249658935879945, "Sensitivity": 0.9166666666666666, "Specificity": 0.9287128712871288, "AUC": 0.970722598575647}, "Label_3": {"Optimal Threshold": 0.39069733023643494, "Accuracy": 0.9167803547066848, "Sensitivity": 0.9321266968325792, "Specificity": 0.91015625, "AUC": 0.9750954468325792}, "Label_4": {"Optimal Threshold": 0.0014360130298882723, "Accuracy": 0.7939972714870396, "Sensitivity": 1.0, "Specificity": 0.7920110192837465, "AUC": 0.9513970877607242}, "Label_5": {"Optimal Threshold": 0.0018186632078140974, "Accuracy": 0.7830832196452933, "Sensitivity": 1.0, "Specificity": 0.7815934065934066, "AUC": 0.9403846153846154}, "Label_6": {"Optimal Threshold": 0.013164866715669632, "Accuracy": 0.8963165075034106, "Sensitivity": 1.0, "Specificity": 0.8947368421052632, "AUC": 0.9709141274238228}, "Label_7": {"Optimal Threshold": 0.11440745741128922, "Accuracy": 0.9604365620736699, "Sensitivity": 0.9838709677419355, "Specificity": 0.9582712369597616, "AUC": 0.991851353300322}, "Label_8": {"Optimal Threshold": 0.0029378391336649656, "Accuracy": 0.859481582537517, "Sensitivity": 1.0, "Specificity": 0.8590971272229823, "AUC": 0.872093023255814}, "Label_9": {"Optimal Threshold": 0.007127267308533192, "Accuracy": 0.8731241473396999, "Sensitivity": 0.96875, "Specificity": 0.8687589158345221, "AUC": 0.9516761768901569}, "Label_10": {"Optimal Threshold": 0.003767485963180661, "Accuracy": 0.6821282401091405, "Sensitivity": 1.0, "Specificity": 0.6741258741258741, "AUC": 0.8705516705516706}, "Label_11": {"Optimal Threshold": 0.0315411351621151, "Accuracy": 0.9208731241473397, "Sensitivity": 0.9444444444444444, "Specificity": 0.9202797202797203, "AUC": 0.97000777000777}, "Label_12": {"Optimal Threshold": 0.2235160768032074, "Accuracy": 0.937244201909959, "Sensitivity": 0.7450980392156863, "Specificity": 0.9516129032258065, "AUC": 0.9309412914726009}, "Overall": {"Accuracy": 0.8782663448420611, "Sensitivity": 0.9505979543542662, "Specificity": 0.8776414090572106, "AUC": 0.9499006328202626}}, "label_names": [[9, 8, 2, 5, 10, 7, 0], [9, 3, 1, 6, 11, 4, 12]]}