{"shared_labels": 4, "perf": [0.08830835670232773, 0.9772400259971619], "label_names": [[12, 4, 3, 1, 11, 6, 5, 0, 10], [12, 4, 3, 1, 9, 8, 7, 2]], "metrics": {"Label_0": {"Optimal Threshold": 0.03249109536409378, "Accuracy": 0.888130968622101, "Sensitivity": 0.9420289855072463, "Specificity": 0.8825301204819277, "AUC": 0.9654705779640301}, "Label_1": {"Optimal Threshold": 0.01900739036500454, "Accuracy": 0.927694406548431, "Sensitivity": 0.9827586206896551, "Specificity": 0.922962962962963, "AUC": 0.988786717752235}, "Label_2": {"Optimal Threshold": 0.12541595101356506, "Accuracy": 0.9017735334242838, "Sensitivity": 0.9605263157894737, "Specificity": 0.8752475247524752, "AUC": 0.9698627757512593}, "Label_3": {"Optimal Threshold": 0.47526633739471436, "Accuracy": 0.937244201909959, "Sensitivity": 0.9140271493212669, "Specificity": 0.947265625, "AUC": 0.9755991940045249}, "Label_4": {"Optimal Threshold": 0.0016079779015854, "Accuracy": 0.8090040927694406, "Sensitivity": 1.0, "Specificity": 0.8071625344352618, "AUC": 0.9628099173553718}, "Label_5": {"Optimal Threshold": 0.04861986264586449, "Accuracy": 0.9604365620736699, "Sensitivity": 0.8, "Specificity": 0.9615384615384616, "AUC": 0.935989010989011}, "Label_6": {"Optimal Threshold": 0.017785435542464256, "Accuracy": 0.9099590723055935, "Sensitivity": 1.0, "Specificity": 0.9085872576177285, "AUC": 0.9717955175018886}, "Label_7": {"Optimal Threshold": 0.18247516453266144, "Accuracy": 0.965893587994543, "Sensitivity": 0.9838709677419355, "Specificity": 0.9642324888226528, "AUC": 0.9915388683236382}, "Label_8": {"Optimal Threshold": 0.013639483600854874, "Accuracy": 0.8758526603001364, "Sensitivity": 1.0, "Specificity": 0.8755129958960328, "AUC": 0.8816689466484268}, "Label_9": {"Optimal Threshold": 0.0503351166844368, "Accuracy": 0.9058663028649386, "Sensitivity": 0.9375, "Specificity": 0.9044222539229672, "AUC": 0.9512749643366619}, "Label_10": {"Optimal Threshold": 0.004776799585670233, "Accuracy": 0.6984993178717599, "Sensitivity": 1.0, "Specificity": 0.6909090909090909, "AUC": 0.9128982128982129}, "Label_11": {"Optimal Threshold": 0.031050128862261772, "Accuracy": 0.9085948158253752, "Sensitivity": 0.9444444444444444, "Specificity": 0.9076923076923077, "AUC": 0.9655011655011655}, "Label_12": {"Optimal Threshold": 0.04248020797967911, "Accuracy": 0.7844474761255116, "Sensitivity": 0.9803921568627451, "Specificity": 0.7697947214076246, "AUC": 0.9483353458685528}, "Overall": {"Accuracy": 0.8825689998950571, "Sensitivity": 0.9573498954120591, "Specificity": 0.8782967958030381, "AUC": 0.9555024011457677}}}