{"shared_labels": 12, "perf": [0.08569656312465668, 0.9776433110237122], "label_names": [[4, 5, 12, 11, 9, 10, 2, 0, 1, 6, 3, 7, 8], [4, 5, 12, 11, 9, 10, 2, 0, 1, 6, 3, 7]], "metrics": {"Label_0": {"Optimal Threshold": 0.053492140024900436, "Accuracy": 0.903137789904502, "Sensitivity": 0.9130434782608695, "Specificity": 0.9021084337349398, "AUC": 0.9689846341889297}, "Label_1": {"Optimal Threshold": 0.033237576484680176, "Accuracy": 0.922237380627558, "Sensitivity": 0.9827586206896551, "Specificity": 0.917037037037037, "AUC": 0.9891698595146872}, "Label_2": {"Optimal Threshold": 0.3020629584789276, "Accuracy": 0.9290586630286494, "Sensitivity": 0.9166666666666666, "Specificity": 0.9346534653465347, "AUC": 0.9742140003474031}, "Label_3": {"Optimal Threshold": 0.3964884877204895, "Accuracy": 0.9331514324693042, "Sensitivity": 0.9140271493212669, "Specificity": 0.94140625, "AUC": 0.9768983314479638}, "Label_4": {"Optimal Threshold": 0.002453267341479659, "Accuracy": 0.8171896316507503, "Sensitivity": 1.0, "Specificity": 0.8154269972451791, "AUC": 0.9632034632034633}, "Label_5": {"Optimal Threshold": 0.0025858585722744465, "Accuracy": 0.7735334242837654, "Sensitivity": 1.0, "Specificity": 0.771978021978022, "AUC": 0.9420329670329671}, "Label_6": {"Optimal Threshold": 0.009318772703409195, "Accuracy": 0.8663028649386084, "Sensitivity": 1.0, "Specificity": 0.8642659279778393, "AUC": 0.9699068244774616}, "Label_7": {"Optimal Threshold": 0.1722041219472885, "Accuracy": 0.9645293315143247, "Sensitivity": 1.0, "Specificity": 0.9612518628912071, "AUC": 0.9937743377722225}, "Label_8": {"Optimal Threshold": 0.004145731683820486, "Accuracy": 0.819918144611187, "Sensitivity": 1.0, "Specificity": 0.8194254445964432, "AUC": 0.8378932968536251}, "Label_9": {"Optimal Threshold": 0.02318328432738781, "Accuracy": 0.8935879945429741, "Sensitivity": 0.9375, "Specificity": 0.891583452211127, "AUC": 0.9498930099857347}, "Label_10": {"Optimal Threshold": 0.015722714364528656, "Accuracy": 0.7953615279672579, "Sensitivity": 0.8888888888888888, "Specificity": 0.793006993006993, "AUC": 0.8976689976689975}, "Label_11": {"Optimal Threshold": 0.024526668712496758, "Accuracy": 0.9167803547066848, "Sensitivity": 1.0, "Specificity": 0.9146853146853147, "AUC": 0.9804195804195804}, "Label_12": {"Optimal Threshold": 0.04111526161432266, "Accuracy": 0.8130968622100955, "Sensitivity": 0.9019607843137255, "Specificity": 0.8064516129032258, "AUC": 0.9332125812201714}, "Overall": {"Accuracy": 0.8729142617273584, "Sensitivity": 0.958065045241621, "Specificity": 0.8717908318164509, "AUC": 0.952097837241016}}}