{"shared_labels": 13, "perf": [0.08740834891796112, 0.9784989356994629], "label_names": [[7, 9, 2, 10, 0, 11, 5, 1, 4, 6, 3, 8, 12], [7, 9, 2, 10, 0, 11, 5, 1, 4, 6, 3, 8, 12]], "metrics": {"Label_0": {"Optimal Threshold": 0.06914781033992767, "Accuracy": 0.9045020463847203, "Sensitivity": 0.9130434782608695, "Specificity": 0.9036144578313253, "AUC": 0.9701850881788021}, "Label_1": {"Optimal Threshold": 0.07651416957378387, "Accuracy": 0.9413369713506139, "Sensitivity": 0.9655172413793104, "Specificity": 0.9392592592592592, "AUC": 0.9883269476372923}, "Label_2": {"Optimal Threshold": 0.4728582799434662, "Accuracy": 0.9208731241473397, "Sensitivity": 0.9254385964912281, "Specificity": 0.9188118811881189, "AUC": 0.9733628626020497}, "Label_3": {"Optimal Threshold": 0.5620042085647583, "Accuracy": 0.927694406548431, "Sensitivity": 0.9230769230769231, "Specificity": 0.9296875, "AUC": 0.9753252262443439}, "Label_4": {"Optimal Threshold": 0.035433195531368256, "Accuracy": 0.946793997271487, "Sensitivity": 0.8571428571428571, "Specificity": 0.9476584022038568, "AUC": 0.9632034632034632}, "Label_5": {"Optimal Threshold": 0.05747348815202713, "Accuracy": 0.9618008185538881, "Sensitivity": 0.8, "Specificity": 0.9629120879120879, "AUC": 0.9381868131868132}, "Label_6": {"Optimal Threshold": 0.01320511195808649, "Accuracy": 0.8540245566166439, "Sensitivity": 1.0, "Specificity": 0.8518005540166205, "AUC": 0.9728028204482497}, "Label_7": {"Optimal Threshold": 0.15751142799854279, "Accuracy": 0.9699863574351978, "Sensitivity": 1.0, "Specificity": 0.9672131147540983, "AUC": 0.9940147108312101}, "Label_8": {"Optimal Threshold": 0.003219959558919072, "Accuracy": 0.8308321964529332, "Sensitivity": 1.0, "Specificity": 0.8303693570451436, "AUC": 0.8433652530779753}, "Label_9": {"Optimal Threshold": 0.011906027793884277, "Accuracy": 0.859481582537517, "Sensitivity": 0.96875, "Specificity": 0.854493580599144, "AUC": 0.9498930099857347}, "Label_10": {"Optimal Threshold": 0.01759297028183937, "Accuracy": 0.8090040927694406, "Sensitivity": 0.8888888888888888, "Specificity": 0.806993006993007, "AUC": 0.9047397047397047}, "Label_11": {"Optimal Threshold": 0.041418395936489105, "Accuracy": 0.946793997271487, "Sensitivity": 0.9444444444444444, "Specificity": 0.9468531468531468, "AUC": 0.9784770784770784}, "Label_12": {"Optimal Threshold": 0.09715212881565094, "Accuracy": 0.8240109140518418, "Sensitivity": 0.9411764705882353, "Specificity": 0.8152492668621701, "AUC": 0.9499453740440458}, "Overall": {"Accuracy": 0.8997796201070416, "Sensitivity": 0.9328829923286737, "Specificity": 0.8980704319629214, "AUC": 0.9539867963582125}}}