{"shared_labels": 6, "perf": [0.08851306140422821, 0.9770229458808899], "label_names": [[2, 5, 6, 9, 1, 0, 10, 12, 8, 11], [2, 5, 6, 9, 1, 0, 4, 3, 7]], "metrics": {"Label_0": {"Optimal Threshold": 0.11228848993778229, "Accuracy": 0.9481582537517054, "Sensitivity": 0.8695652173913043, "Specificity": 0.9563253012048193, "AUC": 0.9699013445084687}, "Label_1": {"Optimal Threshold": 0.033899761736392975, "Accuracy": 0.9345156889495225, "Sensitivity": 0.9827586206896551, "Specificity": 0.9303703703703704, "AUC": 0.989169859514687}, "Label_2": {"Optimal Threshold": 0.31282010674476624, "Accuracy": 0.922237380627558, "Sensitivity": 0.9210526315789473, "Specificity": 0.9227722772277228, "AUC": 0.9749261768282091}, "Label_3": {"Optimal Threshold": 0.5032351613044739, "Accuracy": 0.9290586630286494, "Sensitivity": 0.9049773755656109, "Specificity": 0.939453125, "AUC": 0.9756168693438914}, "Label_4": {"Optimal Threshold": 0.006663284730166197, "Accuracy": 0.8390177353342428, "Sensitivity": 1.0, "Specificity": 0.837465564738292, "AUC": 0.9693034238488785}, "Label_5": {"Optimal Threshold": 0.002953604329377413, "Accuracy": 0.791268758526603, "Sensitivity": 1.0, "Specificity": 0.7898351648351648, "AUC": 0.9535714285714285}, "Label_6": {"Optimal Threshold": 0.04608568549156189, "Accuracy": 0.9508867667121419, "Sensitivity": 1.0, "Specificity": 0.9501385041551247, "AUC": 0.9832535885167465}, "Label_7": {"Optimal Threshold": 0.18161596357822418, "Accuracy": 0.9645293315143247, "Sensitivity": 1.0, "Specificity": 0.9612518628912071, "AUC": 0.9908898610643718}, "Label_8": {"Optimal Threshold": 0.004031091462820768, "Accuracy": 0.7844474761255116, "Sensitivity": 1.0, "Specificity": 0.7838577291381669, "AUC": 0.8426812585499316}, "Label_9": {"Optimal Threshold": 0.028481291607022285, "Accuracy": 0.8854024556616644, "Sensitivity": 0.9375, "Specificity": 0.8830242510699001, "AUC": 0.9507845934379457}, "Label_10": {"Optimal Threshold": 0.006874863523989916, "Accuracy": 0.7257844474761255, "Sensitivity": 1.0, "Specificity": 0.7188811188811188, "AUC": 0.8950271950271951}, "Label_11": {"Optimal Threshold": 0.04288993775844574, "Accuracy": 0.9427012278308322, "Sensitivity": 0.8888888888888888, "Specificity": 0.9440559440559441, "AUC": 0.94009324009324}, "Label_12": {"Optimal Threshold": 0.04407844692468643, "Accuracy": 0.723055934515689, "Sensitivity": 0.9607843137254902, "Specificity": 0.7052785923753666, "AUC": 0.9122247139324938}, "Overall": {"Accuracy": 0.8723895476965053, "Sensitivity": 0.9588866959876844, "Specificity": 0.8709776773802459, "AUC": 0.9498033502490377}}}