{"shared_labels": 10, "perf": [0.08895640075206757, 0.975853681564331], "label_names": [[7, 4, 2, 3, 11, 10, 0, 5, 1, 9, 12, 8], [7, 4, 2, 3, 11, 10, 0, 5, 1, 9, 6]], "metrics": {"Label_0": {"Optimal Threshold": 0.037754278630018234, "Accuracy": 0.8894952251023193, "Sensitivity": 0.927536231884058, "Specificity": 0.8855421686746988, "AUC": 0.9682643617950061}, "Label_1": {"Optimal Threshold": 0.022084487602114677, "Accuracy": 0.9167803547066848, "Sensitivity": 0.9827586206896551, "Specificity": 0.9111111111111111, "AUC": 0.9874329501915708}, "Label_2": {"Optimal Threshold": 0.21526667475700378, "Accuracy": 0.9154160982264665, "Sensitivity": 0.9429824561403509, "Specificity": 0.902970297029703, "AUC": 0.9740663540038214}, "Label_3": {"Optimal Threshold": 0.4000978171825409, "Accuracy": 0.9331514324693042, "Sensitivity": 0.9140271493212669, "Specificity": 0.94140625, "AUC": 0.9765713376696833}, "Label_4": {"Optimal Threshold": 0.001783188316039741, "Accuracy": 0.8021828103683493, "Sensitivity": 1.0, "Specificity": 0.800275482093664, "AUC": 0.9590712317985045}, "Label_5": {"Optimal Threshold": 0.0026769638061523438, "Accuracy": 0.7748976807639836, "Sensitivity": 1.0, "Specificity": 0.7733516483516484, "AUC": 0.9337912087912088}, "Label_6": {"Optimal Threshold": 0.009141060523688793, "Accuracy": 0.9045020463847203, "Sensitivity": 0.9090909090909091, "Specificity": 0.9044321329639889, "AUC": 0.942331906320826}, "Label_7": {"Optimal Threshold": 0.18784894049167633, "Accuracy": 0.9727148703956344, "Sensitivity": 1.0, "Specificity": 0.970193740685544, "AUC": 0.9938945243017162}, "Label_8": {"Optimal Threshold": 0.001483995234593749, "Accuracy": 0.7421555252387448, "Sensitivity": 1.0, "Specificity": 0.7414500683994528, "AUC": 0.7537619699042407}, "Label_9": {"Optimal Threshold": 0.02686682902276516, "Accuracy": 0.8949522510231923, "Sensitivity": 0.9375, "Specificity": 0.8930099857346647, "AUC": 0.9518099144079886}, "Label_10": {"Optimal Threshold": 0.006947675719857216, "Accuracy": 0.7066848567530696, "Sensitivity": 0.9444444444444444, "Specificity": 0.7006993006993008, "AUC": 0.9002331002331002}, "Label_11": {"Optimal Threshold": 0.028019335120916367, "Accuracy": 0.9536152796725784, "Sensitivity": 1.0, "Specificity": 0.9524475524475524, "AUC": 0.9835275835275835}, "Label_12": {"Optimal Threshold": 0.05871273949742317, "Accuracy": 0.7708049113233287, "Sensitivity": 0.9019607843137255, "Specificity": 0.7609970674486803, "AUC": 0.9046345811051694}, "Overall": {"Accuracy": 0.8597964109560288, "Sensitivity": 0.9584846612218777, "Specificity": 0.85676052351077, "AUC": 0.940722386465417}}}