{"shared_labels": 11, "perf": [0.08765125274658203, 0.9787845611572266], "label_names": [[8, 3, 2, 0, 5, 11, 1, 6, 10, 4, 7, 12], [8, 3, 2, 0, 5, 11, 1, 6, 10, 4, 7, 9]], "metrics": {"Label_0": {"Optimal Threshold": 0.06940893083810806, "Accuracy": 0.8676671214188267, "Sensitivity": 0.9710144927536232, "Specificity": 0.8569277108433735, "AUC": 0.9714510214772133}, "Label_1": {"Optimal Threshold": 0.10140679776668549, "Accuracy": 0.9331514324693042, "Sensitivity": 0.9655172413793104, "Specificity": 0.9303703703703704, "AUC": 0.9890676883780333}, "Label_2": {"Optimal Threshold": 0.4765591323375702, "Accuracy": 0.9290586630286494, "Sensitivity": 0.9166666666666666, "Specificity": 0.9346534653465347, "AUC": 0.9728157026228939}, "Label_3": {"Optimal Threshold": 0.4208434522151947, "Accuracy": 0.9290586630286494, "Sensitivity": 0.9276018099547512, "Specificity": 0.9296875, "AUC": 0.9754931419683258}, "Label_4": {"Optimal Threshold": 0.028121665120124817, "Accuracy": 0.9236016371077762, "Sensitivity": 0.8571428571428571, "Specificity": 0.9242424242424242, "AUC": 0.9533648170011806}, "Label_5": {"Optimal Threshold": 0.06916266679763794, "Accuracy": 0.9768076398362893, "Sensitivity": 0.8, "Specificity": 0.978021978021978, "AUC": 0.9340659340659341}, "Label_6": {"Optimal Threshold": 0.0076441336423158646, "Accuracy": 0.8663028649386084, "Sensitivity": 1.0, "Specificity": 0.8642659279778393, "AUC": 0.9755729035507429}, "Label_7": {"Optimal Threshold": 0.1485370397567749, "Accuracy": 0.9631650750341064, "Sensitivity": 1.0, "Specificity": 0.9597615499254843, "AUC": 0.9932695543483486}, "Label_8": {"Optimal Threshold": 0.001448160270228982, "Accuracy": 0.6807639836289222, "Sensitivity": 1.0, "Specificity": 0.679890560875513, "AUC": 0.7763337893296853}, "Label_9": {"Optimal Threshold": 0.04454120248556137, "Accuracy": 0.8799454297407913, "Sensitivity": 0.90625, "Specificity": 0.8787446504992867, "AUC": 0.9437410841654779}, "Label_10": {"Optimal Threshold": 0.013197957538068295, "Accuracy": 0.7639836289222374, "Sensitivity": 0.9444444444444444, "Specificity": 0.7594405594405594, "AUC": 0.9075369075369075}, "Label_11": {"Optimal Threshold": 0.0469081774353981, "Accuracy": 0.9454297407912687, "Sensitivity": 0.9444444444444444, "Specificity": 0.9454545454545454, "AUC": 0.9801087801087801}, "Label_12": {"Optimal Threshold": 0.059972114861011505, "Accuracy": 0.8540245566166439, "Sensitivity": 0.8235294117647058, "Specificity": 0.8563049853372434, "AUC": 0.9237824161922834}, "Overall": {"Accuracy": 0.8856123412740057, "Sensitivity": 0.9274316437346772, "Specificity": 0.884443556025781, "AUC": 0.9458925954419851}}}