{"shared_labels": 3, "perf": [0.09093590080738068, 0.9755721092224121], "label_names": [[6, 0, 8, 12, 5, 7, 3, 1], [6, 0, 8, 10, 11, 4, 2, 9]], "metrics": {"Label_0": {"Optimal Threshold": 0.056457120925188065, "Accuracy": 0.9058663028649386, "Sensitivity": 0.927536231884058, "Specificity": 0.9036144578313253, "AUC": 0.9696394272743146}, "Label_1": {"Optimal Threshold": 0.05739915370941162, "Accuracy": 0.9386084583901774, "Sensitivity": 0.9655172413793104, "Specificity": 0.9362962962962963, "AUC": 0.9859770114942529}, "Label_2": {"Optimal Threshold": 0.2061597853899002, "Accuracy": 0.9236016371077762, "Sensitivity": 0.9254385964912281, "Specificity": 0.9227722772277228, "AUC": 0.9717734931387876}, "Label_3": {"Optimal Threshold": 0.4151286482810974, "Accuracy": 0.927694406548431, "Sensitivity": 0.9230769230769231, "Specificity": 0.9296875, "AUC": 0.9729920814479638}, "Label_4": {"Optimal Threshold": 0.014778707176446915, "Accuracy": 0.9331514324693042, "Sensitivity": 0.8571428571428571, "Specificity": 0.9338842975206612, "AUC": 0.9494293585202677}, "Label_5": {"Optimal Threshold": 0.04803093895316124, "Accuracy": 0.9768076398362893, "Sensitivity": 0.8, "Specificity": 0.978021978021978, "AUC": 0.9302197802197802}, "Label_6": {"Optimal Threshold": 0.031052207574248314, "Accuracy": 0.9699863574351978, "Sensitivity": 1.0, "Specificity": 0.9695290858725761, "AUC": 0.9864014102241249}, "Label_7": {"Optimal Threshold": 0.15452761948108673, "Accuracy": 0.9618008185538881, "Sensitivity": 1.0, "Specificity": 0.9582712369597616, "AUC": 0.9903850776404981}, "Label_8": {"Optimal Threshold": 0.003969890996813774, "Accuracy": 0.8540245566166439, "Sensitivity": 1.0, "Specificity": 0.853625170998632, "AUC": 0.8679890560875513}, "Label_9": {"Optimal Threshold": 0.10614099353551865, "Accuracy": 0.9508867667121419, "Sensitivity": 0.875, "Specificity": 0.9543509272467903, "AUC": 0.9496701141226819}, "Label_10": {"Optimal Threshold": 0.017447419464588165, "Accuracy": 0.7967257844474761, "Sensitivity": 0.8888888888888888, "Specificity": 0.7944055944055944, "AUC": 0.9030303030303031}, "Label_11": {"Optimal Threshold": 0.03483359515666962, "Accuracy": 0.9481582537517054, "Sensitivity": 0.9444444444444444, "Specificity": 0.9482517482517483, "AUC": 0.9787878787878788}, "Label_12": {"Optimal Threshold": 0.07070125639438629, "Accuracy": 0.7762619372442019, "Sensitivity": 0.9019607843137255, "Specificity": 0.7668621700879765, "AUC": 0.9109596917946063}, "Overall": {"Accuracy": 0.9125826424598593, "Sensitivity": 0.9237696898170336, "Specificity": 0.9115055954400818, "AUC": 0.9513272833679239}}}