{"shared_labels": 2, "perf": [0.0979689210653305, 0.9723615050315857], "label_names": [[5, 8, 1, 2, 3, 0, 11, 6], [5, 8, 9, 4, 7, 12, 10]], "metrics": {"Label_0": {"Optimal Threshold": 0.029065603390336037, "Accuracy": 0.8553888130968622, "Sensitivity": 0.8840579710144928, "Specificity": 0.8524096385542169, "AUC": 0.9424655142308364}, "Label_1": {"Optimal Threshold": 0.05721156299114227, "Accuracy": 0.9386084583901774, "Sensitivity": 0.9310344827586207, "Specificity": 0.9392592592592592, "AUC": 0.9785440613026819}, "Label_2": {"Optimal Threshold": 0.16379636526107788, "Accuracy": 0.9167803547066848, "Sensitivity": 0.9298245614035088, "Specificity": 0.9108910891089109, "AUC": 0.9661108216084766}, "Label_3": {"Optimal Threshold": 0.12553918361663818, "Accuracy": 0.9167803547066848, "Sensitivity": 0.9547511312217195, "Specificity": 0.900390625, "AUC": 0.9703496182126696}, "Label_4": {"Optimal Threshold": 0.022889165207743645, "Accuracy": 0.9386084583901774, "Sensitivity": 1.0, "Specificity": 0.9380165289256198, "AUC": 0.9881936245572609}, "Label_5": {"Optimal Threshold": 0.058505624532699585, "Accuracy": 0.965893587994543, "Sensitivity": 0.8, "Specificity": 0.967032967032967, "AUC": 0.9436813186813188}, "Label_6": {"Optimal Threshold": 0.012936731800436974, "Accuracy": 0.8908594815825375, "Sensitivity": 1.0, "Specificity": 0.889196675900277, "AUC": 0.9686476957945102}, "Label_7": {"Optimal Threshold": 0.09230544418096542, "Accuracy": 0.9577080491132333, "Sensitivity": 1.0, "Specificity": 0.9538002980625931, "AUC": 0.9916590548531321}, "Label_8": {"Optimal Threshold": 0.006042972672730684, "Accuracy": 0.8867667121418826, "Sensitivity": 1.0, "Specificity": 0.8864569083447332, "AUC": 0.896032831737346}, "Label_9": {"Optimal Threshold": 0.030591720715165138, "Accuracy": 0.869031377899045, "Sensitivity": 0.96875, "Specificity": 0.8644793152639088, "AUC": 0.9490460057061341}, "Label_10": {"Optimal Threshold": 0.008698254823684692, "Accuracy": 0.7598908594815825, "Sensitivity": 1.0, "Specificity": 0.7538461538461538, "AUC": 0.9161616161616162}, "Label_11": {"Optimal Threshold": 0.03941735625267029, "Accuracy": 0.9413369713506139, "Sensitivity": 0.9444444444444444, "Specificity": 0.9412587412587412, "AUC": 0.9714063714063713}, "Label_12": {"Optimal Threshold": 0.14764326810836792, "Accuracy": 0.8731241473396999, "Sensitivity": 0.8627450980392157, "Specificity": 0.873900293255132, "AUC": 0.9249036858145019}, "Overall": {"Accuracy": 0.9008290481687481, "Sensitivity": 0.9442775145293848, "Specificity": 0.8977644995240393, "AUC": 0.9544001707743734}}}