{"shared_labels": 5, "perf": [0.09422697871923447, 0.9757876396179199], "label_names": [[2, 3, 1, 4, 8, 0, 12, 10, 6], [2, 3, 1, 4, 8, 9, 7, 11, 5]], "metrics": {"Label_0": {"Optimal Threshold": 0.11170578002929688, "Accuracy": 0.931787175989086, "Sensitivity": 0.855072463768116, "Specificity": 0.9397590361445783, "AUC": 0.9572420115243584}, "Label_1": {"Optimal Threshold": 0.23121361434459686, "Accuracy": 0.9781718963165075, "Sensitivity": 0.8793103448275862, "Specificity": 0.9866666666666667, "AUC": 0.9846487867177522}, "Label_2": {"Optimal Threshold": 0.5951333045959473, "Accuracy": 0.9208731241473397, "Sensitivity": 0.9210526315789473, "Specificity": 0.9207920792079208, "AUC": 0.9738839673441029}, "Label_3": {"Optimal Threshold": 0.6098157167434692, "Accuracy": 0.9236016371077762, "Sensitivity": 0.9276018099547512, "Specificity": 0.921875, "AUC": 0.9757494343891403}, "Label_4": {"Optimal Threshold": 0.004614184144884348, "Accuracy": 0.834924965893588, "Sensitivity": 1.0, "Specificity": 0.8333333333333334, "AUC": 0.9677292404565132}, "Label_5": {"Optimal Threshold": 0.012631095014512539, "Accuracy": 0.8799454297407913, "Sensitivity": 1.0, "Specificity": 0.8791208791208791, "AUC": 0.9615384615384616}, "Label_6": {"Optimal Threshold": 0.012954631820321083, "Accuracy": 0.8649386084583902, "Sensitivity": 1.0, "Specificity": 0.8628808864265928, "AUC": 0.9653739612188365}, "Label_7": {"Optimal Threshold": 0.28789204359054565, "Accuracy": 0.975443383356071, "Sensitivity": 1.0, "Specificity": 0.9731743666169895, "AUC": 0.9935339647132349}, "Label_8": {"Optimal Threshold": 0.005967740900814533, "Accuracy": 0.8663028649386084, "Sensitivity": 1.0, "Specificity": 0.86593707250342, "AUC": 0.8727770177838577}, "Label_9": {"Optimal Threshold": 0.08768703043460846, "Accuracy": 0.9331514324693042, "Sensitivity": 0.875, "Specificity": 0.9358059914407989, "AUC": 0.9469953637660484}, "Label_10": {"Optimal Threshold": 0.01867733523249626, "Accuracy": 0.7639836289222374, "Sensitivity": 0.8888888888888888, "Specificity": 0.7608391608391608, "AUC": 0.8868686868686868}, "Label_11": {"Optimal Threshold": 0.023524608463048935, "Accuracy": 0.8649386084583902, "Sensitivity": 1.0, "Specificity": 0.8615384615384616, "AUC": 0.9732711732711733}, "Label_12": {"Optimal Threshold": 0.015482104383409023, "Accuracy": 0.6998635743519782, "Sensitivity": 0.9803921568627451, "Specificity": 0.6788856304985337, "AUC": 0.9100109251911909}, "Overall": {"Accuracy": 0.8798404869346205, "Sensitivity": 0.9482552535293104, "Specificity": 0.8785083511028721, "AUC": 0.9515094611371813}}}