{"shared_labels": 0, "perf": [0.09424326568841934, 0.976014256477356], "label_names": [[3, 10, 0, 5, 1, 2, 4], [6, 9, 12, 11, 8, 7]], "metrics": {"Label_0": {"Optimal Threshold": 0.12258976697921753, "Accuracy": 0.9154160982264665, "Sensitivity": 0.8840579710144928, "Specificity": 0.9186746987951807, "AUC": 0.96459752051685}, "Label_1": {"Optimal Threshold": 0.1833849400281906, "Accuracy": 0.9604365620736699, "Sensitivity": 0.8793103448275862, "Specificity": 0.9674074074074074, "AUC": 0.9786206896551725}, "Label_2": {"Optimal Threshold": 0.28871428966522217, "Accuracy": 0.9195088676671214, "Sensitivity": 0.8903508771929824, "Specificity": 0.9326732673267327, "AUC": 0.9668837936425221}, "Label_3": {"Optimal Threshold": 0.29754942655563354, "Accuracy": 0.922237380627558, "Sensitivity": 0.9004524886877828, "Specificity": 0.931640625, "AUC": 0.972346931561086}, "Label_4": {"Optimal Threshold": 0.0014229518128558993, "Accuracy": 0.82537517053206, "Sensitivity": 1.0, "Specificity": 0.8236914600550964, "AUC": 0.960448642266824}, "Label_5": {"Optimal Threshold": 0.0008160675060935318, "Accuracy": 0.7271487039563438, "Sensitivity": 1.0, "Specificity": 0.7252747252747253, "AUC": 0.917032967032967}, "Label_6": {"Optimal Threshold": 0.01820128783583641, "Accuracy": 0.9249658935879945, "Sensitivity": 1.0, "Specificity": 0.9238227146814404, "AUC": 0.9769579451019894}, "Label_7": {"Optimal Threshold": 0.04569847136735916, "Accuracy": 0.9508867667121419, "Sensitivity": 1.0, "Specificity": 0.9463487332339792, "AUC": 0.9933416662660449}, "Label_8": {"Optimal Threshold": 0.009276256896555424, "Accuracy": 0.8703956343792633, "Sensitivity": 1.0, "Specificity": 0.8700410396716827, "AUC": 0.9103967168262653}, "Label_9": {"Optimal Threshold": 0.07631238549947739, "Accuracy": 0.9236016371077762, "Sensitivity": 0.90625, "Specificity": 0.9243937232524965, "AUC": 0.9479315263908702}, "Label_10": {"Optimal Threshold": 0.011178385466337204, "Accuracy": 0.8076398362892224, "Sensitivity": 0.8333333333333334, "Specificity": 0.806993006993007, "AUC": 0.8843045843045844}, "Label_11": {"Optimal Threshold": 0.03479373827576637, "Accuracy": 0.9181446111869032, "Sensitivity": 0.9444444444444444, "Specificity": 0.9174825174825175, "AUC": 0.9594405594405595}, "Label_12": {"Optimal Threshold": 0.06117548793554306, "Accuracy": 0.8663028649386084, "Sensitivity": 0.8431372549019608, "Specificity": 0.8680351906158358, "AUC": 0.9304237824161923}, "Overall": {"Accuracy": 0.8870815405603948, "Sensitivity": 0.9293335934155833, "Specificity": 0.8889599315223153, "AUC": 0.9509790250324558}}}