{"shared_labels": 9, "perf": [0.08804313093423843, 0.9775115847587585], "label_names": [[10, 5, 11, 4, 8, 9, 3, 12, 0, 2, 7], [10, 5, 11, 4, 8, 9, 3, 12, 0, 1, 6]], "metrics": {"Label_0": {"Optimal Threshold": 0.06943511962890625, "Accuracy": 0.9072305593451568, "Sensitivity": 0.9130434782608695, "Specificity": 0.9066265060240963, "AUC": 0.9718438973284442}, "Label_1": {"Optimal Threshold": 0.021915363147854805, "Accuracy": 0.9113233287858117, "Sensitivity": 0.9827586206896551, "Specificity": 0.9051851851851852, "AUC": 0.9858492975734355}, "Label_2": {"Optimal Threshold": 0.27109959721565247, "Accuracy": 0.9208731241473397, "Sensitivity": 0.9035087719298246, "Specificity": 0.9287128712871288, "AUC": 0.96941115164148}, "Label_3": {"Optimal Threshold": 0.447893351316452, "Accuracy": 0.9386084583901774, "Sensitivity": 0.9140271493212669, "Specificity": 0.94921875, "AUC": 0.9767569287330317}, "Label_4": {"Optimal Threshold": 0.0013929590350016952, "Accuracy": 0.8212824010914052, "Sensitivity": 1.0, "Specificity": 0.8195592286501377, "AUC": 0.9659582841401023}, "Label_5": {"Optimal Threshold": 0.0032189844641834497, "Accuracy": 0.7844474761255116, "Sensitivity": 1.0, "Specificity": 0.782967032967033, "AUC": 0.9423076923076923}, "Label_6": {"Optimal Threshold": 0.009253278374671936, "Accuracy": 0.8894952251023193, "Sensitivity": 1.0, "Specificity": 0.8878116343490304, "AUC": 0.9733064719214304}, "Label_7": {"Optimal Threshold": 0.044846437871456146, "Accuracy": 0.9590723055934516, "Sensitivity": 1.0, "Specificity": 0.9552906110283159, "AUC": 0.991082159511562}, "Label_8": {"Optimal Threshold": 0.0014356840401887894, "Accuracy": 0.7803547066848567, "Sensitivity": 1.0, "Specificity": 0.7797537619699042, "AUC": 0.8009575923392612}, "Label_9": {"Optimal Threshold": 0.00812347512692213, "Accuracy": 0.869031377899045, "Sensitivity": 0.96875, "Specificity": 0.8644793152639088, "AUC": 0.9522111269614837}, "Label_10": {"Optimal Threshold": 0.009271967224776745, "Accuracy": 0.7830832196452933, "Sensitivity": 0.9444444444444444, "Specificity": 0.779020979020979, "AUC": 0.9195804195804196}, "Label_11": {"Optimal Threshold": 0.056904152035713196, "Accuracy": 0.9686221009549796, "Sensitivity": 0.9444444444444444, "Specificity": 0.9692307692307692, "AUC": 0.9814296814296815}, "Label_12": {"Optimal Threshold": 0.042165517807006836, "Accuracy": 0.8117326057298773, "Sensitivity": 0.9607843137254902, "Specificity": 0.8005865102639296, "AUC": 0.9475015812776724}, "Overall": {"Accuracy": 0.8727043761150173, "Sensitivity": 0.9639816325243074, "Specificity": 0.871418704249263, "AUC": 0.9521689449804381}}}