{"shared_labels": 7, "perf": [0.09057890623807907, 0.9760958552360535], "label_names": [[10, 5, 0, 1, 9, 4, 6, 11, 2, 8], [10, 5, 0, 1, 9, 4, 6, 3, 7, 12]], "metrics": {"Label_0": {"Optimal Threshold": 0.04712587594985962, "Accuracy": 0.9249658935879945, "Sensitivity": 0.8985507246376812, "Specificity": 0.927710843373494, "AUC": 0.9699231709446481}, "Label_1": {"Optimal Threshold": 0.020702160894870758, "Accuracy": 0.9208731241473397, "Sensitivity": 0.9827586206896551, "Specificity": 0.9155555555555556, "AUC": 0.987816091954023}, "Label_2": {"Optimal Threshold": 0.32107794284820557, "Accuracy": 0.9249658935879945, "Sensitivity": 0.9122807017543859, "Specificity": 0.9306930693069307, "AUC": 0.9720948410630537}, "Label_3": {"Optimal Threshold": 0.3136569857597351, "Accuracy": 0.9195088676671214, "Sensitivity": 0.9411764705882353, "Specificity": 0.91015625, "AUC": 0.9743265695701357}, "Label_4": {"Optimal Threshold": 0.004265189170837402, "Accuracy": 0.8581173260572987, "Sensitivity": 1.0, "Specificity": 0.8567493112947658, "AUC": 0.9730421094057458}, "Label_5": {"Optimal Threshold": 0.003675832413136959, "Accuracy": 0.8130968622100955, "Sensitivity": 1.0, "Specificity": 0.8118131868131868, "AUC": 0.9585164835164836}, "Label_6": {"Optimal Threshold": 0.013285846449434757, "Accuracy": 0.8840381991814461, "Sensitivity": 1.0, "Specificity": 0.8822714681440443, "AUC": 0.9768320322336943}, "Label_7": {"Optimal Threshold": 0.16988705098628998, "Accuracy": 0.965893587994543, "Sensitivity": 1.0, "Specificity": 0.96274217585693, "AUC": 0.9911783087351569}, "Label_8": {"Optimal Threshold": 0.0022442766930907965, "Accuracy": 0.7189631650750341, "Sensitivity": 1.0, "Specificity": 0.7181942544459644, "AUC": 0.8064295485636115}, "Label_9": {"Optimal Threshold": 0.03663543611764908, "Accuracy": 0.9058663028649386, "Sensitivity": 0.9375, "Specificity": 0.9044222539229672, "AUC": 0.9495363766048502}, "Label_10": {"Optimal Threshold": 0.015132014639675617, "Accuracy": 0.8240109140518418, "Sensitivity": 0.8888888888888888, "Specificity": 0.8223776223776224, "AUC": 0.9191919191919191}, "Label_11": {"Optimal Threshold": 0.05252610892057419, "Accuracy": 0.9508867667121419, "Sensitivity": 0.9444444444444444, "Specificity": 0.951048951048951, "AUC": 0.9768453768453769}, "Label_12": {"Optimal Threshold": 0.15365248918533325, "Accuracy": 0.9085948158253752, "Sensitivity": 0.6862745098039216, "Specificity": 0.9252199413489736, "AUC": 0.8867805186590766}, "Overall": {"Accuracy": 0.8861370553048586, "Sensitivity": 0.9378364892928625, "Specificity": 0.8860734525761067, "AUC": 0.9494241036375212}}}