{"shared_labels": 1, "perf": [0.08983685821294785, 0.9754363894462585], "label_names": [[2, 12, 5, 3, 7, 8, 1], [2, 10, 4, 0, 6, 11, 9]], "metrics": {"Label_0": {"Optimal Threshold": 0.12807804346084595, "Accuracy": 0.9399727148703957, "Sensitivity": 0.8695652173913043, "Specificity": 0.947289156626506, "AUC": 0.9693775100401607}, "Label_1": {"Optimal Threshold": 0.11449068039655685, "Accuracy": 0.9577080491132333, "Sensitivity": 0.9655172413793104, "Specificity": 0.957037037037037, "AUC": 0.9872030651340996}, "Label_2": {"Optimal Threshold": 0.29926598072052, "Accuracy": 0.927694406548431, "Sensitivity": 0.9254385964912281, "Specificity": 0.9287128712871288, "AUC": 0.9740142435296161}, "Label_3": {"Optimal Threshold": 0.3459082245826721, "Accuracy": 0.9304229195088677, "Sensitivity": 0.918552036199095, "Specificity": 0.935546875, "AUC": 0.9749628817873304}, "Label_4": {"Optimal Threshold": 0.06638408452272415, "Accuracy": 0.9713506139154161, "Sensitivity": 0.8571428571428571, "Specificity": 0.9724517906336089, "AUC": 0.9574970484061394}, "Label_5": {"Optimal Threshold": 0.05932679772377014, "Accuracy": 0.975443383356071, "Sensitivity": 0.8, "Specificity": 0.9766483516483516, "AUC": 0.9175824175824175}, "Label_6": {"Optimal Threshold": 0.022866565734148026, "Accuracy": 0.927694406548431, "Sensitivity": 1.0, "Specificity": 0.9265927977839336, "AUC": 0.9821203727020902}, "Label_7": {"Optimal Threshold": 0.11861377209424973, "Accuracy": 0.9590723055934516, "Sensitivity": 1.0, "Specificity": 0.9552906110283159, "AUC": 0.9906975626171819}, "Label_8": {"Optimal Threshold": 0.0035457347985357046, "Accuracy": 0.8144611186903138, "Sensitivity": 1.0, "Specificity": 0.813953488372093, "AUC": 0.838577291381669}, "Label_9": {"Optimal Threshold": 0.029078738763928413, "Accuracy": 0.8731241473396999, "Sensitivity": 0.90625, "Specificity": 0.8716119828815977, "AUC": 0.9395060627674751}, "Label_10": {"Optimal Threshold": 0.015641028061509132, "Accuracy": 0.7585266030013642, "Sensitivity": 0.8888888888888888, "Specificity": 0.7552447552447552, "AUC": 0.8831390831390831}, "Label_11": {"Optimal Threshold": 0.02613183856010437, "Accuracy": 0.9208731241473397, "Sensitivity": 1.0, "Specificity": 0.9188811188811189, "AUC": 0.9786324786324787}, "Label_12": {"Optimal Threshold": 0.06102358177304268, "Accuracy": 0.7885402455661664, "Sensitivity": 0.8823529411764706, "Specificity": 0.781524926686217, "AUC": 0.9010982692197113}, "Overall": {"Accuracy": 0.9034526183230139, "Sensitivity": 0.924131367589935, "Specificity": 0.9031373663931279, "AUC": 0.9457237143799578}}}