{"shared_labels": 2, "perf": [0.08773612231016159, 0.9768362045288086], "metrics": {"Label_0": {"Optimal Threshold": 0.0706256702542305, "Accuracy": 0.8908594815825375, "Sensitivity": 0.927536231884058, "Specificity": 0.8870481927710844, "AUC": 0.9693120307316222}, "Label_1": {"Optimal Threshold": 0.16140547394752502, "Accuracy": 0.9536152796725784, "Sensitivity": 0.9655172413793104, "Specificity": 0.9525925925925925, "AUC": 0.9896040868454661}, "Label_2": {"Optimal Threshold": 0.22184908390045166, "Accuracy": 0.9181446111869032, "Sensitivity": 0.9254385964912281, "Specificity": 0.9148514851485149, "AUC": 0.9704967865207572}, "Label_3": {"Optimal Threshold": 0.3282017111778259, "Accuracy": 0.9290586630286494, "Sensitivity": 0.918552036199095, "Specificity": 0.93359375, "AUC": 0.9745828619909502}, "Label_4": {"Optimal Threshold": 0.010382511653006077, "Accuracy": 0.903137789904502, "Sensitivity": 1.0, "Specificity": 0.9022038567493113, "AUC": 0.9726485635576544}, "Label_5": {"Optimal Threshold": 0.08963070064783096, "Accuracy": 0.9877216916780355, "Sensitivity": 0.8, "Specificity": 0.989010989010989, "AUC": 0.945054945054945}, "Label_6": {"Optimal Threshold": 0.004437521565705538, "Accuracy": 0.8567530695770805, "Sensitivity": 1.0, "Specificity": 0.8545706371191135, "AUC": 0.9688995215311005}, "Label_7": {"Optimal Threshold": 0.1337808519601822, "Accuracy": 0.965893587994543, "Sensitivity": 1.0, "Specificity": 0.96274217585693, "AUC": 0.9937743377722225}, "Label_8": {"Optimal Threshold": 0.019003985449671745, "Accuracy": 0.9236016371077762, "Sensitivity": 1.0, "Specificity": 0.9233926128590971, "AUC": 0.9288645690834474}, "Label_9": {"Optimal Threshold": 0.0426957905292511, "Accuracy": 0.922237380627558, "Sensitivity": 0.90625, "Specificity": 0.9229671897289586, "AUC": 0.9468170470756063}, "Label_10": {"Optimal Threshold": 0.003957727923989296, "Accuracy": 0.6971350613915416, "Sensitivity": 0.9444444444444444, "Specificity": 0.6909090909090909, "AUC": 0.8873348873348874}, "Label_11": {"Optimal Threshold": 0.03447658196091652, "Accuracy": 0.9454297407912687, "Sensitivity": 0.9444444444444444, "Specificity": 0.9454545454545454, "AUC": 0.9764568764568765}, "Label_12": {"Optimal Threshold": 0.08516625314950943, "Accuracy": 0.844474761255116, "Sensitivity": 0.9215686274509803, "Specificity": 0.8387096774193549, "AUC": 0.9460640561209821}, "Overall": {"Accuracy": 0.9029279042921607, "Sensitivity": 0.9425962786379661, "Specificity": 0.90138821504766, "AUC": 0.959223890005886}}, "label_names": [[6, 7, 10, 11, 2, 12, 9, 5], [6, 7, 8, 0, 1, 3, 4]]}