{"shared_labels": 2, "perf": [0.09027069061994553, 0.975831151008606], "metrics": {"Label_0": {"Optimal Threshold": 0.0375107005238533, "Accuracy": 0.897680763983629, "Sensitivity": 0.9565217391304348, "Specificity": 0.891566265060241, "AUC": 0.9747031604679588}, "Label_1": {"Optimal Threshold": 0.047897111624479294, "Accuracy": 0.9481582537517054, "Sensitivity": 0.9482758620689655, "Specificity": 0.9481481481481482, "AUC": 0.9867688378033206}, "Label_2": {"Optimal Threshold": 0.36285829544067383, "Accuracy": 0.927694406548431, "Sensitivity": 0.9254385964912281, "Specificity": 0.9287128712871288, "AUC": 0.9723293381969775}, "Label_3": {"Optimal Threshold": 0.4163452684879303, "Accuracy": 0.9290586630286494, "Sensitivity": 0.9230769230769231, "Specificity": 0.931640625, "AUC": 0.974918693438914}, "Label_4": {"Optimal Threshold": 0.00305691990070045, "Accuracy": 0.8663028649386084, "Sensitivity": 1.0, "Specificity": 0.8650137741046832, "AUC": 0.977961432506887}, "Label_5": {"Optimal Threshold": 0.0029695567209273577, "Accuracy": 0.7858117326057299, "Sensitivity": 1.0, "Specificity": 0.7843406593406593, "AUC": 0.9244505494505494}, "Label_6": {"Optimal Threshold": 0.017003795132040977, "Accuracy": 0.9331514324693042, "Sensitivity": 0.9090909090909091, "Specificity": 0.9335180055401662, "AUC": 0.9681440443213296}, "Label_7": {"Optimal Threshold": 0.07345741242170334, "Accuracy": 0.9386084583901774, "Sensitivity": 1.0, "Specificity": 0.9329359165424739, "AUC": 0.9892793615691554}, "Label_8": {"Optimal Threshold": 0.0007468715775758028, "Accuracy": 0.6316507503410641, "Sensitivity": 1.0, "Specificity": 0.6306429548563611, "AUC": 0.6436388508891928}, "Label_9": {"Optimal Threshold": 0.062440428882837296, "Accuracy": 0.9236016371077762, "Sensitivity": 0.90625, "Specificity": 0.9243937232524965, "AUC": 0.9472628388017118}, "Label_10": {"Optimal Threshold": 0.007988191209733486, "Accuracy": 0.7557980900409277, "Sensitivity": 0.9444444444444444, "Specificity": 0.7510489510489511, "AUC": 0.9176379176379176}, "Label_11": {"Optimal Threshold": 0.023045143112540245, "Accuracy": 0.9495225102319236, "Sensitivity": 0.9444444444444444, "Specificity": 0.9496503496503497, "AUC": 0.9588189588189587}, "Label_12": {"Optimal Threshold": 0.08174458146095276, "Accuracy": 0.8362892223738063, "Sensitivity": 0.8235294117647058, "Specificity": 0.8372434017595308, "AUC": 0.9031970559484791}, "Overall": {"Accuracy": 0.8710252912162871, "Sensitivity": 0.9446978715778506, "Specificity": 0.8699119727377838, "AUC": 0.9337777722962577}}, "label_names": [[0, 4, 6, 12, 5, 11, 10, 3], [0, 4, 1, 9, 2, 7, 8]]}