{"shared_labels": 2, "perf": [0.08880589157342911, 0.9760962128639221], "metrics": {"Label_0": {"Optimal Threshold": 0.10516026616096497, "Accuracy": 0.9454297407912687, "Sensitivity": 0.8695652173913043, "Specificity": 0.9533132530120482, "AUC": 0.9640955124847216}, "Label_1": {"Optimal Threshold": 0.23080463707447052, "Accuracy": 0.9672578444747613, "Sensitivity": 0.9310344827586207, "Specificity": 0.9703703703703703, "AUC": 0.9875095785440613}, "Label_2": {"Optimal Threshold": 0.2661532163619995, "Accuracy": 0.9263301500682128, "Sensitivity": 0.9166666666666666, "Specificity": 0.9306930693069307, "AUC": 0.9717995483758901}, "Label_3": {"Optimal Threshold": 0.231219083070755, "Accuracy": 0.9304229195088677, "Sensitivity": 0.9411764705882353, "Specificity": 0.92578125, "AUC": 0.9764741233031675}, "Label_4": {"Optimal Threshold": 0.02904679626226425, "Accuracy": 0.922237380627558, "Sensitivity": 1.0, "Specificity": 0.9214876033057852, "AUC": 0.9844549390003936}, "Label_5": {"Optimal Threshold": 0.006892633158713579, "Accuracy": 0.8553888130968622, "Sensitivity": 1.0, "Specificity": 0.8543956043956044, "AUC": 0.9387362637362637}, "Label_6": {"Optimal Threshold": 0.004326466470956802, "Accuracy": 0.849931787175989, "Sensitivity": 1.0, "Specificity": 0.8476454293628809, "AUC": 0.9652480483505415}, "Label_7": {"Optimal Threshold": 0.10691069066524506, "Accuracy": 0.9672578444747613, "Sensitivity": 1.0, "Specificity": 0.9642324888226528, "AUC": 0.9930532185952599}, "Label_8": {"Optimal Threshold": 0.00439675897359848, "Accuracy": 0.8062755798090041, "Sensitivity": 1.0, "Specificity": 0.8057455540355677, "AUC": 0.8652530779753761}, "Label_9": {"Optimal Threshold": 0.0517374612390995, "Accuracy": 0.9263301500682128, "Sensitivity": 0.90625, "Specificity": 0.927246790299572, "AUC": 0.9571594151212554}, "Label_10": {"Optimal Threshold": 0.006934344302862883, "Accuracy": 0.7366984993178718, "Sensitivity": 0.8888888888888888, "Specificity": 0.7328671328671329, "AUC": 0.8919191919191919}, "Label_11": {"Optimal Threshold": 0.012685757130384445, "Accuracy": 0.8922237380627558, "Sensitivity": 1.0, "Specificity": 0.8895104895104895, "AUC": 0.9752913752913753}, "Label_12": {"Optimal Threshold": 0.028084905818104744, "Accuracy": 0.762619372442019, "Sensitivity": 0.9215686274509803, "Specificity": 0.750733137829912, "AUC": 0.9073658789028807}, "Overall": {"Accuracy": 0.8837233707629341, "Sensitivity": 0.9519346425957459, "Specificity": 0.882617090239919, "AUC": 0.9521815516615675}}, "label_names": [[7, 9, 1, 6, 10, 4, 2, 5], [7, 9, 12, 8, 0, 3, 11]]}