{"shared_labels": 2, "perf": [0.09759426862001419, 0.9696504473686218], "metrics": {"Label_0": {"Optimal Threshold": 0.11075979471206665, "Accuracy": 0.9236016371077762, "Sensitivity": 0.8783783783783784, "Specificity": 0.928679817905918, "AUC": 0.9571012590739449}, "Label_1": {"Optimal Threshold": 0.056812599301338196, "Accuracy": 0.9195088676671214, "Sensitivity": 0.9577464788732394, "Specificity": 0.9154078549848943, "AUC": 0.9807029488106889}, "Label_2": {"Optimal Threshold": 0.17892667651176453, "Accuracy": 0.9167803547066848, "Sensitivity": 0.8931623931623932, "Specificity": 0.9278557114228457, "AUC": 0.969306133634791}, "Label_3": {"Optimal Threshold": 0.10607529431581497, "Accuracy": 0.9113233287858117, "Sensitivity": 0.911504424778761, "Specificity": 0.9112426035502958, "AUC": 0.968101446998656}, "Label_4": {"Optimal Threshold": 0.008448837324976921, "Accuracy": 0.9113233287858117, "Sensitivity": 1.0, "Specificity": 0.9103448275862069, "AUC": 0.9644827586206896}, "Label_5": {"Optimal Threshold": 0.018784407526254654, "Accuracy": 0.9154160982264665, "Sensitivity": 1.0, "Specificity": 0.9147180192572214, "AUC": 0.979825767996332}, "Label_6": {"Optimal Threshold": 0.015398886986076832, "Accuracy": 0.91268758526603, "Sensitivity": 1.0, "Specificity": 0.9122085048010974, "AUC": 0.9711934156378601}, "Label_7": {"Optimal Threshold": 0.24456393718719482, "Accuracy": 0.9631650750341064, "Sensitivity": 0.9841269841269841, "Specificity": 0.9611940298507463, "AUC": 0.9904288083392561}, "Label_8": {"Optimal Threshold": 0.012411557137966156, "Accuracy": 0.8867667121418826, "Sensitivity": 1.0, "Specificity": 0.8861454046639232, "AUC": 0.9663923182441702}, "Label_9": {"Optimal Threshold": 0.10507547110319138, "Accuracy": 0.9495225102319236, "Sensitivity": 0.896551724137931, "Specificity": 0.9517045454545454, "AUC": 0.9467084639498431}, "Label_10": {"Optimal Threshold": 0.05686315894126892, "Accuracy": 0.9249658935879945, "Sensitivity": 0.9166666666666666, "Specificity": 0.9251040221914009, "AUC": 0.9337725381414701}, "Label_11": {"Optimal Threshold": 0.020473165437579155, "Accuracy": 0.8758526603001364, "Sensitivity": 0.9130434782608695, "Specificity": 0.8746478873239436, "AUC": 0.9390691977954685}, "Label_12": {"Optimal Threshold": 0.07456666976213455, "Accuracy": 0.8321964529331515, "Sensitivity": 0.8490566037735849, "Specificity": 0.8308823529411765, "AUC": 0.8925915649278579}, "Overall": {"Accuracy": 0.9110085003672999, "Sensitivity": 0.9384797793968314, "Specificity": 0.9115488909180165, "AUC": 0.9584366632439253}}, "label_names": [[9, 6, 1, 7, 11, 10, 5, 8], [9, 6, 4, 3, 2, 12, 0]]}