{"shared_labels": 3, "perf": [0.08831089735031128, 0.9772102236747742], "metrics": {"Label_0": {"Optimal Threshold": 0.03775846213102341, "Accuracy": 0.888130968622101, "Sensitivity": 0.9565217391304348, "Specificity": 0.8810240963855421, "AUC": 0.9720621616902392}, "Label_1": {"Optimal Threshold": 0.06132044270634651, "Accuracy": 0.9208731241473397, "Sensitivity": 0.9827586206896551, "Specificity": 0.9155555555555556, "AUC": 0.9884546615581099}, "Label_2": {"Optimal Threshold": 0.15503273904323578, "Accuracy": 0.91268758526603, "Sensitivity": 0.9517543859649122, "Specificity": 0.8950495049504951, "AUC": 0.9750825082508251}, "Label_3": {"Optimal Threshold": 0.25745898485183716, "Accuracy": 0.9290586630286494, "Sensitivity": 0.9276018099547512, "Specificity": 0.9296875, "AUC": 0.9761559671945701}, "Label_4": {"Optimal Threshold": 0.004483290482312441, "Accuracy": 0.819918144611187, "Sensitivity": 1.0, "Specificity": 0.8181818181818182, "AUC": 0.9618260527351437}, "Label_5": {"Optimal Threshold": 0.0008505141013301909, "Accuracy": 0.7926330150068213, "Sensitivity": 1.0, "Specificity": 0.7912087912087912, "AUC": 0.9285714285714285}, "Label_6": {"Optimal Threshold": 0.01491557527333498, "Accuracy": 0.897680763983629, "Sensitivity": 1.0, "Specificity": 0.8961218836565097, "AUC": 0.974817426340972}, "Label_7": {"Optimal Threshold": 0.09173053503036499, "Accuracy": 0.9604365620736699, "Sensitivity": 0.9838709677419355, "Specificity": 0.9582712369597616, "AUC": 0.9921157636652084}, "Label_8": {"Optimal Threshold": 0.017215494066476822, "Accuracy": 0.9154160982264665, "Sensitivity": 1.0, "Specificity": 0.9151846785225718, "AUC": 0.9151846785225718}, "Label_9": {"Optimal Threshold": 0.012846597470343113, "Accuracy": 0.8335607094133697, "Sensitivity": 0.96875, "Specificity": 0.8273894436519258, "AUC": 0.9417350213980028}, "Label_10": {"Optimal Threshold": 0.0047585973516106606, "Accuracy": 0.6643929058663028, "Sensitivity": 1.0, "Specificity": 0.6559440559440559, "AUC": 0.8822066822066823}, "Label_11": {"Optimal Threshold": 0.01768943853676319, "Accuracy": 0.91268758526603, "Sensitivity": 0.9444444444444444, "Specificity": 0.9118881118881119, "AUC": 0.97000777000777}, "Label_12": {"Optimal Threshold": 0.06568390876054764, "Accuracy": 0.8485675306957708, "Sensitivity": 0.9411764705882353, "Specificity": 0.841642228739003, "AUC": 0.9562704847334829}, "Overall": {"Accuracy": 0.8689264350928744, "Sensitivity": 0.9736060337318745, "Specificity": 0.864396069664934, "AUC": 0.9564992774519236}}, "label_names": [[2, 12, 3, 8, 11, 0, 7, 10], [2, 12, 3, 1, 5, 6, 4, 9]]}