{"shared_labels": 8, "perf": [0.09851625561714172, 0.9727562069892883], "metrics": {"Label_0": {"Optimal Threshold": 0.06356171518564224, "Accuracy": 0.8758526603001364, "Sensitivity": 0.872093023255814, "Specificity": 0.8763523956723338, "AUC": 0.9447539628338306}, "Label_1": {"Optimal Threshold": 0.07622969150543213, "Accuracy": 0.9140518417462483, "Sensitivity": 0.9444444444444444, "Specificity": 0.9107413010590015, "AUC": 0.9740082366784333}, "Label_2": {"Optimal Threshold": 0.16619686782360077, "Accuracy": 0.9085948158253752, "Sensitivity": 0.9049586776859504, "Specificity": 0.9103869653767821, "AUC": 0.9631213075019778}, "Label_3": {"Optimal Threshold": 0.21281081438064575, "Accuracy": 0.9140518417462483, "Sensitivity": 0.9313304721030042, "Specificity": 0.906, "AUC": 0.9704549356223175}, "Label_4": {"Optimal Threshold": 0.009240304119884968, "Accuracy": 0.9113233287858117, "Sensitivity": 1.0, "Specificity": 0.909972299168975, "AUC": 0.9843868043314027}, "Label_5": {"Optimal Threshold": 0.0008879072847776115, "Accuracy": 0.7598908594815825, "Sensitivity": 1.0, "Specificity": 0.7585733882030178, "AUC": 0.9135802469135803}, "Label_6": {"Optimal Threshold": 0.16811415553092957, "Accuracy": 0.990450204638472, "Sensitivity": 1.0, "Specificity": 0.9904240766073872, "AUC": 0.993844049247606}, "Label_7": {"Optimal Threshold": 0.1296205371618271, "Accuracy": 0.9727148703956344, "Sensitivity": 0.9473684210526315, "Specificity": 0.9748520710059172, "AUC": 0.9859856742447834}, "Label_8": {"Optimal Threshold": 0.011088686995208263, "Accuracy": 0.937244201909959, "Sensitivity": 1.0, "Specificity": 0.9368998628257887, "AUC": 0.9814814814814815}, "Label_9": {"Optimal Threshold": 0.04906925931572914, "Accuracy": 0.9386084583901774, "Sensitivity": 0.9642857142857143, "Specificity": 0.9375886524822695, "AUC": 0.9762411347517731}, "Label_10": {"Optimal Threshold": 0.01818091608583927, "Accuracy": 0.8581173260572987, "Sensitivity": 0.8666666666666667, "Specificity": 0.8579387186629527, "AUC": 0.8900649953574745}, "Label_11": {"Optimal Threshold": 0.03202224150300026, "Accuracy": 0.9249658935879945, "Sensitivity": 0.9444444444444444, "Specificity": 0.9244755244755245, "AUC": 0.9751359751359752}, "Label_12": {"Optimal Threshold": 0.11181344091892242, "Accuracy": 0.8813096862210096, "Sensitivity": 0.8166666666666667, "Specificity": 0.8870728083209509, "AUC": 0.9125804853888063}, "Overall": {"Accuracy": 0.9067058453143038, "Sensitivity": 0.937866040815795, "Specificity": 0.9062521587585307, "AUC": 0.9588953299607262}}, "label_names": [[7, 4, 3, 6, 12, 9, 8, 5, 1, 0, 2], [7, 4, 3, 6, 12, 9, 8, 5, 11, 10]]}