{"shared_labels": 8, "perf": [0.08893343806266785, 0.9773469567298889], "metrics": {"Label_0": {"Optimal Threshold": 0.0761701762676239, "Accuracy": 0.8663028649386084, "Sensitivity": 0.9710144927536232, "Specificity": 0.8554216867469879, "AUC": 0.9709053605727257}, "Label_1": {"Optimal Threshold": 0.09476035088300705, "Accuracy": 0.931787175989086, "Sensitivity": 0.9827586206896551, "Specificity": 0.9274074074074075, "AUC": 0.9890676883780332}, "Label_2": {"Optimal Threshold": 0.35265588760375977, "Accuracy": 0.9263301500682128, "Sensitivity": 0.9210526315789473, "Specificity": 0.9287128712871288, "AUC": 0.9741445197151294}, "Label_3": {"Optimal Threshold": 0.34580379724502563, "Accuracy": 0.9236016371077762, "Sensitivity": 0.9276018099547512, "Specificity": 0.921875, "AUC": 0.9767834417420815}, "Label_4": {"Optimal Threshold": 0.016840366646647453, "Accuracy": 0.9208731241473397, "Sensitivity": 0.8571428571428571, "Specificity": 0.9214876033057852, "AUC": 0.9543486816214088}, "Label_5": {"Optimal Threshold": 0.005866248160600662, "Accuracy": 0.7980900409276944, "Sensitivity": 1.0, "Specificity": 0.7967032967032966, "AUC": 0.9340659340659341}, "Label_6": {"Optimal Threshold": 0.011525836773216724, "Accuracy": 0.8567530695770805, "Sensitivity": 1.0, "Specificity": 0.8545706371191135, "AUC": 0.9519012843112566}, "Label_7": {"Optimal Threshold": 0.10691642016172409, "Accuracy": 0.9645293315143247, "Sensitivity": 1.0, "Specificity": 0.9612518628912071, "AUC": 0.9922840248064997}, "Label_8": {"Optimal Threshold": 0.0012317800428718328, "Accuracy": 0.8035470668485676, "Sensitivity": 1.0, "Specificity": 0.8030095759233926, "AUC": 0.8180574555403557}, "Label_9": {"Optimal Threshold": 0.012619654648005962, "Accuracy": 0.8540245566166439, "Sensitivity": 0.96875, "Specificity": 0.8487874465049928, "AUC": 0.9533256062767476}, "Label_10": {"Optimal Threshold": 0.010534970089793205, "Accuracy": 0.7830832196452933, "Sensitivity": 0.9444444444444444, "Specificity": 0.779020979020979, "AUC": 0.9154623154623154}, "Label_11": {"Optimal Threshold": 0.011073716916143894, "Accuracy": 0.9386084583901774, "Sensitivity": 1.0, "Specificity": 0.9370629370629371, "AUC": 0.9821289821289821}, "Label_12": {"Optimal Threshold": 0.11081866174936295, "Accuracy": 0.859481582537517, "Sensitivity": 0.8235294117647058, "Specificity": 0.8621700879765396, "AUC": 0.9213386234259099}, "Overall": {"Accuracy": 0.8790009444852557, "Sensitivity": 0.9535610975637681, "Specificity": 0.8767293378422898, "AUC": 0.9487549167728754}}, "label_names": [[9, 0, 11, 8, 2, 3, 10, 1, 5, 4, 12], [9, 0, 11, 8, 2, 3, 10, 1, 6, 7]]}