{"shared_labels": 8, "perf": [0.09353146702051163, 0.9759079217910767], "metrics": {"Label_0": {"Optimal Threshold": 0.06878882646560669, "Accuracy": 0.8826739427012278, "Sensitivity": 0.8695652173913043, "Specificity": 0.8840361445783133, "AUC": 0.9501047668936616}, "Label_1": {"Optimal Threshold": 0.07916271686553955, "Accuracy": 0.922237380627558, "Sensitivity": 0.9454545454545454, "Specificity": 0.9203539823008849, "AUC": 0.9842048806650577}, "Label_2": {"Optimal Threshold": 0.5911188125610352, "Accuracy": 0.9304229195088677, "Sensitivity": 0.9227799227799228, "Specificity": 0.9345991561181435, "AUC": 0.9771679455223758}, "Label_3": {"Optimal Threshold": 0.33233416080474854, "Accuracy": 0.927694406548431, "Sensitivity": 0.9645669291338582, "Specificity": 0.9081419624217119, "AUC": 0.9754820574359313}, "Label_4": {"Optimal Threshold": 0.01845742017030716, "Accuracy": 0.9167803547066848, "Sensitivity": 0.8888888888888888, "Specificity": 0.9171270718232044, "AUC": 0.9505831798649478}, "Label_5": {"Optimal Threshold": 0.02922913059592247, "Accuracy": 0.931787175989086, "Sensitivity": 0.8571428571428571, "Specificity": 0.9325068870523416, "AUC": 0.9460842188114915}, "Label_6": {"Optimal Threshold": 0.021818479523062706, "Accuracy": 0.9017735334242838, "Sensitivity": 1.0, "Specificity": 0.9008264462809917, "AUC": 0.977961432506887}, "Label_7": {"Optimal Threshold": 0.20393022894859314, "Accuracy": 0.9618008185538881, "Sensitivity": 0.984375, "Specificity": 0.9596412556053812, "AUC": 0.9882286995515697}, "Label_8": {"Optimal Threshold": 0.009431962855160236, "Accuracy": 0.8990450204638472, "Sensitivity": 1.0, "Specificity": 0.8976486860304288, "AUC": 0.9811894882434301}, "Label_9": {"Optimal Threshold": 0.06738639622926712, "Accuracy": 0.9358799454297408, "Sensitivity": 0.8333333333333334, "Specificity": 0.9411764705882353, "AUC": 0.9333253626653915}, "Label_10": {"Optimal Threshold": 0.07407575845718384, "Accuracy": 0.9085948158253752, "Sensitivity": 0.8571428571428571, "Specificity": 0.9095966620305981, "AUC": 0.9143651897476655}, "Label_11": {"Optimal Threshold": 0.020633995532989502, "Accuracy": 0.869031377899045, "Sensitivity": 1.0, "Specificity": 0.866481223922114, "AUC": 0.9695012914762566}, "Label_12": {"Optimal Threshold": 0.06408292800188065, "Accuracy": 0.8485675306957708, "Sensitivity": 0.8596491228070176, "Specificity": 0.8476331360946746, "AUC": 0.9142530883421572}, "Overall": {"Accuracy": 0.9104837863364467, "Sensitivity": 0.9217614364672758, "Specificity": 0.9092130065266942, "AUC": 0.9586501232097556}}, "label_names": [[5, 0, 2, 1, 10, 12, 4, 6, 3, 8, 11], [5, 0, 2, 1, 10, 12, 4, 6, 9, 7]]}