{"shared_labels": 8, "perf": [0.09159521013498306, 0.9759584665298462], "metrics": {"Label_0": {"Optimal Threshold": 0.1708049327135086, "Accuracy": 0.9263301500682128, "Sensitivity": 0.855072463768116, "Specificity": 0.9337349397590361, "AUC": 0.9606905884407193}, "Label_1": {"Optimal Threshold": 0.19119180738925934, "Accuracy": 0.9549795361527967, "Sensitivity": 0.9482758620689655, "Specificity": 0.9555555555555556, "AUC": 0.9855683269476373}, "Label_2": {"Optimal Threshold": 0.1850847452878952, "Accuracy": 0.9045020463847203, "Sensitivity": 0.9254385964912281, "Specificity": 0.8950495049504951, "AUC": 0.9647993746743095}, "Label_3": {"Optimal Threshold": 0.07389451563358307, "Accuracy": 0.8963165075034106, "Sensitivity": 0.9728506787330317, "Specificity": 0.86328125, "AUC": 0.9711008201357466}, "Label_4": {"Optimal Threshold": 0.013792360201478004, "Accuracy": 0.9167803547066848, "Sensitivity": 1.0, "Specificity": 0.9159779614325069, "AUC": 0.9844549390003935}, "Label_5": {"Optimal Threshold": 0.0037441381718963385, "Accuracy": 0.8144611186903138, "Sensitivity": 1.0, "Specificity": 0.8131868131868132, "AUC": 0.954945054945055}, "Label_6": {"Optimal Threshold": 0.01765367202460766, "Accuracy": 0.9345156889495225, "Sensitivity": 1.0, "Specificity": 0.9335180055401662, "AUC": 0.9797280282044825}, "Label_7": {"Optimal Threshold": 0.18015046417713165, "Accuracy": 0.9727148703956344, "Sensitivity": 1.0, "Specificity": 0.970193740685544, "AUC": 0.9932214797365512}, "Label_8": {"Optimal Threshold": 0.00503199640661478, "Accuracy": 0.8990450204638472, "Sensitivity": 1.0, "Specificity": 0.8987688098495212, "AUC": 0.9056087551299589}, "Label_9": {"Optimal Threshold": 0.09133011102676392, "Accuracy": 0.9358799454297408, "Sensitivity": 0.90625, "Specificity": 0.9372325249643366, "AUC": 0.9542171897289586}, "Label_10": {"Optimal Threshold": 0.012375470250844955, "Accuracy": 0.8076398362892224, "Sensitivity": 0.8888888888888888, "Specificity": 0.8055944055944056, "AUC": 0.8705516705516706}, "Label_11": {"Optimal Threshold": 0.06212484464049339, "Accuracy": 0.965893587994543, "Sensitivity": 0.9444444444444444, "Specificity": 0.9664335664335665, "AUC": 0.9805749805749806}, "Label_12": {"Optimal Threshold": 0.018028046935796738, "Accuracy": 0.7953615279672579, "Sensitivity": 0.9411764705882353, "Specificity": 0.7844574780058651, "AUC": 0.9441952734172848}, "Overall": {"Accuracy": 0.9018784762304544, "Sensitivity": 0.9524921080756085, "Specificity": 0.8979218889198317, "AUC": 0.9576658831913651}}, "label_names": [[12, 4, 6, 5, 9, 11, 7, 8, 10, 3, 2], [12, 4, 6, 5, 9, 11, 7, 8, 1, 0]]}