{"shared_labels": 5, "perf": [0.0907689779996872, 0.9762721061706543], "metrics": {"Label_0": {"Optimal Threshold": 0.049104996025562286, "Accuracy": 0.8949522510231923, "Sensitivity": 0.9420289855072463, "Specificity": 0.8900602409638554, "AUC": 0.9724986904138292}, "Label_1": {"Optimal Threshold": 0.07461696863174438, "Accuracy": 0.9618008185538881, "Sensitivity": 0.9655172413793104, "Specificity": 0.9614814814814815, "AUC": 0.9884035759897829}, "Label_2": {"Optimal Threshold": 0.10370795428752899, "Accuracy": 0.9140518417462483, "Sensitivity": 0.9298245614035088, "Specificity": 0.906930693069307, "AUC": 0.968143130102484}, "Label_3": {"Optimal Threshold": 0.1565675288438797, "Accuracy": 0.9263301500682128, "Sensitivity": 0.9230769230769231, "Specificity": 0.927734375, "AUC": 0.9710477941176471}, "Label_4": {"Optimal Threshold": 0.02932019531726837, "Accuracy": 0.9781718963165075, "Sensitivity": 0.8571428571428571, "Specificity": 0.9793388429752066, "AUC": 0.9689098780007871}, "Label_5": {"Optimal Threshold": 0.00783563032746315, "Accuracy": 0.8540245566166439, "Sensitivity": 1.0, "Specificity": 0.853021978021978, "AUC": 0.956043956043956}, "Label_6": {"Optimal Threshold": 0.023817211389541626, "Accuracy": 0.9099590723055935, "Sensitivity": 1.0, "Specificity": 0.9085872576177285, "AUC": 0.9772097708385797}, "Label_7": {"Optimal Threshold": 0.24532529711723328, "Accuracy": 0.975443383356071, "Sensitivity": 1.0, "Specificity": 0.9731743666169895, "AUC": 0.9940627854430076}, "Label_8": {"Optimal Threshold": 0.008149281144142151, "Accuracy": 0.8840381991814461, "Sensitivity": 1.0, "Specificity": 0.8837209302325582, "AUC": 0.8857729138166894}, "Label_9": {"Optimal Threshold": 0.0931001678109169, "Accuracy": 0.9304229195088677, "Sensitivity": 0.90625, "Specificity": 0.9315263908701854, "AUC": 0.9506508559201141}, "Label_10": {"Optimal Threshold": 0.014859138987958431, "Accuracy": 0.8390177353342428, "Sensitivity": 0.8888888888888888, "Specificity": 0.8377622377622378, "AUC": 0.9157731157731158}, "Label_11": {"Optimal Threshold": 0.012208403088152409, "Accuracy": 0.9195088676671214, "Sensitivity": 1.0, "Specificity": 0.9174825174825175, "AUC": 0.9838383838383838}, "Label_12": {"Optimal Threshold": 0.14923617243766785, "Accuracy": 0.91268758526603, "Sensitivity": 0.8627450980392157, "Specificity": 0.9164222873900293, "AUC": 0.9550917141049968}, "Overall": {"Accuracy": 0.9154160982264666, "Sensitivity": 0.944267273495227, "Specificity": 0.9144033538064673, "AUC": 0.9605728126464134}}, "label_names": [[0, 9, 11, 12, 5, 4, 3, 8, 2], [0, 9, 11, 12, 5, 1, 10, 7, 6]]}