{"shared_labels": 5, "perf": [0.09554856270551682, 0.9705002903938293], "metrics": {"Label_0": {"Optimal Threshold": 0.05733310803771019, "Accuracy": 0.8390177353342428, "Sensitivity": 0.8805970149253731, "Specificity": 0.8348348348348348, "AUC": 0.9306620052888709}, "Label_1": {"Optimal Threshold": 0.10015655308961868, "Accuracy": 0.9427012278308322, "Sensitivity": 0.9285714285714286, "Specificity": 0.9438700147710487, "AUC": 0.982221987761131}, "Label_2": {"Optimal Threshold": 0.28946641087532043, "Accuracy": 0.9140518417462483, "Sensitivity": 0.9017094017094017, "Specificity": 0.9198396793587175, "AUC": 0.9631827758080262}, "Label_3": {"Optimal Threshold": 0.3303368389606476, "Accuracy": 0.9154160982264665, "Sensitivity": 0.9276018099547512, "Specificity": 0.91015625, "AUC": 0.969333286199095}, "Label_4": {"Optimal Threshold": 0.00016578109352849424, "Accuracy": 0.6234652114597544, "Sensitivity": 1.0, "Specificity": 0.6219178082191781, "AUC": 0.8315068493150685}, "Label_5": {"Optimal Threshold": 0.04133650287985802, "Accuracy": 0.9809004092769441, "Sensitivity": 0.9, "Specificity": 0.9820193637621023, "AUC": 0.9782849239280775}, "Label_6": {"Optimal Threshold": 0.007855016738176346, "Accuracy": 0.9181446111869032, "Sensitivity": 1.0, "Specificity": 0.9165507649513213, "AUC": 0.9657262070335784}, "Label_7": {"Optimal Threshold": 0.05595741420984268, "Accuracy": 0.9399727148703957, "Sensitivity": 1.0, "Specificity": 0.9340329835082459, "AUC": 0.992117577574849}, "Label_8": {"Optimal Threshold": 0.015150181949138641, "Accuracy": 0.9440654843110505, "Sensitivity": 1.0, "Specificity": 0.9436038514442916, "AUC": 0.9844108207244383}, "Label_9": {"Optimal Threshold": 0.040099289268255234, "Accuracy": 0.9386084583901774, "Sensitivity": 0.90625, "Specificity": 0.9400855920114123, "AUC": 0.9555545649072753}, "Label_10": {"Optimal Threshold": 0.03416202589869499, "Accuracy": 0.8813096862210096, "Sensitivity": 0.9166666666666666, "Specificity": 0.8807212205270458, "AUC": 0.945446139620897}, "Label_11": {"Optimal Threshold": 0.04276519641280174, "Accuracy": 0.9590723055934516, "Sensitivity": 1.0, "Specificity": 0.9581589958158996, "AUC": 0.9884937238493724}, "Label_12": {"Optimal Threshold": 0.03597234562039375, "Accuracy": 0.772169167803547, "Sensitivity": 0.9444444444444444, "Specificity": 0.7584683357879234, "AUC": 0.904189167075765}, "Overall": {"Accuracy": 0.8899149963270018, "Sensitivity": 0.946603135867082, "Specificity": 0.8880199765378478, "AUC": 0.9531638483912649}}, "label_names": [[10, 11, 5, 3, 9, 2, 1, 6, 12], [10, 11, 5, 3, 9, 7, 8, 4, 0]]}