{"shared_labels": 9, "perf": [0.09155726432800293, 0.9756500124931335], "metrics": {"Label_0": {"Optimal Threshold": 0.03209943696856499, "Accuracy": 0.8581173260572987, "Sensitivity": 0.9333333333333333, "Specificity": 0.8495440729483282, "AUC": 0.953515704154002}, "Label_1": {"Optimal Threshold": 0.034547608345746994, "Accuracy": 0.91268758526603, "Sensitivity": 0.9166666666666666, "Specificity": 0.912332838038633, "AUC": 0.9774640911342248}, "Label_2": {"Optimal Threshold": 0.5156910419464111, "Accuracy": 0.9304229195088677, "Sensitivity": 0.9259259259259259, "Specificity": 0.9326530612244898, "AUC": 0.9746955572352398}, "Label_3": {"Optimal Threshold": 0.49414241313934326, "Accuracy": 0.9358799454297408, "Sensitivity": 0.9176954732510288, "Specificity": 0.9448979591836735, "AUC": 0.9753758293440833}, "Label_4": {"Optimal Threshold": 0.08874144405126572, "Accuracy": 0.9727148703956344, "Sensitivity": 0.8888888888888888, "Specificity": 0.9737569060773481, "AUC": 0.9762124002455494}, "Label_5": {"Optimal Threshold": 0.031440798193216324, "Accuracy": 0.9345156889495225, "Sensitivity": 1.0, "Specificity": 0.9337931034482758, "AUC": 0.9905172413793103}, "Label_6": {"Optimal Threshold": 0.036978743970394135, "Accuracy": 0.9263301500682128, "Sensitivity": 1.0, "Specificity": 0.925414364640884, "AUC": 0.9831184775936157}, "Label_7": {"Optimal Threshold": 0.09626191854476929, "Accuracy": 0.9522510231923602, "Sensitivity": 0.9491525423728814, "Specificity": 0.9525222551928784, "AUC": 0.9778705426746468}, "Label_8": {"Optimal Threshold": 0.004909515846520662, "Accuracy": 0.8703956343792633, "Sensitivity": 1.0, "Specificity": 0.8689655172413793, "AUC": 0.9544827586206897}, "Label_9": {"Optimal Threshold": 0.03560556098818779, "Accuracy": 0.8935879945429741, "Sensitivity": 0.9090909090909091, "Specificity": 0.8928571428571429, "AUC": 0.9510822510822511}, "Label_10": {"Optimal Threshold": 0.02059469185769558, "Accuracy": 0.8171896316507503, "Sensitivity": 1.0, "Specificity": 0.814404432132964, "AUC": 0.9508939813648956}, "Label_11": {"Optimal Threshold": 0.025143418461084366, "Accuracy": 0.9236016371077762, "Sensitivity": 1.0, "Specificity": 0.9215686274509803, "AUC": 0.9761904761904763}, "Label_12": {"Optimal Threshold": 0.041988227516412735, "Accuracy": 0.7858117326057299, "Sensitivity": 0.9361702127659575, "Specificity": 0.7755102040816326, "AUC": 0.9221512313131941}, "Overall": {"Accuracy": 0.9010389337810893, "Sensitivity": 0.952071073253507, "Specificity": 0.8998631141937392, "AUC": 0.9664285032563215}}, "label_names": [[2, 5, 8, 10, 3, 6, 4, 9, 0, 7, 11], [2, 5, 8, 10, 3, 6, 4, 9, 0, 1, 12]]}