{"shared_labels": 6, "perf": [0.08680812269449234, 0.9777528047561646], "metrics": {"Label_0": {"Optimal Threshold": 0.17922505736351013, "Accuracy": 0.937244201909959, "Sensitivity": 0.8840579710144928, "Specificity": 0.9427710843373494, "AUC": 0.9745067225423434}, "Label_1": {"Optimal Threshold": 0.16186776757240295, "Accuracy": 0.9508867667121419, "Sensitivity": 0.9482758620689655, "Specificity": 0.9511111111111111, "AUC": 0.9880970625798212}, "Label_2": {"Optimal Threshold": 0.3415355980396271, "Accuracy": 0.9304229195088677, "Sensitivity": 0.9078947368421053, "Specificity": 0.9405940594059405, "AUC": 0.9736234149730763}, "Label_3": {"Optimal Threshold": 0.22068828344345093, "Accuracy": 0.9236016371077762, "Sensitivity": 0.9366515837104072, "Specificity": 0.91796875, "AUC": 0.9739995757918551}, "Label_4": {"Optimal Threshold": 0.009165576659142971, "Accuracy": 0.8813096862210096, "Sensitivity": 0.8571428571428571, "Specificity": 0.8815426997245179, "AUC": 0.944116489571035}, "Label_5": {"Optimal Threshold": 0.04077457636594772, "Accuracy": 0.9604365620736699, "Sensitivity": 0.8, "Specificity": 0.9615384615384616, "AUC": 0.9310439560439561}, "Label_6": {"Optimal Threshold": 0.026618169620633125, "Accuracy": 0.9331514324693042, "Sensitivity": 1.0, "Specificity": 0.9321329639889196, "AUC": 0.9809871568874339}, "Label_7": {"Optimal Threshold": 0.2549414038658142, "Accuracy": 0.9727148703956344, "Sensitivity": 1.0, "Specificity": 0.970193740685544, "AUC": 0.9929330320657661}, "Label_8": {"Optimal Threshold": 0.006653732154518366, "Accuracy": 0.8813096862210096, "Sensitivity": 1.0, "Specificity": 0.8809849521203831, "AUC": 0.893296853625171}, "Label_9": {"Optimal Threshold": 0.03755774721503258, "Accuracy": 0.9072305593451568, "Sensitivity": 0.90625, "Specificity": 0.9072753209700428, "AUC": 0.9486002139800285}, "Label_10": {"Optimal Threshold": 0.01064709946513176, "Accuracy": 0.7285129604365621, "Sensitivity": 1.0, "Specificity": 0.7216783216783217, "AUC": 0.9208236208236209}, "Label_11": {"Optimal Threshold": 0.04672382399439812, "Accuracy": 0.9549795361527967, "Sensitivity": 1.0, "Specificity": 0.9538461538461539, "AUC": 0.9851592851592851}, "Label_12": {"Optimal Threshold": 0.06620358675718307, "Accuracy": 0.7926330150068213, "Sensitivity": 0.9019607843137255, "Specificity": 0.7844574780058651, "AUC": 0.9255074463803117}, "Overall": {"Accuracy": 0.9041872179662084, "Sensitivity": 0.9340179842378888, "Specificity": 0.9035457767240469, "AUC": 0.9563611408018236}}, "label_names": [[0, 6, 2, 10, 11, 9, 5, 8, 7, 3], [0, 6, 2, 10, 11, 9, 12, 1, 4]]}