{"shared_labels": 6, "perf": [0.09035079926252365, 0.978378415107727], "metrics": {"Label_0": {"Optimal Threshold": 0.24502207338809967, "Accuracy": 0.9618008185538881, "Sensitivity": 0.8641975308641975, "Specificity": 0.9739263803680982, "AUC": 0.9683026584867075}, "Label_1": {"Optimal Threshold": 0.15693457424640656, "Accuracy": 0.9686221009549796, "Sensitivity": 0.8918918918918919, "Specificity": 0.9772382397572079, "AUC": 0.9719476684575319}, "Label_2": {"Optimal Threshold": 0.45170941948890686, "Accuracy": 0.9331514324693042, "Sensitivity": 0.9180327868852459, "Specificity": 0.9406952965235174, "AUC": 0.9771698682490194}, "Label_3": {"Optimal Threshold": 0.3964017927646637, "Accuracy": 0.9386084583901774, "Sensitivity": 0.9221311475409836, "Specificity": 0.9468302658486708, "AUC": 0.9817794763485199}, "Label_4": {"Optimal Threshold": 0.023461347445845604, "Accuracy": 0.8963165075034106, "Sensitivity": 1.0, "Specificity": 0.8951724137931034, "AUC": 0.9839655172413793}, "Label_5": {"Optimal Threshold": 0.013880765065550804, "Accuracy": 0.9058663028649386, "Sensitivity": 1.0, "Specificity": 0.9048275862068965, "AUC": 0.9772413793103447}, "Label_6": {"Optimal Threshold": 0.04096459597349167, "Accuracy": 0.9454297407912687, "Sensitivity": 1.0, "Specificity": 0.9448275862068966, "AUC": 0.9872413793103448}, "Label_7": {"Optimal Threshold": 0.19134600460529327, "Accuracy": 0.9727148703956344, "Sensitivity": 0.9393939393939394, "Specificity": 0.9760119940029985, "AUC": 0.9853028031438826}, "Label_8": {"Optimal Threshold": 0.022759025916457176, "Accuracy": 0.9249658935879945, "Sensitivity": 1.0, "Specificity": 0.9244505494505495, "AUC": 0.9700549450549452}, "Label_9": {"Optimal Threshold": 0.08168316632509232, "Accuracy": 0.9304229195088677, "Sensitivity": 0.972972972972973, "Specificity": 0.9281609195402298, "AUC": 0.9748757378067722}, "Label_10": {"Optimal Threshold": 0.012804077938199043, "Accuracy": 0.7421555252387448, "Sensitivity": 0.8947368421052632, "Specificity": 0.7380952380952381, "AUC": 0.8895031696889282}, "Label_11": {"Optimal Threshold": 0.02575508877635002, "Accuracy": 0.8676671214188267, "Sensitivity": 0.9259259259259259, "Specificity": 0.8654390934844193, "AUC": 0.9407722169761829}, "Label_12": {"Optimal Threshold": 0.037034690380096436, "Accuracy": 0.7735334242837654, "Sensitivity": 1.0, "Specificity": 0.7597684515195369, "AUC": 0.9431810350768383}, "Overall": {"Accuracy": 0.9047119319970616, "Sensitivity": 0.9484063875061862, "Specificity": 0.9058033857536432, "AUC": 0.9654875273193384}}, "label_names": [[0, 6, 10, 2, 12, 3, 1, 7, 11, 8], [0, 6, 10, 2, 12, 3, 5, 9, 4]]}