{"shared_labels": 10, "perf": [0.08670581877231598, 0.9799960255622864], "metrics": {"Label_0": {"Optimal Threshold": 0.12260010093450546, "Accuracy": 0.9004092769440655, "Sensitivity": 0.9130434782608695, "Specificity": 0.8990963855421686, "AUC": 0.9706216169023922}, "Label_1": {"Optimal Threshold": 0.14633487164974213, "Accuracy": 0.9331514324693042, "Sensitivity": 0.9655172413793104, "Specificity": 0.9303703703703704, "AUC": 0.9865134099616858}, "Label_2": {"Optimal Threshold": 0.36984455585479736, "Accuracy": 0.9181446111869032, "Sensitivity": 0.9298245614035088, "Specificity": 0.9128712871287129, "AUC": 0.975317005384749}, "Label_3": {"Optimal Threshold": 0.5375792384147644, "Accuracy": 0.9331514324693042, "Sensitivity": 0.9140271493212669, "Specificity": 0.94140625, "AUC": 0.9764387726244343}, "Label_4": {"Optimal Threshold": 0.00564473494887352, "Accuracy": 0.834924965893588, "Sensitivity": 1.0, "Specificity": 0.8333333333333334, "AUC": 0.9628099173553719}, "Label_5": {"Optimal Threshold": 0.004060172010213137, "Accuracy": 0.7980900409276944, "Sensitivity": 1.0, "Specificity": 0.7967032967032966, "AUC": 0.9475274725274725}, "Label_6": {"Optimal Threshold": 0.005426045041531324, "Accuracy": 0.8458390177353342, "Sensitivity": 1.0, "Specificity": 0.8434903047091413, "AUC": 0.9717955175018886}, "Label_7": {"Optimal Threshold": 0.09186489880084991, "Accuracy": 0.9618008185538881, "Sensitivity": 1.0, "Specificity": 0.9582712369597616, "AUC": 0.9933897408778424}, "Label_8": {"Optimal Threshold": 0.002925293752923608, "Accuracy": 0.7639836289222374, "Sensitivity": 1.0, "Specificity": 0.7633378932968536, "AUC": 0.79890560875513}, "Label_9": {"Optimal Threshold": 0.06342561542987823, "Accuracy": 0.9004092769440655, "Sensitivity": 0.9375, "Specificity": 0.8987161198288159, "AUC": 0.9476194721825963}, "Label_10": {"Optimal Threshold": 0.014977277256548405, "Accuracy": 0.7544338335607094, "Sensitivity": 0.9444444444444444, "Specificity": 0.7496503496503496, "AUC": 0.9041958041958041}, "Label_11": {"Optimal Threshold": 0.031001899391412735, "Accuracy": 0.9481582537517054, "Sensitivity": 0.9444444444444444, "Specificity": 0.9482517482517483, "AUC": 0.9787878787878788}, "Label_12": {"Optimal Threshold": 0.041680797934532166, "Accuracy": 0.8144611186903138, "Sensitivity": 0.9411764705882353, "Specificity": 0.8049853372434017, "AUC": 0.9454315450520384}, "Overall": {"Accuracy": 0.8697659775422395, "Sensitivity": 0.9607675222955445, "Specificity": 0.8677295317706117, "AUC": 0.9507195201622527}}, "label_names": [[12, 4, 2, 3, 6, 7, 0, 5, 10, 9, 8, 11], [12, 4, 2, 3, 6, 7, 0, 5, 10, 9, 1]]}