{"shared_labels": 10, "perf": [0.09256123006343842, 0.9733482599258423], "metrics": {"Label_0": {"Optimal Threshold": 0.029496310278773308, "Accuracy": 0.8854024556616644, "Sensitivity": 0.8941176470588236, "Specificity": 0.8842592592592593, "AUC": 0.9573166303558461}, "Label_1": {"Optimal Threshold": 0.026333507150411606, "Accuracy": 0.9358799454297408, "Sensitivity": 0.9066666666666666, "Specificity": 0.939209726443769, "AUC": 0.981661600810537}, "Label_2": {"Optimal Threshold": 0.38453036546707153, "Accuracy": 0.9140518417462483, "Sensitivity": 0.9596412556053812, "Specificity": 0.8941176470588236, "AUC": 0.9747208300360504}, "Label_3": {"Optimal Threshold": 0.5651954412460327, "Accuracy": 0.9358799454297408, "Sensitivity": 0.9305555555555556, "Specificity": 0.9381044487427466, "AUC": 0.9770130381832509}, "Label_4": {"Optimal Threshold": 0.016327371820807457, "Accuracy": 0.9386084583901774, "Sensitivity": 1.0, "Specificity": 0.9379310344827586, "AUC": 0.9782758620689656}, "Label_5": {"Optimal Threshold": 0.004720449447631836, "Accuracy": 0.8062755798090041, "Sensitivity": 1.0, "Specificity": 0.8052126200274349, "AUC": 0.8960905349794239}, "Label_6": {"Optimal Threshold": 0.03310462087392807, "Accuracy": 0.9304229195088677, "Sensitivity": 1.0, "Specificity": 0.9300411522633745, "AUC": 0.9814814814814814}, "Label_7": {"Optimal Threshold": 0.10723479092121124, "Accuracy": 0.9522510231923602, "Sensitivity": 1.0, "Specificity": 0.9486049926578561, "AUC": 0.9936179826047669}, "Label_8": {"Optimal Threshold": 0.008934296667575836, "Accuracy": 0.8826739427012278, "Sensitivity": 1.0, "Specificity": 0.8821917808219178, "AUC": 0.95662100456621}, "Label_9": {"Optimal Threshold": 0.09203466773033142, "Accuracy": 0.9413369713506139, "Sensitivity": 0.9583333333333334, "Specificity": 0.9407616361071932, "AUC": 0.9864245416078984}, "Label_10": {"Optimal Threshold": 0.03726708143949509, "Accuracy": 0.9004092769440655, "Sensitivity": 0.8333333333333334, "Specificity": 0.9015256588072122, "AUC": 0.9334257975034673}, "Label_11": {"Optimal Threshold": 0.025470996275544167, "Accuracy": 0.9440654843110505, "Sensitivity": 0.9473684210526315, "Specificity": 0.9439775910364145, "AUC": 0.979360165118679}, "Label_12": {"Optimal Threshold": 0.05877743661403656, "Accuracy": 0.849931787175989, "Sensitivity": 0.8064516129032258, "Specificity": 0.8539493293591655, "AUC": 0.8829863948848612}, "Overall": {"Accuracy": 0.9090145870500579, "Sensitivity": 0.941266755808381, "Specificity": 0.907683605928302, "AUC": 0.9599227587847261}}, "label_names": [[8, 9, 7, 3, 2, 11, 1, 10, 4, 6, 12, 5], [8, 9, 7, 3, 2, 11, 1, 10, 4, 6, 0]]}