{"shared_labels": 9, "perf": [0.09141635149717331, 0.9766403436660767], "metrics": {"Label_0": {"Optimal Threshold": 0.12574993073940277, "Accuracy": 0.9304229195088677, "Sensitivity": 0.8170731707317073, "Specificity": 0.9447004608294931, "AUC": 0.9545352365966054}, "Label_1": {"Optimal Threshold": 0.048167694360017776, "Accuracy": 0.8963165075034106, "Sensitivity": 0.953125, "Specificity": 0.890881913303438, "AUC": 0.9745422272047832}, "Label_2": {"Optimal Threshold": 0.39185407757759094, "Accuracy": 0.9208731241473397, "Sensitivity": 0.8983739837398373, "Specificity": 0.9322381930184805, "AUC": 0.9666533112969733}, "Label_3": {"Optimal Threshold": 0.25526341795921326, "Accuracy": 0.9195088676671214, "Sensitivity": 0.9330543933054394, "Specificity": 0.9129554655870445, "AUC": 0.9718547253231243}, "Label_4": {"Optimal Threshold": 0.040267374366521835, "Accuracy": 0.956343792633015, "Sensitivity": 1.0, "Specificity": 0.9559834938101788, "AUC": 0.9807427785419531}, "Label_5": {"Optimal Threshold": 0.05642630159854889, "Accuracy": 0.9822646657571623, "Sensitivity": 1.0, "Specificity": 0.9821428571428571, "AUC": 0.9890109890109889}, "Label_6": {"Optimal Threshold": 0.14644593000411987, "Accuracy": 0.9863574351978172, "Sensitivity": 1.0, "Specificity": 0.9862637362637363, "AUC": 0.9925824175824176}, "Label_7": {"Optimal Threshold": 0.07535721361637115, "Accuracy": 0.9645293315143247, "Sensitivity": 0.9803921568627451, "Specificity": 0.9633431085043989, "AUC": 0.9924386176758093}, "Label_8": {"Optimal Threshold": 0.030518434941768646, "Accuracy": 0.9590723055934516, "Sensitivity": 1.0, "Specificity": 0.9588477366255144, "AUC": 0.9866255144032923}, "Label_9": {"Optimal Threshold": 0.018628813326358795, "Accuracy": 0.8663028649386084, "Sensitivity": 1.0, "Specificity": 0.8607954545454546, "AUC": 0.9716398902821316}, "Label_10": {"Optimal Threshold": 0.02616773545742035, "Accuracy": 0.8840381991814461, "Sensitivity": 0.9444444444444444, "Specificity": 0.8825174825174825, "AUC": 0.9439005439005439}, "Label_11": {"Optimal Threshold": 0.01342728827148676, "Accuracy": 0.9017735334242838, "Sensitivity": 1.0, "Specificity": 0.9, "AUC": 0.9805555555555556}, "Label_12": {"Optimal Threshold": 0.10845452547073364, "Accuracy": 0.810368349249659, "Sensitivity": 0.8823529411764706, "Specificity": 0.8049853372434017, "AUC": 0.9017020297855213}, "Overall": {"Accuracy": 0.921397838178193, "Sensitivity": 0.9545243146354342, "Specificity": 0.92120424918396, "AUC": 0.9697526028584386}}, "label_names": [[11, 3, 5, 9, 8, 2, 4, 6, 7, 0, 1], [11, 3, 5, 9, 8, 2, 4, 6, 7, 10, 12]]}