{"shared_labels": 9, "perf": [0.09061120450496674, 0.9729737043380737], "metrics": {"Label_0": {"Optimal Threshold": 0.04345650225877762, "Accuracy": 0.9236016371077762, "Sensitivity": 0.8840579710144928, "Specificity": 0.927710843373494, "AUC": 0.9703378732320587}, "Label_1": {"Optimal Threshold": 0.05317053571343422, "Accuracy": 0.9590723055934516, "Sensitivity": 0.9310344827586207, "Specificity": 0.9614814814814815, "AUC": 0.987816091954023}, "Label_2": {"Optimal Threshold": 0.3434504270553589, "Accuracy": 0.9263301500682128, "Sensitivity": 0.9166666666666666, "Specificity": 0.9306930693069307, "AUC": 0.9731370505471599}, "Label_3": {"Optimal Threshold": 0.26425912976264954, "Accuracy": 0.9304229195088677, "Sensitivity": 0.9321266968325792, "Specificity": 0.9296875, "AUC": 0.9763945842760181}, "Label_4": {"Optimal Threshold": 0.018332894891500473, "Accuracy": 0.9358799454297408, "Sensitivity": 0.8571428571428571, "Specificity": 0.9366391184573003, "AUC": 0.9557260920897284}, "Label_5": {"Optimal Threshold": 0.04624483361840248, "Accuracy": 0.956343792633015, "Sensitivity": 0.8, "Specificity": 0.9574175824175825, "AUC": 0.9417582417582417}, "Label_6": {"Optimal Threshold": 0.03585980832576752, "Accuracy": 0.9386084583901774, "Sensitivity": 0.9090909090909091, "Specificity": 0.9390581717451524, "AUC": 0.9675144799798541}, "Label_7": {"Optimal Threshold": 0.07145536690950394, "Accuracy": 0.9672578444747613, "Sensitivity": 1.0, "Specificity": 0.9642324888226528, "AUC": 0.993533964713235}, "Label_8": {"Optimal Threshold": 0.0027274861931800842, "Accuracy": 0.7830832196452933, "Sensitivity": 1.0, "Specificity": 0.7824897400820794, "AUC": 0.7872777017783859}, "Label_9": {"Optimal Threshold": 0.015537125058472157, "Accuracy": 0.859481582537517, "Sensitivity": 0.9375, "Specificity": 0.8559201141226819, "AUC": 0.950561697574893}, "Label_10": {"Optimal Threshold": 0.020257024094462395, "Accuracy": 0.8553888130968622, "Sensitivity": 0.7222222222222222, "Specificity": 0.8587412587412587, "AUC": 0.8662781662781663}, "Label_11": {"Optimal Threshold": 0.0269065760076046, "Accuracy": 0.9481582537517054, "Sensitivity": 0.9444444444444444, "Specificity": 0.9482517482517483, "AUC": 0.979020979020979}, "Label_12": {"Optimal Threshold": 0.031263191252946854, "Accuracy": 0.7121418826739427, "Sensitivity": 0.9215686274509803, "Specificity": 0.6964809384164223, "AUC": 0.8925593697889713}, "Overall": {"Accuracy": 0.899674677300871, "Sensitivity": 0.9042965290479825, "Specificity": 0.899138773478368, "AUC": 0.9416858686916701}}, "label_names": [[8, 4, 3, 7, 5, 2, 1, 11, 0, 9, 12], [8, 4, 3, 7, 5, 2, 1, 11, 0, 6, 10]]}