{"shared_labels": 9, "perf": [0.09611199051141739, 0.9753527641296387], "metrics": {"Label_0": {"Optimal Threshold": 0.11123083531856537, "Accuracy": 0.9058663028649386, "Sensitivity": 0.8604651162790697, "Specificity": 0.9119010819165378, "AUC": 0.9538298407677653}, "Label_1": {"Optimal Threshold": 0.1824752688407898, "Accuracy": 0.9604365620736699, "Sensitivity": 0.9166666666666666, "Specificity": 0.9652042360060514, "AUC": 0.9835266431332997}, "Label_2": {"Optimal Threshold": 0.3735409677028656, "Accuracy": 0.9099590723055935, "Sensitivity": 0.8801652892561983, "Specificity": 0.924643584521385, "AUC": 0.9624732793590413}, "Label_3": {"Optimal Threshold": 0.26914677023887634, "Accuracy": 0.91268758526603, "Sensitivity": 0.9356223175965666, "Specificity": 0.902, "AUC": 0.9700257510729614}, "Label_4": {"Optimal Threshold": 0.024818819016218185, "Accuracy": 0.9386084583901774, "Sensitivity": 0.9090909090909091, "Specificity": 0.9390581717451524, "AUC": 0.9707882145555277}, "Label_5": {"Optimal Threshold": 0.0020759336184710264, "Accuracy": 0.6889495225102319, "Sensitivity": 1.0, "Specificity": 0.6872427983539094, "AUC": 0.8823731138545953}, "Label_6": {"Optimal Threshold": 0.07586120814085007, "Accuracy": 0.9795361527967258, "Sensitivity": 1.0, "Specificity": 0.9794801641586868, "AUC": 0.9883720930232559}, "Label_7": {"Optimal Threshold": 0.22848689556121826, "Accuracy": 0.9768076398362893, "Sensitivity": 0.9473684210526315, "Specificity": 0.9792899408284024, "AUC": 0.9874390117305096}, "Label_8": {"Optimal Threshold": 0.00086672801990062, "Accuracy": 0.7598908594815825, "Sensitivity": 1.0, "Specificity": 0.7585733882030178, "AUC": 0.9362139917695472}, "Label_9": {"Optimal Threshold": 0.11658794432878494, "Accuracy": 0.9536152796725784, "Sensitivity": 0.9285714285714286, "Specificity": 0.9546099290780142, "AUC": 0.9722897669706181}, "Label_10": {"Optimal Threshold": 0.01814555935561657, "Accuracy": 0.8240109140518418, "Sensitivity": 0.8666666666666667, "Specificity": 0.8231197771587744, "AUC": 0.8941504178272981}, "Label_11": {"Optimal Threshold": 0.02009744942188263, "Accuracy": 0.9413369713506139, "Sensitivity": 1.0, "Specificity": 0.9398601398601398, "AUC": 0.9879564879564878}, "Label_12": {"Optimal Threshold": 0.10508645325899124, "Accuracy": 0.91268758526603, "Sensitivity": 0.7833333333333333, "Specificity": 0.924219910846954, "AUC": 0.9134472511144132}, "Overall": {"Accuracy": 0.8972609927589463, "Sensitivity": 0.9252269345010362, "Specificity": 0.8991694709751558, "AUC": 0.9540681433181016}}, "label_names": [[11, 1, 10, 0, 4, 12, 7, 8, 3, 2, 5], [11, 1, 10, 0, 4, 12, 7, 8, 3, 6, 9]]}