{"shared_labels": 9, "perf": [0.08496152609586716, 0.978762149810791], "metrics": {"Label_0": {"Optimal Threshold": 0.059915296733379364, "Accuracy": 0.8717598908594816, "Sensitivity": 0.9710144927536232, "Specificity": 0.8614457831325302, "AUC": 0.9713418892963157}, "Label_1": {"Optimal Threshold": 0.09629585593938828, "Accuracy": 0.946793997271487, "Sensitivity": 0.9655172413793104, "Specificity": 0.9451851851851852, "AUC": 0.9903448275862069}, "Label_2": {"Optimal Threshold": 0.21553367376327515, "Accuracy": 0.9345156889495225, "Sensitivity": 0.9385964912280702, "Specificity": 0.9326732673267327, "AUC": 0.9760204967865208}, "Label_3": {"Optimal Threshold": 0.38029423356056213, "Accuracy": 0.9358799454297408, "Sensitivity": 0.918552036199095, "Specificity": 0.943359375, "AUC": 0.9768187924208145}, "Label_4": {"Optimal Threshold": 0.0017979888943955302, "Accuracy": 0.791268758526603, "Sensitivity": 1.0, "Specificity": 0.7892561983471075, "AUC": 0.9504132231404959}, "Label_5": {"Optimal Threshold": 0.0024735808838158846, "Accuracy": 0.7612551159618008, "Sensitivity": 1.0, "Specificity": 0.7596153846153846, "AUC": 0.9401098901098901}, "Label_6": {"Optimal Threshold": 0.009515926241874695, "Accuracy": 0.9004092769440655, "Sensitivity": 1.0, "Specificity": 0.8988919667590027, "AUC": 0.9770838579702846}, "Label_7": {"Optimal Threshold": 0.1397794485092163, "Accuracy": 0.965893587994543, "Sensitivity": 1.0, "Specificity": 0.96274217585693, "AUC": 0.9932935916542474}, "Label_8": {"Optimal Threshold": 0.0011238459264859557, "Accuracy": 0.7858117326057299, "Sensitivity": 1.0, "Specificity": 0.7852257181942545, "AUC": 0.7975376196990425}, "Label_9": {"Optimal Threshold": 0.01650458201766014, "Accuracy": 0.8854024556616644, "Sensitivity": 0.96875, "Specificity": 0.8815977175463623, "AUC": 0.9515870185449358}, "Label_10": {"Optimal Threshold": 0.015714850276708603, "Accuracy": 0.8226466575716235, "Sensitivity": 0.8888888888888888, "Specificity": 0.820979020979021, "AUC": 0.9191142191142191}, "Label_11": {"Optimal Threshold": 0.00922259222716093, "Accuracy": 0.8949522510231923, "Sensitivity": 1.0, "Specificity": 0.8923076923076924, "AUC": 0.9793317793317794}, "Label_12": {"Optimal Threshold": 0.03413785994052887, "Accuracy": 0.8021828103683493, "Sensitivity": 0.9607843137254902, "Specificity": 0.7903225806451613, "AUC": 0.9487666034155597}, "Overall": {"Accuracy": 0.8691363207052155, "Sensitivity": 0.9701618049364983, "Specificity": 0.8664309281457974, "AUC": 0.9516741391592548}}, "label_names": [[12, 8, 9, 0, 1, 2, 5, 10, 11, 6, 4], [12, 8, 9, 0, 1, 2, 5, 10, 11, 7, 3]]}