{"shared_labels": 8, "perf": [0.08915835618972778, 0.9740698337554932], "metrics": {"Label_0": {"Optimal Threshold": 0.19967050850391388, "Accuracy": 0.9440654843110505, "Sensitivity": 0.855072463768116, "Specificity": 0.9533132530120482, "AUC": 0.968002444560852}, "Label_1": {"Optimal Threshold": 0.114924356341362, "Accuracy": 0.9577080491132333, "Sensitivity": 0.9482758620689655, "Specificity": 0.9585185185185185, "AUC": 0.9892975734355045}, "Label_2": {"Optimal Threshold": 0.2737323045730591, "Accuracy": 0.927694406548431, "Sensitivity": 0.9210526315789473, "Specificity": 0.9306930693069307, "AUC": 0.9697498697238144}, "Label_3": {"Optimal Threshold": 0.3445809483528137, "Accuracy": 0.9345156889495225, "Sensitivity": 0.9230769230769231, "Specificity": 0.939453125, "AUC": 0.9750954468325792}, "Label_4": {"Optimal Threshold": 0.03230259194970131, "Accuracy": 0.9508867667121419, "Sensitivity": 0.8571428571428571, "Specificity": 0.9517906336088154, "AUC": 0.9624163715072807}, "Label_5": {"Optimal Threshold": 0.053430259227752686, "Accuracy": 0.9713506139154161, "Sensitivity": 0.8, "Specificity": 0.9725274725274725, "AUC": 0.9431318681318681}, "Label_6": {"Optimal Threshold": 0.015861133113503456, "Accuracy": 0.9331514324693042, "Sensitivity": 1.0, "Specificity": 0.9321329639889196, "AUC": 0.9807353311508437}, "Label_7": {"Optimal Threshold": 0.20454102754592896, "Accuracy": 0.9686221009549796, "Sensitivity": 1.0, "Specificity": 0.9657228017883756, "AUC": 0.9937743377722226}, "Label_8": {"Optimal Threshold": 0.0018294390756636858, "Accuracy": 0.8240109140518418, "Sensitivity": 1.0, "Specificity": 0.8235294117647058, "AUC": 0.859781121751026}, "Label_9": {"Optimal Threshold": 0.03620191290974617, "Accuracy": 0.91268758526603, "Sensitivity": 0.9375, "Specificity": 0.9115549215406562, "AUC": 0.9499375891583453}, "Label_10": {"Optimal Threshold": 0.018315013498067856, "Accuracy": 0.844474761255116, "Sensitivity": 0.7777777777777778, "Specificity": 0.8461538461538461, "AUC": 0.8721833721833722}, "Label_11": {"Optimal Threshold": 0.0638231709599495, "Accuracy": 0.9686221009549796, "Sensitivity": 0.8888888888888888, "Specificity": 0.9706293706293706, "AUC": 0.9632478632478633}, "Label_12": {"Optimal Threshold": 0.07906477898359299, "Accuracy": 0.8226466575716235, "Sensitivity": 0.9215686274509803, "Specificity": 0.8152492668621701, "AUC": 0.9365188890805589}, "Overall": {"Accuracy": 0.9200335816979746, "Sensitivity": 0.9100273870579583, "Specificity": 0.9208668195924485, "AUC": 0.9510670829643176}}, "label_names": [[6, 0, 5, 8, 9, 4, 3, 1, 11, 2, 7], [6, 0, 5, 8, 9, 4, 3, 1, 10, 12]]}