{"shared_labels": 8, "perf": [0.08596442639827728, 0.9765684008598328], "metrics": {"Label_0": {"Optimal Threshold": 0.05891631171107292, "Accuracy": 0.8908594815825375, "Sensitivity": 0.9117647058823529, "Specificity": 0.8887218045112782, "AUC": 0.9556612118531623}, "Label_1": {"Optimal Threshold": 0.0790833905339241, "Accuracy": 0.946793997271487, "Sensitivity": 0.9464285714285714, "Specificity": 0.946824224519941, "AUC": 0.9867851867482591}, "Label_2": {"Optimal Threshold": 0.42977550625801086, "Accuracy": 0.9399727148703957, "Sensitivity": 0.9194915254237288, "Specificity": 0.9496981891348089, "AUC": 0.9754203185212973}, "Label_3": {"Optimal Threshold": 0.42489486932754517, "Accuracy": 0.9358799454297408, "Sensitivity": 0.9247787610619469, "Specificity": 0.9408284023668639, "AUC": 0.9751357106700879}, "Label_4": {"Optimal Threshold": 0.03529012203216553, "Accuracy": 0.9522510231923602, "Sensitivity": 0.8571428571428571, "Specificity": 0.953168044077135, "AUC": 0.9329004329004328}, "Label_5": {"Optimal Threshold": 0.004775016102939844, "Accuracy": 0.849931787175989, "Sensitivity": 1.0, "Specificity": 0.8484848484848485, "AUC": 0.9529712711530894}, "Label_6": {"Optimal Threshold": 0.011891265399754047, "Accuracy": 0.9154160982264665, "Sensitivity": 1.0, "Specificity": 0.9142461964038727, "AUC": 0.9708160442600277}, "Label_7": {"Optimal Threshold": 0.14561808109283447, "Accuracy": 0.9645293315143247, "Sensitivity": 0.9649122807017544, "Specificity": 0.9644970414201184, "AUC": 0.9883213952039863}, "Label_8": {"Optimal Threshold": 0.0394095852971077, "Accuracy": 0.9672578444747613, "Sensitivity": 1.0, "Specificity": 0.967032967032967, "AUC": 0.9868131868131869}, "Label_9": {"Optimal Threshold": 0.034478772431612015, "Accuracy": 0.9304229195088677, "Sensitivity": 0.9090909090909091, "Specificity": 0.9314285714285714, "AUC": 0.9536796536796537}, "Label_10": {"Optimal Threshold": 0.016075925901532173, "Accuracy": 0.8362892223738063, "Sensitivity": 1.0, "Specificity": 0.8335644937586685, "AUC": 0.9459084604715672}, "Label_11": {"Optimal Threshold": 0.015411312691867352, "Accuracy": 0.8935879945429741, "Sensitivity": 1.0, "Specificity": 0.8915159944367177, "AUC": 0.9773494933439302}, "Label_12": {"Optimal Threshold": 0.05899178609251976, "Accuracy": 0.8049113233287858, "Sensitivity": 0.9074074074074074, "Specificity": 0.7967599410898379, "AUC": 0.9109801996399933}, "Overall": {"Accuracy": 0.9098541294994228, "Sensitivity": 0.9493090013953484, "Specificity": 0.90975159374351, "AUC": 0.9625186588660519}}, "label_names": [[12, 2, 5, 0, 6, 8, 10, 9, 1, 4, 11], [12, 2, 5, 0, 6, 8, 10, 9, 3, 7]]}