{"shared_labels": 9, "perf": [0.08686958253383636, 0.9796647429466248], "metrics": {"Label_0": {"Optimal Threshold": 0.08649402111768723, "Accuracy": 0.9427012278308322, "Sensitivity": 0.855072463768116, "Specificity": 0.9518072289156626, "AUC": 0.9664527675921075}, "Label_1": {"Optimal Threshold": 0.019013820216059685, "Accuracy": 0.9358799454297408, "Sensitivity": 0.9827586206896551, "Specificity": 0.9318518518518518, "AUC": 0.9890166028097062}, "Label_2": {"Optimal Threshold": 0.4712026119232178, "Accuracy": 0.9263301500682128, "Sensitivity": 0.9166666666666666, "Specificity": 0.9306930693069307, "AUC": 0.9740837241618899}, "Label_3": {"Optimal Threshold": 0.4581011235713959, "Accuracy": 0.9331514324693042, "Sensitivity": 0.9230769230769231, "Specificity": 0.9375, "AUC": 0.9766773897058824}, "Label_4": {"Optimal Threshold": 0.012364448979496956, "Accuracy": 0.922237380627558, "Sensitivity": 0.8571428571428571, "Specificity": 0.9228650137741047, "AUC": 0.9506099960645416}, "Label_5": {"Optimal Threshold": 0.033790864050388336, "Accuracy": 0.9645293315143247, "Sensitivity": 0.8, "Specificity": 0.9656593406593407, "AUC": 0.9332417582417583}, "Label_6": {"Optimal Threshold": 0.03831876069307327, "Accuracy": 0.9345156889495225, "Sensitivity": 1.0, "Specificity": 0.9335180055401662, "AUC": 0.9787207252581214}, "Label_7": {"Optimal Threshold": 0.2389744073152542, "Accuracy": 0.9631650750341064, "Sensitivity": 1.0, "Specificity": 0.9597615499254843, "AUC": 0.993726263160425}, "Label_8": {"Optimal Threshold": 0.005336835514754057, "Accuracy": 0.8417462482946794, "Sensitivity": 1.0, "Specificity": 0.841313269493844, "AUC": 0.8850889192886457}, "Label_9": {"Optimal Threshold": 0.06201921030879021, "Accuracy": 0.9208731241473397, "Sensitivity": 0.90625, "Specificity": 0.9215406562054208, "AUC": 0.9482881597717546}, "Label_10": {"Optimal Threshold": 0.007189893163740635, "Accuracy": 0.6862210095497954, "Sensitivity": 1.0, "Specificity": 0.6783216783216783, "AUC": 0.9037296037296038}, "Label_11": {"Optimal Threshold": 0.02201683446764946, "Accuracy": 0.9236016371077762, "Sensitivity": 1.0, "Specificity": 0.9216783216783216, "AUC": 0.9824397824397824}, "Label_12": {"Optimal Threshold": 0.10205505043268204, "Accuracy": 0.9263301500682128, "Sensitivity": 0.803921568627451, "Specificity": 0.9354838709677419, "AUC": 0.9454315450520385}, "Overall": {"Accuracy": 0.9093294154685695, "Sensitivity": 0.9265299307670515, "Specificity": 0.9101533735877344, "AUC": 0.9559620951750966}}, "label_names": [[11, 0, 6, 2, 9, 1, 3, 10, 12, 5, 8], [11, 0, 6, 2, 9, 1, 3, 10, 12, 4, 7]]}