{"shared_labels": 9, "perf": [0.09261348098516464, 0.9766449928283691], "metrics": {"Label_0": {"Optimal Threshold": 0.11196684837341309, "Accuracy": 0.9440654843110505, "Sensitivity": 0.8888888888888888, "Specificity": 0.950920245398773, "AUC": 0.9665227599787926}, "Label_1": {"Optimal Threshold": 0.044439565390348434, "Accuracy": 0.9427012278308322, "Sensitivity": 0.9324324324324325, "Specificity": 0.9438543247344461, "AUC": 0.972870442521429}, "Label_2": {"Optimal Threshold": 0.15574543178081512, "Accuracy": 0.9208731241473397, "Sensitivity": 0.930327868852459, "Specificity": 0.9161554192229039, "AUC": 0.9771782493546549}, "Label_3": {"Optimal Threshold": 0.09874468296766281, "Accuracy": 0.922237380627558, "Sensitivity": 0.9590163934426229, "Specificity": 0.9038854805725971, "AUC": 0.9806815515102751}, "Label_4": {"Optimal Threshold": 0.014584166929125786, "Accuracy": 0.9140518417462483, "Sensitivity": 1.0, "Specificity": 0.9131034482758621, "AUC": 0.9832758620689656}, "Label_5": {"Optimal Threshold": 0.024769945070147514, "Accuracy": 0.9440654843110505, "Sensitivity": 1.0, "Specificity": 0.9434482758620689, "AUC": 0.9803448275862069}, "Label_6": {"Optimal Threshold": 0.0034946680534631014, "Accuracy": 0.800818553888131, "Sensitivity": 1.0, "Specificity": 0.7986206896551724, "AUC": 0.9486206896551724}, "Label_7": {"Optimal Threshold": 0.11419358849525452, "Accuracy": 0.9672578444747613, "Sensitivity": 0.9393939393939394, "Specificity": 0.9700149925037481, "AUC": 0.9877561219390305}, "Label_8": {"Optimal Threshold": 0.028649933636188507, "Accuracy": 0.946793997271487, "Sensitivity": 1.0, "Specificity": 0.9464285714285714, "AUC": 0.9758241758241758}, "Label_9": {"Optimal Threshold": 0.05353286862373352, "Accuracy": 0.9386084583901774, "Sensitivity": 0.972972972972973, "Specificity": 0.9367816091954023, "AUC": 0.9800792171481827}, "Label_10": {"Optimal Threshold": 0.005838166922330856, "Accuracy": 0.7080491132332879, "Sensitivity": 1.0, "Specificity": 0.7002801120448179, "AUC": 0.8996756597375792}, "Label_11": {"Optimal Threshold": 0.03060772456228733, "Accuracy": 0.9140518417462483, "Sensitivity": 0.9259259259259259, "Specificity": 0.9135977337110481, "AUC": 0.961756373937677}, "Label_12": {"Optimal Threshold": 0.043733879923820496, "Accuracy": 0.8171896316507503, "Sensitivity": 0.9523809523809523, "Specificity": 0.808972503617945, "AUC": 0.9407346151195646}, "Overall": {"Accuracy": 0.8985203064329941, "Sensitivity": 0.961641490330015, "Specificity": 0.8958510312479504, "AUC": 0.965793888183208}}, "label_names": [[1, 3, 7, 8, 12, 9, 10, 0, 4, 6, 2], [1, 3, 7, 8, 12, 9, 10, 0, 4, 11, 5]]}