{"shared_labels": 10, "perf": [0.0945158451795578, 0.975318431854248], "metrics": {"Label_0": {"Optimal Threshold": 0.054459623992443085, "Accuracy": 0.869031377899045, "Sensitivity": 0.92, "Specificity": 0.8632218844984803, "AUC": 0.9532522796352584}, "Label_1": {"Optimal Threshold": 0.05037180334329605, "Accuracy": 0.9154160982264665, "Sensitivity": 0.9333333333333333, "Specificity": 0.9138187221396731, "AUC": 0.976374442793462}, "Label_2": {"Optimal Threshold": 0.6500707864761353, "Accuracy": 0.9304229195088677, "Sensitivity": 0.9135802469135802, "Specificity": 0.9387755102040817, "AUC": 0.9744352061812379}, "Label_3": {"Optimal Threshold": 0.5534137487411499, "Accuracy": 0.9263301500682128, "Sensitivity": 0.9259259259259259, "Specificity": 0.926530612244898, "AUC": 0.9751574703955657}, "Label_4": {"Optimal Threshold": 0.08270620554685593, "Accuracy": 0.9590723055934516, "Sensitivity": 0.8888888888888888, "Specificity": 0.9599447513812155, "AUC": 0.976365868631062}, "Label_5": {"Optimal Threshold": 0.04162580519914627, "Accuracy": 0.9631650750341064, "Sensitivity": 1.0, "Specificity": 0.9627586206896551, "AUC": 0.9850000000000001}, "Label_6": {"Optimal Threshold": 0.015650199726223946, "Accuracy": 0.897680763983629, "Sensitivity": 0.8888888888888888, "Specificity": 0.8977900552486188, "AUC": 0.9495089011663597}, "Label_7": {"Optimal Threshold": 0.1321120411157608, "Accuracy": 0.9522510231923602, "Sensitivity": 0.9491525423728814, "Specificity": 0.9525222551928784, "AUC": 0.976738922697782}, "Label_8": {"Optimal Threshold": 0.0024252452421933413, "Accuracy": 0.8335607094133697, "Sensitivity": 1.0, "Specificity": 0.8317241379310345, "AUC": 0.9586206896551724}, "Label_9": {"Optimal Threshold": 0.07192668318748474, "Accuracy": 0.9113233287858117, "Sensitivity": 0.9090909090909091, "Specificity": 0.9114285714285715, "AUC": 0.9564502164502164}, "Label_10": {"Optimal Threshold": 0.06497101485729218, "Accuracy": 0.9017735334242838, "Sensitivity": 0.9090909090909091, "Specificity": 0.9016620498614959, "AUC": 0.9471165953160413}, "Label_11": {"Optimal Threshold": 0.030933184549212456, "Accuracy": 0.9440654843110505, "Sensitivity": 1.0, "Specificity": 0.9425770308123249, "AUC": 0.9845201238390092}, "Label_12": {"Optimal Threshold": 0.07610436528921127, "Accuracy": 0.8035470668485676, "Sensitivity": 0.8936170212765957, "Specificity": 0.7973760932944607, "AUC": 0.907108740152596}, "Overall": {"Accuracy": 0.9082799874068631, "Sensitivity": 0.9331975896755316, "Specificity": 0.9077023303790299, "AUC": 0.9631268813010586}}, "label_names": [[2, 0, 7, 3, 10, 1, 4, 9, 8, 11, 6, 5], [2, 0, 7, 3, 10, 1, 4, 9, 8, 11, 12]]}