{"shared_labels": 2, "perf": [0.09787014126777649, 0.9681800603866577], "metrics": {"Label_0": {"Optimal Threshold": 0.12097004055976868, "Accuracy": 0.9167803547066848, "Sensitivity": 0.8695652173913043, "Specificity": 0.9216867469879518, "AUC": 0.9575257551946917}, "Label_1": {"Optimal Threshold": 0.09845674782991409, "Accuracy": 0.9590723055934516, "Sensitivity": 0.9137931034482759, "Specificity": 0.9629629629629629, "AUC": 0.9824010217113666}, "Label_2": {"Optimal Threshold": 0.22279709577560425, "Accuracy": 0.922237380627558, "Sensitivity": 0.9078947368421053, "Specificity": 0.9287128712871288, "AUC": 0.959666492965086}, "Label_3": {"Optimal Threshold": 0.1757383644580841, "Accuracy": 0.9208731241473397, "Sensitivity": 0.9366515837104072, "Specificity": 0.9140625, "AUC": 0.9653563348416291}, "Label_4": {"Optimal Threshold": 0.010126114822924137, "Accuracy": 0.8744884038199181, "Sensitivity": 1.0, "Specificity": 0.8732782369146006, "AUC": 0.9767807949626132}, "Label_5": {"Optimal Threshold": 0.1309165209531784, "Accuracy": 0.9890859481582538, "Sensitivity": 0.8, "Specificity": 0.9903846153846154, "AUC": 0.9120879120879121}, "Label_6": {"Optimal Threshold": 0.019734496250748634, "Accuracy": 0.8935879945429741, "Sensitivity": 1.0, "Specificity": 0.8919667590027701, "AUC": 0.9788466381264165}, "Label_7": {"Optimal Threshold": 0.05851331725716591, "Accuracy": 0.9590723055934516, "Sensitivity": 1.0, "Specificity": 0.9552906110283159, "AUC": 0.9900004807461179}, "Label_8": {"Optimal Threshold": 0.0019661204423755407, "Accuracy": 0.7107776261937244, "Sensitivity": 1.0, "Specificity": 0.7099863201094391, "AUC": 0.7783857729138167}, "Label_9": {"Optimal Threshold": 0.03408413752913475, "Accuracy": 0.8813096862210096, "Sensitivity": 0.9375, "Specificity": 0.8787446504992867, "AUC": 0.948154422253923}, "Label_10": {"Optimal Threshold": 0.022365396842360497, "Accuracy": 0.7748976807639836, "Sensitivity": 1.0, "Specificity": 0.7692307692307693, "AUC": 0.930924630924631}, "Label_11": {"Optimal Threshold": 0.061783988028764725, "Accuracy": 0.9399727148703957, "Sensitivity": 0.9444444444444444, "Specificity": 0.9398601398601398, "AUC": 0.977078477078477}, "Label_12": {"Optimal Threshold": 0.060670774430036545, "Accuracy": 0.8403819918144612, "Sensitivity": 0.8431372549019608, "Specificity": 0.8401759530791789, "AUC": 0.903800816514289}, "Overall": {"Accuracy": 0.890964424388708, "Sensitivity": 0.9348451031337307, "Specificity": 0.8904879335651661, "AUC": 0.9431545807939208}}, "label_names": [[10, 6, 7, 0, 8, 4, 11, 5], [10, 6, 1, 3, 9, 2, 12]]}