{"shared_labels": 2, "perf": [0.09167256951332092, 0.9752115607261658], "metrics": {"Label_0": {"Optimal Threshold": 0.08538157492876053, "Accuracy": 0.927694406548431, "Sensitivity": 0.9315068493150684, "Specificity": 0.9272727272727272, "AUC": 0.9743046907430469}, "Label_1": {"Optimal Threshold": 0.12980228662490845, "Accuracy": 0.9590723055934516, "Sensitivity": 0.9393939393939394, "Specificity": 0.9610194902548725, "AUC": 0.9885284630412067}, "Label_2": {"Optimal Threshold": 0.5689934492111206, "Accuracy": 0.9304229195088677, "Sensitivity": 0.8811475409836066, "Specificity": 0.9550102249488752, "AUC": 0.9685457105501357}, "Label_3": {"Optimal Threshold": 0.3464323580265045, "Accuracy": 0.9167803547066848, "Sensitivity": 0.9324894514767933, "Specificity": 0.9092741935483871, "AUC": 0.969911188240098}, "Label_4": {"Optimal Threshold": 0.008785978890955448, "Accuracy": 0.8894952251023193, "Sensitivity": 0.9090909090909091, "Specificity": 0.889196675900277, "AUC": 0.9469906824477461}, "Label_5": {"Optimal Threshold": 0.003925090190023184, "Accuracy": 0.8540245566166439, "Sensitivity": 1.0, "Specificity": 0.8532235939643347, "AUC": 0.9516460905349795}, "Label_6": {"Optimal Threshold": 0.09150481224060059, "Accuracy": 0.9713506139154161, "Sensitivity": 1.0, "Specificity": 0.9712722298221614, "AUC": 0.9822161422708618}, "Label_7": {"Optimal Threshold": 0.05659773573279381, "Accuracy": 0.937244201909959, "Sensitivity": 0.984375, "Specificity": 0.9327354260089686, "AUC": 0.9811986173393125}, "Label_8": {"Optimal Threshold": 0.03522219881415367, "Accuracy": 0.9713506139154161, "Sensitivity": 0.75, "Specificity": 0.9725651577503429, "AUC": 0.9060356652949246}, "Label_9": {"Optimal Threshold": 0.04277687519788742, "Accuracy": 0.897680763983629, "Sensitivity": 0.9629629629629629, "Specificity": 0.8951841359773371, "AUC": 0.970097576329871}, "Label_10": {"Optimal Threshold": 0.021047839894890785, "Accuracy": 0.8826739427012278, "Sensitivity": 0.9375, "Specificity": 0.8814504881450488, "AUC": 0.9537133891213389}, "Label_11": {"Optimal Threshold": 0.10237573832273483, "Accuracy": 0.975443383356071, "Sensitivity": 1.0, "Specificity": 0.9749652294853964, "AUC": 0.9882773693622093}, "Label_12": {"Optimal Threshold": 0.059086140245199203, "Accuracy": 0.8212824010914052, "Sensitivity": 0.803030303030303, "Specificity": 0.823088455772114, "AUC": 0.8850801871791376}, "Overall": {"Accuracy": 0.9180396683807325, "Sensitivity": 0.9254997658656603, "Specificity": 0.9189429252962188, "AUC": 0.9589650594196052}}, "label_names": [[10, 11, 9, 1, 12, 8, 3, 7], [10, 11, 6, 5, 2, 0, 4]]}