{"shared_labels": 10, "perf": [0.08953185379505157, 0.9758515357971191], "label_names": [[11, 4, 1, 0, 5, 9, 6, 3, 10, 8, 2, 12], [11, 4, 1, 0, 5, 9, 6, 3, 10, 8, 7]], "metrics": {"Label_0": {"Optimal Threshold": 0.09721973538398743, "Accuracy": 0.9085948158253752, "Sensitivity": 0.9130434782608695, "Specificity": 0.9081325301204819, "AUC": 0.9702069146149818}, "Label_1": {"Optimal Threshold": 0.10826986283063889, "Accuracy": 0.9440654843110505, "Sensitivity": 0.9655172413793104, "Specificity": 0.9422222222222222, "AUC": 0.9891698595146872}, "Label_2": {"Optimal Threshold": 0.21334277093410492, "Accuracy": 0.9140518417462483, "Sensitivity": 0.9254385964912281, "Specificity": 0.9089108910891089, "AUC": 0.9695761681431301}, "Label_3": {"Optimal Threshold": 0.46458807587623596, "Accuracy": 0.9345156889495225, "Sensitivity": 0.9140271493212669, "Specificity": 0.943359375, "AUC": 0.9746889140271493}, "Label_4": {"Optimal Threshold": 0.037427306175231934, "Accuracy": 0.9508867667121419, "Sensitivity": 0.8571428571428571, "Specificity": 0.9517906336088154, "AUC": 0.9645808736717828}, "Label_5": {"Optimal Threshold": 0.0026113237254321575, "Accuracy": 0.800818553888131, "Sensitivity": 1.0, "Specificity": 0.7994505494505495, "AUC": 0.95}, "Label_6": {"Optimal Threshold": 0.021238109096884727, "Accuracy": 0.927694406548431, "Sensitivity": 1.0, "Specificity": 0.9265927977839336, "AUC": 0.9823721984386804}, "Label_7": {"Optimal Threshold": 0.08068673312664032, "Accuracy": 0.9399727148703957, "Sensitivity": 1.0, "Specificity": 0.9344262295081968, "AUC": 0.9894476227104466}, "Label_8": {"Optimal Threshold": 0.0011079926043748856, "Accuracy": 0.7762619372442019, "Sensitivity": 1.0, "Specificity": 0.7756497948016415, "AUC": 0.8043775649794802}, "Label_9": {"Optimal Threshold": 0.021513234823942184, "Accuracy": 0.897680763983629, "Sensitivity": 0.96875, "Specificity": 0.8944365192582026, "AUC": 0.9514087018544936}, "Label_10": {"Optimal Threshold": 0.013188582845032215, "Accuracy": 0.7939972714870396, "Sensitivity": 0.8888888888888888, "Specificity": 0.7916083916083916, "AUC": 0.9127428127428128}, "Label_11": {"Optimal Threshold": 0.012748469598591328, "Accuracy": 0.9345156889495225, "Sensitivity": 1.0, "Specificity": 0.9328671328671329, "AUC": 0.9844599844599844}, "Label_12": {"Optimal Threshold": 0.1277390569448471, "Accuracy": 0.869031377899045, "Sensitivity": 0.7647058823529411, "Specificity": 0.8768328445747801, "AUC": 0.8925881202921051}, "Overall": {"Accuracy": 0.8916990240319027, "Sensitivity": 0.9382703149105663, "Specificity": 0.8912523009148814, "AUC": 0.9488938258038259}}}