{"shared_labels": 4, "perf": [0.09116419404745102, 0.9719871878623962], "label_names": [[12, 4, 3, 7, 5, 9, 11, 1, 6], [12, 4, 3, 7, 10, 0, 2, 8]], "metrics": {"Label_0": {"Optimal Threshold": 0.12113294750452042, "Accuracy": 0.9549795361527967, "Sensitivity": 0.8115942028985508, "Specificity": 0.9698795180722891, "AUC": 0.9589008206740003}, "Label_1": {"Optimal Threshold": 0.06500988453626633, "Accuracy": 0.9386084583901774, "Sensitivity": 0.9482758620689655, "Specificity": 0.9377777777777778, "AUC": 0.9856449553001277}, "Label_2": {"Optimal Threshold": 0.2870646119117737, "Accuracy": 0.9236016371077762, "Sensitivity": 0.9035087719298246, "Specificity": 0.9326732673267327, "AUC": 0.9705662671530311}, "Label_3": {"Optimal Threshold": 0.27120691537857056, "Accuracy": 0.931787175989086, "Sensitivity": 0.9230769230769231, "Specificity": 0.935546875, "AUC": 0.9759261877828055}, "Label_4": {"Optimal Threshold": 0.0014868604484945536, "Accuracy": 0.82537517053206, "Sensitivity": 1.0, "Specificity": 0.8236914600550964, "AUC": 0.9661550570641481}, "Label_5": {"Optimal Threshold": 0.004684878513216972, "Accuracy": 0.7871759890859482, "Sensitivity": 1.0, "Specificity": 0.7857142857142857, "AUC": 0.9456043956043956}, "Label_6": {"Optimal Threshold": 0.010602999478578568, "Accuracy": 0.8581173260572987, "Sensitivity": 1.0, "Specificity": 0.8559556786703602, "AUC": 0.9605892722236212}, "Label_7": {"Optimal Threshold": 0.07229450345039368, "Accuracy": 0.9686221009549796, "Sensitivity": 1.0, "Specificity": 0.9657228017883756, "AUC": 0.9938224123840199}, "Label_8": {"Optimal Threshold": 0.0027963665779680014, "Accuracy": 0.859481582537517, "Sensitivity": 1.0, "Specificity": 0.8590971272229823, "AUC": 0.8946648426812586}, "Label_9": {"Optimal Threshold": 0.01719551533460617, "Accuracy": 0.8362892223738063, "Sensitivity": 0.9375, "Specificity": 0.8316690442225392, "AUC": 0.9479761055634807}, "Label_10": {"Optimal Threshold": 0.001280702999792993, "Accuracy": 0.6234652114597544, "Sensitivity": 0.9444444444444444, "Specificity": 0.6153846153846154, "AUC": 0.8369075369075369}, "Label_11": {"Optimal Threshold": 0.038621317595243454, "Accuracy": 0.9195088676671214, "Sensitivity": 0.9444444444444444, "Specificity": 0.9188811188811189, "AUC": 0.9671328671328672}, "Label_12": {"Optimal Threshold": 0.04463006183505058, "Accuracy": 0.8622100954979536, "Sensitivity": 0.8823529411764706, "Specificity": 0.8607038123167156, "AUC": 0.9492266114657006}, "Overall": {"Accuracy": 0.8684017210620212, "Sensitivity": 0.945784430003048, "Specificity": 0.8686690294179146, "AUC": 0.950239794764384}}}