{"shared_labels": 12, "perf": [0.0861908346414566, 0.9769174456596375], "label_names": [[0, 9, 1, 12, 8, 2, 4, 7, 10, 3, 6, 11, 5], [0, 9, 1, 12, 8, 2, 4, 7, 10, 3, 6, 11]], "metrics": {"Label_0": {"Optimal Threshold": 0.03534509241580963, "Accuracy": 0.8772169167803547, "Sensitivity": 0.9420289855072463, "Specificity": 0.8704819277108434, "AUC": 0.9693120307316222}, "Label_1": {"Optimal Threshold": 0.05422963574528694, "Accuracy": 0.937244201909959, "Sensitivity": 0.9655172413793104, "Specificity": 0.9348148148148148, "AUC": 0.9897062579821201}, "Label_2": {"Optimal Threshold": 0.3692898750305176, "Accuracy": 0.931787175989086, "Sensitivity": 0.9166666666666666, "Specificity": 0.9386138613861386, "AUC": 0.9724856696195936}, "Label_3": {"Optimal Threshold": 0.2885635197162628, "Accuracy": 0.931787175989086, "Sensitivity": 0.9230769230769231, "Specificity": 0.935546875, "AUC": 0.9752633625565611}, "Label_4": {"Optimal Threshold": 0.0018469018395990133, "Accuracy": 0.791268758526603, "Sensitivity": 1.0, "Specificity": 0.7892561983471075, "AUC": 0.9553325462416372}, "Label_5": {"Optimal Threshold": 0.004104142542928457, "Accuracy": 0.8049113233287858, "Sensitivity": 1.0, "Specificity": 0.8035714285714286, "AUC": 0.9414835164835165}, "Label_6": {"Optimal Threshold": 0.01356347557157278, "Accuracy": 0.8854024556616644, "Sensitivity": 1.0, "Specificity": 0.8836565096952909, "AUC": 0.9750692520775623}, "Label_7": {"Optimal Threshold": 0.12657766044139862, "Accuracy": 0.9727148703956344, "Sensitivity": 1.0, "Specificity": 0.970193740685544, "AUC": 0.9931974424306523}, "Label_8": {"Optimal Threshold": 0.003421027446165681, "Accuracy": 0.8212824010914052, "Sensitivity": 1.0, "Specificity": 0.8207934336525308, "AUC": 0.8378932968536251}, "Label_9": {"Optimal Threshold": 0.05713712424039841, "Accuracy": 0.9167803547066848, "Sensitivity": 0.90625, "Specificity": 0.9172610556348074, "AUC": 0.9496255349500714}, "Label_10": {"Optimal Threshold": 0.006795689929276705, "Accuracy": 0.7407912687585266, "Sensitivity": 0.9444444444444444, "Specificity": 0.7356643356643356, "AUC": 0.9058275058275058}, "Label_11": {"Optimal Threshold": 0.04384482279419899, "Accuracy": 0.965893587994543, "Sensitivity": 0.9444444444444444, "Specificity": 0.9664335664335665, "AUC": 0.9817404817404818}, "Label_12": {"Optimal Threshold": 0.048556502908468246, "Accuracy": 0.7871759890859482, "Sensitivity": 0.9607843137254902, "Specificity": 0.7741935483870968, "AUC": 0.9437352653671439}, "Overall": {"Accuracy": 0.8741735754014063, "Sensitivity": 0.9617856168649636, "Specificity": 0.872344715075654, "AUC": 0.9531286279124688}}}