{"shared_labels": 0, "perf": [0.09510984271764755, 0.9678751826286316], "label_names": [[12, 5, 2, 11, 8, 7, 0], [4, 10, 3, 6, 9, 1]], "metrics": {"Label_0": {"Optimal Threshold": 0.029377587139606476, "Accuracy": 0.9045020463847203, "Sensitivity": 0.8840579710144928, "Specificity": 0.9066265060240963, "AUC": 0.9577876724288458}, "Label_1": {"Optimal Threshold": 0.09080307185649872, "Accuracy": 0.9522510231923602, "Sensitivity": 0.9482758620689655, "Specificity": 0.9525925925925925, "AUC": 0.9872030651340997}, "Label_2": {"Optimal Threshold": 0.25283506512641907, "Accuracy": 0.9263301500682128, "Sensitivity": 0.8991228070175439, "Specificity": 0.9386138613861386, "AUC": 0.9725377800937989}, "Label_3": {"Optimal Threshold": 0.1496950089931488, "Accuracy": 0.9167803547066848, "Sensitivity": 0.9321266968325792, "Specificity": 0.91015625, "AUC": 0.9750954468325791}, "Label_4": {"Optimal Threshold": 0.0029977888334542513, "Accuracy": 0.8417462482946794, "Sensitivity": 1.0, "Specificity": 0.8402203856749312, "AUC": 0.9675324675324675}, "Label_5": {"Optimal Threshold": 0.0022500662598758936, "Accuracy": 0.7789904502046384, "Sensitivity": 1.0, "Specificity": 0.7774725274725275, "AUC": 0.9478021978021978}, "Label_6": {"Optimal Threshold": 0.009713736362755299, "Accuracy": 0.9058663028649386, "Sensitivity": 1.0, "Specificity": 0.9044321329639889, "AUC": 0.9779652480483505}, "Label_7": {"Optimal Threshold": 0.16861219704151154, "Accuracy": 0.956343792633015, "Sensitivity": 1.0, "Specificity": 0.9523099850968704, "AUC": 0.9905533387817894}, "Label_8": {"Optimal Threshold": 0.010502968914806843, "Accuracy": 0.9140518417462483, "Sensitivity": 1.0, "Specificity": 0.9138166894664843, "AUC": 0.9165526675786594}, "Label_9": {"Optimal Threshold": 0.015821581706404686, "Accuracy": 0.8908594815825375, "Sensitivity": 0.90625, "Specificity": 0.8901569186875892, "AUC": 0.9409771754636232}, "Label_10": {"Optimal Threshold": 0.01699681021273136, "Accuracy": 0.8185538881309686, "Sensitivity": 0.7222222222222222, "Specificity": 0.820979020979021, "AUC": 0.8273504273504273}, "Label_11": {"Optimal Threshold": 0.012901646085083485, "Accuracy": 0.8799454297407913, "Sensitivity": 1.0, "Specificity": 0.8769230769230769, "AUC": 0.9761460761460762}, "Label_12": {"Optimal Threshold": 0.13926862180233002, "Accuracy": 0.8512960436562074, "Sensitivity": 0.8431372549019608, "Specificity": 0.8519061583577713, "AUC": 0.9167960439307687}, "Overall": {"Accuracy": 0.8875013117850773, "Sensitivity": 0.9334763703121356, "Specificity": 0.8874004696634684, "AUC": 0.9503307390095141}}}