{"shared_labels": 9, "perf": [0.08621525764465332, 0.9771410822868347], "label_names": [[7, 0, 5, 10, 1, 4, 3, 9, 12, 8, 6], [7, 0, 5, 10, 1, 4, 3, 9, 12, 11, 2]], "metrics": {"Label_0": {"Optimal Threshold": 0.08219072967767715, "Accuracy": 0.878581173260573, "Sensitivity": 0.9420289855072463, "Specificity": 0.8719879518072289, "AUC": 0.9692683778592631}, "Label_1": {"Optimal Threshold": 0.1500915139913559, "Accuracy": 0.9495225102319236, "Sensitivity": 0.9482758620689655, "Specificity": 0.9496296296296296, "AUC": 0.9886079182630906}, "Label_2": {"Optimal Threshold": 0.3430224359035492, "Accuracy": 0.922237380627558, "Sensitivity": 0.9035087719298246, "Specificity": 0.9306930693069307, "AUC": 0.9711742226854264}, "Label_3": {"Optimal Threshold": 0.35022321343421936, "Accuracy": 0.9263301500682128, "Sensitivity": 0.9276018099547512, "Specificity": 0.92578125, "AUC": 0.9771369485294118}, "Label_4": {"Optimal Threshold": 0.004855569452047348, "Accuracy": 0.8294679399727148, "Sensitivity": 1.0, "Specificity": 0.8278236914600551, "AUC": 0.9663518299881936}, "Label_5": {"Optimal Threshold": 0.004512160550802946, "Accuracy": 0.8240109140518418, "Sensitivity": 1.0, "Specificity": 0.8228021978021978, "AUC": 0.9489010989010989}, "Label_6": {"Optimal Threshold": 0.0036983625032007694, "Accuracy": 0.8485675306957708, "Sensitivity": 1.0, "Specificity": 0.8462603878116344, "AUC": 0.9706623016872324}, "Label_7": {"Optimal Threshold": 0.10479915142059326, "Accuracy": 0.965893587994543, "Sensitivity": 1.0, "Specificity": 0.96274217585693, "AUC": 0.9936781885486276}, "Label_8": {"Optimal Threshold": 0.0009025890030898154, "Accuracy": 0.7148703956343793, "Sensitivity": 1.0, "Specificity": 0.7140902872777017, "AUC": 0.765389876880985}, "Label_9": {"Optimal Threshold": 0.03402275592088699, "Accuracy": 0.9113233287858117, "Sensitivity": 0.9375, "Specificity": 0.9101283880171184, "AUC": 0.9531472895863052}, "Label_10": {"Optimal Threshold": 0.006251444108784199, "Accuracy": 0.7285129604365621, "Sensitivity": 1.0, "Specificity": 0.7216783216783217, "AUC": 0.9189588189588189}, "Label_11": {"Optimal Threshold": 0.025687865912914276, "Accuracy": 0.9358799454297408, "Sensitivity": 0.9444444444444444, "Specificity": 0.9356643356643357, "AUC": 0.9657342657342657}, "Label_12": {"Optimal Threshold": 0.041162073612213135, "Accuracy": 0.772169167803547, "Sensitivity": 0.9803921568627451, "Specificity": 0.7565982404692082, "AUC": 0.9490253579437641}, "Overall": {"Accuracy": 0.862105152691783, "Sensitivity": 0.9679809254436905, "Specificity": 0.8596830712908686, "AUC": 0.9490797304281909}}}