{"shared_labels": 2, "perf": [0.08972232788801193, 0.9736782908439636], "label_names": [[8, 10, 7, 12, 6, 1, 11, 3], [8, 10, 2, 4, 5, 0, 9]], "metrics": {"Label_0": {"Optimal Threshold": 0.11496447026729584, "Accuracy": 0.9427012278308322, "Sensitivity": 0.855072463768116, "Specificity": 0.9518072289156626, "AUC": 0.964204644665619}, "Label_1": {"Optimal Threshold": 0.08480717986822128, "Accuracy": 0.9495225102319236, "Sensitivity": 0.9310344827586207, "Specificity": 0.9511111111111111, "AUC": 0.9866155810983397}, "Label_2": {"Optimal Threshold": 0.14964309334754944, "Accuracy": 0.9181446111869032, "Sensitivity": 0.9210526315789473, "Specificity": 0.9168316831683169, "AUC": 0.9729720340455098}, "Label_3": {"Optimal Threshold": 0.15586335957050323, "Accuracy": 0.9236016371077762, "Sensitivity": 0.9502262443438914, "Specificity": 0.912109375, "AUC": 0.9767569287330317}, "Label_4": {"Optimal Threshold": 0.002164843026548624, "Accuracy": 0.7844474761255116, "Sensitivity": 1.0, "Specificity": 0.7823691460055097, "AUC": 0.954348681621409}, "Label_5": {"Optimal Threshold": 0.08903103321790695, "Accuracy": 0.9877216916780355, "Sensitivity": 0.8, "Specificity": 0.989010989010989, "AUC": 0.9409340659340659}, "Label_6": {"Optimal Threshold": 0.004279746674001217, "Accuracy": 0.8635743519781719, "Sensitivity": 1.0, "Specificity": 0.8614958448753463, "AUC": 0.9673885671115589}, "Label_7": {"Optimal Threshold": 0.060731418430805206, "Accuracy": 0.9536152796725784, "Sensitivity": 1.0, "Specificity": 0.9493293591654247, "AUC": 0.9920436517475121}, "Label_8": {"Optimal Threshold": 0.0017435860354453325, "Accuracy": 0.7776261937244202, "Sensitivity": 1.0, "Specificity": 0.7770177838577291, "AUC": 0.7838577291381669}, "Label_9": {"Optimal Threshold": 0.03378068655729294, "Accuracy": 0.922237380627558, "Sensitivity": 0.9375, "Specificity": 0.9215406562054208, "AUC": 0.9520328102710414}, "Label_10": {"Optimal Threshold": 0.011108883656561375, "Accuracy": 0.810368349249659, "Sensitivity": 0.9444444444444444, "Specificity": 0.806993006993007, "AUC": 0.9321678321678322}, "Label_11": {"Optimal Threshold": 0.09418284147977829, "Accuracy": 0.9631650750341064, "Sensitivity": 0.8888888888888888, "Specificity": 0.965034965034965, "AUC": 0.9714063714063714}, "Label_12": {"Optimal Threshold": 0.07986337691545486, "Accuracy": 0.8335607094133697, "Sensitivity": 0.8235294117647058, "Specificity": 0.8343108504398827, "AUC": 0.9150422632396068}, "Overall": {"Accuracy": 0.8946374226046804, "Sensitivity": 0.9270575821190474, "Specificity": 0.8937663076756434, "AUC": 0.946905473936928}}}