{"shared_labels": 1, "perf": [0.0914802998304367, 0.9740732908248901], "label_names": [[9, 0, 8, 2, 6, 7, 12], [9, 5, 4, 10, 11, 3, 1]], "metrics": {"Label_0": {"Optimal Threshold": 0.026058001443743706, "Accuracy": 0.9045020463847203, "Sensitivity": 0.8695652173913043, "Specificity": 0.9081325301204819, "AUC": 0.9592718700890519}, "Label_1": {"Optimal Threshold": 0.4758647680282593, "Accuracy": 0.9822646657571623, "Sensitivity": 0.8620689655172413, "Specificity": 0.9925925925925926, "AUC": 0.981992337164751}, "Label_2": {"Optimal Threshold": 0.29606902599334717, "Accuracy": 0.9195088676671214, "Sensitivity": 0.9254385964912281, "Specificity": 0.9168316831683169, "AUC": 0.9710873718950843}, "Label_3": {"Optimal Threshold": 0.3673548698425293, "Accuracy": 0.9290586630286494, "Sensitivity": 0.9321266968325792, "Specificity": 0.927734375, "AUC": 0.9758024604072398}, "Label_4": {"Optimal Threshold": 0.0032474403269588947, "Accuracy": 0.8117326057298773, "Sensitivity": 1.0, "Specificity": 0.8099173553719008, "AUC": 0.9634002361275088}, "Label_5": {"Optimal Threshold": 0.0018922314047813416, "Accuracy": 0.7871759890859482, "Sensitivity": 1.0, "Specificity": 0.7857142857142857, "AUC": 0.9436813186813187}, "Label_6": {"Optimal Threshold": 0.021615665405988693, "Accuracy": 0.9236016371077762, "Sensitivity": 1.0, "Specificity": 0.9224376731301939, "AUC": 0.9736842105263157}, "Label_7": {"Optimal Threshold": 0.07147717475891113, "Accuracy": 0.9549795361527967, "Sensitivity": 1.0, "Specificity": 0.9508196721311475, "AUC": 0.9901447045815105}, "Label_8": {"Optimal Threshold": 0.0028039347380399704, "Accuracy": 0.8308321964529332, "Sensitivity": 1.0, "Specificity": 0.8303693570451436, "AUC": 0.8584131326949384}, "Label_9": {"Optimal Threshold": 0.04143251106142998, "Accuracy": 0.9290586630286494, "Sensitivity": 0.90625, "Specificity": 0.9300998573466477, "AUC": 0.9551087731811697}, "Label_10": {"Optimal Threshold": 0.016306979581713676, "Accuracy": 0.7612551159618008, "Sensitivity": 0.9444444444444444, "Specificity": 0.7566433566433567, "AUC": 0.9142968142968143}, "Label_11": {"Optimal Threshold": 0.03324982896447182, "Accuracy": 0.9167803547066848, "Sensitivity": 1.0, "Specificity": 0.9146853146853147, "AUC": 0.9774669774669774}, "Label_12": {"Optimal Threshold": 0.19946134090423584, "Accuracy": 0.931787175989086, "Sensitivity": 0.7254901960784313, "Specificity": 0.9472140762463344, "AUC": 0.9191823356908745}, "Overall": {"Accuracy": 0.8909644243887082, "Sensitivity": 0.9357987782119406, "Specificity": 0.891784009938132, "AUC": 0.9525794263695044}}}