{"shared_labels": 8, "perf": [0.08800008893013, 0.9801273941993713], "label_names": [[2, 1, 12, 0, 9, 10, 6, 5, 11, 8, 3], [2, 1, 12, 0, 9, 10, 6, 5, 4, 7]], "metrics": {"Label_0": {"Optimal Threshold": 0.1470647007226944, "Accuracy": 0.9399727148703957, "Sensitivity": 0.8695652173913043, "Specificity": 0.947289156626506, "AUC": 0.9692902042954428}, "Label_1": {"Optimal Threshold": 0.06905685365200043, "Accuracy": 0.946793997271487, "Sensitivity": 0.9482758620689655, "Specificity": 0.9466666666666667, "AUC": 0.9877905491698595}, "Label_2": {"Optimal Threshold": 0.5276817083358765, "Accuracy": 0.9236016371077762, "Sensitivity": 0.9210526315789473, "Specificity": 0.9247524752475248, "AUC": 0.9746135139829772}, "Label_3": {"Optimal Threshold": 0.48861590027809143, "Accuracy": 0.9263301500682128, "Sensitivity": 0.9230769230769231, "Specificity": 0.927734375, "AUC": 0.9754577912895928}, "Label_4": {"Optimal Threshold": 0.043414779007434845, "Accuracy": 0.9440654843110505, "Sensitivity": 0.8571428571428571, "Specificity": 0.9449035812672176, "AUC": 0.9596615505706414}, "Label_5": {"Optimal Threshold": 0.006528898142278194, "Accuracy": 0.8458390177353342, "Sensitivity": 1.0, "Specificity": 0.8447802197802198, "AUC": 0.9604395604395605}, "Label_6": {"Optimal Threshold": 0.027996618300676346, "Accuracy": 0.9399727148703957, "Sensitivity": 1.0, "Specificity": 0.9390581717451524, "AUC": 0.9822462855703853}, "Label_7": {"Optimal Threshold": 0.18493202328681946, "Accuracy": 0.9686221009549796, "Sensitivity": 0.9838709677419355, "Specificity": 0.9672131147540983, "AUC": 0.9920917263593096}, "Label_8": {"Optimal Threshold": 0.004954635165631771, "Accuracy": 0.8240109140518418, "Sensitivity": 1.0, "Specificity": 0.8235294117647058, "AUC": 0.8707250341997264}, "Label_9": {"Optimal Threshold": 0.04119906574487686, "Accuracy": 0.8935879945429741, "Sensitivity": 0.9375, "Specificity": 0.891583452211127, "AUC": 0.9493580599144079}, "Label_10": {"Optimal Threshold": 0.008486113511025906, "Accuracy": 0.732605729877217, "Sensitivity": 1.0, "Specificity": 0.7258741258741259, "AUC": 0.9122766122766123}, "Label_11": {"Optimal Threshold": 0.0820121243596077, "Accuracy": 0.965893587994543, "Sensitivity": 0.8888888888888888, "Specificity": 0.9678321678321679, "AUC": 0.9533799533799534}, "Label_12": {"Optimal Threshold": 0.09595514088869095, "Accuracy": 0.8390177353342428, "Sensitivity": 0.9215686274509803, "Specificity": 0.8328445747800587, "AUC": 0.9491978609625669}, "Overall": {"Accuracy": 0.8992549060761886, "Sensitivity": 0.9423801519492925, "Specificity": 0.8987739610422746, "AUC": 0.9566560540316181}}}