{"shared_labels": 6, "perf": [0.09171660244464874, 0.9737324714660645], "label_names": [[2, 7, 3, 8, 4, 0, 11, 5, 9, 6], [2, 7, 3, 8, 4, 0, 10, 1, 12]], "metrics": {"Label_0": {"Optimal Threshold": 0.07443729043006897, "Accuracy": 0.8635743519781719, "Sensitivity": 0.9855072463768116, "Specificity": 0.8509036144578314, "AUC": 0.9727387812118038}, "Label_1": {"Optimal Threshold": 0.39303287863731384, "Accuracy": 0.9727148703956344, "Sensitivity": 0.896551724137931, "Specificity": 0.9792592592592593, "AUC": 0.9864623243933589}, "Label_2": {"Optimal Threshold": 0.3798069655895233, "Accuracy": 0.9208731241473397, "Sensitivity": 0.9166666666666666, "Specificity": 0.9227722772277228, "AUC": 0.9725985756470384}, "Label_3": {"Optimal Threshold": 0.430060476064682, "Accuracy": 0.9304229195088677, "Sensitivity": 0.918552036199095, "Specificity": 0.935546875, "AUC": 0.974574024321267}, "Label_4": {"Optimal Threshold": 0.024058084934949875, "Accuracy": 0.9085948158253752, "Sensitivity": 0.8571428571428571, "Specificity": 0.9090909090909091, "AUC": 0.9504132231404958}, "Label_5": {"Optimal Threshold": 0.04927420988678932, "Accuracy": 0.9495225102319236, "Sensitivity": 0.8, "Specificity": 0.9505494505494505, "AUC": 0.9340659340659341}, "Label_6": {"Optimal Threshold": 0.0324077270925045, "Accuracy": 0.9522510231923602, "Sensitivity": 0.9090909090909091, "Specificity": 0.9529085872576177, "AUC": 0.9667590027700832}, "Label_7": {"Optimal Threshold": 0.18007366359233856, "Accuracy": 0.9699863574351978, "Sensitivity": 1.0, "Specificity": 0.9672131147540983, "AUC": 0.9934858901014374}, "Label_8": {"Optimal Threshold": 0.0019614254124462605, "Accuracy": 0.8212824010914052, "Sensitivity": 1.0, "Specificity": 0.8207934336525308, "AUC": 0.8488372093023255}, "Label_9": {"Optimal Threshold": 0.04827262833714485, "Accuracy": 0.9140518417462483, "Sensitivity": 0.90625, "Specificity": 0.9144079885877318, "AUC": 0.9491351640513551}, "Label_10": {"Optimal Threshold": 0.0028545111417770386, "Accuracy": 0.6398362892223738, "Sensitivity": 0.9444444444444444, "Specificity": 0.6321678321678321, "AUC": 0.8706293706293706}, "Label_11": {"Optimal Threshold": 0.04726192727684975, "Accuracy": 0.937244201909959, "Sensitivity": 1.0, "Specificity": 0.9356643356643357, "AUC": 0.9788655788655788}, "Label_12": {"Optimal Threshold": 0.022181537002325058, "Accuracy": 0.7012278308321964, "Sensitivity": 0.9411764705882353, "Specificity": 0.6832844574780058, "AUC": 0.8907193375884078}, "Overall": {"Accuracy": 0.883198656732081, "Sensitivity": 0.9288755657420732, "Specificity": 0.8811201642421019, "AUC": 0.9453295704683428}}}