{"shared_labels": 7, "perf": [0.0910119041800499, 0.9755919575691223], "label_names": [[10, 11, 3, 7, 0, 2, 1, 6, 5, 12], [10, 11, 3, 7, 0, 2, 1, 9, 4, 8]], "metrics": {"Label_0": {"Optimal Threshold": 0.06407211720943451, "Accuracy": 0.8922237380627558, "Sensitivity": 0.927536231884058, "Specificity": 0.8885542168674698, "AUC": 0.9700104766893661}, "Label_1": {"Optimal Threshold": 0.05328063666820526, "Accuracy": 0.9290586630286494, "Sensitivity": 0.9827586206896551, "Specificity": 0.9244444444444444, "AUC": 0.9893486590038314}, "Label_2": {"Optimal Threshold": 0.3252026438713074, "Accuracy": 0.9236016371077762, "Sensitivity": 0.9166666666666666, "Specificity": 0.9267326732673268, "AUC": 0.971790863296856}, "Label_3": {"Optimal Threshold": 0.27111390233039856, "Accuracy": 0.922237380627558, "Sensitivity": 0.9276018099547512, "Specificity": 0.919921875, "AUC": 0.9746182126696833}, "Label_4": {"Optimal Threshold": 0.012251841835677624, "Accuracy": 0.8403819918144612, "Sensitivity": 1.0, "Specificity": 0.8388429752066116, "AUC": 0.961038961038961}, "Label_5": {"Optimal Threshold": 0.003743341425433755, "Accuracy": 0.8117326057298773, "Sensitivity": 1.0, "Specificity": 0.8104395604395604, "AUC": 0.9307692307692308}, "Label_6": {"Optimal Threshold": 0.0422385111451149, "Accuracy": 0.937244201909959, "Sensitivity": 0.9090909090909091, "Specificity": 0.9376731301939059, "AUC": 0.9587005791991943}, "Label_7": {"Optimal Threshold": 0.09433870017528534, "Accuracy": 0.9713506139154161, "Sensitivity": 0.9838709677419355, "Specificity": 0.970193740685544, "AUC": 0.9919475025239171}, "Label_8": {"Optimal Threshold": 0.00032759338500909507, "Accuracy": 0.5129604365620737, "Sensitivity": 1.0, "Specificity": 0.5116279069767442, "AUC": 0.5615595075239398}, "Label_9": {"Optimal Threshold": 0.037011582404375076, "Accuracy": 0.897680763983629, "Sensitivity": 0.90625, "Specificity": 0.8972895863052782, "AUC": 0.9465049928673324}, "Label_10": {"Optimal Threshold": 0.045781973749399185, "Accuracy": 0.888130968622101, "Sensitivity": 0.7777777777777778, "Specificity": 0.8909090909090909, "AUC": 0.9155400155400155}, "Label_11": {"Optimal Threshold": 0.02289353311061859, "Accuracy": 0.9358799454297408, "Sensitivity": 1.0, "Specificity": 0.9342657342657342, "AUC": 0.9835275835275835}, "Label_12": {"Optimal Threshold": 0.06471352279186249, "Accuracy": 0.7708049113233287, "Sensitivity": 0.803921568627451, "Specificity": 0.7683284457478006, "AUC": 0.8745615548272095}, "Overall": {"Accuracy": 0.8640990660090251, "Sensitivity": 0.9334980424948619, "Specificity": 0.8630171831007315, "AUC": 0.925378318421317}}}