{"shared_labels": 11, "perf": [0.08681023120880127, 0.977739691734314], "label_names": [[9, 7, 6, 5, 12, 10, 3, 8, 11, 4, 1, 2], [9, 7, 6, 5, 12, 10, 3, 8, 11, 4, 1, 0]], "metrics": {"Label_0": {"Optimal Threshold": 0.03258402273058891, "Accuracy": 0.8826739427012278, "Sensitivity": 0.9130434782608695, "Specificity": 0.8795180722891566, "AUC": 0.965863453815261}, "Label_1": {"Optimal Threshold": 0.02979385294020176, "Accuracy": 0.9236016371077762, "Sensitivity": 0.9827586206896551, "Specificity": 0.9185185185185185, "AUC": 0.9887611749680715}, "Label_2": {"Optimal Threshold": 0.2552725076675415, "Accuracy": 0.9290586630286494, "Sensitivity": 0.9078947368421053, "Specificity": 0.9386138613861386, "AUC": 0.9706618030224075}, "Label_3": {"Optimal Threshold": 0.2142178863286972, "Accuracy": 0.9263301500682128, "Sensitivity": 0.9411764705882353, "Specificity": 0.919921875, "AUC": 0.9753782522624435}, "Label_4": {"Optimal Threshold": 0.0015255881007760763, "Accuracy": 0.7926330150068213, "Sensitivity": 1.0, "Specificity": 0.790633608815427, "AUC": 0.9567099567099567}, "Label_5": {"Optimal Threshold": 0.043658480048179626, "Accuracy": 0.9672578444747613, "Sensitivity": 0.8, "Specificity": 0.9684065934065934, "AUC": 0.9398351648351648}, "Label_6": {"Optimal Threshold": 0.010478599928319454, "Accuracy": 0.8826739427012278, "Sensitivity": 1.0, "Specificity": 0.8808864265927978, "AUC": 0.9717955175018888}, "Label_7": {"Optimal Threshold": 0.1056259498000145, "Accuracy": 0.9699863574351978, "Sensitivity": 1.0, "Specificity": 0.9672131147540983, "AUC": 0.9933657035719436}, "Label_8": {"Optimal Threshold": 0.002169214654713869, "Accuracy": 0.7639836289222374, "Sensitivity": 1.0, "Specificity": 0.7633378932968536, "AUC": 0.8337893296853625}, "Label_9": {"Optimal Threshold": 0.018430937081575394, "Accuracy": 0.859481582537517, "Sensitivity": 0.96875, "Specificity": 0.854493580599144, "AUC": 0.9501604850213979}, "Label_10": {"Optimal Threshold": 0.036197479814291, "Accuracy": 0.8703956343792633, "Sensitivity": 0.7777777777777778, "Specificity": 0.8727272727272727, "AUC": 0.9027195027195027}, "Label_11": {"Optimal Threshold": 0.07052195072174072, "Accuracy": 0.965893587994543, "Sensitivity": 0.9444444444444444, "Specificity": 0.9664335664335665, "AUC": 0.9817404817404818}, "Label_12": {"Optimal Threshold": 0.08455517143011093, "Accuracy": 0.859481582537517, "Sensitivity": 0.9019607843137255, "Specificity": 0.8563049853372434, "AUC": 0.949916623540912}, "Overall": {"Accuracy": 0.8918039668380734, "Sensitivity": 0.9336774086859088, "Specificity": 0.8905391822428316, "AUC": 0.9523613422611381}}}