{"shared_labels": 5, "perf": [0.0862298235297203, 0.9777465462684631], "label_names": [[6, 1, 12, 2, 3, 9, 10, 11, 4], [6, 1, 12, 2, 3, 0, 5, 7, 8]], "metrics": {"Label_0": {"Optimal Threshold": 0.08456026762723923, "Accuracy": 0.9181446111869032, "Sensitivity": 0.8840579710144928, "Specificity": 0.9216867469879518, "AUC": 0.9607997206216169}, "Label_1": {"Optimal Threshold": 0.11333160102367401, "Accuracy": 0.9508867667121419, "Sensitivity": 0.9482758620689655, "Specificity": 0.9511111111111111, "AUC": 0.9881481481481481}, "Label_2": {"Optimal Threshold": 0.5816474556922913, "Accuracy": 0.9386084583901774, "Sensitivity": 0.881578947368421, "Specificity": 0.9643564356435643, "AUC": 0.9723640785131145}, "Label_3": {"Optimal Threshold": 0.45167505741119385, "Accuracy": 0.9358799454297408, "Sensitivity": 0.9049773755656109, "Specificity": 0.94921875, "AUC": 0.9761736425339367}, "Label_4": {"Optimal Threshold": 0.058651652187108994, "Accuracy": 0.9618008185538881, "Sensitivity": 0.8571428571428571, "Specificity": 0.9628099173553719, "AUC": 0.9624163715072805}, "Label_5": {"Optimal Threshold": 0.003217878518626094, "Accuracy": 0.8076398362892224, "Sensitivity": 1.0, "Specificity": 0.8063186813186813, "AUC": 0.9483516483516484}, "Label_6": {"Optimal Threshold": 0.04137372970581055, "Accuracy": 0.9549795361527967, "Sensitivity": 1.0, "Specificity": 0.9542936288088643, "AUC": 0.984764542936288}, "Label_7": {"Optimal Threshold": 0.16353030502796173, "Accuracy": 0.9631650750341064, "Sensitivity": 1.0, "Specificity": 0.9597615499254843, "AUC": 0.9941348973607038}, "Label_8": {"Optimal Threshold": 0.0037825347390025854, "Accuracy": 0.8431105047748977, "Sensitivity": 1.0, "Specificity": 0.8426812585499316, "AUC": 0.887140902872777}, "Label_9": {"Optimal Threshold": 0.028445158153772354, "Accuracy": 0.869031377899045, "Sensitivity": 0.90625, "Specificity": 0.8673323823109843, "AUC": 0.9435181883024251}, "Label_10": {"Optimal Threshold": 0.033451445400714874, "Accuracy": 0.834924965893588, "Sensitivity": 0.8333333333333334, "Specificity": 0.8349650349650349, "AUC": 0.8828282828282829}, "Label_11": {"Optimal Threshold": 0.029300261288881302, "Accuracy": 0.9249658935879945, "Sensitivity": 0.9444444444444444, "Specificity": 0.9244755244755245, "AUC": 0.974902874902875}, "Label_12": {"Optimal Threshold": 0.05457984656095505, "Accuracy": 0.8567530695770805, "Sensitivity": 0.9019607843137255, "Specificity": 0.8533724340175953, "AUC": 0.9495141164970387}, "Overall": {"Accuracy": 0.904606989190891, "Sensitivity": 0.9278478134809116, "Specificity": 0.9071064196515461, "AUC": 0.9557736473366258}}}