{"shared_labels": 0, "perf": [0.09606162458658218, 0.9709458947181702], "metrics": {"Label_0": {"Optimal Threshold": 0.2752458155155182, "Accuracy": 0.937244201909959, "Sensitivity": 0.8840579710144928, "Specificity": 0.9427710843373494, "AUC": 0.9704033525405972}, "Label_1": {"Optimal Threshold": 0.24007707834243774, "Accuracy": 0.9549795361527967, "Sensitivity": 0.9655172413793104, "Specificity": 0.9540740740740741, "AUC": 0.9908812260536398}, "Label_2": {"Optimal Threshold": 0.26462113857269287, "Accuracy": 0.9140518417462483, "Sensitivity": 0.8947368421052632, "Specificity": 0.9227722772277228, "AUC": 0.9623414973076255}, "Label_3": {"Optimal Threshold": 0.37385284900665283, "Accuracy": 0.927694406548431, "Sensitivity": 0.8959276018099548, "Specificity": 0.94140625, "AUC": 0.9654447115384615}, "Label_4": {"Optimal Threshold": 0.0034112173598259687, "Accuracy": 0.8922237380627558, "Sensitivity": 1.0, "Specificity": 0.8911845730027548, "AUC": 0.974025974025974}, "Label_5": {"Optimal Threshold": 0.004810523707419634, "Accuracy": 0.8376534788540245, "Sensitivity": 1.0, "Specificity": 0.8365384615384616, "AUC": 0.9508241758241758}, "Label_6": {"Optimal Threshold": 0.02185150608420372, "Accuracy": 0.9140518417462483, "Sensitivity": 1.0, "Specificity": 0.9127423822714681, "AUC": 0.9775875094434652}, "Label_7": {"Optimal Threshold": 0.09197423607110977, "Accuracy": 0.9686221009549796, "Sensitivity": 1.0, "Specificity": 0.9657228017883756, "AUC": 0.9908898610643719}, "Label_8": {"Optimal Threshold": 0.0037879955489188433, "Accuracy": 0.8321964529331515, "Sensitivity": 1.0, "Specificity": 0.8317373461012312, "AUC": 0.8392612859097127}, "Label_9": {"Optimal Threshold": 0.056035567075014114, "Accuracy": 0.9181446111869032, "Sensitivity": 0.90625, "Specificity": 0.9186875891583453, "AUC": 0.943027817403709}, "Label_10": {"Optimal Threshold": 0.012889353558421135, "Accuracy": 0.7639836289222374, "Sensitivity": 0.8888888888888888, "Specificity": 0.7608391608391608, "AUC": 0.8932400932400932}, "Label_11": {"Optimal Threshold": 0.015516783110797405, "Accuracy": 0.8867667121418826, "Sensitivity": 1.0, "Specificity": 0.8839160839160839, "AUC": 0.9775446775446774}, "Label_12": {"Optimal Threshold": 0.10721508413553238, "Accuracy": 0.8663028649386084, "Sensitivity": 0.8431372549019608, "Specificity": 0.8680351906158358, "AUC": 0.9262549594617906}, "Overall": {"Accuracy": 0.8933781089306329, "Sensitivity": 0.9445012153922978, "Specificity": 0.8946482519131433, "AUC": 0.950902087796792}}, "label_names": [[3, 2, 12, 4, 6, 7, 8], [10, 5, 9, 1, 0, 11]]}