{"shared_labels": 3, "perf": [0.09036007523536682, 0.974115252494812], "metrics": {"Label_0": {"Optimal Threshold": 0.09382875263690948, "Accuracy": 0.9386084583901774, "Sensitivity": 0.8904109589041096, "Specificity": 0.943939393939394, "AUC": 0.9677667081776671}, "Label_1": {"Optimal Threshold": 0.08171803504228592, "Accuracy": 0.9331514324693042, "Sensitivity": 0.9552238805970149, "Specificity": 0.9309309309309309, "AUC": 0.9870019273004348}, "Label_2": {"Optimal Threshold": 0.35270413756370544, "Accuracy": 0.9099590723055935, "Sensitivity": 0.8967136150234741, "Specificity": 0.9153846153846154, "AUC": 0.9672264355362946}, "Label_3": {"Optimal Threshold": 0.19872862100601196, "Accuracy": 0.9045020463847203, "Sensitivity": 0.966183574879227, "Specificity": 0.8802281368821293, "AUC": 0.9732646351095681}, "Label_4": {"Optimal Threshold": 0.03716248646378517, "Accuracy": 0.9618008185538881, "Sensitivity": 0.8333333333333334, "Specificity": 0.9628610729023384, "AUC": 0.9151765245300321}, "Label_5": {"Optimal Threshold": 0.0009973495034500957, "Accuracy": 0.6984993178717599, "Sensitivity": 1.0, "Specificity": 0.6968449931412894, "AUC": 0.8984910836762688}, "Label_6": {"Optimal Threshold": 0.026623301208019257, "Accuracy": 0.9454297407912687, "Sensitivity": 1.0, "Specificity": 0.9448275862068966, "AUC": 0.9763793103448276}, "Label_7": {"Optimal Threshold": 0.06691868603229523, "Accuracy": 0.9590723055934516, "Sensitivity": 0.9076923076923077, "Specificity": 0.9640718562874252, "AUC": 0.980792261630585}, "Label_8": {"Optimal Threshold": 0.015692273154854774, "Accuracy": 0.922237380627558, "Sensitivity": 1.0, "Specificity": 0.9213793103448276, "AUC": 0.9768965517241379}, "Label_9": {"Optimal Threshold": 0.1392684429883957, "Accuracy": 0.9577080491132333, "Sensitivity": 0.9, "Specificity": 0.9601706970128022, "AUC": 0.9735419630156472}, "Label_10": {"Optimal Threshold": 0.019693395122885704, "Accuracy": 0.8321964529331515, "Sensitivity": 1.0, "Specificity": 0.8294036061026352, "AUC": 0.9512251502542765}, "Label_11": {"Optimal Threshold": 0.02264450490474701, "Accuracy": 0.9304229195088677, "Sensitivity": 1.0, "Specificity": 0.9288702928870293, "AUC": 0.983002092050209}, "Label_12": {"Optimal Threshold": 0.15272222459316254, "Accuracy": 0.8922237380627558, "Sensitivity": 0.7547169811320755, "Specificity": 0.9029411764705882, "AUC": 0.8975860155382908}, "Overall": {"Accuracy": 0.9066009025081331, "Sensitivity": 0.9310980501201187, "Specificity": 0.9062964360379155, "AUC": 0.9575654352990952}}, "label_names": [[4, 3, 11, 1, 10, 2, 5, 9], [4, 3, 11, 0, 6, 8, 12, 7]]}