{"shared_labels": 3, "perf": [0.09494306892156601, 0.9722651243209839], "metrics": {"Label_0": {"Optimal Threshold": 0.062103271484375, "Accuracy": 0.8840381991814461, "Sensitivity": 0.8840579710144928, "Specificity": 0.8840361445783133, "AUC": 0.9572856643967174}, "Label_1": {"Optimal Threshold": 0.04195750132203102, "Accuracy": 0.9140518417462483, "Sensitivity": 0.9482758620689655, "Specificity": 0.9111111111111111, "AUC": 0.9794636015325671}, "Label_2": {"Optimal Threshold": 0.4310663044452667, "Accuracy": 0.9195088676671214, "Sensitivity": 0.9035087719298246, "Specificity": 0.9267326732673268, "AUC": 0.9718516588500955}, "Label_3": {"Optimal Threshold": 0.4426000416278839, "Accuracy": 0.931787175989086, "Sensitivity": 0.9095022624434389, "Specificity": 0.94140625, "AUC": 0.9738670107466063}, "Label_4": {"Optimal Threshold": 0.0019197399960830808, "Accuracy": 0.8335607094133697, "Sensitivity": 1.0, "Specificity": 0.8319559228650137, "AUC": 0.967335694608422}, "Label_5": {"Optimal Threshold": 0.00039680302143096924, "Accuracy": 0.7694406548431105, "Sensitivity": 1.0, "Specificity": 0.7678571428571429, "AUC": 0.895054945054945}, "Label_6": {"Optimal Threshold": 0.014934482052922249, "Accuracy": 0.8963165075034106, "Sensitivity": 0.9090909090909091, "Specificity": 0.8961218836565097, "AUC": 0.9478720725258122}, "Label_7": {"Optimal Threshold": 0.04920322448015213, "Accuracy": 0.9618008185538881, "Sensitivity": 1.0, "Specificity": 0.9582712369597616, "AUC": 0.9908177491466756}, "Label_8": {"Optimal Threshold": 0.003809686517342925, "Accuracy": 0.8799454297407913, "Sensitivity": 1.0, "Specificity": 0.8796169630642955, "AUC": 0.8844049247606018}, "Label_9": {"Optimal Threshold": 0.01966339536011219, "Accuracy": 0.8799454297407913, "Sensitivity": 0.96875, "Specificity": 0.8758915834522111, "AUC": 0.9503388017118402}, "Label_10": {"Optimal Threshold": 0.008067243732511997, "Accuracy": 0.7271487039563438, "Sensitivity": 0.9444444444444444, "Specificity": 0.7216783216783217, "AUC": 0.8792540792540792}, "Label_11": {"Optimal Threshold": 0.004760874435305595, "Accuracy": 0.8281036834924966, "Sensitivity": 1.0, "Specificity": 0.8237762237762237, "AUC": 0.951981351981352}, "Label_12": {"Optimal Threshold": 0.0626874640583992, "Accuracy": 0.8308321964529332, "Sensitivity": 0.9019607843137255, "Specificity": 0.8255131964809385, "AUC": 0.9352826174458053}, "Overall": {"Accuracy": 0.8658830937139259, "Sensitivity": 0.9515070004081386, "Specificity": 0.8649206656728592, "AUC": 0.9449853978473477}}, "label_names": [[8, 9, 4, 11, 0, 12, 1, 3], [8, 9, 4, 7, 6, 5, 10, 2]]}