{"shared_labels": 4, "perf": [0.08789774775505066, 0.9773570895195007], "metrics": {"Label_0": {"Optimal Threshold": 0.08512366563081741, "Accuracy": 0.9208731241473397, "Sensitivity": 0.8840579710144928, "Specificity": 0.9246987951807228, "AUC": 0.9660598917408766}, "Label_1": {"Optimal Threshold": 0.0732959434390068, "Accuracy": 0.9399727148703957, "Sensitivity": 0.9827586206896551, "Specificity": 0.9362962962962963, "AUC": 0.9904214559386973}, "Label_2": {"Optimal Threshold": 0.41285648941993713, "Accuracy": 0.927694406548431, "Sensitivity": 0.9035087719298246, "Specificity": 0.9386138613861386, "AUC": 0.971200277922529}, "Label_3": {"Optimal Threshold": 0.5069964528083801, "Accuracy": 0.9331514324693042, "Sensitivity": 0.9140271493212669, "Specificity": 0.94140625, "AUC": 0.9727888150452488}, "Label_4": {"Optimal Threshold": 0.009164723567664623, "Accuracy": 0.8840381991814461, "Sensitivity": 1.0, "Specificity": 0.8829201101928374, "AUC": 0.9730421094057458}, "Label_5": {"Optimal Threshold": 0.039328038692474365, "Accuracy": 0.9427012278308322, "Sensitivity": 0.8, "Specificity": 0.9436813186813187, "AUC": 0.9274725274725275}, "Label_6": {"Optimal Threshold": 0.007593103218823671, "Accuracy": 0.8512960436562074, "Sensitivity": 1.0, "Specificity": 0.8490304709141274, "AUC": 0.9661294384286074}, "Label_7": {"Optimal Threshold": 0.1000034511089325, "Accuracy": 0.9672578444747613, "Sensitivity": 1.0, "Specificity": 0.9642324888226528, "AUC": 0.9934137781837411}, "Label_8": {"Optimal Threshold": 0.0028058087918907404, "Accuracy": 0.762619372442019, "Sensitivity": 1.0, "Specificity": 0.761969904240766, "AUC": 0.79890560875513}, "Label_9": {"Optimal Threshold": 0.057636916637420654, "Accuracy": 0.9058663028649386, "Sensitivity": 0.90625, "Specificity": 0.905848787446505, "AUC": 0.9543955064194009}, "Label_10": {"Optimal Threshold": 0.015300418250262737, "Accuracy": 0.7789904502046384, "Sensitivity": 0.9444444444444444, "Specificity": 0.7748251748251749, "AUC": 0.9261849261849262}, "Label_11": {"Optimal Threshold": 0.017541198059916496, "Accuracy": 0.9236016371077762, "Sensitivity": 1.0, "Specificity": 0.9216783216783216, "AUC": 0.9837606837606838}, "Label_12": {"Optimal Threshold": 0.07643799483776093, "Accuracy": 0.8485675306957708, "Sensitivity": 0.7843137254901961, "Specificity": 0.8533724340175953, "AUC": 0.9020182853199931}, "Overall": {"Accuracy": 0.89127925280722, "Sensitivity": 0.9322585140684525, "Specificity": 0.8921980164371122, "AUC": 0.9481379465060082}}, "label_names": [[7, 8, 11, 10, 6, 2, 1, 9, 5], [7, 8, 11, 10, 12, 3, 4, 0]]}