{"shared_labels": 4, "perf": [0.08885186910629272, 0.9777852296829224], "metrics": {"Label_0": {"Optimal Threshold": 0.05341489985585213, "Accuracy": 0.8990450204638472, "Sensitivity": 0.8850574712643678, "Specificity": 0.9009287925696594, "AUC": 0.9547524999110352}, "Label_1": {"Optimal Threshold": 0.21618345379829407, "Accuracy": 0.9672578444747613, "Sensitivity": 0.9117647058823529, "Specificity": 0.9729323308270676, "AUC": 0.9808712958867757}, "Label_2": {"Optimal Threshold": 0.1259661465883255, "Accuracy": 0.8935879945429741, "Sensitivity": 0.944206008583691, "Specificity": 0.87, "AUC": 0.9707811158798284}, "Label_3": {"Optimal Threshold": 0.3660014867782593, "Accuracy": 0.9181446111869032, "Sensitivity": 0.8828828828828829, "Specificity": 0.9334637964774951, "AUC": 0.9707868338005324}, "Label_4": {"Optimal Threshold": 0.012705696746706963, "Accuracy": 0.9263301500682128, "Sensitivity": 1.0, "Specificity": 0.9257221458046767, "AUC": 0.9855570839064649}, "Label_5": {"Optimal Threshold": 0.03163572773337364, "Accuracy": 0.946793997271487, "Sensitivity": 1.0, "Specificity": 0.9465020576131687, "AUC": 0.9749657064471879}, "Label_6": {"Optimal Threshold": 0.04084067791700363, "Accuracy": 0.9549795361527967, "Sensitivity": 1.0, "Specificity": 0.9546079779917469, "AUC": 0.9876203576341127}, "Label_7": {"Optimal Threshold": 0.05251945182681084, "Accuracy": 0.9522510231923602, "Sensitivity": 0.9850746268656716, "Specificity": 0.948948948948949, "AUC": 0.993792299762449}, "Label_8": {"Optimal Threshold": 0.011252702213823795, "Accuracy": 0.9290586630286494, "Sensitivity": 1.0, "Specificity": 0.928374655647383, "AUC": 0.9693034238488785}, "Label_9": {"Optimal Threshold": 0.033220916986465454, "Accuracy": 0.897680763983629, "Sensitivity": 0.96, "Specificity": 0.8954802259887006, "AUC": 0.9699435028248587}, "Label_10": {"Optimal Threshold": 0.03244706243276596, "Accuracy": 0.8813096862210096, "Sensitivity": 0.7692307692307693, "Specificity": 0.8833333333333333, "AUC": 0.8854700854700855}, "Label_11": {"Optimal Threshold": 0.03306884691119194, "Accuracy": 0.9549795361527967, "Sensitivity": 1.0, "Specificity": 0.9539748953974896, "AUC": 0.9869246861924685}, "Label_12": {"Optimal Threshold": 0.050198089331388474, "Accuracy": 0.8458390177353342, "Sensitivity": 0.9056603773584906, "Specificity": 0.8411764705882353, "AUC": 0.9209489456159823}, "Overall": {"Accuracy": 0.9205582957288279, "Sensitivity": 0.9418366801590943, "Specificity": 0.9196496639375312, "AUC": 0.9655167567062045}}, "label_names": [[7, 4, 11, 6, 9, 8, 1, 0, 10], [7, 4, 11, 6, 2, 5, 3, 12]]}