{"shared_labels": 1, "perf": [0.09441126883029938, 0.97181636095047], "metrics": {"Label_0": {"Optimal Threshold": 0.030377166345715523, "Accuracy": 0.9249658935879945, "Sensitivity": 0.958904109589041, "Specificity": 0.9212121212121213, "AUC": 0.9820672478206725}, "Label_1": {"Optimal Threshold": 0.008420733734965324, "Accuracy": 0.9004092769440655, "Sensitivity": 0.9850746268656716, "Specificity": 0.8918918918918919, "AUC": 0.98532114203756}, "Label_2": {"Optimal Threshold": 0.13288727402687073, "Accuracy": 0.9113233287858117, "Sensitivity": 0.9248826291079812, "Specificity": 0.9057692307692308, "AUC": 0.9667569519682196}, "Label_3": {"Optimal Threshold": 0.14913837611675262, "Accuracy": 0.9045020463847203, "Sensitivity": 0.9371980676328503, "Specificity": 0.8916349809885932, "AUC": 0.9696001175584578}, "Label_4": {"Optimal Threshold": 0.011273188516497612, "Accuracy": 0.9154160982264665, "Sensitivity": 0.8333333333333334, "Specificity": 0.9160935350756534, "AUC": 0.9069234296194406}, "Label_5": {"Optimal Threshold": 0.00335319503210485, "Accuracy": 0.7994542974079127, "Sensitivity": 1.0, "Specificity": 0.7983539094650206, "AUC": 0.9290123456790125}, "Label_6": {"Optimal Threshold": 0.0065126060508191586, "Accuracy": 0.8717598908594816, "Sensitivity": 1.0, "Specificity": 0.8703448275862069, "AUC": 0.9505172413793103}, "Label_7": {"Optimal Threshold": 0.04178342595696449, "Accuracy": 0.9195088676671214, "Sensitivity": 0.9692307692307692, "Specificity": 0.9146706586826348, "AUC": 0.9822662367572547}, "Label_8": {"Optimal Threshold": 0.040101367980241776, "Accuracy": 0.9768076398362893, "Sensitivity": 1.0, "Specificity": 0.976551724137931, "AUC": 0.9893103448275862}, "Label_9": {"Optimal Threshold": 0.06728415936231613, "Accuracy": 0.937244201909959, "Sensitivity": 0.9, "Specificity": 0.9388335704125178, "AUC": 0.9701280227596017}, "Label_10": {"Optimal Threshold": 0.039855070412158966, "Accuracy": 0.8949522510231923, "Sensitivity": 0.9166666666666666, "Specificity": 0.8945908460471568, "AUC": 0.9470642625982432}, "Label_11": {"Optimal Threshold": 0.014175944961607456, "Accuracy": 0.9181446111869032, "Sensitivity": 0.9375, "Specificity": 0.9177126917712691, "AUC": 0.9656555090655509}, "Label_12": {"Optimal Threshold": 0.05931343510746956, "Accuracy": 0.800818553888131, "Sensitivity": 0.8490566037735849, "Specificity": 0.7970588235294118, "AUC": 0.9044950055493896}, "Overall": {"Accuracy": 0.8981005352083115, "Sensitivity": 0.9393728312461461, "Specificity": 0.8949783701207414, "AUC": 0.9576244505861767}}, "label_names": [[0, 3, 5, 12, 6, 7, 1], [0, 8, 2, 11, 10, 4, 9]]}