{"shared_labels": 9, "perf": [0.09675879031419754, 0.9741105437278748], "metrics": {"Label_0": {"Optimal Threshold": 0.0433100126683712, "Accuracy": 0.8540245566166439, "Sensitivity": 0.9418604651162791, "Specificity": 0.8423493044822257, "AUC": 0.9555371841414758}, "Label_1": {"Optimal Threshold": 0.08954216539859772, "Accuracy": 0.946793997271487, "Sensitivity": 0.9305555555555556, "Specificity": 0.9485627836611196, "AUC": 0.9843250966549}, "Label_2": {"Optimal Threshold": 0.307919442653656, "Accuracy": 0.91268758526603, "Sensitivity": 0.9090909090909091, "Specificity": 0.9144602851323829, "AUC": 0.9619430745148205}, "Label_3": {"Optimal Threshold": 0.20225515961647034, "Accuracy": 0.9167803547066848, "Sensitivity": 0.9141630901287554, "Specificity": 0.918, "AUC": 0.9656137339055795}, "Label_4": {"Optimal Threshold": 0.014828229323029518, "Accuracy": 0.9263301500682128, "Sensitivity": 0.9090909090909091, "Specificity": 0.9265927977839336, "AUC": 0.9667590027700832}, "Label_5": {"Optimal Threshold": 0.0004091124574188143, "Accuracy": 0.654843110504775, "Sensitivity": 1.0, "Specificity": 0.6529492455418381, "AUC": 0.8820301783264747}, "Label_6": {"Optimal Threshold": 0.08898477256298065, "Accuracy": 0.9972714870395635, "Sensitivity": 1.0, "Specificity": 0.9972640218878249, "AUC": 0.9979480164158687}, "Label_7": {"Optimal Threshold": 0.14341092109680176, "Accuracy": 0.9768076398362893, "Sensitivity": 0.9473684210526315, "Specificity": 0.9792899408284024, "AUC": 0.9854406726876362}, "Label_8": {"Optimal Threshold": 0.0023744215723127127, "Accuracy": 0.8581173260572987, "Sensitivity": 1.0, "Specificity": 0.8573388203017832, "AUC": 0.960562414266118}, "Label_9": {"Optimal Threshold": 0.018117481842637062, "Accuracy": 0.8635743519781719, "Sensitivity": 1.0, "Specificity": 0.8581560283687943, "AUC": 0.9732522796352584}, "Label_10": {"Optimal Threshold": 0.016436362639069557, "Accuracy": 0.8281036834924966, "Sensitivity": 0.8, "Specificity": 0.8286908077994429, "AUC": 0.8929433611884866}, "Label_11": {"Optimal Threshold": 0.036678917706012726, "Accuracy": 0.9645293315143247, "Sensitivity": 0.9444444444444444, "Specificity": 0.965034965034965, "AUC": 0.9847707847707847}, "Label_12": {"Optimal Threshold": 0.1271621137857437, "Accuracy": 0.9004092769440655, "Sensitivity": 0.8166666666666667, "Specificity": 0.9078751857355126, "AUC": 0.915279841505696}, "Overall": {"Accuracy": 0.8923286808689265, "Sensitivity": 0.9317877277804733, "Specificity": 0.8920433989660174, "AUC": 0.9558773569833215}}, "label_names": [[0, 1, 5, 12, 7, 9, 4, 11, 10, 6, 2], [0, 1, 5, 12, 7, 9, 4, 11, 10, 3, 8]]}