{"shared_labels": 8, "perf": [0.09309018403291702, 0.9755856990814209], "metrics": {"Label_0": {"Optimal Threshold": 0.10451410710811615, "Accuracy": 0.9072305593451568, "Sensitivity": 0.8928571428571429, "Specificity": 0.9090909090909091, "AUC": 0.9498495854428057}, "Label_1": {"Optimal Threshold": 0.33617135882377625, "Accuracy": 0.9768076398362893, "Sensitivity": 0.9178082191780822, "Specificity": 0.9833333333333333, "AUC": 0.9858862598588627}, "Label_2": {"Optimal Threshold": 0.19013497233390808, "Accuracy": 0.9195088676671214, "Sensitivity": 0.9387755102040817, "Specificity": 0.9098360655737705, "AUC": 0.9769655403144865}, "Label_3": {"Optimal Threshold": 0.3930775821208954, "Accuracy": 0.9331514324693042, "Sensitivity": 0.8947368421052632, "Specificity": 0.9526748971193416, "AUC": 0.9792989120474501}, "Label_4": {"Optimal Threshold": 0.02254130132496357, "Accuracy": 0.897680763983629, "Sensitivity": 1.0, "Specificity": 0.8966942148760331, "AUC": 0.9797323888232979}, "Label_5": {"Optimal Threshold": 0.011732044629752636, "Accuracy": 0.8990450204638472, "Sensitivity": 0.8571428571428571, "Specificity": 0.8994490358126722, "AUC": 0.9370326643053916}, "Label_6": {"Optimal Threshold": 0.027552394196391106, "Accuracy": 0.9413369713506139, "Sensitivity": 1.0, "Specificity": 0.9404432132963989, "AUC": 0.9782170737849407}, "Label_7": {"Optimal Threshold": 0.16788604855537415, "Accuracy": 0.9699863574351978, "Sensitivity": 0.921875, "Specificity": 0.9745889387144993, "AUC": 0.9851457399103138}, "Label_8": {"Optimal Threshold": 0.05459043011069298, "Accuracy": 0.975443383356071, "Sensitivity": 1.0, "Specificity": 0.9753424657534246, "AUC": 0.9872146118721461}, "Label_9": {"Optimal Threshold": 0.062096692621707916, "Accuracy": 0.9099590723055935, "Sensitivity": 0.85, "Specificity": 0.9134199134199135, "AUC": 0.94505772005772}, "Label_10": {"Optimal Threshold": 0.017819169908761978, "Accuracy": 0.7844474761255116, "Sensitivity": 1.0, "Specificity": 0.7796373779637378, "AUC": 0.9358437935843794}, "Label_11": {"Optimal Threshold": 0.06089947372674942, "Accuracy": 0.9549795361527967, "Sensitivity": 0.8947368421052632, "Specificity": 0.9565826330532213, "AUC": 0.9568037741412354}, "Label_12": {"Optimal Threshold": 0.06589712202548981, "Accuracy": 0.8294679399727148, "Sensitivity": 0.8793103448275862, "Specificity": 0.8251851851851851, "AUC": 0.9313409961685823}, "Overall": {"Accuracy": 0.9153111554202957, "Sensitivity": 0.9267109814169443, "Specificity": 0.9166367833224954, "AUC": 0.9637222354085856}}, "label_names": [[2, 1, 10, 7, 3, 8, 6, 12, 9, 4, 0], [2, 1, 10, 7, 3, 8, 6, 12, 5, 11]]}