{"shared_labels": 4, "perf": [0.09196120500564575, 0.9772969484329224], "metrics": {"Label_0": {"Optimal Threshold": 0.11748281121253967, "Accuracy": 0.9181446111869032, "Sensitivity": 0.9032258064516129, "Specificity": 0.9203125, "AUC": 0.9686155913978495}, "Label_1": {"Optimal Threshold": 0.4593872129917145, "Accuracy": 0.9768076398362893, "Sensitivity": 0.9333333333333333, "Specificity": 0.9817629179331308, "AUC": 0.9887335359675785}, "Label_2": {"Optimal Threshold": 0.4964224100112915, "Accuracy": 0.931787175989086, "Sensitivity": 0.8853754940711462, "Specificity": 0.95625, "AUC": 0.9729907773386034}, "Label_3": {"Optimal Threshold": 0.35240769386291504, "Accuracy": 0.9304229195088677, "Sensitivity": 0.9090909090909091, "Specificity": 0.9409368635437881, "AUC": 0.9737927319856592}, "Label_4": {"Optimal Threshold": 0.0006745029240846634, "Accuracy": 0.7708049113233287, "Sensitivity": 0.9, "Specificity": 0.7690179806362379, "AUC": 0.8839557399723375}, "Label_5": {"Optimal Threshold": 0.022586887702345848, "Accuracy": 0.9331514324693042, "Sensitivity": 0.8571428571428571, "Specificity": 0.9338842975206612, "AUC": 0.9299488390397481}, "Label_6": {"Optimal Threshold": 0.08191537857055664, "Accuracy": 0.9809004092769441, "Sensitivity": 1.0, "Specificity": 0.9807692307692307, "AUC": 0.9898351648351648}, "Label_7": {"Optimal Threshold": 0.11663901805877686, "Accuracy": 0.9577080491132333, "Sensitivity": 0.9365079365079365, "Specificity": 0.9597014925373134, "AUC": 0.983629471689173}, "Label_8": {"Optimal Threshold": 0.0031888189259916544, "Accuracy": 0.8949522510231923, "Sensitivity": 1.0, "Specificity": 0.8940852819807428, "AUC": 0.9642365887207703}, "Label_9": {"Optimal Threshold": 0.0849216878414154, "Accuracy": 0.9536152796725784, "Sensitivity": 0.8846153846153846, "Specificity": 0.9561527581329562, "AUC": 0.9699162223914699}, "Label_10": {"Optimal Threshold": 0.0416264608502388, "Accuracy": 0.9099590723055935, "Sensitivity": 0.8461538461538461, "Specificity": 0.9111111111111111, "AUC": 0.9346153846153846}, "Label_11": {"Optimal Threshold": 0.021075623109936714, "Accuracy": 0.9263301500682128, "Sensitivity": 1.0, "Specificity": 0.9245810055865922, "AUC": 0.9806112389089714}, "Label_12": {"Optimal Threshold": 0.15526200830936432, "Accuracy": 0.888130968622101, "Sensitivity": 0.7962962962962963, "Specificity": 0.8954344624447718, "AUC": 0.9275895925380462}, "Overall": {"Accuracy": 0.92097806695351, "Sensitivity": 0.9116724510510248, "Specificity": 0.9249230693997337, "AUC": 0.959113144569289}}, "label_names": [[2, 1, 8, 10, 11, 7, 12, 0, 9], [2, 1, 8, 10, 4, 3, 5, 6]]}