{"shared_labels": 4, "perf": [0.0880010575056076, 0.9770559072494507], "metrics": {"Label_0": {"Optimal Threshold": 0.03546126186847687, "Accuracy": 0.9072305593451568, "Sensitivity": 0.9130434782608695, "Specificity": 0.9066265060240963, "AUC": 0.9613453815261044}, "Label_1": {"Optimal Threshold": 0.15213829278945923, "Accuracy": 0.931787175989086, "Sensitivity": 0.9655172413793104, "Specificity": 0.9288888888888889, "AUC": 0.9888633461047254}, "Label_2": {"Optimal Threshold": 0.217961385846138, "Accuracy": 0.922237380627558, "Sensitivity": 0.9298245614035088, "Specificity": 0.9188118811881189, "AUC": 0.9715563661629321}, "Label_3": {"Optimal Threshold": 0.24408817291259766, "Accuracy": 0.9236016371077762, "Sensitivity": 0.9411764705882353, "Specificity": 0.916015625, "AUC": 0.9763769089366516}, "Label_4": {"Optimal Threshold": 0.0008831779705360532, "Accuracy": 0.7776261937244202, "Sensitivity": 1.0, "Specificity": 0.7754820936639119, "AUC": 0.9512003148366784}, "Label_5": {"Optimal Threshold": 0.048991456627845764, "Accuracy": 0.9699863574351978, "Sensitivity": 0.8, "Specificity": 0.9711538461538461, "AUC": 0.9321428571428572}, "Label_6": {"Optimal Threshold": 0.01496562547981739, "Accuracy": 0.9304229195088677, "Sensitivity": 1.0, "Specificity": 0.9293628808864266, "AUC": 0.9793502895995971}, "Label_7": {"Optimal Threshold": 0.11269086599349976, "Accuracy": 0.956343792633015, "Sensitivity": 1.0, "Specificity": 0.9523099850968704, "AUC": 0.9918994279121197}, "Label_8": {"Optimal Threshold": 0.001321400050073862, "Accuracy": 0.7694406548431105, "Sensitivity": 1.0, "Specificity": 0.7688098495212038, "AUC": 0.8399452804377565}, "Label_9": {"Optimal Threshold": 0.02600105293095112, "Accuracy": 0.888130968622101, "Sensitivity": 0.96875, "Specificity": 0.884450784593438, "AUC": 0.951052068473609}, "Label_10": {"Optimal Threshold": 0.01118001900613308, "Accuracy": 0.791268758526603, "Sensitivity": 0.9444444444444444, "Specificity": 0.7874125874125875, "AUC": 0.9125097125097125}, "Label_11": {"Optimal Threshold": 0.014193586073815823, "Accuracy": 0.8731241473396999, "Sensitivity": 1.0, "Specificity": 0.8699300699300699, "AUC": 0.9742035742035743}, "Label_12": {"Optimal Threshold": 0.0302706528455019, "Accuracy": 0.8035470668485676, "Sensitivity": 0.9803921568627451, "Specificity": 0.7903225806451613, "AUC": 0.9513541486976023}, "Overall": {"Accuracy": 0.8803652009654738, "Sensitivity": 0.9571652579183934, "Specificity": 0.8768905830003555, "AUC": 0.952446128964917}}, "label_names": [[9, 6, 12, 3, 11, 1, 8, 4, 10], [9, 6, 12, 3, 7, 2, 5, 0]]}