{"shared_labels": 13, "perf": [0.09394427388906479, 0.9746977090835571], "metrics": {"Label_0": {"Optimal Threshold": 0.02304799295961857, "Accuracy": 0.8744884038199181, "Sensitivity": 0.8695652173913043, "Specificity": 0.875, "AUC": 0.9496245852977125}, "Label_1": {"Optimal Threshold": 0.07928723841905594, "Accuracy": 0.9590723055934516, "Sensitivity": 0.8909090909090909, "Specificity": 0.9646017699115044, "AUC": 0.9814159292035398}, "Label_2": {"Optimal Threshold": 0.6955527663230896, "Accuracy": 0.9386084583901774, "Sensitivity": 0.9034749034749034, "Specificity": 0.9578059071729957, "AUC": 0.9773471482332242}, "Label_3": {"Optimal Threshold": 0.4037257432937622, "Accuracy": 0.9290586630286494, "Sensitivity": 0.9566929133858267, "Specificity": 0.9144050104384134, "AUC": 0.9771916558446896}, "Label_4": {"Optimal Threshold": 0.01915379986166954, "Accuracy": 0.937244201909959, "Sensitivity": 0.8888888888888888, "Specificity": 0.9378453038674033, "AUC": 0.9447513812154695}, "Label_5": {"Optimal Threshold": 0.05034591257572174, "Accuracy": 0.9577080491132333, "Sensitivity": 0.8571428571428571, "Specificity": 0.9586776859504132, "AUC": 0.9496261314443133}, "Label_6": {"Optimal Threshold": 0.017768494784832, "Accuracy": 0.8894952251023193, "Sensitivity": 1.0, "Specificity": 0.8884297520661157, "AUC": 0.9704840613931524}, "Label_7": {"Optimal Threshold": 0.23795343935489655, "Accuracy": 0.9781718963165075, "Sensitivity": 0.96875, "Specificity": 0.9790732436472347, "AUC": 0.9900037369207773}, "Label_8": {"Optimal Threshold": 0.00827035028487444, "Accuracy": 0.9181446111869032, "Sensitivity": 1.0, "Specificity": 0.91701244813278, "AUC": 0.9846473029045643}, "Label_9": {"Optimal Threshold": 0.01998063363134861, "Accuracy": 0.869031377899045, "Sensitivity": 0.9444444444444444, "Specificity": 0.8651362984218077, "AUC": 0.9454806312769011}, "Label_10": {"Optimal Threshold": 0.04611322656273842, "Accuracy": 0.897680763983629, "Sensitivity": 0.8571428571428571, "Specificity": 0.8984700973574409, "AUC": 0.9089012517385258}, "Label_11": {"Optimal Threshold": 0.026384182274341583, "Accuracy": 0.9440654843110505, "Sensitivity": 1.0, "Specificity": 0.9429763560500696, "AUC": 0.982614742698192}, "Label_12": {"Optimal Threshold": 0.057026561349630356, "Accuracy": 0.8649386084583902, "Sensitivity": 0.8421052631578947, "Specificity": 0.8668639053254438, "AUC": 0.9053513962420845}, "Overall": {"Accuracy": 0.9198236960856333, "Sensitivity": 0.9214704950721591, "Specificity": 0.9204844444878171, "AUC": 0.9590338426471651}}, "label_names": [[11, 3, 7, 4, 2, 8, 0, 5, 6, 9, 12, 10, 1], [11, 3, 7, 4, 2, 8, 0, 5, 6, 9, 12, 10, 1]]}