{"shared_labels": 13, "perf": [0.08630107343196869, 0.9753515124320984], "metrics": {"Label_0": {"Optimal Threshold": 0.04009565711021423, "Accuracy": 0.9004092769440655, "Sensitivity": 0.927536231884058, "Specificity": 0.8975903614457831, "AUC": 0.9708180548280078}, "Label_1": {"Optimal Threshold": 0.0375809445977211, "Accuracy": 0.9440654843110505, "Sensitivity": 0.9655172413793104, "Specificity": 0.9422222222222222, "AUC": 0.9887611749680715}, "Label_2": {"Optimal Threshold": 0.38628312945365906, "Accuracy": 0.9304229195088677, "Sensitivity": 0.9122807017543859, "Specificity": 0.9386138613861386, "AUC": 0.9730849400729547}, "Label_3": {"Optimal Threshold": 0.3062191307544708, "Accuracy": 0.9331514324693042, "Sensitivity": 0.9276018099547512, "Specificity": 0.935546875, "AUC": 0.9760941035067874}, "Label_4": {"Optimal Threshold": 0.003116944106295705, "Accuracy": 0.8335607094133697, "Sensitivity": 1.0, "Specificity": 0.8319559228650137, "AUC": 0.9659582841401023}, "Label_5": {"Optimal Threshold": 0.0028903204947710037, "Accuracy": 0.7953615279672579, "Sensitivity": 1.0, "Specificity": 0.7939560439560439, "AUC": 0.948076923076923}, "Label_6": {"Optimal Threshold": 0.021333223208785057, "Accuracy": 0.9454297407912687, "Sensitivity": 0.9090909090909091, "Specificity": 0.945983379501385, "AUC": 0.9722991689750692}, "Label_7": {"Optimal Threshold": 0.1895303577184677, "Accuracy": 0.975443383356071, "Sensitivity": 1.0, "Specificity": 0.9731743666169895, "AUC": 0.9939425989135138}, "Label_8": {"Optimal Threshold": 0.001789036556147039, "Accuracy": 0.7994542974079127, "Sensitivity": 1.0, "Specificity": 0.79890560875513, "AUC": 0.8303693570451436}, "Label_9": {"Optimal Threshold": 0.021839387714862823, "Accuracy": 0.897680763983629, "Sensitivity": 0.9375, "Specificity": 0.8958630527817404, "AUC": 0.952968972895863}, "Label_10": {"Optimal Threshold": 0.0035036231856793165, "Accuracy": 0.679399727148704, "Sensitivity": 1.0, "Specificity": 0.6713286713286714, "AUC": 0.9005439005439005}, "Label_11": {"Optimal Threshold": 0.015662863850593567, "Accuracy": 0.9454297407912687, "Sensitivity": 0.9444444444444444, "Specificity": 0.9454545454545454, "AUC": 0.9742812742812743}, "Label_12": {"Optimal Threshold": 0.17082417011260986, "Accuracy": 0.9236016371077762, "Sensitivity": 0.7647058823529411, "Specificity": 0.9354838709677419, "AUC": 0.9372664021620378}, "Overall": {"Accuracy": 0.8848777416308112, "Sensitivity": 0.9452828631431386, "Specificity": 0.8850829832524157, "AUC": 0.9526511658007422}}, "label_names": [[1, 6, 10, 0, 5, 3, 7, 2, 8, 4, 11, 9, 12], [1, 6, 10, 0, 5, 3, 7, 2, 8, 4, 11, 9, 12]]}