{"shared_labels": 8, "perf": [0.0914769098162651, 0.9747206568717957], "metrics": {"Label_0": {"Optimal Threshold": 0.10585331916809082, "Accuracy": 0.9454297407912687, "Sensitivity": 0.855072463768116, "Specificity": 0.9548192771084337, "AUC": 0.9692028985507246}, "Label_1": {"Optimal Threshold": 0.03282967954874039, "Accuracy": 0.9440654843110505, "Sensitivity": 0.9482758620689655, "Specificity": 0.9437037037037037, "AUC": 0.98727969348659}, "Label_2": {"Optimal Threshold": 0.3921515643596649, "Accuracy": 0.9208731241473397, "Sensitivity": 0.9385964912280702, "Specificity": 0.9128712871287129, "AUC": 0.9730154594406809}, "Label_3": {"Optimal Threshold": 0.3062320649623871, "Accuracy": 0.9154160982264665, "Sensitivity": 0.9547511312217195, "Specificity": 0.8984375, "AUC": 0.9759792138009049}, "Label_4": {"Optimal Threshold": 0.028274893760681152, "Accuracy": 0.9263301500682128, "Sensitivity": 0.8571428571428571, "Specificity": 0.9269972451790633, "AUC": 0.9478551751279024}, "Label_5": {"Optimal Threshold": 0.07519492506980896, "Accuracy": 0.9836289222373806, "Sensitivity": 0.8, "Specificity": 0.9848901098901099, "AUC": 0.9337912087912088}, "Label_6": {"Optimal Threshold": 0.01144742127507925, "Accuracy": 0.8744884038199181, "Sensitivity": 1.0, "Specificity": 0.8725761772853186, "AUC": 0.9758247292873332}, "Label_7": {"Optimal Threshold": 0.17113076150417328, "Accuracy": 0.9727148703956344, "Sensitivity": 1.0, "Specificity": 0.970193740685544, "AUC": 0.9935099274073362}, "Label_8": {"Optimal Threshold": 0.0014210565714165568, "Accuracy": 0.703956343792633, "Sensitivity": 1.0, "Specificity": 0.7031463748290013, "AUC": 0.7852257181942545}, "Label_9": {"Optimal Threshold": 0.0965050533413887, "Accuracy": 0.922237380627558, "Sensitivity": 0.84375, "Specificity": 0.9258202567760342, "AUC": 0.9454796718972895}, "Label_10": {"Optimal Threshold": 0.002393397269770503, "Accuracy": 0.592087312414734, "Sensitivity": 1.0, "Specificity": 0.5818181818181818, "AUC": 0.8592074592074592}, "Label_11": {"Optimal Threshold": 0.047029148787260056, "Accuracy": 0.9618008185538881, "Sensitivity": 0.9444444444444444, "Specificity": 0.9622377622377623, "AUC": 0.9807303807303807}, "Label_12": {"Optimal Threshold": 0.1267392337322235, "Accuracy": 0.8417462482946794, "Sensitivity": 0.7843137254901961, "Specificity": 0.8460410557184751, "AUC": 0.8823529411764706}, "Overall": {"Accuracy": 0.8849826844369819, "Sensitivity": 0.9174113057972592, "Specificity": 0.8833502055661803, "AUC": 0.9391888059306566}}, "label_names": [[5, 11, 1, 0, 3, 7, 2, 6, 12, 10, 4], [5, 11, 1, 0, 3, 7, 2, 6, 9, 8]]}