{"shared_labels": 8, "perf": [0.08521494269371033, 0.9788593053817749], "metrics": {"Label_0": {"Optimal Threshold": 0.08923619240522385, "Accuracy": 0.927694406548431, "Sensitivity": 0.9315068493150684, "Specificity": 0.9272727272727272, "AUC": 0.9783520132835202}, "Label_1": {"Optimal Threshold": 0.04316916689276695, "Accuracy": 0.91268758526603, "Sensitivity": 0.9848484848484849, "Specificity": 0.9055472263868066, "AUC": 0.9866884739448458}, "Label_2": {"Optimal Threshold": 0.2397138774394989, "Accuracy": 0.9181446111869032, "Sensitivity": 0.9385245901639344, "Specificity": 0.9079754601226994, "AUC": 0.9712444265647525}, "Label_3": {"Optimal Threshold": 0.24352054297924042, "Accuracy": 0.927694406548431, "Sensitivity": 0.9451476793248945, "Specificity": 0.9193548387096774, "AUC": 0.9745304205798284}, "Label_4": {"Optimal Threshold": 0.0027933898381888866, "Accuracy": 0.8403819918144612, "Sensitivity": 1.0, "Specificity": 0.8379501385041551, "AUC": 0.9569377990430622}, "Label_5": {"Optimal Threshold": 0.007007547188550234, "Accuracy": 0.8608458390177354, "Sensitivity": 1.0, "Specificity": 0.8600823045267489, "AUC": 0.9375857338820301}, "Label_6": {"Optimal Threshold": 0.18636976182460785, "Accuracy": 0.990450204638472, "Sensitivity": 1.0, "Specificity": 0.9904240766073872, "AUC": 0.9938440492476059}, "Label_7": {"Optimal Threshold": 0.23817241191864014, "Accuracy": 0.9768076398362893, "Sensitivity": 0.953125, "Specificity": 0.9790732436472347, "AUC": 0.9875747384155455}, "Label_8": {"Optimal Threshold": 0.005861613899469376, "Accuracy": 0.7503410641200545, "Sensitivity": 1.0, "Specificity": 0.7489711934156379, "AUC": 0.9279835390946501}, "Label_9": {"Optimal Threshold": 0.2487707883119583, "Accuracy": 0.9590723055934516, "Sensitivity": 0.8888888888888888, "Specificity": 0.9617563739376771, "AUC": 0.9692582100514111}, "Label_10": {"Optimal Threshold": 0.04676239565014839, "Accuracy": 0.897680763983629, "Sensitivity": 0.875, "Specificity": 0.898186889818689, "AUC": 0.9366283124128312}, "Label_11": {"Optimal Threshold": 0.11090899258852005, "Accuracy": 0.9727148703956344, "Sensitivity": 1.0, "Specificity": 0.972183588317107, "AUC": 0.985595072521359}, "Label_12": {"Optimal Threshold": 0.10101515054702759, "Accuracy": 0.8854024556616644, "Sensitivity": 0.8636363636363636, "Specificity": 0.8875562218890555, "AUC": 0.9353959383944391}, "Overall": {"Accuracy": 0.9092244726623989, "Sensitivity": 0.9523598350905872, "Specificity": 0.9074103294735079, "AUC": 0.9647399021104525}}, "label_names": [[12, 4, 6, 3, 7, 11, 0, 10, 9, 8, 5], [12, 4, 6, 3, 7, 11, 0, 10, 1, 2]]}