{"shared_labels": 0, "perf": [0.0906313881278038, 0.9749578237533569], "metrics": {"Label_0": {"Optimal Threshold": 0.1273108273744583, "Accuracy": 0.9427012278308322, "Sensitivity": 0.855072463768116, "Specificity": 0.9518072289156626, "AUC": 0.9662345032303126}, "Label_1": {"Optimal Threshold": 0.20432327687740326, "Accuracy": 0.9686221009549796, "Sensitivity": 0.896551724137931, "Specificity": 0.9748148148148148, "AUC": 0.9825542784163473}, "Label_2": {"Optimal Threshold": 0.1575736552476883, "Accuracy": 0.9113233287858117, "Sensitivity": 0.9473684210526315, "Specificity": 0.8950495049504951, "AUC": 0.9721816918533959}, "Label_3": {"Optimal Threshold": 0.652063250541687, "Accuracy": 0.931787175989086, "Sensitivity": 0.9095022624434389, "Specificity": 0.94140625, "AUC": 0.9740791148190046}, "Label_4": {"Optimal Threshold": 0.01924651861190796, "Accuracy": 0.9631650750341064, "Sensitivity": 0.8571428571428571, "Specificity": 0.9641873278236914, "AUC": 0.9515938606847698}, "Label_5": {"Optimal Threshold": 0.05046552047133446, "Accuracy": 0.9781718963165075, "Sensitivity": 0.8, "Specificity": 0.9793956043956044, "AUC": 0.9307692307692308}, "Label_6": {"Optimal Threshold": 0.012670286931097507, "Accuracy": 0.8963165075034106, "Sensitivity": 1.0, "Specificity": 0.8947368421052632, "AUC": 0.9728028204482498}, "Label_7": {"Optimal Threshold": 0.11212123930454254, "Accuracy": 0.9481582537517054, "Sensitivity": 1.0, "Specificity": 0.9433681073025335, "AUC": 0.9922119128888034}, "Label_8": {"Optimal Threshold": 0.0012266074772924185, "Accuracy": 0.8226466575716235, "Sensitivity": 1.0, "Specificity": 0.8221614227086184, "AUC": 0.8481532147742818}, "Label_9": {"Optimal Threshold": 0.026976030319929123, "Accuracy": 0.8840381991814461, "Sensitivity": 0.90625, "Specificity": 0.8830242510699001, "AUC": 0.9454796718972895}, "Label_10": {"Optimal Threshold": 0.012363475747406483, "Accuracy": 0.82537517053206, "Sensitivity": 0.8888888888888888, "Specificity": 0.8237762237762237, "AUC": 0.8880341880341879}, "Label_11": {"Optimal Threshold": 0.026103446260094643, "Accuracy": 0.9154160982264665, "Sensitivity": 0.9444444444444444, "Specificity": 0.9146853146853147, "AUC": 0.9725718725718726}, "Label_12": {"Optimal Threshold": 0.031334467232227325, "Accuracy": 0.7899045020463847, "Sensitivity": 0.9411764705882353, "Specificity": 0.7785923753665689, "AUC": 0.9259674544304525}, "Overall": {"Accuracy": 0.9059712456711093, "Sensitivity": 0.9189536563435803, "Specificity": 0.9051542513780532, "AUC": 0.9478949088321691}}, "label_names": [[0, 10, 4, 3, 12, 9, 5], [7, 2, 1, 8, 11, 6]]}