{"shared_labels": 0, "perf": [0.09688788652420044, 0.9732121229171753], "metrics": {"Label_0": {"Optimal Threshold": 0.18502593040466309, "Accuracy": 0.9399727148703957, "Sensitivity": 0.9178082191780822, "Specificity": 0.9424242424242424, "AUC": 0.9707347447073474}, "Label_1": {"Optimal Threshold": 0.06157253310084343, "Accuracy": 0.9181446111869032, "Sensitivity": 0.9701492537313433, "Specificity": 0.9129129129129129, "AUC": 0.9778808659405674}, "Label_2": {"Optimal Threshold": 0.19590282440185547, "Accuracy": 0.9045020463847203, "Sensitivity": 0.9154929577464789, "Specificity": 0.9, "AUC": 0.964346334416757}, "Label_3": {"Optimal Threshold": 0.2093164026737213, "Accuracy": 0.9085948158253752, "Sensitivity": 0.9371980676328503, "Specificity": 0.8973384030418251, "AUC": 0.9715655480244668}, "Label_4": {"Optimal Threshold": 0.011713764630258083, "Accuracy": 0.9072305593451568, "Sensitivity": 0.8333333333333334, "Specificity": 0.9078404401650619, "AUC": 0.90646492434663}, "Label_5": {"Optimal Threshold": 0.0005082497955299914, "Accuracy": 0.694406548431105, "Sensitivity": 1.0, "Specificity": 0.6927297668038409, "AUC": 0.9032921810699588}, "Label_6": {"Optimal Threshold": 0.02105736918747425, "Accuracy": 0.946793997271487, "Sensitivity": 1.0, "Specificity": 0.9462068965517242, "AUC": 0.9772413793103448}, "Label_7": {"Optimal Threshold": 0.20241545140743256, "Accuracy": 0.9577080491132333, "Sensitivity": 0.9230769230769231, "Specificity": 0.9610778443113772, "AUC": 0.9785812989405804}, "Label_8": {"Optimal Threshold": 0.030549898743629456, "Accuracy": 0.9536152796725784, "Sensitivity": 1.0, "Specificity": 0.953103448275862, "AUC": 0.9808620689655172}, "Label_9": {"Optimal Threshold": 0.10682075470685959, "Accuracy": 0.9495225102319236, "Sensitivity": 0.9, "Specificity": 0.9516358463726885, "AUC": 0.9737316263632053}, "Label_10": {"Optimal Threshold": 0.029618477448821068, "Accuracy": 0.8949522510231923, "Sensitivity": 1.0, "Specificity": 0.8932038834951457, "AUC": 0.9590846047156727}, "Label_11": {"Optimal Threshold": 0.016959287226200104, "Accuracy": 0.9358799454297408, "Sensitivity": 0.9375, "Specificity": 0.9358437935843794, "AUC": 0.9721931659693166}, "Label_12": {"Optimal Threshold": 0.19982904195785522, "Accuracy": 0.8526603001364257, "Sensitivity": 0.8113207547169812, "Specificity": 0.8558823529411764, "AUC": 0.8879300776914539}, "Overall": {"Accuracy": 0.9049218176094029, "Sensitivity": 0.9342984238012302, "Specificity": 0.9038615254523257, "AUC": 0.9556852938816783}}, "label_names": [[3, 5, 8, 7, 12, 9, 4], [10, 0, 2, 1, 11, 6]]}