{"shared_labels": 13, "perf": [0.08985032886266708, 0.9790266156196594], "metrics": {"Label_0": {"Optimal Threshold": 0.06435238569974899, "Accuracy": 0.9358799454297408, "Sensitivity": 0.855072463768116, "Specificity": 0.9442771084337349, "AUC": 0.9687227169547756}, "Label_1": {"Optimal Threshold": 0.019836777821183205, "Accuracy": 0.9331514324693042, "Sensitivity": 0.9655172413793104, "Specificity": 0.9303703703703704, "AUC": 0.9868454661558109}, "Label_2": {"Optimal Threshold": 0.567620038986206, "Accuracy": 0.922237380627558, "Sensitivity": 0.9210526315789473, "Specificity": 0.9227722772277228, "AUC": 0.9731109953100573}, "Label_3": {"Optimal Threshold": 0.6732810735702515, "Accuracy": 0.9345156889495225, "Sensitivity": 0.9140271493212669, "Specificity": 0.943359375, "AUC": 0.9759173501131222}, "Label_4": {"Optimal Threshold": 0.023624233901500702, "Accuracy": 0.9440654843110505, "Sensitivity": 0.8571428571428571, "Specificity": 0.9449035812672176, "AUC": 0.9612357339630067}, "Label_5": {"Optimal Threshold": 0.00607983348891139, "Accuracy": 0.7953615279672579, "Sensitivity": 1.0, "Specificity": 0.7939560439560439, "AUC": 0.9423076923076923}, "Label_6": {"Optimal Threshold": 0.010187678970396519, "Accuracy": 0.8226466575716235, "Sensitivity": 1.0, "Specificity": 0.8199445983379502, "AUC": 0.9613447494333921}, "Label_7": {"Optimal Threshold": 0.1385478973388672, "Accuracy": 0.9699863574351978, "Sensitivity": 1.0, "Specificity": 0.9672131147540983, "AUC": 0.993533964713235}, "Label_8": {"Optimal Threshold": 0.006824041251093149, "Accuracy": 0.8308321964529332, "Sensitivity": 1.0, "Specificity": 0.8303693570451436, "AUC": 0.8768809849521203}, "Label_9": {"Optimal Threshold": 0.04703071713447571, "Accuracy": 0.9058663028649386, "Sensitivity": 0.90625, "Specificity": 0.905848787446505, "AUC": 0.9455688302425107}, "Label_10": {"Optimal Threshold": 0.023059722036123276, "Accuracy": 0.7953615279672579, "Sensitivity": 0.8888888888888888, "Specificity": 0.793006993006993, "AUC": 0.9013209013209014}, "Label_11": {"Optimal Threshold": 0.028448525816202164, "Accuracy": 0.922237380627558, "Sensitivity": 1.0, "Specificity": 0.9202797202797203, "AUC": 0.9835275835275835}, "Label_12": {"Optimal Threshold": 0.04635178670287132, "Accuracy": 0.7612551159618008, "Sensitivity": 0.9803921568627451, "Specificity": 0.7448680351906158, "AUC": 0.9417227301477775}, "Overall": {"Accuracy": 0.8825689998950571, "Sensitivity": 0.9452571837647793, "Specificity": 0.881628412485855, "AUC": 0.9547722845493835}}, "label_names": [[0, 4, 6, 5, 2, 11, 9, 10, 7, 1, 3, 8, 12], [0, 4, 6, 5, 2, 11, 9, 10, 7, 1, 3, 8, 12]]}