{"shared_labels": 13, "perf": [0.09375277906656265, 0.9735600352287292], "metrics": {"Label_0": {"Optimal Threshold": 0.022120416164398193, "Accuracy": 0.8553888130968622, "Sensitivity": 0.9104477611940298, "Specificity": 0.8498498498498499, "AUC": 0.9468871856931558}, "Label_1": {"Optimal Threshold": 0.013899593614041805, "Accuracy": 0.9140518417462483, "Sensitivity": 0.9821428571428571, "Specificity": 0.9084194977843427, "AUC": 0.9823802489976787}, "Label_2": {"Optimal Threshold": 0.3829766511917114, "Accuracy": 0.9263301500682128, "Sensitivity": 0.8760683760683761, "Specificity": 0.9498997995991983, "AUC": 0.966591302262645}, "Label_3": {"Optimal Threshold": 0.22343355417251587, "Accuracy": 0.9263301500682128, "Sensitivity": 0.9321266968325792, "Specificity": 0.923828125, "AUC": 0.9711626838235294}, "Label_4": {"Optimal Threshold": 3.296653812867589e-05, "Accuracy": 0.5525238744884038, "Sensitivity": 1.0, "Specificity": 0.5506849315068493, "AUC": 0.7981735159817351}, "Label_5": {"Optimal Threshold": 0.04865073040127754, "Accuracy": 0.975443383356071, "Sensitivity": 0.9, "Specificity": 0.9764868603042877, "AUC": 0.9764868603042877}, "Label_6": {"Optimal Threshold": 0.02674996480345726, "Accuracy": 0.931787175989086, "Sensitivity": 1.0, "Specificity": 0.9304589707927677, "AUC": 0.9813232664414862}, "Label_7": {"Optimal Threshold": 0.04184708371758461, "Accuracy": 0.9495225102319236, "Sensitivity": 0.9848484848484849, "Specificity": 0.9460269865067467, "AUC": 0.9925491799554769}, "Label_8": {"Optimal Threshold": 0.0069358027540147305, "Accuracy": 0.8922237380627558, "Sensitivity": 1.0, "Specificity": 0.8913342503438789, "AUC": 0.9706556625401193}, "Label_9": {"Optimal Threshold": 0.04252871870994568, "Accuracy": 0.9195088676671214, "Sensitivity": 0.90625, "Specificity": 0.920114122681883, "AUC": 0.9454796718972895}, "Label_10": {"Optimal Threshold": 0.035953622311353683, "Accuracy": 0.8840381991814461, "Sensitivity": 0.9166666666666666, "Specificity": 0.883495145631068, "AUC": 0.94001386962552}, "Label_11": {"Optimal Threshold": 0.02626296691596508, "Accuracy": 0.9263301500682128, "Sensitivity": 1.0, "Specificity": 0.9246861924686193, "AUC": 0.9840481171548118}, "Label_12": {"Optimal Threshold": 0.056901849806308746, "Accuracy": 0.8321964529331515, "Sensitivity": 0.9074074074074074, "Specificity": 0.8262150220913107, "AUC": 0.9308078328696886}, "Overall": {"Accuracy": 0.8835134851505929, "Sensitivity": 0.9473814038584922, "Specificity": 0.8831922888123694, "AUC": 0.9528122613498019}}, "label_names": [[9, 2, 6, 3, 8, 5, 12, 7, 10, 0, 1, 11, 4], [9, 2, 6, 3, 8, 5, 12, 7, 10, 0, 1, 11, 4]]}