{"shared_labels": 10, "perf": [0.08666561543941498, 0.9798224568367004], "metrics": {"Label_0": {"Optimal Threshold": 0.08712794631719589, "Accuracy": 0.922237380627558, "Sensitivity": 0.9382716049382716, "Specificity": 0.9202453987730062, "AUC": 0.9698932060895251}, "Label_1": {"Optimal Threshold": 0.04391999915242195, "Accuracy": 0.931787175989086, "Sensitivity": 0.9459459459459459, "Specificity": 0.9301972685887708, "AUC": 0.9725833572571054}, "Label_2": {"Optimal Threshold": 0.4178658723831177, "Accuracy": 0.9331514324693042, "Sensitivity": 0.9221311475409836, "Specificity": 0.9386503067484663, "AUC": 0.9778487378054913}, "Label_3": {"Optimal Threshold": 0.22074151039123535, "Accuracy": 0.931787175989086, "Sensitivity": 0.9672131147540983, "Specificity": 0.9141104294478528, "AUC": 0.9822907237922827}, "Label_4": {"Optimal Threshold": 0.07863152772188187, "Accuracy": 0.9631650750341064, "Sensitivity": 1.0, "Specificity": 0.9627586206896551, "AUC": 0.9908620689655173}, "Label_5": {"Optimal Threshold": 0.032340578734874725, "Accuracy": 0.9590723055934516, "Sensitivity": 1.0, "Specificity": 0.9586206896551724, "AUC": 0.9867241379310344}, "Label_6": {"Optimal Threshold": 0.03082502819597721, "Accuracy": 0.9208731241473397, "Sensitivity": 1.0, "Specificity": 0.92, "AUC": 0.9643103448275863}, "Label_7": {"Optimal Threshold": 0.07223737984895706, "Accuracy": 0.9604365620736699, "Sensitivity": 0.9545454545454546, "Specificity": 0.9610194902548725, "AUC": 0.9892326563990732}, "Label_8": {"Optimal Threshold": 0.0496450737118721, "Accuracy": 0.965893587994543, "Sensitivity": 1.0, "Specificity": 0.9656593406593407, "AUC": 0.9854395604395605}, "Label_9": {"Optimal Threshold": 0.08788861334323883, "Accuracy": 0.9290586630286494, "Sensitivity": 0.972972972972973, "Specificity": 0.9267241379310345, "AUC": 0.9793025784405095}, "Label_10": {"Optimal Threshold": 0.0068315500393509865, "Accuracy": 0.6807639836289222, "Sensitivity": 0.9473684210526315, "Specificity": 0.6736694677871149, "AUC": 0.8889134601208905}, "Label_11": {"Optimal Threshold": 0.04450853168964386, "Accuracy": 0.9631650750341064, "Sensitivity": 0.8888888888888888, "Specificity": 0.9660056657223796, "AUC": 0.9709894030007344}, "Label_12": {"Optimal Threshold": 0.030979709699749947, "Accuracy": 0.781718963165075, "Sensitivity": 0.9761904761904762, "Specificity": 0.7698986975397974, "AUC": 0.9384949348769899}, "Overall": {"Accuracy": 0.9110085003672999, "Sensitivity": 0.962579078986902, "Specificity": 0.9082738087536509, "AUC": 0.9689911669189464}}, "label_names": [[3, 0, 11, 8, 9, 12, 10, 7, 4, 5, 6, 1], [3, 0, 11, 8, 9, 12, 10, 7, 4, 5, 2]]}