{"shared_labels": 10, "perf": [0.08852729946374893, 0.9774790406227112], "metrics": {"Label_0": {"Optimal Threshold": 0.05045345425605774, "Accuracy": 0.9113233287858117, "Sensitivity": 0.8840579710144928, "Specificity": 0.9141566265060241, "AUC": 0.9661035446132357}, "Label_1": {"Optimal Threshold": 0.03622579574584961, "Accuracy": 0.9345156889495225, "Sensitivity": 0.9827586206896551, "Specificity": 0.9303703703703704, "AUC": 0.9885568326947637}, "Label_2": {"Optimal Threshold": 0.4872657358646393, "Accuracy": 0.9290586630286494, "Sensitivity": 0.9035087719298246, "Specificity": 0.9405940594059405, "AUC": 0.9713044988709397}, "Label_3": {"Optimal Threshold": 0.5227584838867188, "Accuracy": 0.937244201909959, "Sensitivity": 0.9140271493212669, "Specificity": 0.947265625, "AUC": 0.9751396351809953}, "Label_4": {"Optimal Threshold": 0.03827740624547005, "Accuracy": 0.9549795361527967, "Sensitivity": 0.8571428571428571, "Specificity": 0.9559228650137741, "AUC": 0.9606454151908698}, "Label_5": {"Optimal Threshold": 0.053885746747255325, "Accuracy": 0.9686221009549796, "Sensitivity": 0.8, "Specificity": 0.9697802197802198, "AUC": 0.9370879120879121}, "Label_6": {"Optimal Threshold": 0.015463748015463352, "Accuracy": 0.9072305593451568, "Sensitivity": 1.0, "Specificity": 0.9058171745152355, "AUC": 0.9754469906824478}, "Label_7": {"Optimal Threshold": 0.12375868111848831, "Accuracy": 0.9604365620736699, "Sensitivity": 1.0, "Specificity": 0.9567809239940388, "AUC": 0.992259987500601}, "Label_8": {"Optimal Threshold": 0.0006383091094903648, "Accuracy": 0.6875852660300137, "Sensitivity": 1.0, "Specificity": 0.6867305061559508, "AUC": 0.7640218878248974}, "Label_9": {"Optimal Threshold": 0.013651055283844471, "Accuracy": 0.8813096862210096, "Sensitivity": 0.96875, "Specificity": 0.8773181169757489, "AUC": 0.9514978601997146}, "Label_10": {"Optimal Threshold": 0.0059914723969995975, "Accuracy": 0.694406548431105, "Sensitivity": 1.0, "Specificity": 0.6867132867132867, "AUC": 0.9097125097125097}, "Label_11": {"Optimal Threshold": 0.042738430202007294, "Accuracy": 0.956343792633015, "Sensitivity": 0.9444444444444444, "Specificity": 0.9566433566433566, "AUC": 0.9804195804195803}, "Label_12": {"Optimal Threshold": 0.11559287458658218, "Accuracy": 0.8799454297407913, "Sensitivity": 0.803921568627451, "Specificity": 0.8856304985337243, "AUC": 0.9196423437410155}, "Overall": {"Accuracy": 0.8925385664812678, "Sensitivity": 0.9275854910130763, "Specificity": 0.8933633561236669, "AUC": 0.9455260768245755}}, "label_names": [[6, 0, 11, 10, 1, 4, 5, 3, 8, 9, 7, 2], [6, 0, 11, 10, 1, 4, 5, 3, 8, 9, 12]]}