{"shared_labels": 3, "perf": [0.09360061585903168, 0.9734863042831421], "metrics": {"Label_0": {"Optimal Threshold": 0.12926508486270905, "Accuracy": 0.9085948158253752, "Sensitivity": 0.9166666666666666, "Specificity": 0.9075500770416025, "AUC": 0.9452637757722504}, "Label_1": {"Optimal Threshold": 0.1186802089214325, "Accuracy": 0.922237380627558, "Sensitivity": 0.927536231884058, "Specificity": 0.9216867469879518, "AUC": 0.9746595075955998}, "Label_2": {"Optimal Threshold": 0.3348577320575714, "Accuracy": 0.9140518417462483, "Sensitivity": 0.880184331797235, "Specificity": 0.9282945736434108, "AUC": 0.9680991676490551}, "Label_3": {"Optimal Threshold": 0.1627838909626007, "Accuracy": 0.8922237380627558, "Sensitivity": 0.9466019417475728, "Specificity": 0.8709677419354839, "AUC": 0.9694828761445072}, "Label_4": {"Optimal Threshold": 0.020635677501559258, "Accuracy": 0.927694406548431, "Sensitivity": 1.0, "Specificity": 0.9271978021978022, "AUC": 0.9711538461538461}, "Label_5": {"Optimal Threshold": 0.001280506025068462, "Accuracy": 0.772169167803547, "Sensitivity": 1.0, "Specificity": 0.7706043956043956, "AUC": 0.931868131868132}, "Label_6": {"Optimal Threshold": 0.12297580391168594, "Accuracy": 0.9822646657571623, "Sensitivity": 1.0, "Specificity": 0.9821182943603851, "AUC": 0.9951856946354882}, "Label_7": {"Optimal Threshold": 0.12165261805057526, "Accuracy": 0.9822646657571623, "Sensitivity": 0.9836065573770492, "Specificity": 0.9821428571428571, "AUC": 0.9917056986729119}, "Label_8": {"Optimal Threshold": 0.009315564297139645, "Accuracy": 0.9290586630286494, "Sensitivity": 1.0, "Specificity": 0.9282758620689655, "AUC": 0.974655172413793}, "Label_9": {"Optimal Threshold": 0.04482870176434517, "Accuracy": 0.9236016371077762, "Sensitivity": 0.9354838709677419, "Specificity": 0.9230769230769231, "AUC": 0.9755537174892014}, "Label_10": {"Optimal Threshold": 0.012020803987979889, "Accuracy": 0.7694406548431105, "Sensitivity": 1.0, "Specificity": 0.766896551724138, "AUC": 0.9115517241379311}, "Label_11": {"Optimal Threshold": 0.024490512907505035, "Accuracy": 0.9440654843110505, "Sensitivity": 0.92, "Specificity": 0.9449152542372882, "AUC": 0.9713559322033898}, "Label_12": {"Optimal Threshold": 0.05778452381491661, "Accuracy": 0.8212824010914052, "Sensitivity": 0.8596491228070176, "Specificity": 0.8180473372781065, "AUC": 0.9215197757707879}, "Overall": {"Accuracy": 0.8991499632700178, "Sensitivity": 0.9515175940959494, "Specificity": 0.8978288013307162, "AUC": 0.9616965400389919}}, "label_names": [[10, 3, 7, 6, 11, 12, 9, 8], [10, 3, 7, 0, 4, 2, 5, 1]]}