{"shared_labels": 9, "perf": [0.09329863637685776, 0.9759295582771301], "metrics": {"Label_0": {"Optimal Threshold": 0.028585005551576614, "Accuracy": 0.849931787175989, "Sensitivity": 0.9130434782608695, "Specificity": 0.8433734939759037, "AUC": 0.9512179151388162}, "Label_1": {"Optimal Threshold": 0.03263791650533676, "Accuracy": 0.9099590723055935, "Sensitivity": 0.9636363636363636, "Specificity": 0.9056047197640118, "AUC": 0.983266291230893}, "Label_2": {"Optimal Threshold": 0.4465797245502472, "Accuracy": 0.9345156889495225, "Sensitivity": 0.915057915057915, "Specificity": 0.9451476793248945, "AUC": 0.9759298177019696}, "Label_3": {"Optimal Threshold": 0.3080950975418091, "Accuracy": 0.9345156889495225, "Sensitivity": 0.9409448818897638, "Specificity": 0.9311064718162839, "AUC": 0.9755642496671214}, "Label_4": {"Optimal Threshold": 0.01862007938325405, "Accuracy": 0.9440654843110505, "Sensitivity": 0.8888888888888888, "Specificity": 0.9447513812154696, "AUC": 0.9378453038674033}, "Label_5": {"Optimal Threshold": 0.05375054106116295, "Accuracy": 0.9672578444747613, "Sensitivity": 0.8571428571428571, "Specificity": 0.9683195592286501, "AUC": 0.9451003541912633}, "Label_6": {"Optimal Threshold": 0.007179042790085077, "Accuracy": 0.8703956343792633, "Sensitivity": 1.0, "Specificity": 0.8691460055096418, "AUC": 0.9696969696969697}, "Label_7": {"Optimal Threshold": 0.08563616871833801, "Accuracy": 0.9522510231923602, "Sensitivity": 0.984375, "Specificity": 0.9491778774289985, "AUC": 0.9869908445440956}, "Label_8": {"Optimal Threshold": 0.009708289057016373, "Accuracy": 0.9236016371077762, "Sensitivity": 1.0, "Specificity": 0.9225449515905948, "AUC": 0.9861687413554633}, "Label_9": {"Optimal Threshold": 0.05383928120136261, "Accuracy": 0.9358799454297408, "Sensitivity": 0.9166666666666666, "Specificity": 0.9368723098995696, "AUC": 0.9467957914873266}, "Label_10": {"Optimal Threshold": 0.025596169754862785, "Accuracy": 0.8417462482946794, "Sensitivity": 0.9285714285714286, "Specificity": 0.8400556328233658, "AUC": 0.904530101331214}, "Label_11": {"Optimal Threshold": 0.029576487839221954, "Accuracy": 0.9454297407912687, "Sensitivity": 1.0, "Specificity": 0.9443671766342142, "AUC": 0.9823167097158753}, "Label_12": {"Optimal Threshold": 0.033981215208768845, "Accuracy": 0.8335607094133697, "Sensitivity": 0.8947368421052632, "Specificity": 0.8284023668639053, "AUC": 0.910749506903353}, "Overall": {"Accuracy": 0.9110085003672999, "Sensitivity": 0.9386972555553859, "Specificity": 0.9099130481596542, "AUC": 0.9581671228332126}}, "label_names": [[12, 5, 0, 9, 3, 11, 8, 6, 2, 1, 7], [12, 5, 0, 9, 3, 11, 8, 6, 2, 10, 4]]}