{"shared_labels": 9, "perf": [0.08591582626104355, 0.9775358438491821], "metrics": {"Label_0": {"Optimal Threshold": 0.13131143152713776, "Accuracy": 0.9249658935879945, "Sensitivity": 0.8985507246376812, "Specificity": 0.927710843373494, "AUC": 0.9688755020080322}, "Label_1": {"Optimal Threshold": 0.1159520223736763, "Accuracy": 0.9508867667121419, "Sensitivity": 0.9655172413793104, "Specificity": 0.9496296296296296, "AUC": 0.9855683269476373}, "Label_2": {"Optimal Threshold": 0.24266907572746277, "Accuracy": 0.9290586630286494, "Sensitivity": 0.9254385964912281, "Specificity": 0.9306930693069307, "AUC": 0.9720601007469168}, "Label_3": {"Optimal Threshold": 0.27973422408103943, "Accuracy": 0.9290586630286494, "Sensitivity": 0.9457013574660633, "Specificity": 0.921875, "AUC": 0.9752722002262444}, "Label_4": {"Optimal Threshold": 0.004006661009043455, "Accuracy": 0.8540245566166439, "Sensitivity": 1.0, "Specificity": 0.8526170798898072, "AUC": 0.974616292798111}, "Label_5": {"Optimal Threshold": 0.07327082008123398, "Accuracy": 0.975443383356071, "Sensitivity": 0.8, "Specificity": 0.9766483516483516, "AUC": 0.9434065934065934}, "Label_6": {"Optimal Threshold": 0.021192938089370728, "Accuracy": 0.9358799454297408, "Sensitivity": 0.9090909090909091, "Specificity": 0.9362880886426593, "AUC": 0.9696549987408714}, "Label_7": {"Optimal Threshold": 0.2225298434495926, "Accuracy": 0.9699863574351978, "Sensitivity": 1.0, "Specificity": 0.9672131147540983, "AUC": 0.9931493678188549}, "Label_8": {"Optimal Threshold": 0.0038485643453896046, "Accuracy": 0.8335607094133697, "Sensitivity": 1.0, "Specificity": 0.8331053351573188, "AUC": 0.8666210670314637}, "Label_9": {"Optimal Threshold": 0.016139427199959755, "Accuracy": 0.8649386084583902, "Sensitivity": 0.96875, "Specificity": 0.8601997146932953, "AUC": 0.9492689015691869}, "Label_10": {"Optimal Threshold": 0.012982209213078022, "Accuracy": 0.781718963165075, "Sensitivity": 0.9444444444444444, "Specificity": 0.7776223776223776, "AUC": 0.8797202797202797}, "Label_11": {"Optimal Threshold": 0.06428633630275726, "Accuracy": 0.9604365620736699, "Sensitivity": 0.9444444444444444, "Specificity": 0.9608391608391609, "AUC": 0.974980574980575}, "Label_12": {"Optimal Threshold": 0.04359305649995804, "Accuracy": 0.8076398362892224, "Sensitivity": 0.9607843137254902, "Specificity": 0.7961876832844574, "AUC": 0.9511816456787994}, "Overall": {"Accuracy": 0.9013537621996013, "Sensitivity": 0.9432863101291977, "Specificity": 0.8992791883724293, "AUC": 0.9541827578210437}}, "label_names": [[6, 12, 8, 9, 0, 7, 5, 11, 4, 2, 1], [6, 12, 8, 9, 0, 7, 5, 11, 4, 10, 3]]}