{"shared_labels": 8, "perf": [0.08621075749397278, 0.978571355342865], "metrics": {"Label_0": {"Optimal Threshold": 0.08615975081920624, "Accuracy": 0.9085948158253752, "Sensitivity": 0.9130434782608695, "Specificity": 0.9081325301204819, "AUC": 0.9696394272743146}, "Label_1": {"Optimal Threshold": 0.0569169744849205, "Accuracy": 0.9304229195088677, "Sensitivity": 0.9827586206896551, "Specificity": 0.9259259259259259, "AUC": 0.9858492975734355}, "Label_2": {"Optimal Threshold": 0.5128448009490967, "Accuracy": 0.9290586630286494, "Sensitivity": 0.9035087719298246, "Specificity": 0.9405940594059405, "AUC": 0.9709918360257077}, "Label_3": {"Optimal Threshold": 0.39873406291007996, "Accuracy": 0.9345156889495225, "Sensitivity": 0.9230769230769231, "Specificity": 0.939453125, "AUC": 0.9758554864253394}, "Label_4": {"Optimal Threshold": 0.0041740224696695805, "Accuracy": 0.8308321964529332, "Sensitivity": 1.0, "Specificity": 0.8292011019283747, "AUC": 0.9661550570641478}, "Label_5": {"Optimal Threshold": 0.07288163900375366, "Accuracy": 0.9686221009549796, "Sensitivity": 0.8, "Specificity": 0.9697802197802198, "AUC": 0.945054945054945}, "Label_6": {"Optimal Threshold": 0.01590101048350334, "Accuracy": 0.9045020463847203, "Sensitivity": 1.0, "Specificity": 0.9030470914127424, "AUC": 0.9754469906824478}, "Label_7": {"Optimal Threshold": 0.15896205604076385, "Accuracy": 0.9645293315143247, "Sensitivity": 1.0, "Specificity": 0.9612518628912071, "AUC": 0.9930291812893611}, "Label_8": {"Optimal Threshold": 0.0048758224584162235, "Accuracy": 0.7844474761255116, "Sensitivity": 1.0, "Specificity": 0.7838577291381669, "AUC": 0.8508891928864569}, "Label_9": {"Optimal Threshold": 0.04518906772136688, "Accuracy": 0.8949522510231923, "Sensitivity": 0.90625, "Specificity": 0.8944365192582026, "AUC": 0.9412446504992867}, "Label_10": {"Optimal Threshold": 0.02303444780409336, "Accuracy": 0.8335607094133697, "Sensitivity": 0.8888888888888888, "Specificity": 0.8321678321678322, "AUC": 0.9084693084693085}, "Label_11": {"Optimal Threshold": 0.028816616162657738, "Accuracy": 0.9345156889495225, "Sensitivity": 1.0, "Specificity": 0.9328671328671329, "AUC": 0.9843822843822844}, "Label_12": {"Optimal Threshold": 0.07153435796499252, "Accuracy": 0.8212824010914052, "Sensitivity": 0.9607843137254902, "Specificity": 0.8108504398826979, "AUC": 0.9522454142947502}, "Overall": {"Accuracy": 0.8953720222478748, "Sensitivity": 0.9444854612747424, "Specificity": 0.8947358130599171, "AUC": 0.9553271593785991}}, "label_names": [[11, 7, 3, 10, 12, 0, 5, 6, 4, 1, 2], [11, 7, 3, 10, 12, 0, 5, 6, 9, 8]]}