{"shared_labels": 8, "perf": [0.09611973166465759, 0.9732630848884583], "metrics": {"Label_0": {"Optimal Threshold": 0.14764894545078278, "Accuracy": 0.927694406548431, "Sensitivity": 0.8918918918918919, "Specificity": 0.9317147192716236, "AUC": 0.962617397367018}, "Label_1": {"Optimal Threshold": 0.14911366999149323, "Accuracy": 0.9549795361527967, "Sensitivity": 0.8805970149253731, "Specificity": 0.9624624624624625, "AUC": 0.9732867195553763}, "Label_2": {"Optimal Threshold": 0.2177906632423401, "Accuracy": 0.8935879945429741, "Sensitivity": 0.943127962085308, "Specificity": 0.8735632183908046, "AUC": 0.9688402244375441}, "Label_3": {"Optimal Threshold": 0.4954007863998413, "Accuracy": 0.9195088676671214, "Sensitivity": 0.9064039408866995, "Specificity": 0.9245283018867925, "AUC": 0.9719025931778046}, "Label_4": {"Optimal Threshold": 0.021305793896317482, "Accuracy": 0.937244201909959, "Sensitivity": 1.0, "Specificity": 0.9366391184573003, "AUC": 0.9791420700511609}, "Label_5": {"Optimal Threshold": 0.0028330350760370493, "Accuracy": 0.791268758526603, "Sensitivity": 1.0, "Specificity": 0.7895460797799174, "AUC": 0.9401650618982117}, "Label_6": {"Optimal Threshold": 0.05757622420787811, "Accuracy": 0.9686221009549796, "Sensitivity": 0.8571428571428571, "Specificity": 0.9696969696969697, "AUC": 0.9641873278236914}, "Label_7": {"Optimal Threshold": 0.04981575906276703, "Accuracy": 0.9290586630286494, "Sensitivity": 0.953125, "Specificity": 0.9267563527653214, "AUC": 0.9801943198804186}, "Label_8": {"Optimal Threshold": 0.031395673751831055, "Accuracy": 0.9536152796725784, "Sensitivity": 1.0, "Specificity": 0.953232462173315, "AUC": 0.9761577258138467}, "Label_9": {"Optimal Threshold": 0.07795356959104538, "Accuracy": 0.9085948158253752, "Sensitivity": 0.8888888888888888, "Specificity": 0.9093484419263456, "AUC": 0.948483894659532}, "Label_10": {"Optimal Threshold": 0.010502136312425137, "Accuracy": 0.7667121418826739, "Sensitivity": 0.8235294117647058, "Specificity": 0.7653631284916201, "AUC": 0.853680578376602}, "Label_11": {"Optimal Threshold": 0.038474421948194504, "Accuracy": 0.9481582537517054, "Sensitivity": 0.9583333333333334, "Specificity": 0.9478138222849083, "AUC": 0.978490832157969}, "Label_12": {"Optimal Threshold": 0.09719454497098923, "Accuracy": 0.8935879945429741, "Sensitivity": 0.8472222222222222, "Specificity": 0.8986384266263238, "AUC": 0.9399899142713061}, "Overall": {"Accuracy": 0.9071256165389863, "Sensitivity": 0.9192509633185602, "Specificity": 0.906869500324131, "AUC": 0.9567029738054216}}, "label_names": [[11, 12, 8, 6, 3, 5, 4, 9, 10, 7, 0], [11, 12, 8, 6, 3, 5, 4, 9, 1, 2]]}