{"shared_labels": 5, "perf": [0.0939774140715599, 0.9724864959716797], "metrics": {"Label_0": {"Optimal Threshold": 0.0578211210668087, "Accuracy": 0.8567530695770805, "Sensitivity": 0.9855072463768116, "Specificity": 0.8433734939759037, "AUC": 0.9703596996682382}, "Label_1": {"Optimal Threshold": 0.12441694736480713, "Accuracy": 0.9386084583901774, "Sensitivity": 0.9655172413793104, "Specificity": 0.9362962962962963, "AUC": 0.9866922094508301}, "Label_2": {"Optimal Threshold": 0.22248521447181702, "Accuracy": 0.927694406548431, "Sensitivity": 0.9210526315789473, "Specificity": 0.9306930693069307, "AUC": 0.9712089630015633}, "Label_3": {"Optimal Threshold": 0.2700609862804413, "Accuracy": 0.9386084583901774, "Sensitivity": 0.9140271493212669, "Specificity": 0.94921875, "AUC": 0.9748833427601811}, "Label_4": {"Optimal Threshold": 0.010442528873682022, "Accuracy": 0.869031377899045, "Sensitivity": 1.0, "Specificity": 0.8677685950413223, "AUC": 0.970090515545061}, "Label_5": {"Optimal Threshold": 0.03125431761145592, "Accuracy": 0.9549795361527967, "Sensitivity": 0.8, "Specificity": 0.9560439560439561, "AUC": 0.9354395604395604}, "Label_6": {"Optimal Threshold": 0.02243482694029808, "Accuracy": 0.9631650750341064, "Sensitivity": 0.9090909090909091, "Specificity": 0.96398891966759, "AUC": 0.9660035255603122}, "Label_7": {"Optimal Threshold": 0.06702939420938492, "Accuracy": 0.9536152796725784, "Sensitivity": 0.9838709677419355, "Specificity": 0.9508196721311475, "AUC": 0.9900245180520167}, "Label_8": {"Optimal Threshold": 0.002589193405583501, "Accuracy": 0.8240109140518418, "Sensitivity": 1.0, "Specificity": 0.8235294117647058, "AUC": 0.8255813953488371}, "Label_9": {"Optimal Threshold": 0.08460163325071335, "Accuracy": 0.9290586630286494, "Sensitivity": 0.90625, "Specificity": 0.9300998573466477, "AUC": 0.9534147646219686}, "Label_10": {"Optimal Threshold": 0.0057310676202178, "Accuracy": 0.6998635743519782, "Sensitivity": 0.9444444444444444, "Specificity": 0.6937062937062937, "AUC": 0.8707847707847708}, "Label_11": {"Optimal Threshold": 0.02514314278960228, "Accuracy": 0.9386084583901774, "Sensitivity": 0.9444444444444444, "Specificity": 0.9384615384615385, "AUC": 0.9768453768453768}, "Label_12": {"Optimal Threshold": 0.0921277329325676, "Accuracy": 0.8540245566166439, "Sensitivity": 0.7254901960784313, "Specificity": 0.8636363636363636, "AUC": 0.8939393939393939}, "Overall": {"Accuracy": 0.8960016790848987, "Sensitivity": 0.9230534792658847, "Specificity": 0.8959720167214381, "AUC": 0.9450206181552393}}, "label_names": [[0, 3, 9, 11, 5, 8, 10, 7, 12], [0, 3, 9, 11, 5, 6, 4, 2, 1]]}