{"shared_labels": 5, "perf": [0.08848018199205399, 0.9766994118690491], "metrics": {"Label_0": {"Optimal Threshold": 0.12511608004570007, "Accuracy": 0.8908594815825375, "Sensitivity": 0.927536231884058, "Specificity": 0.8870481927710844, "AUC": 0.9689846341889297}, "Label_1": {"Optimal Threshold": 0.1806878000497818, "Accuracy": 0.9495225102319236, "Sensitivity": 0.9655172413793104, "Specificity": 0.9481481481481482, "AUC": 0.9889910600255428}, "Label_2": {"Optimal Threshold": 0.30752357840538025, "Accuracy": 0.9263301500682128, "Sensitivity": 0.9035087719298246, "Specificity": 0.9366336633663367, "AUC": 0.9690724335591454}, "Label_3": {"Optimal Threshold": 0.3579598665237427, "Accuracy": 0.9331514324693042, "Sensitivity": 0.9230769230769231, "Specificity": 0.9375, "AUC": 0.9726739253393665}, "Label_4": {"Optimal Threshold": 0.07654763758182526, "Accuracy": 0.965893587994543, "Sensitivity": 0.8571428571428571, "Specificity": 0.9669421487603306, "AUC": 0.9622195985832349}, "Label_5": {"Optimal Threshold": 0.030586523935198784, "Accuracy": 0.9454297407912687, "Sensitivity": 0.8, "Specificity": 0.9464285714285714, "AUC": 0.9197802197802198}, "Label_6": {"Optimal Threshold": 0.02152549847960472, "Accuracy": 0.9113233287858117, "Sensitivity": 1.0, "Specificity": 0.909972299168975, "AUC": 0.9728028204482498}, "Label_7": {"Optimal Threshold": 0.105161651968956, "Accuracy": 0.9536152796725784, "Sensitivity": 0.9838709677419355, "Specificity": 0.9508196721311475, "AUC": 0.9894956973222442}, "Label_8": {"Optimal Threshold": 0.00471867760643363, "Accuracy": 0.8813096862210096, "Sensitivity": 1.0, "Specificity": 0.8809849521203831, "AUC": 0.887140902872777}, "Label_9": {"Optimal Threshold": 0.029639307409524918, "Accuracy": 0.8894952251023193, "Sensitivity": 0.96875, "Specificity": 0.8858773181169758, "AUC": 0.9510520684736091}, "Label_10": {"Optimal Threshold": 0.022244753316044807, "Accuracy": 0.82537517053206, "Sensitivity": 0.9444444444444444, "Specificity": 0.8223776223776224, "AUC": 0.9228438228438228}, "Label_11": {"Optimal Threshold": 0.0889081060886383, "Accuracy": 0.975443383356071, "Sensitivity": 0.9444444444444444, "Specificity": 0.9762237762237762, "AUC": 0.9815850815850816}, "Label_12": {"Optimal Threshold": 0.051427651196718216, "Accuracy": 0.8076398362892224, "Sensitivity": 1.0, "Specificity": 0.7932551319648093, "AUC": 0.9524754183198206}, "Overall": {"Accuracy": 0.9119529856228356, "Sensitivity": 0.9398686063110613, "Specificity": 0.9109393458906276, "AUC": 0.9568552064109266}}, "label_names": [[1, 11, 9, 0, 12, 8, 2, 4, 3], [1, 11, 9, 0, 12, 6, 7, 5, 10]]}