{"shared_labels": 11, "perf": [0.09424298256635666, 0.9763166904449463], "metrics": {"Label_0": {"Optimal Threshold": 0.022289879620075226, "Accuracy": 0.8130968622100955, "Sensitivity": 0.9420289855072463, "Specificity": 0.7996987951807228, "AUC": 0.949035271520866}, "Label_1": {"Optimal Threshold": 0.14473232626914978, "Accuracy": 0.9549795361527967, "Sensitivity": 0.9090909090909091, "Specificity": 0.9587020648967551, "AUC": 0.9827835880933226}, "Label_2": {"Optimal Threshold": 0.3541260361671448, "Accuracy": 0.9181446111869032, "Sensitivity": 0.9652509652509652, "Specificity": 0.8924050632911392, "AUC": 0.9769643060782301}, "Label_3": {"Optimal Threshold": 0.49043408036231995, "Accuracy": 0.931787175989086, "Sensitivity": 0.9409448818897638, "Specificity": 0.9269311064718163, "AUC": 0.9764930218795719}, "Label_4": {"Optimal Threshold": 0.021690433844923973, "Accuracy": 0.9249658935879945, "Sensitivity": 0.8888888888888888, "Specificity": 0.925414364640884, "AUC": 0.932780847145488}, "Label_5": {"Optimal Threshold": 0.03459201753139496, "Accuracy": 0.9454297407912687, "Sensitivity": 0.8571428571428571, "Specificity": 0.9462809917355371, "AUC": 0.9468713105076741}, "Label_6": {"Optimal Threshold": 0.010288244113326073, "Accuracy": 0.8717598908594816, "Sensitivity": 1.0, "Specificity": 0.8705234159779615, "AUC": 0.9667453758362851}, "Label_7": {"Optimal Threshold": 0.09022574871778488, "Accuracy": 0.946793997271487, "Sensitivity": 1.0, "Specificity": 0.9417040358744395, "AUC": 0.9884856128550074}, "Label_8": {"Optimal Threshold": 0.012175806798040867, "Accuracy": 0.9495225102319236, "Sensitivity": 1.0, "Specificity": 0.9488243430152143, "AUC": 0.9872752420470263}, "Label_9": {"Optimal Threshold": 0.031250689178705215, "Accuracy": 0.9017735334242838, "Sensitivity": 0.9166666666666666, "Specificity": 0.9010043041606887, "AUC": 0.9425314841383707}, "Label_10": {"Optimal Threshold": 0.039063479751348495, "Accuracy": 0.897680763983629, "Sensitivity": 0.8571428571428571, "Specificity": 0.8984700973574409, "AUC": 0.9122789588714485}, "Label_11": {"Optimal Threshold": 0.03443595767021179, "Accuracy": 0.9549795361527967, "Sensitivity": 1.0, "Specificity": 0.9541029207232267, "AUC": 0.9849990065567256}, "Label_12": {"Optimal Threshold": 0.03681814298033714, "Accuracy": 0.8294679399727148, "Sensitivity": 0.8947368421052632, "Specificity": 0.8239644970414202, "AUC": 0.9140973736115436}, "Overall": {"Accuracy": 0.9107986147549585, "Sensitivity": 0.9362995272065706, "Specificity": 0.9067712307974803, "AUC": 0.9585647230108892}}, "label_names": [[6, 11, 0, 9, 12, 3, 10, 4, 5, 1, 2, 7], [6, 11, 0, 9, 12, 3, 10, 4, 5, 1, 2, 8]]}