{"shared_labels": 9, "perf": [0.09350895881652832, 0.9726542234420776], "metrics": {"Label_0": {"Optimal Threshold": 0.0570177398622036, "Accuracy": 0.9017735334242838, "Sensitivity": 0.8656716417910447, "Specificity": 0.9054054054054054, "AUC": 0.9508090179731972}, "Label_1": {"Optimal Threshold": 0.03706498071551323, "Accuracy": 0.927694406548431, "Sensitivity": 0.9821428571428571, "Specificity": 0.9231905465288035, "AUC": 0.9840419919814306}, "Label_2": {"Optimal Threshold": 0.28443872928619385, "Accuracy": 0.9099590723055935, "Sensitivity": 0.8974358974358975, "Specificity": 0.9158316633266533, "AUC": 0.962137951115907}, "Label_3": {"Optimal Threshold": 0.3015393316745758, "Accuracy": 0.9140518417462483, "Sensitivity": 0.9366515837104072, "Specificity": 0.904296875, "AUC": 0.9706766119909502}, "Label_4": {"Optimal Threshold": 0.00024880989803932607, "Accuracy": 0.6998635743519782, "Sensitivity": 1.0, "Specificity": 0.6986301369863014, "AUC": 0.8484018264840183}, "Label_5": {"Optimal Threshold": 0.06398143619298935, "Accuracy": 0.9836289222373806, "Sensitivity": 0.9, "Specificity": 0.9847856154910097, "AUC": 0.9802213001383125}, "Label_6": {"Optimal Threshold": 0.029145507141947746, "Accuracy": 0.9536152796725784, "Sensitivity": 1.0, "Specificity": 0.952712100139082, "AUC": 0.9873832704152592}, "Label_7": {"Optimal Threshold": 0.049057651311159134, "Accuracy": 0.9386084583901774, "Sensitivity": 0.9848484848484849, "Specificity": 0.9340329835082459, "AUC": 0.9921402934896189}, "Label_8": {"Optimal Threshold": 0.013387935236096382, "Accuracy": 0.9195088676671214, "Sensitivity": 1.0, "Specificity": 0.9188445667125172, "AUC": 0.9779917469050893}, "Label_9": {"Optimal Threshold": 0.019476808607578278, "Accuracy": 0.8867667121418826, "Sensitivity": 0.90625, "Specificity": 0.8858773181169758, "AUC": 0.9417350213980029}, "Label_10": {"Optimal Threshold": 0.010538977570831776, "Accuracy": 0.7503410641200545, "Sensitivity": 0.9166666666666666, "Specificity": 0.7475728155339806, "AUC": 0.8861534905224225}, "Label_11": {"Optimal Threshold": 0.02507193200290203, "Accuracy": 0.9290586630286494, "Sensitivity": 1.0, "Specificity": 0.9274755927475593, "AUC": 0.9867503486750349}, "Label_12": {"Optimal Threshold": 0.07038824260234833, "Accuracy": 0.8485675306957708, "Sensitivity": 0.8333333333333334, "Specificity": 0.8497790868924889, "AUC": 0.8944253531882398}, "Overall": {"Accuracy": 0.8894952251023193, "Sensitivity": 0.9402308049945147, "Specificity": 0.888341131260694, "AUC": 0.9509898634059601}}, "label_names": [[11, 0, 7, 8, 4, 5, 1, 3, 6, 9, 10], [11, 0, 7, 8, 4, 5, 1, 3, 6, 2, 12]]}