{"shared_labels": 9, "perf": [0.0929294303059578, 0.9745080471038818], "metrics": {"Label_0": {"Optimal Threshold": 0.017319731414318085, "Accuracy": 0.8417462482946794, "Sensitivity": 0.9855072463768116, "Specificity": 0.8268072289156626, "AUC": 0.9682643617950061}, "Label_1": {"Optimal Threshold": 0.07139303535223007, "Accuracy": 0.965893587994543, "Sensitivity": 0.9482758620689655, "Specificity": 0.9674074074074074, "AUC": 0.9897828863346104}, "Label_2": {"Optimal Threshold": 0.438533753156662, "Accuracy": 0.9154160982264665, "Sensitivity": 0.9342105263157895, "Specificity": 0.906930693069307, "AUC": 0.9697759249609171}, "Label_3": {"Optimal Threshold": 0.636805534362793, "Accuracy": 0.9331514324693042, "Sensitivity": 0.9140271493212669, "Specificity": 0.94140625, "AUC": 0.9744944852941176}, "Label_4": {"Optimal Threshold": 0.05119680240750313, "Accuracy": 0.9699863574351978, "Sensitivity": 0.8571428571428571, "Specificity": 0.9710743801652892, "AUC": 0.9521841794569067}, "Label_5": {"Optimal Threshold": 0.10408070683479309, "Accuracy": 0.9822646657571623, "Sensitivity": 0.8, "Specificity": 0.9835164835164835, "AUC": 0.9219780219780219}, "Label_6": {"Optimal Threshold": 0.016418496146798134, "Accuracy": 0.8758526603001364, "Sensitivity": 1.0, "Specificity": 0.8739612188365651, "AUC": 0.9745656006043817}, "Label_7": {"Optimal Threshold": 0.1676573008298874, "Accuracy": 0.9686221009549796, "Sensitivity": 1.0, "Specificity": 0.9657228017883756, "AUC": 0.9928128455362722}, "Label_8": {"Optimal Threshold": 0.0025754172820597887, "Accuracy": 0.6984993178717599, "Sensitivity": 1.0, "Specificity": 0.6976744186046512, "AUC": 0.7660738714090287}, "Label_9": {"Optimal Threshold": 0.06171845644712448, "Accuracy": 0.9181446111869032, "Sensitivity": 0.84375, "Specificity": 0.9215406562054208, "AUC": 0.9380795292439372}, "Label_10": {"Optimal Threshold": 0.019695818424224854, "Accuracy": 0.7557980900409277, "Sensitivity": 0.8333333333333334, "Specificity": 0.7538461538461538, "AUC": 0.8528360528360528}, "Label_11": {"Optimal Threshold": 0.023375850170850754, "Accuracy": 0.9304229195088677, "Sensitivity": 1.0, "Specificity": 0.9286713286713286, "AUC": 0.984926184926185}, "Label_12": {"Optimal Threshold": 0.17379316687583923, "Accuracy": 0.8458390177353342, "Sensitivity": 0.7843137254901961, "Specificity": 0.8504398826979472, "AUC": 0.8903168305445345}, "Overall": {"Accuracy": 0.8924336236750972, "Sensitivity": 0.9154277461576323, "Specificity": 0.8914614541326606, "AUC": 0.9366223673015365}}, "label_names": [[5, 0, 7, 6, 4, 11, 1, 8, 3, 12, 2], [5, 0, 7, 6, 4, 11, 1, 8, 3, 9, 10]]}