{"shared_labels": 2, "perf": [0.09912394732236862, 0.9711593985557556], "label_names": [[1, 5, 10, 4, 8, 0, 6, 9], [1, 5, 3, 12, 2, 7, 11]], "metrics": {"Label_0": {"Optimal Threshold": 0.10396783798933029, "Accuracy": 0.9236016371077762, "Sensitivity": 0.8985507246376812, "Specificity": 0.9262048192771084, "AUC": 0.9632661079099004}, "Label_1": {"Optimal Threshold": 0.05428846925497055, "Accuracy": 0.9249658935879945, "Sensitivity": 0.9827586206896551, "Specificity": 0.92, "AUC": 0.9904469987228608}, "Label_2": {"Optimal Threshold": 0.11112523823976517, "Accuracy": 0.9099590723055935, "Sensitivity": 0.8947368421052632, "Specificity": 0.9168316831683169, "AUC": 0.9650251867291992}, "Label_3": {"Optimal Threshold": 0.09456674009561539, "Accuracy": 0.9140518417462483, "Sensitivity": 0.9140271493212669, "Specificity": 0.9140625, "AUC": 0.9677159926470589}, "Label_4": {"Optimal Threshold": 0.001962031237781048, "Accuracy": 0.8362892223738063, "Sensitivity": 1.0, "Specificity": 0.8347107438016529, "AUC": 0.9677292404565132}, "Label_5": {"Optimal Threshold": 0.002441043732687831, "Accuracy": 0.7899045020463847, "Sensitivity": 1.0, "Specificity": 0.7884615384615384, "AUC": 0.9497252747252747}, "Label_6": {"Optimal Threshold": 0.020365102216601372, "Accuracy": 0.9454297407912687, "Sensitivity": 1.0, "Specificity": 0.9445983379501385, "AUC": 0.9803575925459582}, "Label_7": {"Optimal Threshold": 0.07067480683326721, "Accuracy": 0.9549795361527967, "Sensitivity": 1.0, "Specificity": 0.9508196721311475, "AUC": 0.9925724724772848}, "Label_8": {"Optimal Threshold": 0.0009332053014077246, "Accuracy": 0.723055934515689, "Sensitivity": 1.0, "Specificity": 0.7222982216142271, "AUC": 0.7975376196990425}, "Label_9": {"Optimal Threshold": 0.15566448867321014, "Accuracy": 0.9427012278308322, "Sensitivity": 0.90625, "Specificity": 0.9443651925820257, "AUC": 0.9498038516405135}, "Label_10": {"Optimal Threshold": 0.026471178978681564, "Accuracy": 0.8335607094133697, "Sensitivity": 0.8888888888888888, "Specificity": 0.8321678321678322, "AUC": 0.9131313131313131}, "Label_11": {"Optimal Threshold": 0.04252166673541069, "Accuracy": 0.9440654843110505, "Sensitivity": 1.0, "Specificity": 0.9426573426573427, "AUC": 0.9794871794871796}, "Label_12": {"Optimal Threshold": 0.049056123942136765, "Accuracy": 0.7653478854024557, "Sensitivity": 0.8823529411764706, "Specificity": 0.7565982404692082, "AUC": 0.9063021102869299}, "Overall": {"Accuracy": 0.8775317451988667, "Sensitivity": 0.951351166678402, "Specificity": 0.876444317252349, "AUC": 0.9479308415737714}}}