{"shared_labels": 8, "perf": [0.09009169042110443, 0.975065290927887], "label_names": [[7, 2, 3, 8, 4, 0, 1, 9, 6, 12, 5], [7, 2, 3, 8, 4, 0, 1, 9, 11, 10]], "metrics": {"Label_0": {"Optimal Threshold": 0.02783375047147274, "Accuracy": 0.8922237380627558, "Sensitivity": 0.9130434782608695, "Specificity": 0.8900602409638554, "AUC": 0.9667146848262617}, "Label_1": {"Optimal Threshold": 0.01291381474584341, "Accuracy": 0.9167803547066848, "Sensitivity": 0.9827586206896551, "Specificity": 0.9111111111111111, "AUC": 0.9876628352490422}, "Label_2": {"Optimal Threshold": 0.35217297077178955, "Accuracy": 0.9304229195088677, "Sensitivity": 0.9122807017543859, "Specificity": 0.9386138613861386, "AUC": 0.9734149730762549}, "Label_3": {"Optimal Threshold": 0.2868947684764862, "Accuracy": 0.9290586630286494, "Sensitivity": 0.9321266968325792, "Specificity": 0.927734375, "AUC": 0.9756168693438915}, "Label_4": {"Optimal Threshold": 0.0011437740176916122, "Accuracy": 0.8212824010914052, "Sensitivity": 1.0, "Specificity": 0.8195592286501377, "AUC": 0.9647776465958284}, "Label_5": {"Optimal Threshold": 0.001042608986608684, "Accuracy": 0.7407912687585266, "Sensitivity": 1.0, "Specificity": 0.739010989010989, "AUC": 0.9184065934065934}, "Label_6": {"Optimal Threshold": 0.025615841150283813, "Accuracy": 0.91268758526603, "Sensitivity": 0.9090909090909091, "Specificity": 0.9127423822714681, "AUC": 0.9516494585746663}, "Label_7": {"Optimal Threshold": 0.09523521363735199, "Accuracy": 0.965893587994543, "Sensitivity": 1.0, "Specificity": 0.96274217585693, "AUC": 0.9932214797365512}, "Label_8": {"Optimal Threshold": 0.0029575347434729338, "Accuracy": 0.8608458390177354, "Sensitivity": 1.0, "Specificity": 0.8604651162790697, "AUC": 0.86593707250342}, "Label_9": {"Optimal Threshold": 0.010424657724797726, "Accuracy": 0.869031377899045, "Sensitivity": 0.96875, "Specificity": 0.8644793152639088, "AUC": 0.9486002139800286}, "Label_10": {"Optimal Threshold": 0.005932208616286516, "Accuracy": 0.6957708049113234, "Sensitivity": 0.9444444444444444, "Specificity": 0.6895104895104895, "AUC": 0.8840714840714841}, "Label_11": {"Optimal Threshold": 0.06004241853952408, "Accuracy": 0.9590723055934516, "Sensitivity": 1.0, "Specificity": 0.958041958041958, "AUC": 0.9815850815850816}, "Label_12": {"Optimal Threshold": 0.033970095217227936, "Accuracy": 0.7598908594815825, "Sensitivity": 0.9411764705882353, "Specificity": 0.7463343108504399, "AUC": 0.9207923638663676}, "Overall": {"Accuracy": 0.8656732081015845, "Sensitivity": 0.9618208708970061, "Specificity": 0.8631081195535766, "AUC": 0.9486500582165747}}}