{"shared_labels": 4, "perf": [0.08989612758159637, 0.9768182635307312], "label_names": [[11, 6, 12, 8, 4, 10, 7, 2, 0], [11, 6, 12, 8, 5, 1, 9, 3]], "metrics": {"Label_0": {"Optimal Threshold": 0.13612104952335358, "Accuracy": 0.9290586630286494, "Sensitivity": 0.8405797101449275, "Specificity": 0.9382530120481928, "AUC": 0.9519600139689192}, "Label_1": {"Optimal Threshold": 0.24801935255527496, "Accuracy": 0.9713506139154161, "Sensitivity": 0.9137931034482759, "Specificity": 0.9762962962962963, "AUC": 0.9826053639846744}, "Label_2": {"Optimal Threshold": 0.5493084192276001, "Accuracy": 0.9304229195088677, "Sensitivity": 0.8947368421052632, "Specificity": 0.9465346534653465, "AUC": 0.970800764286955}, "Label_3": {"Optimal Threshold": 0.3450467586517334, "Accuracy": 0.937244201909959, "Sensitivity": 0.8959276018099548, "Specificity": 0.955078125, "AUC": 0.9748038037330317}, "Label_4": {"Optimal Threshold": 0.036842696368694305, "Accuracy": 0.946793997271487, "Sensitivity": 0.8571428571428571, "Specificity": 0.9476584022038568, "AUC": 0.9606454151908698}, "Label_5": {"Optimal Threshold": 0.04206578806042671, "Accuracy": 0.9890859481582538, "Sensitivity": 0.8, "Specificity": 0.9903846153846154, "AUC": 0.945054945054945}, "Label_6": {"Optimal Threshold": 0.011087520979344845, "Accuracy": 0.9045020463847203, "Sensitivity": 1.0, "Specificity": 0.9030470914127424, "AUC": 0.9785948123898263}, "Label_7": {"Optimal Threshold": 0.09442418813705444, "Accuracy": 0.9590723055934516, "Sensitivity": 1.0, "Specificity": 0.9552906110283159, "AUC": 0.9913225325705496}, "Label_8": {"Optimal Threshold": 0.0028813770040869713, "Accuracy": 0.8567530695770805, "Sensitivity": 1.0, "Specificity": 0.8563611491108071, "AUC": 0.8967168262653898}, "Label_9": {"Optimal Threshold": 0.0150090791285038, "Accuracy": 0.8458390177353342, "Sensitivity": 0.9375, "Specificity": 0.8416547788873039, "AUC": 0.9490014265335236}, "Label_10": {"Optimal Threshold": 0.007697340566664934, "Accuracy": 0.747612551159618, "Sensitivity": 0.9444444444444444, "Specificity": 0.7426573426573426, "AUC": 0.9134421134421135}, "Label_11": {"Optimal Threshold": 0.036574505269527435, "Accuracy": 0.9713506139154161, "Sensitivity": 0.9444444444444444, "Specificity": 0.972027972027972, "AUC": 0.983993783993784}, "Label_12": {"Optimal Threshold": 0.051424939185380936, "Accuracy": 0.897680763983629, "Sensitivity": 0.8627450980392157, "Specificity": 0.9002932551319648, "AUC": 0.9529929273762291}, "Overall": {"Accuracy": 0.9143666701647603, "Sensitivity": 0.9147164693522604, "Specificity": 0.9173490234349811, "AUC": 0.9578411329839086}}}