{"shared_labels": 6, "perf": [0.08762462437152863, 0.9796603918075562], "label_names": [[11, 4, 6, 0, 9, 2, 7, 12, 1, 10], [11, 4, 6, 0, 9, 2, 3, 8, 5]], "metrics": {"Label_0": {"Optimal Threshold": 0.0986751839518547, "Accuracy": 0.9358799454297408, "Sensitivity": 0.8840579710144928, "Specificity": 0.9412650602409639, "AUC": 0.9727824340841627}, "Label_1": {"Optimal Threshold": 0.03070223517715931, "Accuracy": 0.9249658935879945, "Sensitivity": 0.9827586206896551, "Specificity": 0.92, "AUC": 0.986743295019157}, "Label_2": {"Optimal Threshold": 0.5207653045654297, "Accuracy": 0.931787175989086, "Sensitivity": 0.9078947368421053, "Specificity": 0.9425742574257425, "AUC": 0.9746395692200799}, "Label_3": {"Optimal Threshold": 0.4547365605831146, "Accuracy": 0.9290586630286494, "Sensitivity": 0.9140271493212669, "Specificity": 0.935546875, "AUC": 0.9756610576923077}, "Label_4": {"Optimal Threshold": 0.027080116793513298, "Accuracy": 0.9508867667121419, "Sensitivity": 0.8571428571428571, "Specificity": 0.9517906336088154, "AUC": 0.9618260527351437}, "Label_5": {"Optimal Threshold": 0.0015911515802145004, "Accuracy": 0.7762619372442019, "Sensitivity": 1.0, "Specificity": 0.7747252747252747, "AUC": 0.939010989010989}, "Label_6": {"Optimal Threshold": 0.02001279592514038, "Accuracy": 0.9427012278308322, "Sensitivity": 1.0, "Specificity": 0.9418282548476454, "AUC": 0.9826240241752707}, "Label_7": {"Optimal Threshold": 0.11803500354290009, "Accuracy": 0.956343792633015, "Sensitivity": 1.0, "Specificity": 0.9523099850968704, "AUC": 0.9918273159944234}, "Label_8": {"Optimal Threshold": 0.0033427716698497534, "Accuracy": 0.8526603001364257, "Sensitivity": 1.0, "Specificity": 0.8522571819425444, "AUC": 0.8789329685362517}, "Label_9": {"Optimal Threshold": 0.011049898341298103, "Accuracy": 0.878581173260573, "Sensitivity": 0.96875, "Specificity": 0.8744650499286734, "AUC": 0.9527460770328103}, "Label_10": {"Optimal Threshold": 0.015332262963056564, "Accuracy": 0.8158253751705321, "Sensitivity": 0.9444444444444444, "Specificity": 0.8125874125874126, "AUC": 0.9187257187257186}, "Label_11": {"Optimal Threshold": 0.0443006232380867, "Accuracy": 0.9672578444747613, "Sensitivity": 0.9444444444444444, "Specificity": 0.9678321678321679, "AUC": 0.9833721833721835}, "Label_12": {"Optimal Threshold": 0.10884898900985718, "Accuracy": 0.8567530695770805, "Sensitivity": 0.7647058823529411, "Specificity": 0.8636363636363636, "AUC": 0.8986832269564718}, "Overall": {"Accuracy": 0.901458705005772, "Sensitivity": 0.9360173927886315, "Specificity": 0.9023706551440364, "AUC": 0.9551980701965361}}}