{"shared_labels": 12, "perf": [0.08824197202920914, 0.9775001406669617], "label_names": [[1, 0, 10, 5, 6, 8, 3, 2, 9, 11, 4, 7, 12], [1, 0, 10, 5, 6, 8, 3, 2, 9, 11, 4, 7]], "metrics": {"Label_0": {"Optimal Threshold": 0.027381571009755135, "Accuracy": 0.8840381991814461, "Sensitivity": 0.9420289855072463, "Specificity": 0.8780120481927711, "AUC": 0.9693338571678016}, "Label_1": {"Optimal Threshold": 0.02928353287279606, "Accuracy": 0.9358799454297408, "Sensitivity": 0.9655172413793104, "Specificity": 0.9333333333333333, "AUC": 0.9883524904214559}, "Label_2": {"Optimal Threshold": 0.47341692447662354, "Accuracy": 0.927694406548431, "Sensitivity": 0.9122807017543859, "Specificity": 0.9346534653465347, "AUC": 0.9725204099357304}, "Label_3": {"Optimal Threshold": 0.33481141924858093, "Accuracy": 0.922237380627558, "Sensitivity": 0.9321266968325792, "Specificity": 0.91796875, "AUC": 0.9756522200226245}, "Label_4": {"Optimal Threshold": 0.0015640767524018884, "Accuracy": 0.8021828103683493, "Sensitivity": 1.0, "Specificity": 0.800275482093664, "AUC": 0.9602518693427784}, "Label_5": {"Optimal Threshold": 0.0031063947826623917, "Accuracy": 0.7830832196452933, "Sensitivity": 1.0, "Specificity": 0.7815934065934066, "AUC": 0.9456043956043956}, "Label_6": {"Optimal Threshold": 0.02349669486284256, "Accuracy": 0.9154160982264665, "Sensitivity": 1.0, "Specificity": 0.9141274238227147, "AUC": 0.9803575925459582}, "Label_7": {"Optimal Threshold": 0.12724368274211884, "Accuracy": 0.9686221009549796, "Sensitivity": 1.0, "Specificity": 0.9657228017883756, "AUC": 0.9937022258545263}, "Label_8": {"Optimal Threshold": 0.0032945885322988033, "Accuracy": 0.8485675306957708, "Sensitivity": 1.0, "Specificity": 0.8481532147742818, "AUC": 0.8515731874145006}, "Label_9": {"Optimal Threshold": 0.031084440648555756, "Accuracy": 0.9017735334242838, "Sensitivity": 0.9375, "Specificity": 0.9001426533523538, "AUC": 0.9515424393723252}, "Label_10": {"Optimal Threshold": 0.008349107578396797, "Accuracy": 0.713506139154161, "Sensitivity": 1.0, "Specificity": 0.7062937062937062, "AUC": 0.9177933177933179}, "Label_11": {"Optimal Threshold": 0.029292074963450432, "Accuracy": 0.9427012278308322, "Sensitivity": 0.9444444444444444, "Specificity": 0.9426573426573427, "AUC": 0.9795648795648796}, "Label_12": {"Optimal Threshold": 0.07027699798345566, "Accuracy": 0.7994542974079127, "Sensitivity": 0.8235294117647058, "Specificity": 0.7976539589442815, "AUC": 0.8941693979644644}, "Overall": {"Accuracy": 0.8727043761150173, "Sensitivity": 0.9582636524371287, "Specificity": 0.8708144297840589, "AUC": 0.9523398679234429}}}