{"shared_labels": 9, "perf": [0.08870832622051239, 0.9753111004829407], "label_names": [[5, 11, 3, 2, 9, 0, 12, 1, 8, 7, 4], [5, 11, 3, 2, 9, 0, 12, 1, 8, 10, 6]], "metrics": {"Label_0": {"Optimal Threshold": 0.04365398362278938, "Accuracy": 0.9004092769440655, "Sensitivity": 0.9130434782608695, "Specificity": 0.8990963855421686, "AUC": 0.9677405273266981}, "Label_1": {"Optimal Threshold": 0.05143464729189873, "Accuracy": 0.931787175989086, "Sensitivity": 0.9655172413793104, "Specificity": 0.9288888888888889, "AUC": 0.9889144316730524}, "Label_2": {"Optimal Threshold": 0.17021456360816956, "Accuracy": 0.9181446111869032, "Sensitivity": 0.9385964912280702, "Specificity": 0.9089108910891089, "AUC": 0.9735191940246656}, "Label_3": {"Optimal Threshold": 0.25764140486717224, "Accuracy": 0.9304229195088677, "Sensitivity": 0.9140271493212669, "Specificity": 0.9375, "AUC": 0.9752014988687783}, "Label_4": {"Optimal Threshold": 0.007982525043189526, "Accuracy": 0.9208731241473397, "Sensitivity": 0.8571428571428571, "Specificity": 0.9214876033057852, "AUC": 0.9488390397481307}, "Label_5": {"Optimal Threshold": 0.002963089616969228, "Accuracy": 0.7980900409276944, "Sensitivity": 1.0, "Specificity": 0.7967032967032966, "AUC": 0.9436813186813187}, "Label_6": {"Optimal Threshold": 0.0038038580678403378, "Accuracy": 0.8622100954979536, "Sensitivity": 1.0, "Specificity": 0.8601108033240997, "AUC": 0.9686476957945103}, "Label_7": {"Optimal Threshold": 0.1710049957036972, "Accuracy": 0.9672578444747613, "Sensitivity": 1.0, "Specificity": 0.9642324888226528, "AUC": 0.9920917263593096}, "Label_8": {"Optimal Threshold": 0.002069690963253379, "Accuracy": 0.8608458390177354, "Sensitivity": 1.0, "Specificity": 0.8604651162790697, "AUC": 0.8707250341997264}, "Label_9": {"Optimal Threshold": 0.016148265451192856, "Accuracy": 0.8990450204638472, "Sensitivity": 0.9375, "Specificity": 0.8972895863052782, "AUC": 0.9527460770328102}, "Label_10": {"Optimal Threshold": 0.004111445974558592, "Accuracy": 0.7148703956343793, "Sensitivity": 1.0, "Specificity": 0.7076923076923077, "AUC": 0.906915306915307}, "Label_11": {"Optimal Threshold": 0.03730496019124985, "Accuracy": 0.965893587994543, "Sensitivity": 0.9444444444444444, "Specificity": 0.9664335664335665, "AUC": 0.9799533799533799}, "Label_12": {"Optimal Threshold": 0.04255148023366928, "Accuracy": 0.8608458390177354, "Sensitivity": 0.8627450980392157, "Specificity": 0.8607038123167156, "AUC": 0.9429590017825312}, "Overall": {"Accuracy": 0.8869765977542239, "Sensitivity": 0.9486935969089257, "Specificity": 0.8853472882079184, "AUC": 0.9547641717200168}}}