{"shared_labels": 11, "perf": [0.08541225641965866, 0.9776726365089417], "label_names": [[7, 9, 4, 11, 12, 6, 10, 1, 0, 5, 2, 8], [7, 9, 4, 11, 12, 6, 10, 1, 0, 5, 2, 3]], "metrics": {"Label_0": {"Optimal Threshold": 0.11535588651895523, "Accuracy": 0.9236016371077762, "Sensitivity": 0.8985507246376812, "Specificity": 0.9262048192771084, "AUC": 0.9699013445084687}, "Label_1": {"Optimal Threshold": 0.07633557915687561, "Accuracy": 0.9413369713506139, "Sensitivity": 0.9655172413793104, "Specificity": 0.9392592592592592, "AUC": 0.9880459770114942}, "Label_2": {"Optimal Threshold": 0.22782301902770996, "Accuracy": 0.9263301500682128, "Sensitivity": 0.9298245614035088, "Specificity": 0.9247524752475248, "AUC": 0.9746569393781482}, "Label_3": {"Optimal Threshold": 0.28562840819358826, "Accuracy": 0.9263301500682128, "Sensitivity": 0.9230769230769231, "Specificity": 0.927734375, "AUC": 0.9751307975113123}, "Label_4": {"Optimal Threshold": 0.003754855366423726, "Accuracy": 0.8376534788540245, "Sensitivity": 1.0, "Specificity": 0.8360881542699724, "AUC": 0.9696969696969696}, "Label_5": {"Optimal Threshold": 0.003180209081619978, "Accuracy": 0.7994542974079127, "Sensitivity": 1.0, "Specificity": 0.7980769230769231, "AUC": 0.9475274725274725}, "Label_6": {"Optimal Threshold": 0.010149667039513588, "Accuracy": 0.8867667121418826, "Sensitivity": 1.0, "Specificity": 0.8850415512465374, "AUC": 0.978468899521531}, "Label_7": {"Optimal Threshold": 0.11586537957191467, "Accuracy": 0.9686221009549796, "Sensitivity": 1.0, "Specificity": 0.9657228017883756, "AUC": 0.9930532185952599}, "Label_8": {"Optimal Threshold": 0.0011183725437149405, "Accuracy": 0.6671214188267395, "Sensitivity": 1.0, "Specificity": 0.6662106703146374, "AUC": 0.7366621067031464}, "Label_9": {"Optimal Threshold": 0.07113112509250641, "Accuracy": 0.9045020463847203, "Sensitivity": 0.90625, "Specificity": 0.9044222539229672, "AUC": 0.947351997146933}, "Label_10": {"Optimal Threshold": 0.009351343847811222, "Accuracy": 0.73806275579809, "Sensitivity": 1.0, "Specificity": 0.7314685314685314, "AUC": 0.9121212121212121}, "Label_11": {"Optimal Threshold": 0.015921035781502724, "Accuracy": 0.9140518417462483, "Sensitivity": 1.0, "Specificity": 0.9118881118881119, "AUC": 0.9825951825951826}, "Label_12": {"Optimal Threshold": 0.03434599190950394, "Accuracy": 0.7871759890859482, "Sensitivity": 0.9607843137254902, "Specificity": 0.7741935483870968, "AUC": 0.944454027945489}, "Overall": {"Accuracy": 0.8631545807534894, "Sensitivity": 0.9680002895556087, "Specificity": 0.8608510365497727, "AUC": 0.9476666265586632}}}