{"shared_labels": 7, "perf": [0.08985075354576111, 0.9752565026283264], "label_names": [[1, 7, 4, 8, 9, 5, 11, 12, 6, 2], [1, 7, 4, 8, 9, 5, 11, 10, 0, 3]], "metrics": {"Label_0": {"Optimal Threshold": 0.10176291316747665, "Accuracy": 0.9263301500682128, "Sensitivity": 0.855072463768116, "Specificity": 0.9337349397590361, "AUC": 0.9601012746638729}, "Label_1": {"Optimal Threshold": 0.04997096583247185, "Accuracy": 0.922237380627558, "Sensitivity": 0.9827586206896551, "Specificity": 0.917037037037037, "AUC": 0.988250319284802}, "Label_2": {"Optimal Threshold": 0.19003047049045563, "Accuracy": 0.9195088676671214, "Sensitivity": 0.9298245614035088, "Specificity": 0.9148514851485149, "AUC": 0.9728157026228939}, "Label_3": {"Optimal Threshold": 0.29777833819389343, "Accuracy": 0.927694406548431, "Sensitivity": 0.918552036199095, "Specificity": 0.931640625, "AUC": 0.9757936227375565}, "Label_4": {"Optimal Threshold": 0.002886204980313778, "Accuracy": 0.8622100954979536, "Sensitivity": 1.0, "Specificity": 0.8608815426997245, "AUC": 0.9750098386462023}, "Label_5": {"Optimal Threshold": 0.04246389865875244, "Accuracy": 0.9713506139154161, "Sensitivity": 0.8, "Specificity": 0.9725274725274725, "AUC": 0.9406593406593406}, "Label_6": {"Optimal Threshold": 0.03636655956506729, "Accuracy": 0.9699863574351978, "Sensitivity": 0.9090909090909091, "Specificity": 0.9709141274238227, "AUC": 0.9696549987408714}, "Label_7": {"Optimal Threshold": 0.1065196543931961, "Accuracy": 0.9549795361527967, "Sensitivity": 1.0, "Specificity": 0.9508196721311475, "AUC": 0.9920196144416134}, "Label_8": {"Optimal Threshold": 0.0009884131141006947, "Accuracy": 0.7639836289222374, "Sensitivity": 1.0, "Specificity": 0.7633378932968536, "AUC": 0.7831737346101231}, "Label_9": {"Optimal Threshold": 0.007659913506358862, "Accuracy": 0.8772169167803547, "Sensitivity": 0.96875, "Specificity": 0.8730385164051355, "AUC": 0.9551533523537803}, "Label_10": {"Optimal Threshold": 0.006579431239515543, "Accuracy": 0.669849931787176, "Sensitivity": 1.0, "Specificity": 0.6615384615384615, "AUC": 0.8892773892773893}, "Label_11": {"Optimal Threshold": 0.06401995569467545, "Accuracy": 0.975443383356071, "Sensitivity": 0.9444444444444444, "Specificity": 0.9762237762237762, "AUC": 0.9841491841491841}, "Label_12": {"Optimal Threshold": 0.07902193069458008, "Accuracy": 0.8649386084583902, "Sensitivity": 0.7647058823529411, "Specificity": 0.8724340175953079, "AUC": 0.8986257259502042}, "Overall": {"Accuracy": 0.892748452093609, "Sensitivity": 0.9287076090729746, "Specificity": 0.8922291974450991, "AUC": 0.9449756998567564}}}