{"shared_labels": 0, "perf": [0.09283656626939774, 0.9740321636199951], "label_names": [[0, 2, 8, 4, 7, 1, 9], [3, 5, 12, 11, 6, 10]], "metrics": {"Label_0": {"Optimal Threshold": 0.11836878955364227, "Accuracy": 0.9140518417462483, "Sensitivity": 0.8405797101449275, "Specificity": 0.9216867469879518, "AUC": 0.9517635760433036}, "Label_1": {"Optimal Threshold": 0.08489209413528442, "Accuracy": 0.931787175989086, "Sensitivity": 0.9310344827586207, "Specificity": 0.9318518518518518, "AUC": 0.9743039591315453}, "Label_2": {"Optimal Threshold": 0.30374568700790405, "Accuracy": 0.9249658935879945, "Sensitivity": 0.9078947368421053, "Specificity": 0.9326732673267327, "AUC": 0.9732065311794337}, "Label_3": {"Optimal Threshold": 0.46397045254707336, "Accuracy": 0.9249658935879945, "Sensitivity": 0.9049773755656109, "Specificity": 0.93359375, "AUC": 0.9731246464932126}, "Label_4": {"Optimal Threshold": 0.018649153411388397, "Accuracy": 0.922237380627558, "Sensitivity": 0.8571428571428571, "Specificity": 0.9228650137741047, "AUC": 0.9376229830775286}, "Label_5": {"Optimal Threshold": 0.08107656985521317, "Accuracy": 0.9713506139154161, "Sensitivity": 0.8, "Specificity": 0.9725274725274725, "AUC": 0.9285714285714285}, "Label_6": {"Optimal Threshold": 0.034646786749362946, "Accuracy": 0.9522510231923602, "Sensitivity": 1.0, "Specificity": 0.9515235457063712, "AUC": 0.983757239989927}, "Label_7": {"Optimal Threshold": 0.11220742017030716, "Accuracy": 0.9577080491132333, "Sensitivity": 1.0, "Specificity": 0.9538002980625931, "AUC": 0.9922840248064997}, "Label_8": {"Optimal Threshold": 0.0004224645672366023, "Accuracy": 0.5225102319236017, "Sensitivity": 1.0, "Specificity": 0.521203830369357, "AUC": 0.6621067031463748}, "Label_9": {"Optimal Threshold": 0.018202580511569977, "Accuracy": 0.8649386084583902, "Sensitivity": 0.90625, "Specificity": 0.8630527817403709, "AUC": 0.9361180456490727}, "Label_10": {"Optimal Threshold": 0.0073613678105175495, "Accuracy": 0.8335607094133697, "Sensitivity": 0.9444444444444444, "Specificity": 0.8307692307692308, "AUC": 0.9268065268065268}, "Label_11": {"Optimal Threshold": 0.021935109049081802, "Accuracy": 0.8922237380627558, "Sensitivity": 1.0, "Specificity": 0.8895104895104895, "AUC": 0.9779331779331779}, "Label_12": {"Optimal Threshold": 0.16122967004776, "Accuracy": 0.8362892223738063, "Sensitivity": 0.8627450980392157, "Specificity": 0.8343108504398827, "AUC": 0.9304237824161923}, "Overall": {"Accuracy": 0.8806800293839857, "Sensitivity": 0.9196206696105986, "Specificity": 0.8814899330051086, "AUC": 0.9344632788649402}}}