{"shared_labels": 13, "perf": [0.08559451252222061, 0.9783206582069397], "label_names": [[6, 8, 10, 5, 1, 12, 7, 0, 9, 3, 2, 4, 11], [6, 8, 10, 5, 1, 12, 7, 0, 9, 3, 2, 4, 11]], "metrics": {"Label_0": {"Optimal Threshold": 0.1294248402118683, "Accuracy": 0.9345156889495225, "Sensitivity": 0.8695652173913043, "Specificity": 0.9412650602409639, "AUC": 0.9690282870612886}, "Label_1": {"Optimal Threshold": 0.06966504454612732, "Accuracy": 0.946793997271487, "Sensitivity": 0.9482758620689655, "Specificity": 0.9466666666666667, "AUC": 0.9880204342273308}, "Label_2": {"Optimal Threshold": 0.3147110342979431, "Accuracy": 0.9263301500682128, "Sensitivity": 0.9166666666666666, "Specificity": 0.9306930693069307, "AUC": 0.9732239013375021}, "Label_3": {"Optimal Threshold": 0.3390180766582489, "Accuracy": 0.931787175989086, "Sensitivity": 0.9276018099547512, "Specificity": 0.93359375, "AUC": 0.9763238829185521}, "Label_4": {"Optimal Threshold": 0.030261436477303505, "Accuracy": 0.937244201909959, "Sensitivity": 0.8571428571428571, "Specificity": 0.9380165289256198, "AUC": 0.9592680047225501}, "Label_5": {"Optimal Threshold": 0.047602567821741104, "Accuracy": 0.956343792633015, "Sensitivity": 0.8, "Specificity": 0.9574175824175825, "AUC": 0.9365384615384615}, "Label_6": {"Optimal Threshold": 0.013428847305476665, "Accuracy": 0.8813096862210096, "Sensitivity": 1.0, "Specificity": 0.8795013850415513, "AUC": 0.976580206497104}, "Label_7": {"Optimal Threshold": 0.17549316585063934, "Accuracy": 0.9672578444747613, "Sensitivity": 1.0, "Specificity": 0.9642324888226528, "AUC": 0.9935580020191337}, "Label_8": {"Optimal Threshold": 0.004201611503958702, "Accuracy": 0.8431105047748977, "Sensitivity": 1.0, "Specificity": 0.8426812585499316, "AUC": 0.8714090287277702}, "Label_9": {"Optimal Threshold": 0.02570570819079876, "Accuracy": 0.8813096862210096, "Sensitivity": 0.9375, "Specificity": 0.8787446504992867, "AUC": 0.9479315263908702}, "Label_10": {"Optimal Threshold": 0.006894382648169994, "Accuracy": 0.6684856753069577, "Sensitivity": 1.0, "Specificity": 0.6601398601398601, "AUC": 0.9003108003108004}, "Label_11": {"Optimal Threshold": 0.038675352931022644, "Accuracy": 0.9399727148703957, "Sensitivity": 1.0, "Specificity": 0.9384615384615385, "AUC": 0.9838383838383837}, "Label_12": {"Optimal Threshold": 0.13372355699539185, "Accuracy": 0.8963165075034106, "Sensitivity": 0.8235294117647058, "Specificity": 0.9017595307917888, "AUC": 0.939307687884538}, "Overall": {"Accuracy": 0.9008290481687479, "Sensitivity": 0.9292524480760963, "Specificity": 0.9010133361434136, "AUC": 0.9550260467287912}}}