{"shared_labels": 3, "perf": [0.09519690275192261, 0.9739668965339661], "label_names": [[9, 8, 7, 12, 1, 4, 11, 5], [9, 8, 7, 3, 6, 0, 10, 2]], "metrics": {"Label_0": {"Optimal Threshold": 0.1172558143734932, "Accuracy": 0.9304229195088677, "Sensitivity": 0.855072463768116, "Specificity": 0.9382530120481928, "AUC": 0.9662345032303125}, "Label_1": {"Optimal Threshold": 0.17520025372505188, "Accuracy": 0.965893587994543, "Sensitivity": 0.9137931034482759, "Specificity": 0.9703703703703703, "AUC": 0.986794380587484}, "Label_2": {"Optimal Threshold": 0.14144697785377502, "Accuracy": 0.8990450204638472, "Sensitivity": 0.9342105263157895, "Specificity": 0.8831683168316832, "AUC": 0.965216258467952}, "Label_3": {"Optimal Threshold": 0.13520722091197968, "Accuracy": 0.8990450204638472, "Sensitivity": 0.9321266968325792, "Specificity": 0.884765625, "AUC": 0.9668764140271493}, "Label_4": {"Optimal Threshold": 0.02048495039343834, "Accuracy": 0.9208731241473397, "Sensitivity": 1.0, "Specificity": 0.9201101928374655, "AUC": 0.9850452577725305}, "Label_5": {"Optimal Threshold": 0.03222135454416275, "Accuracy": 0.9481582537517054, "Sensitivity": 0.8, "Specificity": 0.9491758241758241, "AUC": 0.9293956043956044}, "Label_6": {"Optimal Threshold": 0.009178832173347473, "Accuracy": 0.903137789904502, "Sensitivity": 0.9090909090909091, "Specificity": 0.9030470914127424, "AUC": 0.9563082347015865}, "Label_7": {"Optimal Threshold": 0.12057279050350189, "Accuracy": 0.965893587994543, "Sensitivity": 1.0, "Specificity": 0.96274217585693, "AUC": 0.9930772559011586}, "Label_8": {"Optimal Threshold": 0.003781949169933796, "Accuracy": 0.8731241473396999, "Sensitivity": 1.0, "Specificity": 0.8727770177838577, "AUC": 0.8837209302325582}, "Label_9": {"Optimal Threshold": 0.009726726450026035, "Accuracy": 0.888130968622101, "Sensitivity": 0.96875, "Specificity": 0.884450784593438, "AUC": 0.9555099857346647}, "Label_10": {"Optimal Threshold": 0.005126272328197956, "Accuracy": 0.762619372442019, "Sensitivity": 0.9444444444444444, "Specificity": 0.7580419580419581, "AUC": 0.8791763791763791}, "Label_11": {"Optimal Threshold": 0.05922544375061989, "Accuracy": 0.9645293315143247, "Sensitivity": 0.8888888888888888, "Specificity": 0.9664335664335665, "AUC": 0.9573426573426573}, "Label_12": {"Optimal Threshold": 0.08496010303497314, "Accuracy": 0.8581173260572987, "Sensitivity": 0.8235294117647058, "Specificity": 0.8607038123167156, "AUC": 0.923092404117072}, "Overall": {"Accuracy": 0.9060761884772798, "Sensitivity": 0.9207620341964392, "Specificity": 0.9041569036694419, "AUC": 0.94983002043747}}}