{"shared_labels": 5, "perf": [0.09277983754873276, 0.9784770607948303], "label_names": [[11, 6, 7, 9, 8, 0, 3, 1, 2], [11, 6, 7, 9, 8, 5, 4, 10, 12]], "metrics": {"Label_0": {"Optimal Threshold": 0.1891593039035797, "Accuracy": 0.9481582537517054, "Sensitivity": 0.8115942028985508, "Specificity": 0.9623493975903614, "AUC": 0.9585952505674874}, "Label_1": {"Optimal Threshold": 0.12635023891925812, "Accuracy": 0.9604365620736699, "Sensitivity": 0.9482758620689655, "Specificity": 0.9614814814814815, "AUC": 0.9884546615581099}, "Label_2": {"Optimal Threshold": 0.5378831624984741, "Accuracy": 0.9181446111869032, "Sensitivity": 0.8947368421052632, "Specificity": 0.9287128712871288, "AUC": 0.9648688553065833}, "Label_3": {"Optimal Threshold": 0.5037737488746643, "Accuracy": 0.922237380627558, "Sensitivity": 0.918552036199095, "Specificity": 0.923828125, "AUC": 0.9696337669683259}, "Label_4": {"Optimal Threshold": 0.027672871947288513, "Accuracy": 0.927694406548431, "Sensitivity": 1.0, "Specificity": 0.9269972451790633, "AUC": 0.9860291223927588}, "Label_5": {"Optimal Threshold": 0.07763256877660751, "Accuracy": 0.9890859481582538, "Sensitivity": 0.8, "Specificity": 0.9903846153846154, "AUC": 0.9497252747252748}, "Label_6": {"Optimal Threshold": 0.027627868577837944, "Accuracy": 0.9413369713506139, "Sensitivity": 1.0, "Specificity": 0.9404432132963989, "AUC": 0.9812389826240242}, "Label_7": {"Optimal Threshold": 0.13862036168575287, "Accuracy": 0.9645293315143247, "Sensitivity": 1.0, "Specificity": 0.9612518628912071, "AUC": 0.993029181289361}, "Label_8": {"Optimal Threshold": 0.0023262999020516872, "Accuracy": 0.849931787175989, "Sensitivity": 1.0, "Specificity": 0.8495212038303693, "AUC": 0.8926128590971272}, "Label_9": {"Optimal Threshold": 0.022675661370158195, "Accuracy": 0.91268758526603, "Sensitivity": 0.9375, "Specificity": 0.9115549215406562, "AUC": 0.9531918687589159}, "Label_10": {"Optimal Threshold": 0.017565488815307617, "Accuracy": 0.7939972714870396, "Sensitivity": 0.9444444444444444, "Specificity": 0.7902097902097902, "AUC": 0.9104895104895105}, "Label_11": {"Optimal Threshold": 0.011736385524272919, "Accuracy": 0.9140518417462483, "Sensitivity": 1.0, "Specificity": 0.9118881118881119, "AUC": 0.9824397824397825}, "Label_12": {"Optimal Threshold": 0.11849096417427063, "Accuracy": 0.849931787175989, "Sensitivity": 0.8627450980392157, "Specificity": 0.8489736070381232, "AUC": 0.9254786958771779}, "Overall": {"Accuracy": 0.9147864413894429, "Sensitivity": 0.9321421912119643, "Specificity": 0.9159689574321006, "AUC": 0.9581375240072645}}}