{"shared_labels": 10, "perf": [0.08597017824649811, 0.9793550372123718], "label_names": [[4, 8, 10, 1, 6, 12, 9, 11, 7, 0, 2, 5], [4, 8, 10, 1, 6, 12, 9, 11, 7, 0, 3]], "metrics": {"Label_0": {"Optimal Threshold": 0.11750499159097672, "Accuracy": 0.9290586630286494, "Sensitivity": 0.8840579710144928, "Specificity": 0.9337349397590361, "AUC": 0.9698576916361097}, "Label_1": {"Optimal Threshold": 0.09807582944631577, "Accuracy": 0.9549795361527967, "Sensitivity": 0.9482758620689655, "Specificity": 0.9555555555555556, "AUC": 0.9887867177522349}, "Label_2": {"Optimal Threshold": 0.46457743644714355, "Accuracy": 0.9331514324693042, "Sensitivity": 0.9122807017543859, "Specificity": 0.9425742574257425, "AUC": 0.9725290950147646}, "Label_3": {"Optimal Threshold": 0.38362962007522583, "Accuracy": 0.9195088676671214, "Sensitivity": 0.9411764705882353, "Specificity": 0.91015625, "AUC": 0.9745563489819005}, "Label_4": {"Optimal Threshold": 0.0441499799489975, "Accuracy": 0.9672578444747613, "Sensitivity": 0.8571428571428571, "Specificity": 0.9683195592286501, "AUC": 0.9651711924439197}, "Label_5": {"Optimal Threshold": 0.05459894612431526, "Accuracy": 0.9549795361527967, "Sensitivity": 0.8, "Specificity": 0.9560439560439561, "AUC": 0.926923076923077}, "Label_6": {"Optimal Threshold": 0.010236459784209728, "Accuracy": 0.8553888130968622, "Sensitivity": 1.0, "Specificity": 0.853185595567867, "AUC": 0.9692772601359859}, "Label_7": {"Optimal Threshold": 0.21822649240493774, "Accuracy": 0.9727148703956344, "Sensitivity": 1.0, "Specificity": 0.970193740685544, "AUC": 0.993533964713235}, "Label_8": {"Optimal Threshold": 0.001692699734121561, "Accuracy": 0.7789904502046384, "Sensitivity": 1.0, "Specificity": 0.7783857729138167, "AUC": 0.8228454172366622}, "Label_9": {"Optimal Threshold": 0.010325107723474503, "Accuracy": 0.8526603001364257, "Sensitivity": 0.96875, "Specificity": 0.8473609129814551, "AUC": 0.950561697574893}, "Label_10": {"Optimal Threshold": 0.01328602060675621, "Accuracy": 0.7967257844474761, "Sensitivity": 0.9444444444444444, "Specificity": 0.793006993006993, "AUC": 0.9156177156177157}, "Label_11": {"Optimal Threshold": 0.017327938228845596, "Accuracy": 0.9154160982264665, "Sensitivity": 1.0, "Specificity": 0.9132867132867133, "AUC": 0.9822843822843822}, "Label_12": {"Optimal Threshold": 0.06755009293556213, "Accuracy": 0.8130968622100955, "Sensitivity": 0.9411764705882353, "Specificity": 0.8035190615835777, "AUC": 0.9483065953654188}, "Overall": {"Accuracy": 0.8956868506663869, "Sensitivity": 0.938254213661663, "Specificity": 0.8942556390799159, "AUC": 0.9523270119754076}}}