{"shared_labels": 3, "perf": [0.09411653131246567, 0.9744248390197754], "metrics": {"Label_0": {"Optimal Threshold": 0.07651175558567047, "Accuracy": 0.8949522510231923, "Sensitivity": 0.8780487804878049, "Specificity": 0.8970814132104454, "AUC": 0.96090442471245}, "Label_1": {"Optimal Threshold": 0.18382759392261505, "Accuracy": 0.956343792633015, "Sensitivity": 0.921875, "Specificity": 0.9596412556053812, "AUC": 0.983394058295964}, "Label_2": {"Optimal Threshold": 0.23192384839057922, "Accuracy": 0.9017735334242838, "Sensitivity": 0.8902439024390244, "Specificity": 0.9075975359342916, "AUC": 0.9563947179512864}, "Label_3": {"Optimal Threshold": 0.30789709091186523, "Accuracy": 0.9167803547066848, "Sensitivity": 0.8870292887029289, "Specificity": 0.9311740890688259, "AUC": 0.9634272356139786}, "Label_4": {"Optimal Threshold": 0.014598834328353405, "Accuracy": 0.931787175989086, "Sensitivity": 1.0, "Specificity": 0.9312242090784044, "AUC": 0.9759284731774415}, "Label_5": {"Optimal Threshold": 0.031161289662122726, "Accuracy": 0.9645293315143247, "Sensitivity": 1.0, "Specificity": 0.9642857142857143, "AUC": 0.9868131868131869}, "Label_6": {"Optimal Threshold": 0.09277886897325516, "Accuracy": 0.9822646657571623, "Sensitivity": 1.0, "Specificity": 0.9821428571428571, "AUC": 0.9903846153846153}, "Label_7": {"Optimal Threshold": 0.23133215308189392, "Accuracy": 0.9631650750341064, "Sensitivity": 0.9607843137254902, "Specificity": 0.9633431085043989, "AUC": 0.9919498591225346}, "Label_8": {"Optimal Threshold": 0.036886587738990784, "Accuracy": 0.9809004092769441, "Sensitivity": 1.0, "Specificity": 0.9807956104252401, "AUC": 0.9917695473251028}, "Label_9": {"Optimal Threshold": 0.07574649155139923, "Accuracy": 0.9331514324693042, "Sensitivity": 0.896551724137931, "Specificity": 0.9346590909090909, "AUC": 0.9593456112852665}, "Label_10": {"Optimal Threshold": 0.014159820042550564, "Accuracy": 0.878581173260573, "Sensitivity": 0.8888888888888888, "Specificity": 0.8783216783216783, "AUC": 0.9370629370629372}, "Label_11": {"Optimal Threshold": 0.06786125153303146, "Accuracy": 0.9672578444747613, "Sensitivity": 1.0, "Specificity": 0.9666666666666667, "AUC": 0.989102564102564}, "Label_12": {"Optimal Threshold": 0.09839725494384766, "Accuracy": 0.8908594815825375, "Sensitivity": 0.8431372549019608, "Specificity": 0.8944281524926686, "AUC": 0.9209361163820367}, "Overall": {"Accuracy": 0.935565117011229, "Sensitivity": 0.935889165637233, "Specificity": 0.9377970293573588, "AUC": 0.9698010267099512}}, "label_names": [[4, 12, 11, 6, 2, 9, 3, 1], [4, 12, 11, 0, 5, 10, 8, 7]]}