{"shared_labels": 3, "perf": [0.08908294141292572, 0.9789804220199585], "metrics": {"Label_0": {"Optimal Threshold": 0.11051800101995468, "Accuracy": 0.897680763983629, "Sensitivity": 0.9420289855072463, "Specificity": 0.8930722891566265, "AUC": 0.9724113846691113}, "Label_1": {"Optimal Threshold": 0.11766362935304642, "Accuracy": 0.9454297407912687, "Sensitivity": 0.9655172413793104, "Specificity": 0.9437037037037037, "AUC": 0.9891954022988505}, "Label_2": {"Optimal Threshold": 0.3699284493923187, "Accuracy": 0.91268758526603, "Sensitivity": 0.9078947368421053, "Specificity": 0.9148514851485149, "AUC": 0.9666232412714955}, "Label_3": {"Optimal Threshold": 0.5161113142967224, "Accuracy": 0.9263301500682128, "Sensitivity": 0.9095022624434389, "Specificity": 0.93359375, "AUC": 0.9688383766968326}, "Label_4": {"Optimal Threshold": 0.010558332316577435, "Accuracy": 0.869031377899045, "Sensitivity": 1.0, "Specificity": 0.8677685950413223, "AUC": 0.9777646595828414}, "Label_5": {"Optimal Threshold": 0.005862850695848465, "Accuracy": 0.8321964529331515, "Sensitivity": 1.0, "Specificity": 0.8310439560439561, "AUC": 0.9516483516483516}, "Label_6": {"Optimal Threshold": 0.028050916269421577, "Accuracy": 0.9386084583901774, "Sensitivity": 1.0, "Specificity": 0.9376731301939059, "AUC": 0.9832535885167464}, "Label_7": {"Optimal Threshold": 0.1794881820678711, "Accuracy": 0.9699863574351978, "Sensitivity": 0.9838709677419355, "Specificity": 0.9687034277198212, "AUC": 0.9933416662660449}, "Label_8": {"Optimal Threshold": 0.002089650835841894, "Accuracy": 0.8049113233287858, "Sensitivity": 1.0, "Specificity": 0.8043775649794802, "AUC": 0.8050615595075239}, "Label_9": {"Optimal Threshold": 0.0417260117828846, "Accuracy": 0.9140518417462483, "Sensitivity": 0.90625, "Specificity": 0.9144079885877318, "AUC": 0.9522557061340942}, "Label_10": {"Optimal Threshold": 0.011446352116763592, "Accuracy": 0.7762619372442019, "Sensitivity": 0.9444444444444444, "Specificity": 0.772027972027972, "AUC": 0.9219891219891221}, "Label_11": {"Optimal Threshold": 0.02279510535299778, "Accuracy": 0.9058663028649386, "Sensitivity": 1.0, "Specificity": 0.9034965034965035, "AUC": 0.9771561771561772}, "Label_12": {"Optimal Threshold": 0.05124182999134064, "Accuracy": 0.8035470668485676, "Sensitivity": 0.9803921568627451, "Specificity": 0.7903225806451613, "AUC": 0.9539704444827785}, "Overall": {"Accuracy": 0.884353027599958, "Sensitivity": 0.9646077534785559, "Specificity": 0.8826956112880538, "AUC": 0.9548853600169207}}, "label_names": [[12, 10, 0, 9, 5, 11, 6, 1], [12, 10, 0, 7, 3, 8, 4, 2]]}