{"shared_labels": 0, "perf": [0.10397472977638245, 0.9673590064048767], "metrics": {"Label_0": {"Optimal Threshold": 0.47301191091537476, "Accuracy": 0.9386084583901774, "Sensitivity": 0.8695652173913043, "Specificity": 0.9457831325301205, "AUC": 0.9625240090797975}, "Label_1": {"Optimal Threshold": 0.47189608216285706, "Accuracy": 0.9590723055934516, "Sensitivity": 0.9482758620689655, "Specificity": 0.96, "AUC": 0.9831417624521073}, "Label_2": {"Optimal Threshold": 0.19480736553668976, "Accuracy": 0.9236016371077762, "Sensitivity": 0.8991228070175439, "Specificity": 0.9346534653465347, "AUC": 0.9619767239881882}, "Label_3": {"Optimal Threshold": 0.14464126527309418, "Accuracy": 0.922237380627558, "Sensitivity": 0.9276018099547512, "Specificity": 0.919921875, "AUC": 0.9678927460407241}, "Label_4": {"Optimal Threshold": 0.014928879216313362, "Accuracy": 0.8826739427012278, "Sensitivity": 1.0, "Specificity": 0.8815426997245179, "AUC": 0.9730421094057458}, "Label_5": {"Optimal Threshold": 0.016650041565299034, "Accuracy": 0.9358799454297408, "Sensitivity": 0.8, "Specificity": 0.9368131868131868, "AUC": 0.9217032967032968}, "Label_6": {"Optimal Threshold": 0.02494574896991253, "Accuracy": 0.9481582537517054, "Sensitivity": 1.0, "Specificity": 0.9473684210526315, "AUC": 0.9821203727020901}, "Label_7": {"Optimal Threshold": 0.14552462100982666, "Accuracy": 0.9631650750341064, "Sensitivity": 1.0, "Specificity": 0.9597615499254843, "AUC": 0.993726263160425}, "Label_8": {"Optimal Threshold": 0.0005430880119092762, "Accuracy": 0.7012278308321964, "Sensitivity": 1.0, "Specificity": 0.7004103967168263, "AUC": 0.7653898768809849}, "Label_9": {"Optimal Threshold": 0.019095543771982193, "Accuracy": 0.8226466575716235, "Sensitivity": 0.96875, "Specificity": 0.8159771754636234, "AUC": 0.9493580599144081}, "Label_10": {"Optimal Threshold": 0.004720766097307205, "Accuracy": 0.694406548431105, "Sensitivity": 1.0, "Specificity": 0.6867132867132867, "AUC": 0.8912975912975913}, "Label_11": {"Optimal Threshold": 0.01859838329255581, "Accuracy": 0.8758526603001364, "Sensitivity": 1.0, "Specificity": 0.8727272727272727, "AUC": 0.9768453768453769}, "Label_12": {"Optimal Threshold": 0.04544265940785408, "Accuracy": 0.8062755798090041, "Sensitivity": 0.8823529411764706, "Specificity": 0.8005865102639296, "AUC": 0.920159852797424}, "Overall": {"Accuracy": 0.8749081750446007, "Sensitivity": 0.9458206644314644, "Specificity": 0.8740199209444166, "AUC": 0.9422444647129353}}, "label_names": [[3, 12, 10, 5, 7, 2, 11], [4, 0, 6, 1, 9, 8]]}