{"shared_labels": 0, "perf": [0.10262139141559601, 0.9720173478126526], "metrics": {"Label_0": {"Optimal Threshold": 0.15198269486427307, "Accuracy": 0.9113233287858117, "Sensitivity": 0.8488372093023255, "Specificity": 0.919629057187017, "AUC": 0.9529312389921283}, "Label_1": {"Optimal Threshold": 0.12186326831579208, "Accuracy": 0.931787175989086, "Sensitivity": 0.9305555555555556, "Specificity": 0.9319213313161876, "AUC": 0.980605984199025}, "Label_2": {"Optimal Threshold": 0.11144085228443146, "Accuracy": 0.8854024556616644, "Sensitivity": 0.9545454545454546, "Specificity": 0.8513238289205702, "AUC": 0.9636094325966572}, "Label_3": {"Optimal Threshold": 0.21344992518424988, "Accuracy": 0.9004092769440655, "Sensitivity": 0.9527896995708155, "Specificity": 0.876, "AUC": 0.96668669527897}, "Label_4": {"Optimal Threshold": 0.04250185936689377, "Accuracy": 0.9522510231923602, "Sensitivity": 0.9090909090909091, "Specificity": 0.9529085872576177, "AUC": 0.9680181314530344}, "Label_5": {"Optimal Threshold": 0.0005580148426815867, "Accuracy": 0.6275579809004093, "Sensitivity": 1.0, "Specificity": 0.6255144032921811, "AUC": 0.8587105624142661}, "Label_6": {"Optimal Threshold": 0.04854825139045715, "Accuracy": 0.9822646657571623, "Sensitivity": 1.0, "Specificity": 0.9822161422708618, "AUC": 0.9904240766073872}, "Label_7": {"Optimal Threshold": 0.08948119729757309, "Accuracy": 0.9522510231923602, "Sensitivity": 0.9649122807017544, "Specificity": 0.9511834319526628, "AUC": 0.98006851448147}, "Label_8": {"Optimal Threshold": 0.004604221321642399, "Accuracy": 0.8840381991814461, "Sensitivity": 1.0, "Specificity": 0.8834019204389575, "AUC": 0.9622770919067215}, "Label_9": {"Optimal Threshold": 0.08967918902635574, "Accuracy": 0.9440654843110505, "Sensitivity": 0.8928571428571429, "Specificity": 0.9460992907801419, "AUC": 0.9669706180344478}, "Label_10": {"Optimal Threshold": 0.02590366266667843, "Accuracy": 0.8622100954979536, "Sensitivity": 0.8, "Specificity": 0.8635097493036211, "AUC": 0.8540389972144846}, "Label_11": {"Optimal Threshold": 0.029507163912057877, "Accuracy": 0.9631650750341064, "Sensitivity": 0.8888888888888888, "Specificity": 0.965034965034965, "AUC": 0.9663558663558663}, "Label_12": {"Optimal Threshold": 0.15604989230632782, "Accuracy": 0.8567530695770805, "Sensitivity": 0.8166666666666667, "Specificity": 0.8603268945022289, "AUC": 0.9043833580980684}, "Overall": {"Accuracy": 0.8964214503095813, "Sensitivity": 0.9199341390138087, "Specificity": 0.8930053540197702, "AUC": 0.9473138898178868}}, "label_names": [[7, 6, 3, 12, 1, 4, 10], [11, 2, 9, 8, 5, 0]]}