{"shared_labels": 8, "perf": [0.08807357400655746, 0.975719690322876], "metrics": {"Label_0": {"Optimal Threshold": 0.11116252094507217, "Accuracy": 0.9495225102319236, "Sensitivity": 0.855072463768116, "Specificity": 0.9593373493975904, "AUC": 0.9714946743495722}, "Label_1": {"Optimal Threshold": 0.057808611541986465, "Accuracy": 0.9590723055934516, "Sensitivity": 0.9482758620689655, "Specificity": 0.96, "AUC": 0.9894763729246489}, "Label_2": {"Optimal Threshold": 0.2579323649406433, "Accuracy": 0.9208731241473397, "Sensitivity": 0.9254385964912281, "Specificity": 0.9188118811881189, "AUC": 0.9700277922529095}, "Label_3": {"Optimal Threshold": 0.2736016511917114, "Accuracy": 0.9331514324693042, "Sensitivity": 0.9321266968325792, "Specificity": 0.93359375, "AUC": 0.9752191742081449}, "Label_4": {"Optimal Threshold": 0.02276170440018177, "Accuracy": 0.9399727148703957, "Sensitivity": 0.8571428571428571, "Specificity": 0.940771349862259, "AUC": 0.9604486422668241}, "Label_5": {"Optimal Threshold": 0.05834667384624481, "Accuracy": 0.9795361527967258, "Sensitivity": 0.8, "Specificity": 0.9807692307692307, "AUC": 0.9392857142857143}, "Label_6": {"Optimal Threshold": 0.009349700063467026, "Accuracy": 0.9045020463847203, "Sensitivity": 1.0, "Specificity": 0.9030470914127424, "AUC": 0.978342986653236}, "Label_7": {"Optimal Threshold": 0.11342236399650574, "Accuracy": 0.9686221009549796, "Sensitivity": 1.0, "Specificity": 0.9657228017883756, "AUC": 0.9939425989135138}, "Label_8": {"Optimal Threshold": 0.0006961918552406132, "Accuracy": 0.5961800818553888, "Sensitivity": 1.0, "Specificity": 0.5950752393980848, "AUC": 0.7038303693570451}, "Label_9": {"Optimal Threshold": 0.03191649913787842, "Accuracy": 0.8908594815825375, "Sensitivity": 0.875, "Specificity": 0.891583452211127, "AUC": 0.9455688302425107}, "Label_10": {"Optimal Threshold": 0.008875145576894283, "Accuracy": 0.7435197817189632, "Sensitivity": 1.0, "Specificity": 0.737062937062937, "AUC": 0.9094017094017094}, "Label_11": {"Optimal Threshold": 0.010710802860558033, "Accuracy": 0.8922237380627558, "Sensitivity": 0.9444444444444444, "Specificity": 0.8909090909090909, "AUC": 0.9532245532245532}, "Label_12": {"Optimal Threshold": 0.057777658104896545, "Accuracy": 0.8171896316507503, "Sensitivity": 0.9215686274509803, "Specificity": 0.8093841642228738, "AUC": 0.9466965671899259}, "Overall": {"Accuracy": 0.8842480847937874, "Sensitivity": 0.9276207344768592, "Specificity": 0.8835437183248024, "AUC": 0.9413046142515622}}, "label_names": [[3, 6, 10, 0, 5, 12, 1, 7, 4, 11, 8], [3, 6, 10, 0, 5, 12, 1, 7, 9, 2]]}