{"shared_labels": 8, "perf": [0.10508742928504944, 0.9667927622795105], "metrics": {"Label_0": {"Optimal Threshold": 0.0926680713891983, "Accuracy": 0.9399727148703957, "Sensitivity": 0.8170731707317073, "Specificity": 0.9554531490015361, "AUC": 0.9509010527893297}, "Label_1": {"Optimal Threshold": 0.05515998229384422, "Accuracy": 0.9481582537517054, "Sensitivity": 0.9375, "Specificity": 0.9491778774289985, "AUC": 0.9811285500747383}, "Label_2": {"Optimal Threshold": 0.10129934549331665, "Accuracy": 0.9004092769440655, "Sensitivity": 0.8821138211382114, "Specificity": 0.9096509240246407, "AUC": 0.9529557102552544}, "Label_3": {"Optimal Threshold": 0.09161189198493958, "Accuracy": 0.8990450204638472, "Sensitivity": 0.9121338912133892, "Specificity": 0.8927125506072875, "AUC": 0.9583114529161656}, "Label_4": {"Optimal Threshold": 0.01330053061246872, "Accuracy": 0.9140518417462483, "Sensitivity": 1.0, "Specificity": 0.9133425034387895, "AUC": 0.9701971572673085}, "Label_5": {"Optimal Threshold": 0.04774083197116852, "Accuracy": 0.9809004092769441, "Sensitivity": 1.0, "Specificity": 0.9807692307692307, "AUC": 0.9879120879120878}, "Label_6": {"Optimal Threshold": 0.07604874670505524, "Accuracy": 0.9768076398362893, "Sensitivity": 1.0, "Specificity": 0.9766483516483516, "AUC": 0.9914835164835165}, "Label_7": {"Optimal Threshold": 0.05057403817772865, "Accuracy": 0.9508867667121419, "Sensitivity": 0.9803921568627451, "Specificity": 0.9486803519061584, "AUC": 0.9917198550974642}, "Label_8": {"Optimal Threshold": 0.0384335070848465, "Accuracy": 0.9645293315143247, "Sensitivity": 1.0, "Specificity": 0.9643347050754458, "AUC": 0.986968449931413}, "Label_9": {"Optimal Threshold": 0.016064101830124855, "Accuracy": 0.8567530695770805, "Sensitivity": 1.0, "Specificity": 0.8508522727272727, "AUC": 0.9663499216300939}, "Label_10": {"Optimal Threshold": 0.018248150125145912, "Accuracy": 0.8717598908594816, "Sensitivity": 0.9444444444444444, "Specificity": 0.8699300699300699, "AUC": 0.957109557109557}, "Label_11": {"Optimal Threshold": 0.03881712630391121, "Accuracy": 0.9631650750341064, "Sensitivity": 1.0, "Specificity": 0.9625, "AUC": 0.9876068376068377}, "Label_12": {"Optimal Threshold": 0.11673091351985931, "Accuracy": 0.8744884038199181, "Sensitivity": 0.8431372549019608, "Specificity": 0.8768328445747801, "AUC": 0.9167385429245011}, "Overall": {"Accuracy": 0.9262252072620422, "Sensitivity": 0.947445749176343, "Specificity": 0.926991140856351, "AUC": 0.9691832839998666}}, "label_names": [[5, 11, 12, 7, 8, 9, 1, 10, 2, 3, 4], [5, 11, 12, 7, 8, 9, 1, 10, 6, 0]]}