{"shared_labels": 1, "perf": [0.08964451402425766, 0.9770805239677429], "metrics": {"Label_0": {"Optimal Threshold": 0.11507933586835861, "Accuracy": 0.9304229195088677, "Sensitivity": 0.8235294117647058, "Specificity": 0.9444444444444444, "AUC": 0.9528685548293391}, "Label_1": {"Optimal Threshold": 0.09242794662714005, "Accuracy": 0.937244201909959, "Sensitivity": 0.8933333333333333, "Specificity": 0.9422492401215805, "AUC": 0.9775683890577507}, "Label_2": {"Optimal Threshold": 0.3996741473674774, "Accuracy": 0.922237380627558, "Sensitivity": 0.9461883408071748, "Specificity": 0.9117647058823529, "AUC": 0.9746768662622}, "Label_3": {"Optimal Threshold": 0.476612389087677, "Accuracy": 0.9249658935879945, "Sensitivity": 0.9212962962962963, "Specificity": 0.9264990328820116, "AUC": 0.9739684074790458}, "Label_4": {"Optimal Threshold": 0.01827031373977661, "Accuracy": 0.9304229195088677, "Sensitivity": 1.0, "Specificity": 0.9296551724137931, "AUC": 0.9750000000000001}, "Label_5": {"Optimal Threshold": 0.00577441556379199, "Accuracy": 0.7885402455661664, "Sensitivity": 1.0, "Specificity": 0.7873799725651578, "AUC": 0.8978052126200275}, "Label_6": {"Optimal Threshold": 0.02653585374355316, "Accuracy": 0.9427012278308322, "Sensitivity": 1.0, "Specificity": 0.9423868312757202, "AUC": 0.9845679012345679}, "Label_7": {"Optimal Threshold": 0.11660508811473846, "Accuracy": 0.9577080491132333, "Sensitivity": 0.9807692307692307, "Specificity": 0.9559471365638766, "AUC": 0.9925449000338868}, "Label_8": {"Optimal Threshold": 0.014438294805586338, "Accuracy": 0.922237380627558, "Sensitivity": 1.0, "Specificity": 0.9219178082191781, "AUC": 0.9707762557077625}, "Label_9": {"Optimal Threshold": 0.1552811861038208, "Accuracy": 0.9549795361527967, "Sensitivity": 0.9166666666666666, "Specificity": 0.9562764456981664, "AUC": 0.9821344616831218}, "Label_10": {"Optimal Threshold": 0.04061200097203255, "Accuracy": 0.8567530695770805, "Sensitivity": 1.0, "Specificity": 0.8543689320388349, "AUC": 0.954461396208969}, "Label_11": {"Optimal Threshold": 0.023234516382217407, "Accuracy": 0.9304229195088677, "Sensitivity": 1.0, "Specificity": 0.9285714285714286, "AUC": 0.9838567005749669}, "Label_12": {"Optimal Threshold": 0.039844270795583725, "Accuracy": 0.8240109140518418, "Sensitivity": 0.8548387096774194, "Specificity": 0.8211624441132638, "AUC": 0.9134416614585837}, "Overall": {"Accuracy": 0.9094343582747404, "Sensitivity": 0.9489709222549867, "Specificity": 0.9094325842146008, "AUC": 0.9641285159346326}}, "label_names": [[2, 1, 6, 3, 11, 10, 9], [2, 0, 12, 7, 5, 4, 8]]}