{"shared_labels": 10, "perf": [0.08923856168985367, 0.976205587387085], "metrics": {"Label_0": {"Optimal Threshold": 0.025128865614533424, "Accuracy": 0.8608458390177354, "Sensitivity": 0.9130434782608695, "Specificity": 0.8554216867469879, "AUC": 0.9561725161515627}, "Label_1": {"Optimal Threshold": 0.05188090354204178, "Accuracy": 0.9495225102319236, "Sensitivity": 0.9482758620689655, "Specificity": 0.9496296296296296, "AUC": 0.987816091954023}, "Label_2": {"Optimal Threshold": 0.31951427459716797, "Accuracy": 0.9154160982264665, "Sensitivity": 0.9429824561403509, "Specificity": 0.902970297029703, "AUC": 0.9741358346360951}, "Label_3": {"Optimal Threshold": 0.46124836802482605, "Accuracy": 0.9290586630286494, "Sensitivity": 0.9321266968325792, "Specificity": 0.927734375, "AUC": 0.9767746040723982}, "Label_4": {"Optimal Threshold": 0.013062482699751854, "Accuracy": 0.9454297407912687, "Sensitivity": 0.8571428571428571, "Specificity": 0.9462809917355371, "AUC": 0.9616292798110979}, "Label_5": {"Optimal Threshold": 0.0030372156761586666, "Accuracy": 0.7557980900409277, "Sensitivity": 1.0, "Specificity": 0.7541208791208791, "AUC": 0.9326923076923077}, "Label_6": {"Optimal Threshold": 0.03191879391670227, "Accuracy": 0.9618008185538881, "Sensitivity": 0.8181818181818182, "Specificity": 0.96398891966759, "AUC": 0.95051624276001}, "Label_7": {"Optimal Threshold": 0.08131896704435349, "Accuracy": 0.9577080491132333, "Sensitivity": 1.0, "Specificity": 0.9538002980625931, "AUC": 0.9933176289601462}, "Label_8": {"Optimal Threshold": 0.00293301185593009, "Accuracy": 0.8485675306957708, "Sensitivity": 1.0, "Specificity": 0.8481532147742818, "AUC": 0.8686730506155951}, "Label_9": {"Optimal Threshold": 0.02071487531065941, "Accuracy": 0.8813096862210096, "Sensitivity": 0.9375, "Specificity": 0.8787446504992867, "AUC": 0.9421808131241083}, "Label_10": {"Optimal Threshold": 0.015021978877484798, "Accuracy": 0.8185538881309686, "Sensitivity": 0.8888888888888888, "Specificity": 0.8167832167832167, "AUC": 0.9086247086247086}, "Label_11": {"Optimal Threshold": 0.012907585129141808, "Accuracy": 0.927694406548431, "Sensitivity": 1.0, "Specificity": 0.9258741258741259, "AUC": 0.982051282051282}, "Label_12": {"Optimal Threshold": 0.06717520952224731, "Accuracy": 0.7967257844474761, "Sensitivity": 0.9803921568627451, "Specificity": 0.782991202346041, "AUC": 0.9501178770628486}, "Overall": {"Accuracy": 0.8883408542344422, "Sensitivity": 0.9398872472599288, "Specificity": 0.885114883636144, "AUC": 0.9526694028858602}}, "label_names": [[7, 11, 1, 10, 3, 12, 4, 5, 8, 2, 6, 0], [7, 11, 1, 10, 3, 12, 4, 5, 8, 2, 9]]}