{"shared_labels": 10, "perf": [0.08814597874879837, 0.9786117076873779], "metrics": {"Label_0": {"Optimal Threshold": 0.11736549437046051, "Accuracy": 0.9454297407912687, "Sensitivity": 0.8494623655913979, "Specificity": 0.959375, "AUC": 0.9695396505376345}, "Label_1": {"Optimal Threshold": 0.07912079989910126, "Accuracy": 0.9536152796725784, "Sensitivity": 0.96, "Specificity": 0.952887537993921, "AUC": 0.9883890577507599}, "Label_2": {"Optimal Threshold": 0.47774189710617065, "Accuracy": 0.931787175989086, "Sensitivity": 0.9209486166007905, "Specificity": 0.9375, "AUC": 0.9744153491436099}, "Label_3": {"Optimal Threshold": 0.5867419242858887, "Accuracy": 0.937244201909959, "Sensitivity": 0.9173553719008265, "Specificity": 0.9470468431771895, "AUC": 0.9777229805928196}, "Label_4": {"Optimal Threshold": 0.0025685338769108057, "Accuracy": 0.819918144611187, "Sensitivity": 0.9, "Specificity": 0.8188105117565698, "AUC": 0.9171507607192254}, "Label_5": {"Optimal Threshold": 0.008992674760520458, "Accuracy": 0.8553888130968622, "Sensitivity": 1.0, "Specificity": 0.8539944903581267, "AUC": 0.9374262101534828}, "Label_6": {"Optimal Threshold": 0.07889329642057419, "Accuracy": 0.9686221009549796, "Sensitivity": 1.0, "Specificity": 0.9684065934065934, "AUC": 0.9818681318681318}, "Label_7": {"Optimal Threshold": 0.16113664209842682, "Accuracy": 0.9686221009549796, "Sensitivity": 0.9365079365079365, "Specificity": 0.9716417910447761, "AUC": 0.9872778962331201}, "Label_8": {"Optimal Threshold": 0.006783017423003912, "Accuracy": 0.8308321964529332, "Sensitivity": 1.0, "Specificity": 0.8294360385144429, "AUC": 0.9378725355341586}, "Label_9": {"Optimal Threshold": 0.15268148481845856, "Accuracy": 0.9208731241473397, "Sensitivity": 0.9230769230769231, "Specificity": 0.9207920792079208, "AUC": 0.9722554673049723}, "Label_10": {"Optimal Threshold": 0.062067147344350815, "Accuracy": 0.9181446111869032, "Sensitivity": 0.8461538461538461, "Specificity": 0.9194444444444444, "AUC": 0.9225427350427351}, "Label_11": {"Optimal Threshold": 0.05622138828039169, "Accuracy": 0.9495225102319236, "Sensitivity": 1.0, "Specificity": 0.9483240223463687, "AUC": 0.9862799868550773}, "Label_12": {"Optimal Threshold": 0.0941673144698143, "Accuracy": 0.8390177353342428, "Sensitivity": 0.8888888888888888, "Specificity": 0.8350515463917526, "AUC": 0.940953471881307}, "Overall": {"Accuracy": 0.9106936719487881, "Sensitivity": 0.9340303037477392, "Specificity": 0.9125162229724697, "AUC": 0.9610534025859258}}, "label_names": [[12, 1, 8, 5, 3, 7, 11, 0, 10, 2, 9, 6], [12, 1, 8, 5, 3, 7, 11, 0, 10, 2, 4]]}