{"shared_labels": 1, "perf": [0.101004958152771, 0.9671413898468018], "metrics": {"Label_0": {"Optimal Threshold": 0.20335642993450165, "Accuracy": 0.922237380627558, "Sensitivity": 0.8695652173913043, "Specificity": 0.927710843373494, "AUC": 0.9570674000349223}, "Label_1": {"Optimal Threshold": 0.16960620880126953, "Accuracy": 0.9386084583901774, "Sensitivity": 0.9482758620689655, "Specificity": 0.9377777777777778, "AUC": 0.983397190293742}, "Label_2": {"Optimal Threshold": 0.16113553941249847, "Accuracy": 0.9181446111869032, "Sensitivity": 0.9122807017543859, "Specificity": 0.9207920792079208, "AUC": 0.9668229980892826}, "Label_3": {"Optimal Threshold": 0.1605522483587265, "Accuracy": 0.9154160982264665, "Sensitivity": 0.9140271493212669, "Specificity": 0.916015625, "AUC": 0.9676364536199095}, "Label_4": {"Optimal Threshold": 0.014202317222952843, "Accuracy": 0.9331514324693042, "Sensitivity": 0.8571428571428571, "Specificity": 0.9338842975206612, "AUC": 0.9393939393939393}, "Label_5": {"Optimal Threshold": 0.015478348359465599, "Accuracy": 0.9413369713506139, "Sensitivity": 0.8, "Specificity": 0.9423076923076923, "AUC": 0.9}, "Label_6": {"Optimal Threshold": 0.015141397714614868, "Accuracy": 0.9331514324693042, "Sensitivity": 0.9090909090909091, "Specificity": 0.9335180055401662, "AUC": 0.9579451019894233}, "Label_7": {"Optimal Threshold": 0.09108573198318481, "Accuracy": 0.927694406548431, "Sensitivity": 1.0, "Specificity": 0.9210134128166915, "AUC": 0.9886784289216864}, "Label_8": {"Optimal Threshold": 0.0037232190370559692, "Accuracy": 0.8676671214188267, "Sensitivity": 1.0, "Specificity": 0.8673050615595075, "AUC": 0.8857729138166894}, "Label_9": {"Optimal Threshold": 0.05891233682632446, "Accuracy": 0.9167803547066848, "Sensitivity": 0.90625, "Specificity": 0.9172610556348074, "AUC": 0.9428049215406563}, "Label_10": {"Optimal Threshold": 0.013708941638469696, "Accuracy": 0.7489768076398363, "Sensitivity": 0.9444444444444444, "Specificity": 0.7440559440559441, "AUC": 0.8896658896658897}, "Label_11": {"Optimal Threshold": 0.05330749228596687, "Accuracy": 0.9631650750341064, "Sensitivity": 0.9444444444444444, "Specificity": 0.9636363636363636, "AUC": 0.9836052836052835}, "Label_12": {"Optimal Threshold": 0.11387404054403305, "Accuracy": 0.8922237380627558, "Sensitivity": 0.7450980392156863, "Specificity": 0.9032258064516129, "AUC": 0.9068771203496061}, "Overall": {"Accuracy": 0.9091195298562282, "Sensitivity": 0.9038938172980203, "Specificity": 0.9098849203755874, "AUC": 0.9438205877939254}}, "label_names": [[11, 2, 6, 3, 4, 5, 12], [11, 8, 9, 7, 10, 0, 1]]}