{"shared_labels": 1, "perf": [0.09731069952249527, 0.9732453227043152], "metrics": {"Label_0": {"Optimal Threshold": 0.1737007200717926, "Accuracy": 0.9263301500682128, "Sensitivity": 0.8133333333333334, "Specificity": 0.939209726443769, "AUC": 0.9465450861195541}, "Label_1": {"Optimal Threshold": 0.10341896861791611, "Accuracy": 0.9522510231923602, "Sensitivity": 0.85, "Specificity": 0.9613670133729569, "AUC": 0.9648340762753839}, "Label_2": {"Optimal Threshold": 0.2802315652370453, "Accuracy": 0.927694406548431, "Sensitivity": 0.9135802469135802, "Specificity": 0.9346938775510204, "AUC": 0.9704459561602419}, "Label_3": {"Optimal Threshold": 0.25791433453559875, "Accuracy": 0.927694406548431, "Sensitivity": 0.9094650205761317, "Specificity": 0.936734693877551, "AUC": 0.9710926345846981}, "Label_4": {"Optimal Threshold": 0.026426928117871284, "Accuracy": 0.922237380627558, "Sensitivity": 1.0, "Specificity": 0.9212707182320442, "AUC": 0.9820441988950276}, "Label_5": {"Optimal Threshold": 0.012213533744215965, "Accuracy": 0.869031377899045, "Sensitivity": 1.0, "Specificity": 0.8675862068965517, "AUC": 0.9808620689655172}, "Label_6": {"Optimal Threshold": 0.01902688480913639, "Accuracy": 0.9236016371077762, "Sensitivity": 1.0, "Specificity": 0.9226519337016574, "AUC": 0.9702271332105585}, "Label_7": {"Optimal Threshold": 0.4077244699001312, "Accuracy": 0.9686221009549796, "Sensitivity": 0.9152542372881356, "Specificity": 0.973293768545994, "AUC": 0.9823467283609113}, "Label_8": {"Optimal Threshold": 0.006433259695768356, "Accuracy": 0.8894952251023193, "Sensitivity": 1.0, "Specificity": 0.8882758620689655, "AUC": 0.9789655172413793}, "Label_9": {"Optimal Threshold": 0.12297758460044861, "Accuracy": 0.9181446111869032, "Sensitivity": 0.9393939393939394, "Specificity": 0.9171428571428571, "AUC": 0.9523376623376623}, "Label_10": {"Optimal Threshold": 0.034118104726076126, "Accuracy": 0.8403819918144612, "Sensitivity": 0.9090909090909091, "Specificity": 0.8393351800554016, "AUC": 0.9211785444472425}, "Label_11": {"Optimal Threshold": 0.05653814971446991, "Accuracy": 0.9331514324693042, "Sensitivity": 1.0, "Specificity": 0.9313725490196079, "AUC": 0.9823824266548724}, "Label_12": {"Optimal Threshold": 0.0509285107254982, "Accuracy": 0.7939972714870396, "Sensitivity": 0.9361702127659575, "Specificity": 0.7842565597667639, "AUC": 0.9216859996278146}, "Overall": {"Accuracy": 0.9071256165389863, "Sensitivity": 0.9374067614893835, "Specificity": 0.90901468820578, "AUC": 0.9634575409908357}}, "label_names": [[5, 8, 0, 11, 4, 10, 9], [5, 3, 7, 1, 12, 6, 2]]}