{"shared_labels": 6, "perf": [0.08914594352245331, 0.9781836271286011], "metrics": {"Label_0": {"Optimal Threshold": 0.02303347922861576, "Accuracy": 0.8813096862210096, "Sensitivity": 0.9420289855072463, "Specificity": 0.875, "AUC": 0.9699886502531867}, "Label_1": {"Optimal Threshold": 0.023857055231928825, "Accuracy": 0.937244201909959, "Sensitivity": 0.9827586206896551, "Specificity": 0.9333333333333333, "AUC": 0.990191570881226}, "Label_2": {"Optimal Threshold": 0.46973320841789246, "Accuracy": 0.9249658935879945, "Sensitivity": 0.9254385964912281, "Specificity": 0.9247524752475248, "AUC": 0.975317005384749}, "Label_3": {"Optimal Threshold": 0.2561846971511841, "Accuracy": 0.9195088676671214, "Sensitivity": 0.9457013574660633, "Specificity": 0.908203125, "AUC": 0.9752103365384615}, "Label_4": {"Optimal Threshold": 0.009146727621555328, "Accuracy": 0.8649386084583902, "Sensitivity": 1.0, "Specificity": 0.8636363636363636, "AUC": 0.9700905155450611}, "Label_5": {"Optimal Threshold": 0.01078998763114214, "Accuracy": 0.8676671214188267, "Sensitivity": 1.0, "Specificity": 0.8667582417582418, "AUC": 0.964010989010989}, "Label_6": {"Optimal Threshold": 0.03950896114110947, "Accuracy": 0.9167803547066848, "Sensitivity": 1.0, "Specificity": 0.9155124653739612, "AUC": 0.9785948123898263}, "Label_7": {"Optimal Threshold": 0.09732192009687424, "Accuracy": 0.975443383356071, "Sensitivity": 0.967741935483871, "Specificity": 0.9761549925484352, "AUC": 0.9920917263593098}, "Label_8": {"Optimal Threshold": 0.0009964354103431106, "Accuracy": 0.6371077762619373, "Sensitivity": 1.0, "Specificity": 0.6361149110807114, "AUC": 0.7585499316005472}, "Label_9": {"Optimal Threshold": 0.01279902271926403, "Accuracy": 0.8567530695770805, "Sensitivity": 0.9375, "Specificity": 0.8530670470756063, "AUC": 0.9385253209700428}, "Label_10": {"Optimal Threshold": 0.015351892448961735, "Accuracy": 0.7667121418826739, "Sensitivity": 0.8888888888888888, "Specificity": 0.7636363636363637, "AUC": 0.8798756798756799}, "Label_11": {"Optimal Threshold": 0.054269738495349884, "Accuracy": 0.9672578444747613, "Sensitivity": 0.9444444444444444, "Specificity": 0.9678321678321679, "AUC": 0.9818181818181819}, "Label_12": {"Optimal Threshold": 0.10146301239728928, "Accuracy": 0.8553888130968622, "Sensitivity": 0.9215686274509803, "Specificity": 0.8504398826979472, "AUC": 0.9519291587602784}, "Overall": {"Accuracy": 0.8746982894322594, "Sensitivity": 0.9581593428017214, "Specificity": 0.8718801053246659, "AUC": 0.9481687599528874}}, "label_names": [[2, 11, 1, 12, 5, 0, 6, 3, 4, 7], [2, 11, 1, 12, 5, 0, 9, 10, 8]]}