{"shared_labels": 6, "perf": [0.08946626633405685, 0.9782121777534485], "metrics": {"Label_0": {"Optimal Threshold": 0.0820261612534523, "Accuracy": 0.9140518417462483, "Sensitivity": 0.8985507246376812, "Specificity": 0.9156626506024096, "AUC": 0.9606469355683604}, "Label_1": {"Optimal Threshold": 0.07949253171682358, "Accuracy": 0.9522510231923602, "Sensitivity": 0.9310344827586207, "Specificity": 0.9540740740740741, "AUC": 0.9864112388250319}, "Label_2": {"Optimal Threshold": 0.400689035654068, "Accuracy": 0.9140518417462483, "Sensitivity": 0.9298245614035088, "Specificity": 0.906930693069307, "AUC": 0.9739968733715477}, "Label_3": {"Optimal Threshold": 0.5719680786132812, "Accuracy": 0.927694406548431, "Sensitivity": 0.9049773755656109, "Specificity": 0.9375, "AUC": 0.9752368495475112}, "Label_4": {"Optimal Threshold": 0.006323864683508873, "Accuracy": 0.8540245566166439, "Sensitivity": 0.8571428571428571, "Specificity": 0.8539944903581267, "AUC": 0.9262101534828808}, "Label_5": {"Optimal Threshold": 0.08097522705793381, "Accuracy": 0.9686221009549796, "Sensitivity": 0.8, "Specificity": 0.9697802197802198, "AUC": 0.9357142857142857}, "Label_6": {"Optimal Threshold": 0.024857787415385246, "Accuracy": 0.9099590723055935, "Sensitivity": 1.0, "Specificity": 0.9085872576177285, "AUC": 0.9755729035507429}, "Label_7": {"Optimal Threshold": 0.14939510822296143, "Accuracy": 0.956343792633015, "Sensitivity": 0.9838709677419355, "Specificity": 0.9538002980625931, "AUC": 0.9914907937118408}, "Label_8": {"Optimal Threshold": 0.008192844688892365, "Accuracy": 0.8390177353342428, "Sensitivity": 1.0, "Specificity": 0.8385772913816689, "AUC": 0.8734610123119015}, "Label_9": {"Optimal Threshold": 0.06718330830335617, "Accuracy": 0.922237380627558, "Sensitivity": 0.90625, "Specificity": 0.9229671897289586, "AUC": 0.9480206847360912}, "Label_10": {"Optimal Threshold": 0.011941628530621529, "Accuracy": 0.7053206002728513, "Sensitivity": 1.0, "Specificity": 0.6979020979020979, "AUC": 0.9091686091686091}, "Label_11": {"Optimal Threshold": 0.035056859254837036, "Accuracy": 0.9399727148703957, "Sensitivity": 1.0, "Specificity": 0.9384615384615385, "AUC": 0.9844599844599845}, "Label_12": {"Optimal Threshold": 0.03935234993696213, "Accuracy": 0.7162346521145976, "Sensitivity": 0.9215686274509803, "Specificity": 0.7008797653958945, "AUC": 0.9020757863262606}, "Overall": {"Accuracy": 0.8861370553048589, "Sensitivity": 0.9333245843616305, "Specificity": 0.8845475051103553, "AUC": 0.9494204700596192}}, "label_names": [[10, 9, 1, 2, 3, 11, 7, 12, 8, 5], [10, 9, 1, 2, 3, 11, 4, 6, 0]]}