{"shared_labels": 6, "perf": [0.09915312379598618, 0.9714866280555725], "metrics": {"Label_0": {"Optimal Threshold": 0.04195169731974602, "Accuracy": 0.8949522510231923, "Sensitivity": 0.8823529411764706, "Specificity": 0.8962406015037594, "AUC": 0.9558602388323751}, "Label_1": {"Optimal Threshold": 0.05562308430671692, "Accuracy": 0.9536152796725784, "Sensitivity": 0.9464285714285714, "Specificity": 0.9542097488921714, "AUC": 0.9888953365688964}, "Label_2": {"Optimal Threshold": 0.14100350439548492, "Accuracy": 0.9331514324693042, "Sensitivity": 0.8983050847457628, "Specificity": 0.9496981891348089, "AUC": 0.9724363127920063}, "Label_3": {"Optimal Threshold": 0.08792825043201447, "Accuracy": 0.922237380627558, "Sensitivity": 0.9292035398230089, "Specificity": 0.9191321499013807, "AUC": 0.9720113106770696}, "Label_4": {"Optimal Threshold": 0.05025414004921913, "Accuracy": 0.9727148703956344, "Sensitivity": 0.8571428571428571, "Specificity": 0.9738292011019284, "AUC": 0.9380165289256198}, "Label_5": {"Optimal Threshold": 0.005497128237038851, "Accuracy": 0.849931787175989, "Sensitivity": 1.0, "Specificity": 0.8484848484848485, "AUC": 0.9543486816214088}, "Label_6": {"Optimal Threshold": 0.010041438043117523, "Accuracy": 0.9181446111869032, "Sensitivity": 1.0, "Specificity": 0.91701244813278, "AUC": 0.9670816044260028}, "Label_7": {"Optimal Threshold": 0.07918545603752136, "Accuracy": 0.9536152796725784, "Sensitivity": 0.9824561403508771, "Specificity": 0.9511834319526628, "AUC": 0.9889442541264404}, "Label_8": {"Optimal Threshold": 0.028608152642846107, "Accuracy": 0.9440654843110505, "Sensitivity": 1.0, "Specificity": 0.9436813186813187, "AUC": 0.9791208791208791}, "Label_9": {"Optimal Threshold": 0.031861890107393265, "Accuracy": 0.9195088676671214, "Sensitivity": 0.9090909090909091, "Specificity": 0.92, "AUC": 0.9523809523809524}, "Label_10": {"Optimal Threshold": 0.08450473099946976, "Accuracy": 0.9304229195088677, "Sensitivity": 0.9166666666666666, "Specificity": 0.9306518723994452, "AUC": 0.9649791955617198}, "Label_11": {"Optimal Threshold": 0.020140936598181725, "Accuracy": 0.9427012278308322, "Sensitivity": 1.0, "Specificity": 0.9415855354659249, "AUC": 0.9841049076097754}, "Label_12": {"Optimal Threshold": 0.10887103527784348, "Accuracy": 0.8553888130968622, "Sensitivity": 0.7962962962962963, "Specificity": 0.8600883652430045, "AUC": 0.8659793814432989}, "Overall": {"Accuracy": 0.9223423234337287, "Sensitivity": 0.9321494620554938, "Specificity": 0.9235229008380028, "AUC": 0.9603199680066496}}, "label_names": [[1, 0, 4, 11, 5, 9, 7, 3, 12, 2], [1, 0, 4, 11, 5, 9, 10, 6, 8]]}