{"shared_labels": 6, "perf": [0.09087447822093964, 0.97245854139328], "metrics": {"Label_0": {"Optimal Threshold": 0.01294723991304636, "Accuracy": 0.8731241473396999, "Sensitivity": 0.9130434782608695, "Specificity": 0.8689759036144579, "AUC": 0.9555832023747163}, "Label_1": {"Optimal Threshold": 0.02878350019454956, "Accuracy": 0.931787175989086, "Sensitivity": 0.9827586206896551, "Specificity": 0.9274074074074075, "AUC": 0.9868199233716475}, "Label_2": {"Optimal Threshold": 0.3056592345237732, "Accuracy": 0.927694406548431, "Sensitivity": 0.9166666666666666, "Specificity": 0.9326732673267327, "AUC": 0.9725551502518673}, "Label_3": {"Optimal Threshold": 0.39015549421310425, "Accuracy": 0.9331514324693042, "Sensitivity": 0.9004524886877828, "Specificity": 0.947265625, "AUC": 0.9731423218325792}, "Label_4": {"Optimal Threshold": 0.0014361004577949643, "Accuracy": 0.844474761255116, "Sensitivity": 1.0, "Specificity": 0.8429752066115702, "AUC": 0.9689098780007871}, "Label_5": {"Optimal Threshold": 0.004826935473829508, "Accuracy": 0.8021828103683493, "Sensitivity": 1.0, "Specificity": 0.8008241758241759, "AUC": 0.9475274725274725}, "Label_6": {"Optimal Threshold": 0.01175827905535698, "Accuracy": 0.8894952251023193, "Sensitivity": 1.0, "Specificity": 0.8878116343490304, "AUC": 0.9709141274238228}, "Label_7": {"Optimal Threshold": 0.058796439319849014, "Accuracy": 0.965893587994543, "Sensitivity": 1.0, "Specificity": 0.96274217585693, "AUC": 0.9940627854430075}, "Label_8": {"Optimal Threshold": 0.0032711054664105177, "Accuracy": 0.8567530695770805, "Sensitivity": 1.0, "Specificity": 0.8563611491108071, "AUC": 0.8789329685362517}, "Label_9": {"Optimal Threshold": 0.016121961176395416, "Accuracy": 0.9085948158253752, "Sensitivity": 0.9375, "Specificity": 0.9072753209700428, "AUC": 0.9486893723252495}, "Label_10": {"Optimal Threshold": 0.02394223026931286, "Accuracy": 0.8717598908594816, "Sensitivity": 0.7222222222222222, "Specificity": 0.8755244755244755, "AUC": 0.873038073038073}, "Label_11": {"Optimal Threshold": 0.026130201295018196, "Accuracy": 0.9304229195088677, "Sensitivity": 0.9444444444444444, "Specificity": 0.9300699300699301, "AUC": 0.9790986790986791}, "Label_12": {"Optimal Threshold": 0.041885484009981155, "Accuracy": 0.8144611186903138, "Sensitivity": 0.9607843137254902, "Specificity": 0.8035190615835777, "AUC": 0.9527629233511586}, "Overall": {"Accuracy": 0.8884457970406129, "Sensitivity": 0.9444517103613177, "Specificity": 0.8879557948653183, "AUC": 0.9540028367365625}}, "label_names": [[8, 11, 4, 12, 7, 2, 6, 1, 3, 10], [8, 11, 4, 12, 7, 2, 0, 5, 9]]}