{"shared_labels": 9, "perf": [0.08385414630174637, 0.9782533049583435], "metrics": {"Label_0": {"Optimal Threshold": 0.059595052152872086, "Accuracy": 0.9236016371077762, "Sensitivity": 0.8780487804878049, "Specificity": 0.9293394777265745, "AUC": 0.9669551534225019}, "Label_1": {"Optimal Threshold": 0.12168616056442261, "Accuracy": 0.9699863574351978, "Sensitivity": 0.9230769230769231, "Specificity": 0.9745508982035929, "AUC": 0.98519115614924}, "Label_2": {"Optimal Threshold": 0.4971350133419037, "Accuracy": 0.931787175989086, "Sensitivity": 0.9276595744680851, "Specificity": 0.9337349397590361, "AUC": 0.9761685038024438}, "Label_3": {"Optimal Threshold": 0.35123932361602783, "Accuracy": 0.9263301500682128, "Sensitivity": 0.961038961038961, "Specificity": 0.9103585657370518, "AUC": 0.9766561459788552}, "Label_4": {"Optimal Threshold": 0.2574169635772705, "Accuracy": 0.9890859481582538, "Sensitivity": 1.0, "Specificity": 0.9889958734525447, "AUC": 0.995644199908299}, "Label_5": {"Optimal Threshold": 0.001176881487481296, "Accuracy": 0.7244201909959073, "Sensitivity": 1.0, "Specificity": 0.7225274725274725, "AUC": 0.9090659340659341}, "Label_6": {"Optimal Threshold": 0.03705137223005295, "Accuracy": 0.9386084583901774, "Sensitivity": 1.0, "Specificity": 0.9379310344827586, "AUC": 0.9787931034482759}, "Label_7": {"Optimal Threshold": 0.09802313894033432, "Accuracy": 0.9604365620736699, "Sensitivity": 0.96875, "Specificity": 0.9596412556053812, "AUC": 0.9862201046337818}, "Label_8": {"Optimal Threshold": 0.002222965704277158, "Accuracy": 0.869031377899045, "Sensitivity": 1.0, "Specificity": 0.8683127572016461, "AUC": 0.9554183813443072}, "Label_9": {"Optimal Threshold": 0.023846887052059174, "Accuracy": 0.9113233287858117, "Sensitivity": 0.92, "Specificity": 0.9110169491525424, "AUC": 0.9694915254237289}, "Label_10": {"Optimal Threshold": 0.015079199336469173, "Accuracy": 0.8772169167803547, "Sensitivity": 0.9333333333333333, "Specificity": 0.8760445682451253, "AUC": 0.9364902506963788}, "Label_11": {"Optimal Threshold": 0.11103954911231995, "Accuracy": 0.9781718963165075, "Sensitivity": 1.0, "Specificity": 0.9777777777777777, "AUC": 0.9922008547008546}, "Label_12": {"Optimal Threshold": 0.10247781872749329, "Accuracy": 0.878581173260573, "Sensitivity": 0.8448275862068966, "Specificity": 0.8814814814814815, "AUC": 0.9156832694763728}, "Overall": {"Accuracy": 0.9137370133277364, "Sensitivity": 0.9505180891240003, "Specificity": 0.9132086962579221, "AUC": 0.9649214294654596}}, "label_names": [[11, 0, 8, 12, 4, 1, 2, 9, 6, 10, 5], [11, 0, 8, 12, 4, 1, 2, 9, 6, 7, 3]]}