{"shared_labels": 9, "perf": [0.08888334035873413, 0.9757717251777649], "metrics": {"Label_0": {"Optimal Threshold": 0.0670580044388771, "Accuracy": 0.8608458390177354, "Sensitivity": 0.9710144927536232, "Specificity": 0.8493975903614458, "AUC": 0.9705343111576742}, "Label_1": {"Optimal Threshold": 0.07270839810371399, "Accuracy": 0.9195088676671214, "Sensitivity": 0.9827586206896551, "Specificity": 0.914074074074074, "AUC": 0.989374201787995}, "Label_2": {"Optimal Threshold": 0.40514075756073, "Accuracy": 0.9304229195088677, "Sensitivity": 0.9166666666666666, "Specificity": 0.9366336633663367, "AUC": 0.9741097793989925}, "Label_3": {"Optimal Threshold": 0.3529638648033142, "Accuracy": 0.9345156889495225, "Sensitivity": 0.9366515837104072, "Specificity": 0.93359375, "AUC": 0.9767304157239819}, "Label_4": {"Optimal Threshold": 0.002484810771420598, "Accuracy": 0.7844474761255116, "Sensitivity": 1.0, "Specificity": 0.7823691460055097, "AUC": 0.9535615899252263}, "Label_5": {"Optimal Threshold": 0.003723717527464032, "Accuracy": 0.8240109140518418, "Sensitivity": 1.0, "Specificity": 0.8228021978021978, "AUC": 0.945054945054945}, "Label_6": {"Optimal Threshold": 0.009017551317811012, "Accuracy": 0.8826739427012278, "Sensitivity": 1.0, "Specificity": 0.8808864265927978, "AUC": 0.9725509947116596}, "Label_7": {"Optimal Threshold": 0.19812367856502533, "Accuracy": 0.9686221009549796, "Sensitivity": 1.0, "Specificity": 0.9657228017883756, "AUC": 0.9940387481371088}, "Label_8": {"Optimal Threshold": 0.001398915541358292, "Accuracy": 0.7448840381991815, "Sensitivity": 1.0, "Specificity": 0.7441860465116279, "AUC": 0.792749658002736}, "Label_9": {"Optimal Threshold": 0.031549979001283646, "Accuracy": 0.8840381991814461, "Sensitivity": 0.90625, "Specificity": 0.8830242510699001, "AUC": 0.9442760342368045}, "Label_10": {"Optimal Threshold": 0.022731589153409004, "Accuracy": 0.7980900409276944, "Sensitivity": 0.8333333333333334, "Specificity": 0.7972027972027972, "AUC": 0.877000777000777}, "Label_11": {"Optimal Threshold": 0.020813683047890663, "Accuracy": 0.9085948158253752, "Sensitivity": 1.0, "Specificity": 0.9062937062937063, "AUC": 0.9813519813519814}, "Label_12": {"Optimal Threshold": 0.08992442488670349, "Accuracy": 0.7762619372442019, "Sensitivity": 0.9215686274509803, "Specificity": 0.7653958944281525, "AUC": 0.9173710539934449}, "Overall": {"Accuracy": 0.8628397523349775, "Sensitivity": 0.959095640354205, "Specificity": 0.8601217188843785, "AUC": 0.9452849608064098}}, "label_names": [[8, 7, 0, 11, 3, 1, 6, 2, 4, 12, 5], [8, 7, 0, 11, 3, 1, 6, 2, 4, 9, 10]]}