{"shared_labels": 13, "perf": [0.0851207971572876, 0.9781917333602905], "metrics": {"Label_0": {"Optimal Threshold": 0.028148595243692398, "Accuracy": 0.869031377899045, "Sensitivity": 0.9710144927536232, "Specificity": 0.858433734939759, "AUC": 0.9714073686048542}, "Label_1": {"Optimal Threshold": 0.03979912027716637, "Accuracy": 0.937244201909959, "Sensitivity": 0.9655172413793104, "Specificity": 0.9348148148148148, "AUC": 0.98911877394636}, "Label_2": {"Optimal Threshold": 0.31942591071128845, "Accuracy": 0.927694406548431, "Sensitivity": 0.9254385964912281, "Specificity": 0.9287128712871288, "AUC": 0.9739881882925134}, "Label_3": {"Optimal Threshold": 0.287269651889801, "Accuracy": 0.9249658935879945, "Sensitivity": 0.9321266968325792, "Specificity": 0.921875, "AUC": 0.9763238829185521}, "Label_4": {"Optimal Threshold": 0.032645583152770996, "Accuracy": 0.9522510231923602, "Sensitivity": 0.8571428571428571, "Specificity": 0.953168044077135, "AUC": 0.9586776859504132}, "Label_5": {"Optimal Threshold": 0.0018808685708791018, "Accuracy": 0.7489768076398363, "Sensitivity": 1.0, "Specificity": 0.7472527472527473, "AUC": 0.9307692307692308}, "Label_6": {"Optimal Threshold": 0.00636186683550477, "Accuracy": 0.8458390177353342, "Sensitivity": 1.0, "Specificity": 0.8434903047091413, "AUC": 0.9670108285066734}, "Label_7": {"Optimal Threshold": 0.15993505716323853, "Accuracy": 0.9686221009549796, "Sensitivity": 1.0, "Specificity": 0.9657228017883756, "AUC": 0.99363011393683}, "Label_8": {"Optimal Threshold": 0.002390508307144046, "Accuracy": 0.7953615279672579, "Sensitivity": 1.0, "Specificity": 0.7948016415868673, "AUC": 0.8207934336525308}, "Label_9": {"Optimal Threshold": 0.029127532616257668, "Accuracy": 0.8854024556616644, "Sensitivity": 0.9375, "Specificity": 0.8830242510699001, "AUC": 0.9477977888730386}, "Label_10": {"Optimal Threshold": 0.004252708051353693, "Accuracy": 0.6780354706684857, "Sensitivity": 1.0, "Specificity": 0.66993006993007, "AUC": 0.9032634032634033}, "Label_11": {"Optimal Threshold": 0.013176270760595798, "Accuracy": 0.903137789904502, "Sensitivity": 1.0, "Specificity": 0.9006993006993007, "AUC": 0.9807303807303809}, "Label_12": {"Optimal Threshold": 0.061869677156209946, "Accuracy": 0.7926330150068213, "Sensitivity": 0.9607843137254902, "Specificity": 0.7800586510263929, "AUC": 0.946236559139785}, "Overall": {"Accuracy": 0.8637842375905131, "Sensitivity": 0.965348015255776, "Specificity": 0.860152633321664, "AUC": 0.9507498183526588}}, "label_names": [[4, 0, 5, 1, 6, 2, 3, 7, 11, 8, 10, 12, 9], [4, 0, 5, 1, 6, 2, 3, 7, 11, 8, 10, 12, 9]]}