{"shared_labels": 13, "perf": [0.08502551168203354, 0.9789829850196838], "metrics": {"Label_0": {"Optimal Threshold": 0.21009711921215057, "Accuracy": 0.9495225102319236, "Sensitivity": 0.9041095890410958, "Specificity": 0.9545454545454546, "AUC": 0.9762764632627646}, "Label_1": {"Optimal Threshold": 0.10781566798686981, "Accuracy": 0.9481582537517054, "Sensitivity": 0.9545454545454546, "Specificity": 0.9475262368815592, "AUC": 0.9884375993821272}, "Label_2": {"Optimal Threshold": 0.3579528331756592, "Accuracy": 0.9249658935879945, "Sensitivity": 0.9139344262295082, "Specificity": 0.9304703476482618, "AUC": 0.9717724362197862}, "Label_3": {"Optimal Threshold": 0.4476616084575653, "Accuracy": 0.9358799454297408, "Sensitivity": 0.9113924050632911, "Specificity": 0.9475806451612904, "AUC": 0.9731097726963387}, "Label_4": {"Optimal Threshold": 0.005920727271586657, "Accuracy": 0.8540245566166439, "Sensitivity": 1.0, "Specificity": 0.8518005540166205, "AUC": 0.9608410979602116}, "Label_5": {"Optimal Threshold": 0.032360922545194626, "Accuracy": 0.9413369713506139, "Sensitivity": 1.0, "Specificity": 0.9410150891632373, "AUC": 0.9698216735253772}, "Label_6": {"Optimal Threshold": 0.16987834870815277, "Accuracy": 0.9890859481582538, "Sensitivity": 1.0, "Specificity": 0.9890560875512996, "AUC": 0.9890560875512996}, "Label_7": {"Optimal Threshold": 0.14337410032749176, "Accuracy": 0.9549795361527967, "Sensitivity": 0.96875, "Specificity": 0.953662182361734, "AUC": 0.9875046711509716}, "Label_8": {"Optimal Threshold": 0.0028362025041133165, "Accuracy": 0.7871759890859482, "Sensitivity": 1.0, "Specificity": 0.7860082304526749, "AUC": 0.937928669410151}, "Label_9": {"Optimal Threshold": 0.0993480309844017, "Accuracy": 0.9236016371077762, "Sensitivity": 0.9629629629629629, "Specificity": 0.9220963172804533, "AUC": 0.976025600671493}, "Label_10": {"Optimal Threshold": 0.06662793457508087, "Accuracy": 0.931787175989086, "Sensitivity": 0.875, "Specificity": 0.9330543933054394, "AUC": 0.9392433751743375}, "Label_11": {"Optimal Threshold": 0.05562576279044151, "Accuracy": 0.9645293315143247, "Sensitivity": 1.0, "Specificity": 0.9638386648122392, "AUC": 0.9858931055036757}, "Label_12": {"Optimal Threshold": 0.12345109134912491, "Accuracy": 0.8935879945429741, "Sensitivity": 0.8333333333333334, "Specificity": 0.8995502248875562, "AUC": 0.9281722774976149}, "Overall": {"Accuracy": 0.9229719802707523, "Sensitivity": 0.9480021670135114, "Specificity": 0.9246311098513709, "AUC": 0.9680063715389344}}, "label_names": [[4, 10, 0, 11, 6, 8, 9, 7, 5, 3, 2, 1, 12], [4, 10, 0, 11, 6, 8, 9, 7, 5, 3, 2, 1, 12]]}