{"shared_labels": 5, "perf": [0.09066295623779297, 0.9768504500389099], "metrics": {"Label_0": {"Optimal Threshold": 0.10300952941179276, "Accuracy": 0.9413369713506139, "Sensitivity": 0.8260869565217391, "Specificity": 0.9533132530120482, "AUC": 0.9597520516850009}, "Label_1": {"Optimal Threshold": 0.017633704468607903, "Accuracy": 0.9045020463847203, "Sensitivity": 0.9827586206896551, "Specificity": 0.8977777777777778, "AUC": 0.9865900383141762}, "Label_2": {"Optimal Threshold": 0.4728124737739563, "Accuracy": 0.922237380627558, "Sensitivity": 0.9342105263157895, "Specificity": 0.9168316831683169, "AUC": 0.9743355914538823}, "Label_3": {"Optimal Threshold": 0.583000659942627, "Accuracy": 0.9345156889495225, "Sensitivity": 0.918552036199095, "Specificity": 0.94140625, "AUC": 0.9767746040723981}, "Label_4": {"Optimal Threshold": 0.007489989977329969, "Accuracy": 0.8990450204638472, "Sensitivity": 0.8571428571428571, "Specificity": 0.8994490358126722, "AUC": 0.948642266824085}, "Label_5": {"Optimal Threshold": 0.022159067913889885, "Accuracy": 0.9358799454297408, "Sensitivity": 0.8, "Specificity": 0.9368131868131868, "AUC": 0.9153846153846154}, "Label_6": {"Optimal Threshold": 0.02220553159713745, "Accuracy": 0.91268758526603, "Sensitivity": 1.0, "Specificity": 0.9113573407202216, "AUC": 0.9681440443213296}, "Label_7": {"Optimal Threshold": 0.15002375841140747, "Accuracy": 0.9631650750341064, "Sensitivity": 0.9838709677419355, "Specificity": 0.9612518628912071, "AUC": 0.9920196144416135}, "Label_8": {"Optimal Threshold": 0.004379368852823973, "Accuracy": 0.859481582537517, "Sensitivity": 1.0, "Specificity": 0.8590971272229823, "AUC": 0.8611491108071135}, "Label_9": {"Optimal Threshold": 0.012191911228001118, "Accuracy": 0.8703956343792633, "Sensitivity": 0.96875, "Specificity": 0.8659058487874465, "AUC": 0.9487339514978602}, "Label_10": {"Optimal Threshold": 0.008688806556165218, "Accuracy": 0.7285129604365621, "Sensitivity": 1.0, "Specificity": 0.7216783216783217, "AUC": 0.9158508158508158}, "Label_11": {"Optimal Threshold": 0.046616364270448685, "Accuracy": 0.9440654843110505, "Sensitivity": 1.0, "Specificity": 0.9426573426573427, "AUC": 0.9845376845376845}, "Label_12": {"Optimal Threshold": 0.05810527130961418, "Accuracy": 0.7312414733969986, "Sensitivity": 0.9803921568627451, "Specificity": 0.7126099706744868, "AUC": 0.9217123799666495}, "Overall": {"Accuracy": 0.8882359114282716, "Sensitivity": 0.9424433939595243, "Specificity": 0.8861653077858471, "AUC": 0.9502789822428634}}, "label_names": [[11, 10, 3, 2, 9, 7, 0, 5, 12], [11, 10, 3, 2, 9, 4, 8, 1, 6]]}