{"shared_labels": 5, "perf": [0.1064293161034584, 0.9681347608566284], "metrics": {"Label_0": {"Optimal Threshold": 0.08184059709310532, "Accuracy": 0.9290586630286494, "Sensitivity": 0.8604651162790697, "Specificity": 0.9381761978361669, "AUC": 0.9631752992343913}, "Label_1": {"Optimal Threshold": 0.02608552947640419, "Accuracy": 0.9386084583901774, "Sensitivity": 0.9444444444444444, "Specificity": 0.9379727685325264, "AUC": 0.9837997982854262}, "Label_2": {"Optimal Threshold": 0.08260004222393036, "Accuracy": 0.8867667121418826, "Sensitivity": 0.9545454545454546, "Specificity": 0.8533604887983707, "AUC": 0.9570449916682096}, "Label_3": {"Optimal Threshold": 0.07448099553585052, "Accuracy": 0.8799454297407913, "Sensitivity": 0.9570815450643777, "Specificity": 0.844, "AUC": 0.9605493562231759}, "Label_4": {"Optimal Threshold": 0.0011226357892155647, "Accuracy": 0.7517053206002728, "Sensitivity": 1.0, "Specificity": 0.7479224376731302, "AUC": 0.9443465122135483}, "Label_5": {"Optimal Threshold": 0.004406275227665901, "Accuracy": 0.8567530695770805, "Sensitivity": 0.75, "Specificity": 0.8573388203017832, "AUC": 0.8254458161865569}, "Label_6": {"Optimal Threshold": 0.2278323769569397, "Accuracy": 0.9959072305593452, "Sensitivity": 1.0, "Specificity": 0.9958960328317373, "AUC": 0.9965800273597811}, "Label_7": {"Optimal Threshold": 0.16438452899456024, "Accuracy": 0.9699863574351978, "Sensitivity": 0.9298245614035088, "Specificity": 0.9733727810650887, "AUC": 0.9801463718467768}, "Label_8": {"Optimal Threshold": 0.004508775658905506, "Accuracy": 0.8908594815825375, "Sensitivity": 1.0, "Specificity": 0.8902606310013718, "AUC": 0.9694787379972565}, "Label_9": {"Optimal Threshold": 0.03670227900147438, "Accuracy": 0.91268758526603, "Sensitivity": 0.9285714285714286, "Specificity": 0.9120567375886525, "AUC": 0.96225937183384}, "Label_10": {"Optimal Threshold": 0.01627318374812603, "Accuracy": 0.8281036834924966, "Sensitivity": 0.8666666666666667, "Specificity": 0.8272980501392758, "AUC": 0.9065923862581244}, "Label_11": {"Optimal Threshold": 0.05267711356282234, "Accuracy": 0.9672578444747613, "Sensitivity": 0.8888888888888888, "Specificity": 0.9692307692307692, "AUC": 0.9763014763014762}, "Label_12": {"Optimal Threshold": 0.050765737891197205, "Accuracy": 0.8226466575716235, "Sensitivity": 0.8833333333333333, "Specificity": 0.8172362555720654, "AUC": 0.9160227835562159}, "Overall": {"Accuracy": 0.8946374226046804, "Sensitivity": 0.9202939568613211, "Specificity": 0.8895478438900722, "AUC": 0.9493648406895983}}, "label_names": [[12, 10, 8, 5, 0, 2, 11, 1, 3], [12, 10, 8, 5, 0, 4, 9, 7, 6]]}