{"shared_labels": 11, "perf": [0.08678819984197617, 0.9792477488517761], "metrics": {"Label_0": {"Optimal Threshold": 0.08097372949123383, "Accuracy": 0.8799454297407913, "Sensitivity": 0.9420289855072463, "Specificity": 0.8734939759036144, "AUC": 0.9703596996682381}, "Label_1": {"Optimal Threshold": 0.1455734819173813, "Accuracy": 0.9508867667121419, "Sensitivity": 0.9482758620689655, "Specificity": 0.9511111111111111, "AUC": 0.98786717752235}, "Label_2": {"Optimal Threshold": 0.5641883611679077, "Accuracy": 0.9345156889495225, "Sensitivity": 0.9035087719298246, "Specificity": 0.9485148514851485, "AUC": 0.9740837241618898}, "Label_3": {"Optimal Threshold": 0.4956117272377014, "Accuracy": 0.9345156889495225, "Sensitivity": 0.9230769230769231, "Specificity": 0.939453125, "AUC": 0.9760234021493213}, "Label_4": {"Optimal Threshold": 0.004759839735925198, "Accuracy": 0.8335607094133697, "Sensitivity": 1.0, "Specificity": 0.8319559228650137, "AUC": 0.9665486029122392}, "Label_5": {"Optimal Threshold": 0.0044225710444152355, "Accuracy": 0.7776261937244202, "Sensitivity": 1.0, "Specificity": 0.7760989010989011, "AUC": 0.9384615384615385}, "Label_6": {"Optimal Threshold": 0.006552116945385933, "Accuracy": 0.8321964529331515, "Sensitivity": 1.0, "Specificity": 0.8296398891966759, "AUC": 0.9589524049357844}, "Label_7": {"Optimal Threshold": 0.10550542920827866, "Accuracy": 0.956343792633015, "Sensitivity": 1.0, "Specificity": 0.9523099850968704, "AUC": 0.9927166963126773}, "Label_8": {"Optimal Threshold": 0.002061116509139538, "Accuracy": 0.7366984993178718, "Sensitivity": 1.0, "Specificity": 0.7359781121751026, "AUC": 0.7551299589603283}, "Label_9": {"Optimal Threshold": 0.07009658217430115, "Accuracy": 0.9099590723055935, "Sensitivity": 0.90625, "Specificity": 0.9101283880171184, "AUC": 0.9442314550641939}, "Label_10": {"Optimal Threshold": 0.013308398425579071, "Accuracy": 0.781718963165075, "Sensitivity": 0.9444444444444444, "Specificity": 0.7776223776223776, "AUC": 0.9093240093240094}, "Label_11": {"Optimal Threshold": 0.016263676807284355, "Accuracy": 0.9113233287858117, "Sensitivity": 1.0, "Specificity": 0.9090909090909091, "AUC": 0.982051282051282}, "Label_12": {"Optimal Threshold": 0.05749998241662979, "Accuracy": 0.8062755798090041, "Sensitivity": 0.9411764705882353, "Specificity": 0.7961876832844574, "AUC": 0.9450865390144327}, "Overall": {"Accuracy": 0.8650435512645609, "Sensitivity": 0.9622124198165877, "Specificity": 0.8639680947651769, "AUC": 0.9462181915798682}}, "label_names": [[1, 5, 7, 9, 0, 10, 11, 4, 3, 12, 2, 6], [1, 5, 7, 9, 0, 10, 11, 4, 3, 12, 2, 8]]}