{"shared_labels": 11, "perf": [0.09282273054122925, 0.9729074835777283], "metrics": {"Label_0": {"Optimal Threshold": 0.16113883256912231, "Accuracy": 0.9399727148703957, "Sensitivity": 0.8292682926829268, "Specificity": 0.9539170506912442, "AUC": 0.9617848713049343}, "Label_1": {"Optimal Threshold": 0.05075622722506523, "Accuracy": 0.9345156889495225, "Sensitivity": 0.953125, "Specificity": 0.9327354260089686, "AUC": 0.9836976831091181}, "Label_2": {"Optimal Threshold": 0.251438707113266, "Accuracy": 0.9195088676671214, "Sensitivity": 0.8821138211382114, "Specificity": 0.9383983572895277, "AUC": 0.9663277741606985}, "Label_3": {"Optimal Threshold": 0.11644045263528824, "Accuracy": 0.91268758526603, "Sensitivity": 0.9372384937238494, "Specificity": 0.9008097165991903, "AUC": 0.9691528467128554}, "Label_4": {"Optimal Threshold": 0.010330487973988056, "Accuracy": 0.9140518417462483, "Sensitivity": 1.0, "Specificity": 0.9133425034387895, "AUC": 0.968363136176066}, "Label_5": {"Optimal Threshold": 0.03656618297100067, "Accuracy": 0.9699863574351978, "Sensitivity": 1.0, "Specificity": 0.9697802197802198, "AUC": 0.9848901098901099}, "Label_6": {"Optimal Threshold": 0.06228156015276909, "Accuracy": 0.9781718963165075, "Sensitivity": 1.0, "Specificity": 0.978021978021978, "AUC": 0.9881868131868131}, "Label_7": {"Optimal Threshold": 0.0780828595161438, "Accuracy": 0.9672578444747613, "Sensitivity": 0.9607843137254902, "Specificity": 0.967741935483871, "AUC": 0.9910585935253867}, "Label_8": {"Optimal Threshold": 0.017213936895132065, "Accuracy": 0.965893587994543, "Sensitivity": 1.0, "Specificity": 0.9657064471879286, "AUC": 0.9852537722908093}, "Label_9": {"Optimal Threshold": 0.03158755600452423, "Accuracy": 0.91268758526603, "Sensitivity": 0.9310344827586207, "Specificity": 0.9119318181818182, "AUC": 0.9627742946708465}, "Label_10": {"Optimal Threshold": 0.018137473613023758, "Accuracy": 0.8744884038199181, "Sensitivity": 0.9444444444444444, "Specificity": 0.8727272727272727, "AUC": 0.9541569541569541}, "Label_11": {"Optimal Threshold": 0.01698198914527893, "Accuracy": 0.9454297407912687, "Sensitivity": 1.0, "Specificity": 0.9444444444444444, "AUC": 0.9852564102564102}, "Label_12": {"Optimal Threshold": 0.08825074136257172, "Accuracy": 0.8472032742155525, "Sensitivity": 0.8431372549019608, "Specificity": 0.8475073313782991, "AUC": 0.912483468460698}, "Overall": {"Accuracy": 0.9293734914471611, "Sensitivity": 0.9447035464135004, "Specificity": 0.9305434231718118, "AUC": 0.9702605175309}}, "label_names": [[6, 2, 1, 9, 0, 5, 4, 12, 7, 10, 11, 3], [6, 2, 1, 9, 0, 5, 4, 12, 7, 10, 11, 8]]}