{"shared_labels": 12, "perf": [0.09633935242891312, 0.9736403226852417], "metrics": {"Label_0": {"Optimal Threshold": 0.06514214724302292, "Accuracy": 0.9017735334242838, "Sensitivity": 0.9459459459459459, "Specificity": 0.8968133535660091, "AUC": 0.9660829266292088}, "Label_1": {"Optimal Threshold": 0.08032993972301483, "Accuracy": 0.937244201909959, "Sensitivity": 0.9104477611940298, "Specificity": 0.93993993993994, "AUC": 0.9774774774774775}, "Label_2": {"Optimal Threshold": 0.37903082370758057, "Accuracy": 0.9085948158253752, "Sensitivity": 0.919431279620853, "Specificity": 0.9042145593869731, "AUC": 0.9705561910987635}, "Label_3": {"Optimal Threshold": 0.6391769647598267, "Accuracy": 0.9331514324693042, "Sensitivity": 0.8719211822660099, "Specificity": 0.9566037735849057, "AUC": 0.9704805279301051}, "Label_4": {"Optimal Threshold": 0.01515855174511671, "Accuracy": 0.91268758526603, "Sensitivity": 1.0, "Specificity": 0.9118457300275482, "AUC": 0.9744195198740653}, "Label_5": {"Optimal Threshold": 0.0031861765310168266, "Accuracy": 0.7789904502046384, "Sensitivity": 1.0, "Specificity": 0.7771664374140302, "AUC": 0.9449793672627236}, "Label_6": {"Optimal Threshold": 0.006716273259371519, "Accuracy": 0.8472032742155525, "Sensitivity": 1.0, "Specificity": 0.8457300275482094, "AUC": 0.9667453758362848}, "Label_7": {"Optimal Threshold": 0.10085269063711166, "Accuracy": 0.9618008185538881, "Sensitivity": 0.9375, "Specificity": 0.9641255605381166, "AUC": 0.9818525784753364}, "Label_8": {"Optimal Threshold": 0.024655552580952644, "Accuracy": 0.9508867667121419, "Sensitivity": 1.0, "Specificity": 0.9504814305364512, "AUC": 0.9782209995414948}, "Label_9": {"Optimal Threshold": 0.09135537594556808, "Accuracy": 0.9181446111869032, "Sensitivity": 0.8518518518518519, "Specificity": 0.9206798866855525, "AUC": 0.9487461966215507}, "Label_10": {"Optimal Threshold": 0.007078009657561779, "Accuracy": 0.6180081855388813, "Sensitivity": 0.9411764705882353, "Specificity": 0.6103351955307262, "AUC": 0.851873151495235}, "Label_11": {"Optimal Threshold": 0.028505416586995125, "Accuracy": 0.9290586630286494, "Sensitivity": 0.9583333333333334, "Specificity": 0.9280677009873061, "AUC": 0.9675599435825106}, "Label_12": {"Optimal Threshold": 0.055809006094932556, "Accuracy": 0.8281036834924966, "Sensitivity": 0.8888888888888888, "Specificity": 0.8214826021180031, "AUC": 0.9310388300554714}, "Overall": {"Accuracy": 0.878896001679085, "Sensitivity": 0.9404228241299345, "Specificity": 0.8790373998356747, "AUC": 0.9561563912215559}}, "label_names": [[12, 11, 10, 1, 4, 0, 2, 5, 8, 3, 7, 6, 9], [12, 11, 10, 1, 4, 0, 2, 5, 8, 3, 7, 6]]}