{"shared_labels": 12, "perf": [0.0884312316775322, 0.9750421643257141], "metrics": {"Label_0": {"Optimal Threshold": 0.05590663477778435, "Accuracy": 0.8676671214188267, "Sensitivity": 0.9420289855072463, "Specificity": 0.8599397590361446, "AUC": 0.9675877422734417}, "Label_1": {"Optimal Threshold": 0.11035802215337753, "Accuracy": 0.9508867667121419, "Sensitivity": 0.9482758620689655, "Specificity": 0.9511111111111111, "AUC": 0.9875606641123882}, "Label_2": {"Optimal Threshold": 0.3640598654747009, "Accuracy": 0.927694406548431, "Sensitivity": 0.9210526315789473, "Specificity": 0.9306930693069307, "AUC": 0.9729112384922702}, "Label_3": {"Optimal Threshold": 0.2635801136493683, "Accuracy": 0.9208731241473397, "Sensitivity": 0.9457013574660633, "Specificity": 0.91015625, "AUC": 0.9759527007918553}, "Label_4": {"Optimal Threshold": 0.0023734041023999453, "Accuracy": 0.7980900409276944, "Sensitivity": 1.0, "Specificity": 0.7961432506887053, "AUC": 0.9602518693427785}, "Label_5": {"Optimal Threshold": 0.002610476454719901, "Accuracy": 0.7776261937244202, "Sensitivity": 1.0, "Specificity": 0.7760989010989011, "AUC": 0.9417582417582417}, "Label_6": {"Optimal Threshold": 0.004861222114413977, "Accuracy": 0.8362892223738063, "Sensitivity": 1.0, "Specificity": 0.8337950138504155, "AUC": 0.970158650214052}, "Label_7": {"Optimal Threshold": 0.08112281560897827, "Accuracy": 0.965893587994543, "Sensitivity": 1.0, "Specificity": 0.96274217585693, "AUC": 0.9933416662660449}, "Label_8": {"Optimal Threshold": 0.00201129331253469, "Accuracy": 0.7899045020463847, "Sensitivity": 1.0, "Specificity": 0.7893296853625171, "AUC": 0.8221614227086184}, "Label_9": {"Optimal Threshold": 0.03491510823369026, "Accuracy": 0.9045020463847203, "Sensitivity": 0.9375, "Specificity": 0.9029957203994294, "AUC": 0.9467278887303853}, "Label_10": {"Optimal Threshold": 0.006783030461519957, "Accuracy": 0.6930422919508867, "Sensitivity": 1.0, "Specificity": 0.6853146853146853, "AUC": 0.9011655011655012}, "Label_11": {"Optimal Threshold": 0.011547854170203209, "Accuracy": 0.8553888130968622, "Sensitivity": 0.9444444444444444, "Specificity": 0.8531468531468531, "AUC": 0.9493395493395493}, "Label_12": {"Optimal Threshold": 0.13639993965625763, "Accuracy": 0.869031377899045, "Sensitivity": 0.8627450980392157, "Specificity": 0.8695014662756598, "AUC": 0.9440802714047496}, "Overall": {"Accuracy": 0.8582222688634695, "Sensitivity": 0.9616729522388372, "Specificity": 0.8554590724190987, "AUC": 0.9486921081999904}}, "label_names": [[7, 2, 10, 9, 6, 4, 12, 3, 1, 5, 8, 0, 11], [7, 2, 10, 9, 6, 4, 12, 3, 1, 5, 8, 0]]}