{"shared_labels": 0, "perf": [0.09395106136798859, 0.9741374850273132], "metrics": {"Label_0": {"Optimal Threshold": 0.10813353210687637, "Accuracy": 0.9085948158253752, "Sensitivity": 0.855072463768116, "Specificity": 0.9141566265060241, "AUC": 0.962196612537105}, "Label_1": {"Optimal Threshold": 0.03053978644311428, "Accuracy": 0.9004092769440655, "Sensitivity": 0.9827586206896551, "Specificity": 0.8933333333333333, "AUC": 0.9862835249042146}, "Label_2": {"Optimal Threshold": 0.09694986045360565, "Accuracy": 0.9072305593451568, "Sensitivity": 0.9473684210526315, "Specificity": 0.8891089108910891, "AUC": 0.9706618030224075}, "Label_3": {"Optimal Threshold": 0.2646116316318512, "Accuracy": 0.9331514324693042, "Sensitivity": 0.9004524886877828, "Specificity": 0.947265625, "AUC": 0.9735223416289593}, "Label_4": {"Optimal Threshold": 0.20642603933811188, "Accuracy": 0.990450204638472, "Sensitivity": 0.8571428571428571, "Specificity": 0.9917355371900827, "AUC": 0.971271153089335}, "Label_5": {"Optimal Threshold": 0.13070634007453918, "Accuracy": 0.990450204638472, "Sensitivity": 0.8, "Specificity": 0.9917582417582418, "AUC": 0.9497252747252747}, "Label_6": {"Optimal Threshold": 0.01046022493392229, "Accuracy": 0.9085948158253752, "Sensitivity": 1.0, "Specificity": 0.907202216066482, "AUC": 0.9794762024678922}, "Label_7": {"Optimal Threshold": 0.11740182340145111, "Accuracy": 0.9549795361527967, "Sensitivity": 1.0, "Specificity": 0.9508196721311475, "AUC": 0.9909138983702707}, "Label_8": {"Optimal Threshold": 0.010171035304665565, "Accuracy": 0.9181446111869032, "Sensitivity": 1.0, "Specificity": 0.9179206566347469, "AUC": 0.917920656634747}, "Label_9": {"Optimal Threshold": 0.008403114043176174, "Accuracy": 0.8744884038199181, "Sensitivity": 0.9375, "Specificity": 0.8716119828815977, "AUC": 0.9473965763195435}, "Label_10": {"Optimal Threshold": 0.011520035564899445, "Accuracy": 0.8321964529331515, "Sensitivity": 0.9444444444444444, "Specificity": 0.8293706293706293, "AUC": 0.9126651126651127}, "Label_11": {"Optimal Threshold": 0.02237941510975361, "Accuracy": 0.9358799454297408, "Sensitivity": 0.9444444444444444, "Specificity": 0.9356643356643357, "AUC": 0.9661227661227662}, "Label_12": {"Optimal Threshold": 0.033363088965415955, "Accuracy": 0.7585266030013642, "Sensitivity": 0.9019607843137255, "Specificity": 0.7478005865102639, "AUC": 0.898941981484676}, "Overall": {"Accuracy": 0.9086997586315457, "Sensitivity": 0.9285495788110505, "Specificity": 0.9067498733798443, "AUC": 0.9559306079978694}}, "label_names": [[11, 8, 7, 12, 4, 6, 5], [3, 1, 9, 0, 2, 10]]}