{"shared_labels": 0, "perf": [0.10761605203151703, 0.9680410027503967], "metrics": {"Label_0": {"Optimal Threshold": 0.09493115544319153, "Accuracy": 0.9399727148703957, "Sensitivity": 0.8452380952380952, "Specificity": 0.9522342064714946, "AUC": 0.9575170592119744}, "Label_1": {"Optimal Threshold": 0.1472402811050415, "Accuracy": 0.9631650750341064, "Sensitivity": 0.9178082191780822, "Specificity": 0.9681818181818181, "AUC": 0.9838314653383147}, "Label_2": {"Optimal Threshold": 0.10712684690952301, "Accuracy": 0.9167803547066848, "Sensitivity": 0.9102040816326531, "Specificity": 0.9200819672131147, "AUC": 0.9667112746738039}, "Label_3": {"Optimal Threshold": 0.13168726861476898, "Accuracy": 0.922237380627558, "Sensitivity": 0.902834008097166, "Specificity": 0.9320987654320988, "AUC": 0.9711017810433015}, "Label_4": {"Optimal Threshold": 0.14132611453533173, "Accuracy": 0.9781718963165075, "Sensitivity": 1.0, "Specificity": 0.977961432506887, "AUC": 0.9940968122786304}, "Label_5": {"Optimal Threshold": 0.03505445271730423, "Accuracy": 0.9508867667121419, "Sensitivity": 0.8571428571428571, "Specificity": 0.9517906336088154, "AUC": 0.9391971664698937}, "Label_6": {"Optimal Threshold": 0.009295720607042313, "Accuracy": 0.897680763983629, "Sensitivity": 1.0, "Specificity": 0.8961218836565097, "AUC": 0.9796021153361874}, "Label_7": {"Optimal Threshold": 0.3388616442680359, "Accuracy": 0.9740791268758526, "Sensitivity": 0.921875, "Specificity": 0.9790732436472347, "AUC": 0.984211509715994}, "Label_8": {"Optimal Threshold": 0.038566168397665024, "Accuracy": 0.9386084583901774, "Sensitivity": 1.0, "Specificity": 0.9383561643835616, "AUC": 0.958904109589041}, "Label_9": {"Optimal Threshold": 0.06218862161040306, "Accuracy": 0.9154160982264665, "Sensitivity": 0.925, "Specificity": 0.9148629148629148, "AUC": 0.95501443001443}, "Label_10": {"Optimal Threshold": 0.04027939215302467, "Accuracy": 0.8949522510231923, "Sensitivity": 0.875, "Specificity": 0.895397489539749, "AUC": 0.9253835425383543}, "Label_11": {"Optimal Threshold": 0.07737180590629578, "Accuracy": 0.9577080491132333, "Sensitivity": 0.8947368421052632, "Specificity": 0.9593837535014006, "AUC": 0.9592363261093912}, "Label_12": {"Optimal Threshold": 0.05149291083216667, "Accuracy": 0.7585266030013642, "Sensitivity": 0.9310344827586207, "Specificity": 0.7437037037037038, "AUC": 0.9120051085568327}, "Overall": {"Accuracy": 0.923706579913947, "Sensitivity": 0.9216056604732876, "Specificity": 0.9253267674391771, "AUC": 0.9605240539135499}}, "label_names": [[2, 1, 3, 11, 12, 5, 10], [7, 4, 6, 8, 9, 0]]}