{"shared_labels": 6, "perf": [0.08956706523895264, 0.9754911661148071], "metrics": {"Label_0": {"Optimal Threshold": 0.09888569265604019, "Accuracy": 0.9522510231923602, "Sensitivity": 0.8695652173913043, "Specificity": 0.9608433734939759, "AUC": 0.9699013445084687}, "Label_1": {"Optimal Threshold": 0.07340885698795319, "Accuracy": 0.9590723055934516, "Sensitivity": 0.9655172413793104, "Specificity": 0.9585185185185185, "AUC": 0.9870753512132823}, "Label_2": {"Optimal Threshold": 0.3549014627933502, "Accuracy": 0.9304229195088677, "Sensitivity": 0.9035087719298246, "Specificity": 0.9425742574257425, "AUC": 0.9702970297029703}, "Label_3": {"Optimal Threshold": 0.5246617794036865, "Accuracy": 0.9399727148703957, "Sensitivity": 0.9140271493212669, "Specificity": 0.951171875, "AUC": 0.9744326216063348}, "Label_4": {"Optimal Threshold": 0.013715170323848724, "Accuracy": 0.922237380627558, "Sensitivity": 0.8571428571428571, "Specificity": 0.9228650137741047, "AUC": 0.9519874065328612}, "Label_5": {"Optimal Threshold": 0.0681510716676712, "Accuracy": 0.975443383356071, "Sensitivity": 0.8, "Specificity": 0.9766483516483516, "AUC": 0.9381868131868132}, "Label_6": {"Optimal Threshold": 0.007600235287100077, "Accuracy": 0.859481582537517, "Sensitivity": 1.0, "Specificity": 0.8573407202216067, "AUC": 0.966633089901788}, "Label_7": {"Optimal Threshold": 0.18156680464744568, "Accuracy": 0.9727148703956344, "Sensitivity": 1.0, "Specificity": 0.970193740685544, "AUC": 0.9938704869958176}, "Label_8": {"Optimal Threshold": 0.003867899300530553, "Accuracy": 0.8076398362892224, "Sensitivity": 1.0, "Specificity": 0.8071135430916553, "AUC": 0.8317373461012312}, "Label_9": {"Optimal Threshold": 0.04303566366434097, "Accuracy": 0.8949522510231923, "Sensitivity": 0.90625, "Specificity": 0.8944365192582026, "AUC": 0.9468170470756063}, "Label_10": {"Optimal Threshold": 0.009443409740924835, "Accuracy": 0.7366984993178718, "Sensitivity": 1.0, "Specificity": 0.73006993006993, "AUC": 0.9208236208236208}, "Label_11": {"Optimal Threshold": 0.019651159644126892, "Accuracy": 0.8731241473396999, "Sensitivity": 1.0, "Specificity": 0.8699300699300699, "AUC": 0.9704739704739704}, "Label_12": {"Optimal Threshold": 0.06192373111844063, "Accuracy": 0.819918144611187, "Sensitivity": 0.9019607843137255, "Specificity": 0.8137829912023461, "AUC": 0.9280374906560864}, "Overall": {"Accuracy": 0.8956868506663868, "Sensitivity": 0.9321516939598684, "Specificity": 0.8965760695630808, "AUC": 0.950021047598373}}, "label_names": [[10, 5, 8, 3, 7, 0, 1, 11, 9, 12], [10, 5, 8, 3, 7, 0, 6, 2, 4]]}