{"shared_labels": 6, "perf": [0.0887170135974884, 0.9753628373146057], "metrics": {"Label_0": {"Optimal Threshold": 0.0641615092754364, "Accuracy": 0.903137789904502, "Sensitivity": 0.9176470588235294, "Specificity": 0.9012345679012346, "AUC": 0.9644517066085693}, "Label_1": {"Optimal Threshold": 0.05860496684908867, "Accuracy": 0.931787175989086, "Sensitivity": 0.92, "Specificity": 0.9331306990881459, "AUC": 0.9769199594731509}, "Label_2": {"Optimal Threshold": 0.22635863721370697, "Accuracy": 0.9236016371077762, "Sensitivity": 0.9506726457399103, "Specificity": 0.9117647058823529, "AUC": 0.9735865646707114}, "Label_3": {"Optimal Threshold": 0.401127427816391, "Accuracy": 0.937244201909959, "Sensitivity": 0.9212962962962963, "Specificity": 0.9439071566731141, "AUC": 0.9763682928576546}, "Label_4": {"Optimal Threshold": 0.02469681017100811, "Accuracy": 0.9290586630286494, "Sensitivity": 1.0, "Specificity": 0.9282758620689655, "AUC": 0.976551724137931}, "Label_5": {"Optimal Threshold": 0.0014598144916817546, "Accuracy": 0.7980900409276944, "Sensitivity": 1.0, "Specificity": 0.7969821673525377, "AUC": 0.8960905349794239}, "Label_6": {"Optimal Threshold": 0.014241992495954037, "Accuracy": 0.9181446111869032, "Sensitivity": 1.0, "Specificity": 0.9176954732510288, "AUC": 0.977366255144033}, "Label_7": {"Optimal Threshold": 0.035863086581230164, "Accuracy": 0.9399727148703957, "Sensitivity": 0.9807692307692307, "Specificity": 0.9368575624082232, "AUC": 0.9904834519371964}, "Label_8": {"Optimal Threshold": 0.00743063073605299, "Accuracy": 0.9236016371077762, "Sensitivity": 1.0, "Specificity": 0.9232876712328767, "AUC": 0.9721461187214612}, "Label_9": {"Optimal Threshold": 0.04460018128156662, "Accuracy": 0.9263301500682128, "Sensitivity": 1.0, "Specificity": 0.923836389280677, "AUC": 0.98712976022567}, "Label_10": {"Optimal Threshold": 0.03780784830451012, "Accuracy": 0.8922237380627558, "Sensitivity": 0.8333333333333334, "Specificity": 0.8932038834951457, "AUC": 0.923948220064725}, "Label_11": {"Optimal Threshold": 0.010288715362548828, "Accuracy": 0.8171896316507503, "Sensitivity": 1.0, "Specificity": 0.8123249299719888, "AUC": 0.9514963880288958}, "Label_12": {"Optimal Threshold": 0.03051186352968216, "Accuracy": 0.8512960436562074, "Sensitivity": 0.8709677419354839, "Specificity": 0.849478390461997, "AUC": 0.9312533051295611}, "Overall": {"Accuracy": 0.8993598488823591, "Sensitivity": 0.9534374082229065, "Specificity": 0.8978445737744837, "AUC": 0.9613686370753064}}, "label_names": [[9, 2, 0, 12, 3, 8, 11, 10, 6, 7], [9, 2, 0, 12, 3, 8, 5, 1, 4]]}