{"shared_labels": 3, "perf": [0.09475705027580261, 0.9677658081054688], "metrics": {"Label_0": {"Optimal Threshold": 0.0324888713657856, "Accuracy": 0.9085948158253752, "Sensitivity": 0.8529411764705882, "Specificity": 0.9142857142857143, "AUC": 0.9499778858911987}, "Label_1": {"Optimal Threshold": 0.07833034545183182, "Accuracy": 0.9495225102319236, "Sensitivity": 0.9821428571428571, "Specificity": 0.946824224519941, "AUC": 0.9889480903144123}, "Label_2": {"Optimal Threshold": 0.369494765996933, "Accuracy": 0.9386084583901774, "Sensitivity": 0.9194915254237288, "Specificity": 0.9476861167002012, "AUC": 0.9766309722743238}, "Label_3": {"Optimal Threshold": 0.33055683970451355, "Accuracy": 0.9399727148703957, "Sensitivity": 0.9469026548672567, "Specificity": 0.9368836291913215, "AUC": 0.9785393866401354}, "Label_4": {"Optimal Threshold": 0.013172710314393044, "Accuracy": 0.9140518417462483, "Sensitivity": 0.8571428571428571, "Specificity": 0.9146005509641874, "AUC": 0.9185360094451004}, "Label_5": {"Optimal Threshold": 0.0010756375268101692, "Accuracy": 0.7680763983628922, "Sensitivity": 1.0, "Specificity": 0.7658402203856749, "AUC": 0.922077922077922}, "Label_6": {"Optimal Threshold": 0.007962346076965332, "Accuracy": 0.9072305593451568, "Sensitivity": 0.8, "Specificity": 0.9087136929460581, "AUC": 0.9107883817427386}, "Label_7": {"Optimal Threshold": 0.24121050536632538, "Accuracy": 0.9604365620736699, "Sensitivity": 0.9473684210526315, "Specificity": 0.9615384615384616, "AUC": 0.981210422505969}, "Label_8": {"Optimal Threshold": 0.04586602747440338, "Accuracy": 0.975443383356071, "Sensitivity": 1.0, "Specificity": 0.9752747252747253, "AUC": 0.9903846153846153}, "Label_9": {"Optimal Threshold": 0.10008838772773743, "Accuracy": 0.9345156889495225, "Sensitivity": 0.8787878787878788, "Specificity": 0.9371428571428572, "AUC": 0.9477489177489178}, "Label_10": {"Optimal Threshold": 0.0297082532197237, "Accuracy": 0.859481582537517, "Sensitivity": 0.8333333333333334, "Specificity": 0.8599167822468793, "AUC": 0.8978270920018493}, "Label_11": {"Optimal Threshold": 0.016613520681858063, "Accuracy": 0.9140518417462483, "Sensitivity": 0.8571428571428571, "Specificity": 0.9151599443671766, "AUC": 0.9479435724220147}, "Label_12": {"Optimal Threshold": 0.1227775514125824, "Accuracy": 0.897680763983629, "Sensitivity": 0.7037037037037037, "Specificity": 0.9131075110456554, "AUC": 0.8680248731795124}, "Overall": {"Accuracy": 0.9128974708783714, "Sensitivity": 0.8906890203898227, "Specificity": 0.9151518792776041, "AUC": 0.9445106262791315}}, "label_names": [[2, 3, 8, 5, 10, 0, 12, 11], [2, 3, 8, 4, 9, 1, 7, 6]]}