{"shared_labels": 3, "perf": [0.09370115399360657, 0.9705045223236084], "metrics": {"Label_0": {"Optimal Threshold": 0.04599802568554878, "Accuracy": 0.9331514324693042, "Sensitivity": 0.8695652173913043, "Specificity": 0.9397590361445783, "AUC": 0.9601885804085909}, "Label_1": {"Optimal Threshold": 0.020401664078235626, "Accuracy": 0.9181446111869032, "Sensitivity": 0.9482758620689655, "Specificity": 0.9155555555555556, "AUC": 0.9818135376756066}, "Label_2": {"Optimal Threshold": 0.392013281583786, "Accuracy": 0.9304229195088677, "Sensitivity": 0.9122807017543859, "Specificity": 0.9386138613861386, "AUC": 0.9743790168490533}, "Label_3": {"Optimal Threshold": 0.3924451768398285, "Accuracy": 0.9358799454297408, "Sensitivity": 0.9095022624434389, "Specificity": 0.947265625, "AUC": 0.9760145644796381}, "Label_4": {"Optimal Threshold": 0.030836420133709908, "Accuracy": 0.9577080491132333, "Sensitivity": 0.8571428571428571, "Specificity": 0.9586776859504132, "AUC": 0.957693821330185}, "Label_5": {"Optimal Threshold": 0.0020695519633591175, "Accuracy": 0.7803547066848567, "Sensitivity": 1.0, "Specificity": 0.7788461538461539, "AUC": 0.9381868131868132}, "Label_6": {"Optimal Threshold": 0.017384596168994904, "Accuracy": 0.9004092769440655, "Sensitivity": 1.0, "Specificity": 0.8988919667590027, "AUC": 0.967514479979854}, "Label_7": {"Optimal Threshold": 0.0722305029630661, "Accuracy": 0.9549795361527967, "Sensitivity": 1.0, "Specificity": 0.9508196721311475, "AUC": 0.9916109802413345}, "Label_8": {"Optimal Threshold": 0.001253125024959445, "Accuracy": 0.7189631650750341, "Sensitivity": 1.0, "Specificity": 0.7181942544459644, "AUC": 0.7626538987688098}, "Label_9": {"Optimal Threshold": 0.024884723126888275, "Accuracy": 0.9072305593451568, "Sensitivity": 0.90625, "Specificity": 0.9072753209700428, "AUC": 0.9487339514978602}, "Label_10": {"Optimal Threshold": 0.0033346633426845074, "Accuracy": 0.6630286493860846, "Sensitivity": 1.0, "Specificity": 0.6545454545454545, "AUC": 0.8767676767676768}, "Label_11": {"Optimal Threshold": 0.016392217949032784, "Accuracy": 0.888130968622101, "Sensitivity": 0.9444444444444444, "Specificity": 0.8867132867132868, "AUC": 0.9618492618492618}, "Label_12": {"Optimal Threshold": 0.04338671639561653, "Accuracy": 0.7667121418826739, "Sensitivity": 0.9215686274509803, "Specificity": 0.7551319648093842, "AUC": 0.9125409694669657}, "Overall": {"Accuracy": 0.8657781509077555, "Sensitivity": 0.9437715363612599, "Specificity": 0.8654069106351633, "AUC": 0.9392267348078192}}, "label_names": [[4, 3, 2, 10, 9, 0, 5, 8], [4, 3, 2, 1, 12, 6, 11, 7]]}