{"shared_labels": 8, "perf": [0.09043557196855545, 0.9746523499488831], "metrics": {"Label_0": {"Optimal Threshold": 0.1016770601272583, "Accuracy": 0.8935879945429741, "Sensitivity": 0.9066666666666666, "Specificity": 0.89209726443769, "AUC": 0.9531914893617022}, "Label_1": {"Optimal Threshold": 0.07512842863798141, "Accuracy": 0.9058663028649386, "Sensitivity": 0.95, "Specificity": 0.9019316493313522, "AUC": 0.9780089153046062}, "Label_2": {"Optimal Threshold": 0.319414883852005, "Accuracy": 0.9304229195088677, "Sensitivity": 0.9259259259259259, "Specificity": 0.9326530612244898, "AUC": 0.9747963382884018}, "Label_3": {"Optimal Threshold": 0.18532484769821167, "Accuracy": 0.9195088676671214, "Sensitivity": 0.9423868312757202, "Specificity": 0.9081632653061225, "AUC": 0.9757621567145377}, "Label_4": {"Optimal Threshold": 0.03328526020050049, "Accuracy": 0.9290586630286494, "Sensitivity": 0.8888888888888888, "Specificity": 0.9295580110497238, "AUC": 0.9625537139349294}, "Label_5": {"Optimal Threshold": 0.028722107410430908, "Accuracy": 0.9249658935879945, "Sensitivity": 1.0, "Specificity": 0.9241379310344827, "AUC": 0.9677586206896551}, "Label_6": {"Optimal Threshold": 0.009354175068438053, "Accuracy": 0.8608458390177354, "Sensitivity": 1.0, "Specificity": 0.8591160220994475, "AUC": 0.9531921424186618}, "Label_7": {"Optimal Threshold": 0.056148942559957504, "Accuracy": 0.9304229195088677, "Sensitivity": 0.9491525423728814, "Specificity": 0.9287833827893175, "AUC": 0.9785495146607653}, "Label_8": {"Optimal Threshold": 0.0038362883497029543, "Accuracy": 0.8294679399727148, "Sensitivity": 1.0, "Specificity": 0.8275862068965517, "AUC": 0.9501724137931034}, "Label_9": {"Optimal Threshold": 0.03348807990550995, "Accuracy": 0.8840381991814461, "Sensitivity": 0.9090909090909091, "Specificity": 0.8828571428571429, "AUC": 0.9541125541125541}, "Label_10": {"Optimal Threshold": 0.07915399223566055, "Accuracy": 0.9045020463847203, "Sensitivity": 0.9090909090909091, "Specificity": 0.9044321329639889, "AUC": 0.9449760765550239}, "Label_11": {"Optimal Threshold": 0.10793278366327286, "Accuracy": 0.9727148703956344, "Sensitivity": 0.9473684210526315, "Specificity": 0.9733893557422969, "AUC": 0.9843726964469999}, "Label_12": {"Optimal Threshold": 0.06774462014436722, "Accuracy": 0.859481582537517, "Sensitivity": 0.9148936170212766, "Specificity": 0.8556851311953353, "AUC": 0.9488865454996589}, "Overall": {"Accuracy": 0.903452618323014, "Sensitivity": 0.9418049777989084, "Specificity": 0.9015685043790723, "AUC": 0.9635640905985077}}, "label_names": [[2, 11, 0, 9, 12, 1, 10, 3, 6, 7, 4], [2, 11, 0, 9, 12, 1, 10, 3, 8, 5]]}