{"shared_labels": 8, "perf": [0.08773980289697647, 0.9797062873840332], "metrics": {"Label_0": {"Optimal Threshold": 0.03792008012533188, "Accuracy": 0.8854024556616644, "Sensitivity": 0.9420289855072463, "Specificity": 0.8795180722891566, "AUC": 0.9714728479133927}, "Label_1": {"Optimal Threshold": 0.051247913390398026, "Accuracy": 0.9345156889495225, "Sensitivity": 0.9482758620689655, "Specificity": 0.9333333333333333, "AUC": 0.9857982120051085}, "Label_2": {"Optimal Threshold": 0.38206639885902405, "Accuracy": 0.9099590723055935, "Sensitivity": 0.9473684210526315, "Specificity": 0.8930693069306931, "AUC": 0.9707312836546813}, "Label_3": {"Optimal Threshold": 0.41088202595710754, "Accuracy": 0.9181446111869032, "Sensitivity": 0.9502262443438914, "Specificity": 0.904296875, "AUC": 0.9763680712669682}, "Label_4": {"Optimal Threshold": 0.0030869231559336185, "Accuracy": 0.8321964529331515, "Sensitivity": 1.0, "Specificity": 0.8305785123966942, "AUC": 0.9698937426210154}, "Label_5": {"Optimal Threshold": 0.008337914943695068, "Accuracy": 0.8799454297407913, "Sensitivity": 1.0, "Specificity": 0.8791208791208791, "AUC": 0.9434065934065934}, "Label_6": {"Optimal Threshold": 0.031971972435712814, "Accuracy": 0.9140518417462483, "Sensitivity": 1.0, "Specificity": 0.9127423822714681, "AUC": 0.9749433392092672}, "Label_7": {"Optimal Threshold": 0.14866691827774048, "Accuracy": 0.9672578444747613, "Sensitivity": 1.0, "Specificity": 0.9642324888226528, "AUC": 0.9934858901014375}, "Label_8": {"Optimal Threshold": 0.0045714592561125755, "Accuracy": 0.8458390177353342, "Sensitivity": 1.0, "Specificity": 0.8454172366621067, "AUC": 0.8563611491108071}, "Label_9": {"Optimal Threshold": 0.029704013839364052, "Accuracy": 0.9154160982264665, "Sensitivity": 0.9375, "Specificity": 0.9144079885877318, "AUC": 0.9498930099857347}, "Label_10": {"Optimal Threshold": 0.009020163677632809, "Accuracy": 0.7612551159618008, "Sensitivity": 0.9444444444444444, "Specificity": 0.7566433566433567, "AUC": 0.9184149184149184}, "Label_11": {"Optimal Threshold": 0.03550530597567558, "Accuracy": 0.9358799454297408, "Sensitivity": 1.0, "Specificity": 0.9342657342657342, "AUC": 0.9832944832944832}, "Label_12": {"Optimal Threshold": 0.07788929343223572, "Accuracy": 0.8854024556616644, "Sensitivity": 0.8823529411764706, "Specificity": 0.8856304985337243, "AUC": 0.9507216376286586}, "Overall": {"Accuracy": 0.8911743100010495, "Sensitivity": 0.965553607584127, "Specificity": 0.8871735896044254, "AUC": 0.9572911675856204}}, "label_names": [[0, 12, 3, 10, 4, 11, 9, 8, 1, 7, 6], [0, 12, 3, 10, 4, 11, 9, 8, 5, 2]]}