{"shared_labels": 8, "perf": [0.0868077427148819, 0.9774302244186401], "metrics": {"Label_0": {"Optimal Threshold": 0.24631913006305695, "Accuracy": 0.9604365620736699, "Sensitivity": 0.8115942028985508, "Specificity": 0.9759036144578314, "AUC": 0.9566745241836913}, "Label_1": {"Optimal Threshold": 0.11979293078184128, "Accuracy": 0.965893587994543, "Sensitivity": 0.9310344827586207, "Specificity": 0.9688888888888889, "AUC": 0.9884291187739463}, "Label_2": {"Optimal Threshold": 0.42996200919151306, "Accuracy": 0.9345156889495225, "Sensitivity": 0.9035087719298246, "Specificity": 0.9485148514851485, "AUC": 0.9740316136876845}, "Label_3": {"Optimal Threshold": 0.29374074935913086, "Accuracy": 0.9331514324693042, "Sensitivity": 0.9321266968325792, "Specificity": 0.93359375, "AUC": 0.976085265837104}, "Label_4": {"Optimal Threshold": 0.014903038740158081, "Accuracy": 0.946793997271487, "Sensitivity": 0.8571428571428571, "Specificity": 0.9476584022038568, "AUC": 0.9602518693427785}, "Label_5": {"Optimal Threshold": 0.003349201986566186, "Accuracy": 0.8130968622100955, "Sensitivity": 1.0, "Specificity": 0.8118131868131868, "AUC": 0.9483516483516484}, "Label_6": {"Optimal Threshold": 0.012160904705524445, "Accuracy": 0.9208731241473397, "Sensitivity": 1.0, "Specificity": 0.9196675900277008, "AUC": 0.9782170737849408}, "Label_7": {"Optimal Threshold": 0.21306201815605164, "Accuracy": 0.9686221009549796, "Sensitivity": 1.0, "Specificity": 0.9657228017883756, "AUC": 0.9937022258545262}, "Label_8": {"Optimal Threshold": 0.001910987077280879, "Accuracy": 0.654843110504775, "Sensitivity": 1.0, "Specificity": 0.6538987688098495, "AUC": 0.7729138166894665}, "Label_9": {"Optimal Threshold": 0.025678781792521477, "Accuracy": 0.8362892223738063, "Sensitivity": 0.9375, "Specificity": 0.8316690442225392, "AUC": 0.9412892296718973}, "Label_10": {"Optimal Threshold": 0.005626233294606209, "Accuracy": 0.7121418826739427, "Sensitivity": 1.0, "Specificity": 0.7048951048951049, "AUC": 0.9152292152292153}, "Label_11": {"Optimal Threshold": 0.02064373902976513, "Accuracy": 0.931787175989086, "Sensitivity": 1.0, "Specificity": 0.9300699300699301, "AUC": 0.9834498834498835}, "Label_12": {"Optimal Threshold": 0.07071692496538162, "Accuracy": 0.8308321964529332, "Sensitivity": 0.9215686274509803, "Specificity": 0.8240469208211144, "AUC": 0.9457478005865104}, "Overall": {"Accuracy": 0.8776366880050372, "Sensitivity": 0.9457288953087241, "Specificity": 0.878180219575656, "AUC": 0.9487979450340995}}, "label_names": [[10, 6, 11, 2, 3, 1, 7, 12, 0, 8, 4], [10, 6, 11, 2, 3, 1, 7, 12, 9, 5]]}