{"shared_labels": 8, "perf": [0.08689756691455841, 0.9752389192581177], "metrics": {"Label_0": {"Optimal Threshold": 0.03901074081659317, "Accuracy": 0.8663028649386084, "Sensitivity": 0.9420289855072463, "Specificity": 0.858433734939759, "AUC": 0.9670420813689542}, "Label_1": {"Optimal Threshold": 0.06306080520153046, "Accuracy": 0.9427012278308322, "Sensitivity": 0.9482758620689655, "Specificity": 0.9422222222222222, "AUC": 0.9862835249042144}, "Label_2": {"Optimal Threshold": 0.30515527725219727, "Accuracy": 0.9236016371077762, "Sensitivity": 0.9210526315789473, "Specificity": 0.9247524752475248, "AUC": 0.973805801632795}, "Label_3": {"Optimal Threshold": 0.3226141929626465, "Accuracy": 0.9249658935879945, "Sensitivity": 0.9276018099547512, "Specificity": 0.923828125, "AUC": 0.9754401159502262}, "Label_4": {"Optimal Threshold": 0.03633935749530792, "Accuracy": 0.9481582537517054, "Sensitivity": 0.8571428571428571, "Specificity": 0.9490358126721763, "AUC": 0.9555293191656828}, "Label_5": {"Optimal Threshold": 0.04704189673066139, "Accuracy": 0.9631650750341064, "Sensitivity": 0.8, "Specificity": 0.9642857142857143, "AUC": 0.9373626373626374}, "Label_6": {"Optimal Threshold": 0.013387197628617287, "Accuracy": 0.8908594815825375, "Sensitivity": 1.0, "Specificity": 0.889196675900277, "AUC": 0.965751699823722}, "Label_7": {"Optimal Threshold": 0.29071781039237976, "Accuracy": 0.9781718963165075, "Sensitivity": 0.9838709677419355, "Specificity": 0.977645305514158, "AUC": 0.9932455170424498}, "Label_8": {"Optimal Threshold": 0.0017226834315806627, "Accuracy": 0.7585266030013642, "Sensitivity": 1.0, "Specificity": 0.7578659370725034, "AUC": 0.7941176470588235}, "Label_9": {"Optimal Threshold": 0.06887251138687134, "Accuracy": 0.9181446111869032, "Sensitivity": 0.84375, "Specificity": 0.9215406562054208, "AUC": 0.9402193295292439}, "Label_10": {"Optimal Threshold": 0.013522095046937466, "Accuracy": 0.7339699863574352, "Sensitivity": 0.9444444444444444, "Specificity": 0.7286713286713287, "AUC": 0.8858585858585858}, "Label_11": {"Optimal Threshold": 0.03110543265938759, "Accuracy": 0.965893587994543, "Sensitivity": 0.9444444444444444, "Specificity": 0.9664335664335665, "AUC": 0.9792540792540793}, "Label_12": {"Optimal Threshold": 0.07355988770723343, "Accuracy": 0.8553888130968622, "Sensitivity": 0.9019607843137255, "Specificity": 0.8519061583577713, "AUC": 0.9476740842964753}, "Overall": {"Accuracy": 0.897680763983629, "Sensitivity": 0.924197906707486, "Specificity": 0.8966013625017248, "AUC": 0.9462757248652223}}, "label_names": [[1, 0, 2, 4, 11, 5, 8, 12, 3, 6, 7], [1, 0, 2, 4, 11, 5, 8, 12, 9, 10]]}