{"shared_labels": 11, "perf": [0.08423065394163132, 0.9797232151031494], "metrics": {"Label_0": {"Optimal Threshold": 0.07063230872154236, "Accuracy": 0.937244201909959, "Sensitivity": 0.8840579710144928, "Specificity": 0.9427710843373494, "AUC": 0.9703596996682382}, "Label_1": {"Optimal Threshold": 0.016937095671892166, "Accuracy": 0.9045020463847203, "Sensitivity": 0.9827586206896551, "Specificity": 0.8977777777777778, "AUC": 0.9856704980842912}, "Label_2": {"Optimal Threshold": 0.2250356823205948, "Accuracy": 0.9249658935879945, "Sensitivity": 0.9385964912280702, "Specificity": 0.9188118811881189, "AUC": 0.9748827514330382}, "Label_3": {"Optimal Threshold": 0.26193496584892273, "Accuracy": 0.9304229195088677, "Sensitivity": 0.9276018099547512, "Specificity": 0.931640625, "AUC": 0.9761117788461539}, "Label_4": {"Optimal Threshold": 0.025692181661725044, "Accuracy": 0.9440654843110505, "Sensitivity": 0.8571428571428571, "Specificity": 0.9449035812672176, "AUC": 0.9596615505706415}, "Label_5": {"Optimal Threshold": 0.07732859253883362, "Accuracy": 0.9699863574351978, "Sensitivity": 0.8, "Specificity": 0.9711538461538461, "AUC": 0.9370879120879121}, "Label_6": {"Optimal Threshold": 0.02304452285170555, "Accuracy": 0.9154160982264665, "Sensitivity": 1.0, "Specificity": 0.9141274238227147, "AUC": 0.9775875094434652}, "Label_7": {"Optimal Threshold": 0.1522313356399536, "Accuracy": 0.975443383356071, "Sensitivity": 1.0, "Specificity": 0.9731743666169895, "AUC": 0.9938945243017162}, "Label_8": {"Optimal Threshold": 0.00285091670230031, "Accuracy": 0.810368349249659, "Sensitivity": 1.0, "Specificity": 0.8098495212038304, "AUC": 0.847469220246238}, "Label_9": {"Optimal Threshold": 0.03512470796704292, "Accuracy": 0.9249658935879945, "Sensitivity": 0.90625, "Specificity": 0.9258202567760342, "AUC": 0.9502050641940084}, "Label_10": {"Optimal Threshold": 0.01060122437775135, "Accuracy": 0.772169167803547, "Sensitivity": 0.9444444444444444, "Specificity": 0.7678321678321678, "AUC": 0.9174048174048174}, "Label_11": {"Optimal Threshold": 0.021441668272018433, "Accuracy": 0.931787175989086, "Sensitivity": 1.0, "Specificity": 0.9300699300699301, "AUC": 0.982905982905983}, "Label_12": {"Optimal Threshold": 0.06769447773694992, "Accuracy": 0.8512960436562074, "Sensitivity": 0.9019607843137255, "Specificity": 0.8475073313782991, "AUC": 0.9482203438560174}, "Overall": {"Accuracy": 0.9071256165389864, "Sensitivity": 0.934062536829846, "Specificity": 0.9058030610326366, "AUC": 0.9554970502340399}}, "label_names": [[11, 9, 7, 0, 6, 2, 1, 4, 8, 10, 12, 5], [11, 9, 7, 0, 6, 2, 1, 4, 8, 10, 12, 3]]}