{"shared_labels": 3, "perf": [0.10156966000795364, 0.9710718393325806], "metrics": {"Label_0": {"Optimal Threshold": 0.05311495065689087, "Accuracy": 0.8935879945429741, "Sensitivity": 0.935064935064935, "Specificity": 0.8887195121951219, "AUC": 0.9645232815964523}, "Label_1": {"Optimal Threshold": 0.14335665106773376, "Accuracy": 0.9577080491132333, "Sensitivity": 0.9178082191780822, "Specificity": 0.9621212121212122, "AUC": 0.9818804483188044}, "Label_2": {"Optimal Threshold": 0.46571314334869385, "Accuracy": 0.9140518417462483, "Sensitivity": 0.8790322580645161, "Specificity": 0.931958762886598, "AUC": 0.9619304955104755}, "Label_3": {"Optimal Threshold": 0.2852244973182678, "Accuracy": 0.9113233287858117, "Sensitivity": 0.9125, "Specificity": 0.9107505070993914, "AUC": 0.9685344827586208}, "Label_4": {"Optimal Threshold": 0.03280862420797348, "Accuracy": 0.9263301500682128, "Sensitivity": 0.8888888888888888, "Specificity": 0.9267955801104972, "AUC": 0.9673112338858195}, "Label_5": {"Optimal Threshold": 0.0021530883386731148, "Accuracy": 0.7735334242837654, "Sensitivity": 1.0, "Specificity": 0.771978021978022, "AUC": 0.9137362637362638}, "Label_6": {"Optimal Threshold": 0.01855511963367462, "Accuracy": 0.9249658935879945, "Sensitivity": 1.0, "Specificity": 0.9244505494505495, "AUC": 0.9813186813186814}, "Label_7": {"Optimal Threshold": 0.17311160266399384, "Accuracy": 0.965893587994543, "Sensitivity": 0.9206349206349206, "Specificity": 0.9701492537313433, "AUC": 0.9797678275290216}, "Label_8": {"Optimal Threshold": 0.013012169860303402, "Accuracy": 0.9440654843110505, "Sensitivity": 1.0, "Specificity": 0.9434482758620689, "AUC": 0.9782758620689656}, "Label_9": {"Optimal Threshold": 0.015103076584637165, "Accuracy": 0.8840381991814461, "Sensitivity": 0.9375, "Specificity": 0.8815977175463623, "AUC": 0.9522557061340942}, "Label_10": {"Optimal Threshold": 0.04840123653411865, "Accuracy": 0.9195088676671214, "Sensitivity": 0.7333333333333333, "Specificity": 0.9233983286908078, "AUC": 0.8793871866295264}, "Label_11": {"Optimal Threshold": 0.02169572189450264, "Accuracy": 0.9113233287858117, "Sensitivity": 1.0, "Specificity": 0.909217877094972, "AUC": 0.9821721984883339}, "Label_12": {"Optimal Threshold": 0.0832742378115654, "Accuracy": 0.82537517053206, "Sensitivity": 0.8571428571428571, "Specificity": 0.8227474150664698, "AUC": 0.9044365899978898}, "Overall": {"Accuracy": 0.9039773323538671, "Sensitivity": 0.921685031715964, "Specificity": 0.9051794626025707, "AUC": 0.9550407890748421}}, "label_names": [[10, 5, 3, 1, 11, 6, 12, 4], [10, 5, 3, 9, 7, 8, 2, 0]]}