{"shared_labels": 3, "perf": [0.08984743803739548, 0.9756372570991516], "metrics": {"Label_0": {"Optimal Threshold": 0.06784608215093613, "Accuracy": 0.9208731241473397, "Sensitivity": 0.8695652173913043, "Specificity": 0.9262048192771084, "AUC": 0.9633097607822594}, "Label_1": {"Optimal Threshold": 0.13375553488731384, "Accuracy": 0.9577080491132333, "Sensitivity": 0.9482758620689655, "Specificity": 0.9585185185185185, "AUC": 0.9865644955300127}, "Label_2": {"Optimal Threshold": 0.4192461371421814, "Accuracy": 0.9249658935879945, "Sensitivity": 0.9078947368421053, "Specificity": 0.9326732673267327, "AUC": 0.9710092061837763}, "Label_3": {"Optimal Threshold": 0.2862848937511444, "Accuracy": 0.9345156889495225, "Sensitivity": 0.9140271493212669, "Specificity": 0.943359375, "AUC": 0.9743972709276019}, "Label_4": {"Optimal Threshold": 0.01570490375161171, "Accuracy": 0.9304229195088677, "Sensitivity": 0.8571428571428571, "Specificity": 0.931129476584022, "AUC": 0.9439197166469894}, "Label_5": {"Optimal Threshold": 0.03895984962582588, "Accuracy": 0.9618008185538881, "Sensitivity": 0.8, "Specificity": 0.9629120879120879, "AUC": 0.9280219780219781}, "Label_6": {"Optimal Threshold": 0.09057333320379257, "Accuracy": 0.9768076398362893, "Sensitivity": 0.8181818181818182, "Specificity": 0.9792243767313019, "AUC": 0.9583228405943088}, "Label_7": {"Optimal Threshold": 0.10794283449649811, "Accuracy": 0.965893587994543, "Sensitivity": 1.0, "Specificity": 0.96274217585693, "AUC": 0.9930051439834624}, "Label_8": {"Optimal Threshold": 0.0012386846356093884, "Accuracy": 0.7735334242837654, "Sensitivity": 1.0, "Specificity": 0.7729138166894665, "AUC": 0.8023255813953488}, "Label_9": {"Optimal Threshold": 0.051462169736623764, "Accuracy": 0.9072305593451568, "Sensitivity": 0.90625, "Specificity": 0.9072753209700428, "AUC": 0.9473965763195434}, "Label_10": {"Optimal Threshold": 0.005797352641820908, "Accuracy": 0.684856753069577, "Sensitivity": 1.0, "Specificity": 0.676923076923077, "AUC": 0.8802641802641803}, "Label_11": {"Optimal Threshold": 0.04756058007478714, "Accuracy": 0.9699863574351978, "Sensitivity": 0.9444444444444444, "Specificity": 0.9706293706293706, "AUC": 0.9818958818958821}, "Label_12": {"Optimal Threshold": 0.0760621428489685, "Accuracy": 0.8390177353342428, "Sensitivity": 0.8823529411764706, "Specificity": 0.8357771260997068, "AUC": 0.9299637743660514}, "Overall": {"Accuracy": 0.9036625039353553, "Sensitivity": 0.9113950020437872, "Specificity": 0.9046371391167974, "AUC": 0.9431074159162611}}, "label_names": [[7, 8, 5, 4, 1, 2, 11, 10], [7, 8, 5, 0, 12, 6, 9, 3]]}