{"shared_labels": 6, "perf": [0.09132206439971924, 0.9762502908706665], "metrics": {"Label_0": {"Optimal Threshold": 0.09352480620145798, "Accuracy": 0.9099590723055935, "Sensitivity": 0.9041095890410958, "Specificity": 0.9106060606060606, "AUC": 0.9667704441677044}, "Label_1": {"Optimal Threshold": 0.07236863672733307, "Accuracy": 0.9290586630286494, "Sensitivity": 0.9696969696969697, "Specificity": 0.9250374812593704, "AUC": 0.986234155649448}, "Label_2": {"Optimal Threshold": 0.30793297290802, "Accuracy": 0.9263301500682128, "Sensitivity": 0.8934426229508197, "Specificity": 0.9427402862985685, "AUC": 0.9698447819236314}, "Label_3": {"Optimal Threshold": 0.2392919659614563, "Accuracy": 0.9304229195088677, "Sensitivity": 0.919831223628692, "Specificity": 0.9354838709677419, "AUC": 0.9703450387913434}, "Label_4": {"Optimal Threshold": 0.00251297396607697, "Accuracy": 0.8553888130968622, "Sensitivity": 1.0, "Specificity": 0.853185595567867, "AUC": 0.9692772601359858}, "Label_5": {"Optimal Threshold": 0.01951463706791401, "Accuracy": 0.9331514324693042, "Sensitivity": 1.0, "Specificity": 0.9327846364883402, "AUC": 0.9701646090534979}, "Label_6": {"Optimal Threshold": 0.2071412354707718, "Accuracy": 0.984993178717599, "Sensitivity": 1.0, "Specificity": 0.9849521203830369, "AUC": 0.9883720930232558}, "Label_7": {"Optimal Threshold": 0.18096546828746796, "Accuracy": 0.9713506139154161, "Sensitivity": 0.953125, "Specificity": 0.9730941704035875, "AUC": 0.9865237294469357}, "Label_8": {"Optimal Threshold": 0.005494245328009129, "Accuracy": 0.8512960436562074, "Sensitivity": 1.0, "Specificity": 0.850480109739369, "AUC": 0.9465020576131686}, "Label_9": {"Optimal Threshold": 0.04541763663291931, "Accuracy": 0.9154160982264665, "Sensitivity": 0.9629629629629629, "Specificity": 0.9135977337110481, "AUC": 0.976812506557549}, "Label_10": {"Optimal Threshold": 0.018460625782608986, "Accuracy": 0.8417462482946794, "Sensitivity": 0.875, "Specificity": 0.8410041841004184, "AUC": 0.9157949790794979}, "Label_11": {"Optimal Threshold": 0.062209051102399826, "Accuracy": 0.9713506139154161, "Sensitivity": 1.0, "Specificity": 0.9707927677329624, "AUC": 0.9877806477250148}, "Label_12": {"Optimal Threshold": 0.07662395387887955, "Accuracy": 0.8567530695770805, "Sensitivity": 0.7878787878787878, "Specificity": 0.863568215892054, "AUC": 0.9099313979373949}, "Overall": {"Accuracy": 0.9136320705215658, "Sensitivity": 0.9435420889353329, "Specificity": 0.9151790179346482, "AUC": 0.9649502847003405}}, "label_names": [[4, 6, 7, 11, 5, 9, 1, 8, 2, 0], [4, 6, 7, 11, 5, 9, 10, 3, 12]]}