{"shared_labels": 6, "perf": [0.09227513521909714, 0.9730436205863953], "metrics": {"Label_0": {"Optimal Threshold": 0.02997243031859398, "Accuracy": 0.849931787175989, "Sensitivity": 0.9855072463768116, "Specificity": 0.8358433734939759, "AUC": 0.9712982364239567}, "Label_1": {"Optimal Threshold": 0.020972467958927155, "Accuracy": 0.8949522510231923, "Sensitivity": 0.9827586206896551, "Specificity": 0.8874074074074074, "AUC": 0.9851596424010217}, "Label_2": {"Optimal Threshold": 0.23750165104866028, "Accuracy": 0.931787175989086, "Sensitivity": 0.9035087719298246, "Specificity": 0.9445544554455445, "AUC": 0.9715997915581032}, "Label_3": {"Optimal Threshold": 0.1863168329000473, "Accuracy": 0.9290586630286494, "Sensitivity": 0.9230769230769231, "Specificity": 0.931640625, "AUC": 0.9740791148190046}, "Label_4": {"Optimal Threshold": 0.030216220766305923, "Accuracy": 0.9263301500682128, "Sensitivity": 0.8571428571428571, "Specificity": 0.9269972451790633, "AUC": 0.9519874065328611}, "Label_5": {"Optimal Threshold": 0.059023067355155945, "Accuracy": 0.9686221009549796, "Sensitivity": 0.8, "Specificity": 0.9697802197802198, "AUC": 0.9304945054945055}, "Label_6": {"Optimal Threshold": 0.013620661571621895, "Accuracy": 0.9140518417462483, "Sensitivity": 1.0, "Specificity": 0.9127423822714681, "AUC": 0.9775875094434651}, "Label_7": {"Optimal Threshold": 0.14149829745292664, "Accuracy": 0.965893587994543, "Sensitivity": 1.0, "Specificity": 0.96274217585693, "AUC": 0.9922359501947021}, "Label_8": {"Optimal Threshold": 0.0011098961113020778, "Accuracy": 0.703956343792633, "Sensitivity": 1.0, "Specificity": 0.7031463748290013, "AUC": 0.8166894664842681}, "Label_9": {"Optimal Threshold": 0.014056937769055367, "Accuracy": 0.8758526603001364, "Sensitivity": 0.96875, "Specificity": 0.8716119828815977, "AUC": 0.9503833808844507}, "Label_10": {"Optimal Threshold": 0.01285900641232729, "Accuracy": 0.7926330150068213, "Sensitivity": 0.8888888888888888, "Specificity": 0.7902097902097902, "AUC": 0.906993006993007}, "Label_11": {"Optimal Threshold": 0.04860876128077507, "Accuracy": 0.9481582537517054, "Sensitivity": 0.9444444444444444, "Specificity": 0.9482517482517483, "AUC": 0.975058275058275}, "Label_12": {"Optimal Threshold": 0.09068677574396133, "Accuracy": 0.8744884038199181, "Sensitivity": 0.7450980392156863, "Specificity": 0.8841642228739003, "AUC": 0.8989132309815422}, "Overall": {"Accuracy": 0.890439710357855, "Sensitivity": 0.9230135224434685, "Specificity": 0.889930154113896, "AUC": 0.9463445782514742}}, "label_names": [[10, 9, 6, 2, 0, 3, 11, 7, 1, 5], [10, 9, 6, 2, 0, 3, 8, 12, 4]]}