{"shared_labels": 13, "perf": [0.08952803164720535, 0.9770252108573914], "metrics": {"Label_0": {"Optimal Threshold": 0.044109418988227844, "Accuracy": 0.8649386084583902, "Sensitivity": 0.9333333333333333, "Specificity": 0.8571428571428571, "AUC": 0.9540222897669707}, "Label_1": {"Optimal Threshold": 0.06882107257843018, "Accuracy": 0.9290586630286494, "Sensitivity": 0.9166666666666666, "Specificity": 0.9301634472511144, "AUC": 0.9772659732540862}, "Label_2": {"Optimal Threshold": 0.5372642874717712, "Accuracy": 0.931787175989086, "Sensitivity": 0.9259259259259259, "Specificity": 0.9346938775510204, "AUC": 0.9751322751322752}, "Label_3": {"Optimal Threshold": 0.31620216369628906, "Accuracy": 0.9154160982264665, "Sensitivity": 0.9506172839506173, "Specificity": 0.8979591836734694, "AUC": 0.9754010246073738}, "Label_4": {"Optimal Threshold": 0.06981582194566727, "Accuracy": 0.9522510231923602, "Sensitivity": 0.8888888888888888, "Specificity": 0.9530386740331491, "AUC": 0.9742173112338858}, "Label_5": {"Optimal Threshold": 0.03231307864189148, "Accuracy": 0.946793997271487, "Sensitivity": 1.0, "Specificity": 0.9462068965517242, "AUC": 0.9758620689655172}, "Label_6": {"Optimal Threshold": 0.010404293425381184, "Accuracy": 0.8526603001364257, "Sensitivity": 1.0, "Specificity": 0.850828729281768, "AUC": 0.9676181706568447}, "Label_7": {"Optimal Threshold": 0.05624130740761757, "Accuracy": 0.937244201909959, "Sensitivity": 0.9661016949152542, "Specificity": 0.9347181008902077, "AUC": 0.9794296635316602}, "Label_8": {"Optimal Threshold": 0.009460177272558212, "Accuracy": 0.903137789904502, "Sensitivity": 1.0, "Specificity": 0.9020689655172414, "AUC": 0.9655172413793103}, "Label_9": {"Optimal Threshold": 0.043833788484334946, "Accuracy": 0.8840381991814461, "Sensitivity": 0.9090909090909091, "Specificity": 0.8828571428571429, "AUC": 0.9545021645021646}, "Label_10": {"Optimal Threshold": 0.056905750185251236, "Accuracy": 0.8990450204638472, "Sensitivity": 0.9090909090909091, "Specificity": 0.8988919667590027, "AUC": 0.9420800805842358}, "Label_11": {"Optimal Threshold": 0.05793291702866554, "Accuracy": 0.9713506139154161, "Sensitivity": 0.9473684210526315, "Specificity": 0.9719887955182073, "AUC": 0.9852572607990564}, "Label_12": {"Optimal Threshold": 0.1543416827917099, "Accuracy": 0.8813096862210096, "Sensitivity": 0.8723404255319149, "Specificity": 0.8819241982507289, "AUC": 0.9477699894547486}, "Overall": {"Accuracy": 0.9130024136845418, "Sensitivity": 0.93995572757285, "Specificity": 0.9109602180982795, "AUC": 0.967236577989856}}, "label_names": [[0, 5, 10, 4, 12, 3, 2, 9, 8, 7, 1, 6, 11], [0, 5, 10, 4, 12, 3, 2, 9, 8, 7, 1, 6, 11]]}