{"shared_labels": 13, "perf": [0.08937697112560272, 0.9758565425872803], "metrics": {"Label_0": {"Optimal Threshold": 0.11497295647859573, "Accuracy": 0.8717598908594816, "Sensitivity": 0.9565217391304348, "Specificity": 0.8629518072289156, "AUC": 0.9694648157848786}, "Label_1": {"Optimal Threshold": 0.2829819619655609, "Accuracy": 0.9577080491132333, "Sensitivity": 0.9482758620689655, "Specificity": 0.9585185185185185, "AUC": 0.9890421455938697}, "Label_2": {"Optimal Threshold": 0.3229067325592041, "Accuracy": 0.9263301500682128, "Sensitivity": 0.9166666666666666, "Specificity": 0.9306930693069307, "AUC": 0.9725551502518672}, "Label_3": {"Optimal Threshold": 0.3362669050693512, "Accuracy": 0.9304229195088677, "Sensitivity": 0.918552036199095, "Specificity": 0.935546875, "AUC": 0.9753075509049773}, "Label_4": {"Optimal Threshold": 0.001827533938921988, "Accuracy": 0.7667121418826739, "Sensitivity": 1.0, "Specificity": 0.7644628099173554, "AUC": 0.9502164502164502}, "Label_5": {"Optimal Threshold": 0.056707046926021576, "Accuracy": 0.9699863574351978, "Sensitivity": 0.8, "Specificity": 0.9711538461538461, "AUC": 0.9313186813186812}, "Label_6": {"Optimal Threshold": 0.009193450212478638, "Accuracy": 0.8826739427012278, "Sensitivity": 1.0, "Specificity": 0.8808864265927978, "AUC": 0.9777134223117603}, "Label_7": {"Optimal Threshold": 0.09040709584951401, "Accuracy": 0.9645293315143247, "Sensitivity": 1.0, "Specificity": 0.9612518628912071, "AUC": 0.992836882842171}, "Label_8": {"Optimal Threshold": 0.0017958310199901462, "Accuracy": 0.7789904502046384, "Sensitivity": 1.0, "Specificity": 0.7783857729138167, "AUC": 0.7879616963064295}, "Label_9": {"Optimal Threshold": 0.05371787026524544, "Accuracy": 0.9113233287858117, "Sensitivity": 0.90625, "Specificity": 0.9115549215406562, "AUC": 0.9494917974322397}, "Label_10": {"Optimal Threshold": 0.008051465265452862, "Accuracy": 0.703956343792633, "Sensitivity": 1.0, "Specificity": 0.6965034965034965, "AUC": 0.9091686091686092}, "Label_11": {"Optimal Threshold": 0.01710367202758789, "Accuracy": 0.9099590723055935, "Sensitivity": 1.0, "Specificity": 0.9076923076923077, "AUC": 0.9809634809634808}, "Label_12": {"Optimal Threshold": 0.1230061799287796, "Accuracy": 0.8540245566166439, "Sensitivity": 0.8823529411764706, "Specificity": 0.8519061583577713, "AUC": 0.9458053015927779}, "Overall": {"Accuracy": 0.8791058872914262, "Sensitivity": 0.9483553265570487, "Specificity": 0.877808297893663, "AUC": 0.9486035372837072}}, "label_names": [[3, 4, 5, 1, 7, 11, 9, 12, 10, 8, 2, 6, 0], [3, 4, 5, 1, 7, 11, 9, 12, 10, 8, 2, 6, 0]]}