{"shared_labels": 10, "perf": [0.08747139573097229, 0.9754042625427246], "metrics": {"Label_0": {"Optimal Threshold": 0.029400499537587166, "Accuracy": 0.8281036834924966, "Sensitivity": 0.9855072463768116, "Specificity": 0.8117469879518072, "AUC": 0.9677841801990571}, "Label_1": {"Optimal Threshold": 0.030342543497681618, "Accuracy": 0.9140518417462483, "Sensitivity": 0.9827586206896551, "Specificity": 0.9081481481481481, "AUC": 0.9869220945083014}, "Label_2": {"Optimal Threshold": 0.48978227376937866, "Accuracy": 0.931787175989086, "Sensitivity": 0.8991228070175439, "Specificity": 0.9465346534653465, "AUC": 0.9742661108216085}, "Label_3": {"Optimal Threshold": 0.49986732006073, "Accuracy": 0.9331514324693042, "Sensitivity": 0.9095022624434389, "Specificity": 0.943359375, "AUC": 0.9767569287330317}, "Label_4": {"Optimal Threshold": 0.047449301928281784, "Accuracy": 0.956343792633015, "Sensitivity": 0.8571428571428571, "Specificity": 0.9573002754820936, "AUC": 0.966155057064148}, "Label_5": {"Optimal Threshold": 0.053515322506427765, "Accuracy": 0.9727148703956344, "Sensitivity": 0.8, "Specificity": 0.9739010989010989, "AUC": 0.9354395604395604}, "Label_6": {"Optimal Threshold": 0.008894321508705616, "Accuracy": 0.8840381991814461, "Sensitivity": 1.0, "Specificity": 0.8822714681440443, "AUC": 0.9722991689750693}, "Label_7": {"Optimal Threshold": 0.14560869336128235, "Accuracy": 0.9699863574351978, "Sensitivity": 1.0, "Specificity": 0.9672131147540983, "AUC": 0.9939185616076149}, "Label_8": {"Optimal Threshold": 0.0013741335133090615, "Accuracy": 0.7435197817189632, "Sensitivity": 1.0, "Specificity": 0.7428180574555403, "AUC": 0.8050615595075239}, "Label_9": {"Optimal Threshold": 0.04348968341946602, "Accuracy": 0.9236016371077762, "Sensitivity": 0.90625, "Specificity": 0.9243937232524965, "AUC": 0.9495809557774607}, "Label_10": {"Optimal Threshold": 0.007367143407464027, "Accuracy": 0.7653478854024557, "Sensitivity": 0.8888888888888888, "Specificity": 0.7622377622377622, "AUC": 0.89005439005439}, "Label_11": {"Optimal Threshold": 0.07660721987485886, "Accuracy": 0.9672578444747613, "Sensitivity": 0.8888888888888888, "Specificity": 0.9692307692307692, "AUC": 0.974980574980575}, "Label_12": {"Optimal Threshold": 0.03496042266488075, "Accuracy": 0.7585266030013642, "Sensitivity": 0.9019607843137255, "Specificity": 0.7478005865102639, "AUC": 0.9096946696567191}, "Overall": {"Accuracy": 0.8883408542344421, "Sensitivity": 0.92461710428937, "Specificity": 0.8874581554256514, "AUC": 0.9463779855634661}}, "label_names": [[7, 0, 11, 10, 8, 6, 3, 1, 2, 5, 4, 12], [7, 0, 11, 10, 8, 6, 3, 1, 2, 5, 9]]}