{"shared_labels": 10, "perf": [0.0901578962802887, 0.9758968949317932], "metrics": {"Label_0": {"Optimal Threshold": 0.09605195373296738, "Accuracy": 0.9290586630286494, "Sensitivity": 0.9041095890410958, "Specificity": 0.9318181818181818, "AUC": 0.9735782482357824}, "Label_1": {"Optimal Threshold": 0.07521959394216537, "Accuracy": 0.9508867667121419, "Sensitivity": 0.9696969696969697, "Specificity": 0.9490254872563718, "AUC": 0.9900049975012494}, "Label_2": {"Optimal Threshold": 0.11324504762887955, "Accuracy": 0.9236016371077762, "Sensitivity": 0.9262295081967213, "Specificity": 0.9222903885480572, "AUC": 0.972359113614268}, "Label_3": {"Optimal Threshold": 0.15668447315692902, "Accuracy": 0.931787175989086, "Sensitivity": 0.9324894514767933, "Specificity": 0.9314516129032258, "AUC": 0.9738924050632912}, "Label_4": {"Optimal Threshold": 0.0006922949105501175, "Accuracy": 0.8622100954979536, "Sensitivity": 1.0, "Specificity": 0.8601108033240997, "AUC": 0.9569377990430622}, "Label_5": {"Optimal Threshold": 0.03727811947464943, "Accuracy": 0.9440654843110505, "Sensitivity": 1.0, "Specificity": 0.943758573388203, "AUC": 0.9777091906721536}, "Label_6": {"Optimal Threshold": 0.12930616736412048, "Accuracy": 0.9877216916780355, "Sensitivity": 1.0, "Specificity": 0.987688098495212, "AUC": 0.9917920656634747}, "Label_7": {"Optimal Threshold": 0.09618553519248962, "Accuracy": 0.9522510231923602, "Sensitivity": 0.984375, "Specificity": 0.9491778774289985, "AUC": 0.9877382286995516}, "Label_8": {"Optimal Threshold": 0.001669165794737637, "Accuracy": 0.800818553888131, "Sensitivity": 1.0, "Specificity": 0.7997256515775034, "AUC": 0.9406721536351166}, "Label_9": {"Optimal Threshold": 0.029718246310949326, "Accuracy": 0.9058663028649386, "Sensitivity": 0.9629629629629629, "Specificity": 0.9036827195467422, "AUC": 0.9732451998740951}, "Label_10": {"Optimal Threshold": 0.04623984917998314, "Accuracy": 0.9249658935879945, "Sensitivity": 0.875, "Specificity": 0.9260808926080892, "AUC": 0.9379358437935844}, "Label_11": {"Optimal Threshold": 0.04278341308236122, "Accuracy": 0.9645293315143247, "Sensitivity": 1.0, "Specificity": 0.9638386648122392, "AUC": 0.9863898271408702}, "Label_12": {"Optimal Threshold": 0.033066824078559875, "Accuracy": 0.8567530695770805, "Sensitivity": 0.8636363636363636, "Specificity": 0.856071964017991, "AUC": 0.9306483122075326}, "Overall": {"Accuracy": 0.9180396683807325, "Sensitivity": 0.9552692188469929, "Specificity": 0.917286224286532, "AUC": 0.9686848757803102}}, "label_names": [[3, 1, 9, 7, 2, 6, 11, 12, 10, 8, 0, 5], [3, 1, 9, 7, 2, 6, 11, 12, 10, 8, 4]]}