{"shared_labels": 0, "perf": [0.09218014776706696, 0.9762891530990601], "metrics": {"Label_0": {"Optimal Threshold": 0.029579512774944305, "Accuracy": 0.9331514324693042, "Sensitivity": 0.8840579710144928, "Specificity": 0.9382530120481928, "AUC": 0.9650558756766195}, "Label_1": {"Optimal Threshold": 0.0612708255648613, "Accuracy": 0.9508867667121419, "Sensitivity": 0.9655172413793104, "Specificity": 0.9496296296296296, "AUC": 0.988250319284802}, "Label_2": {"Optimal Threshold": 0.2770857810974121, "Accuracy": 0.9140518417462483, "Sensitivity": 0.9210526315789473, "Specificity": 0.9108910891089109, "AUC": 0.9711481674483238}, "Label_3": {"Optimal Threshold": 0.4928191304206848, "Accuracy": 0.9263301500682128, "Sensitivity": 0.9140271493212669, "Specificity": 0.931640625, "AUC": 0.9745828619909502}, "Label_4": {"Optimal Threshold": 0.022237403318285942, "Accuracy": 0.9549795361527967, "Sensitivity": 0.8571428571428571, "Specificity": 0.9559228650137741, "AUC": 0.9482487209759937}, "Label_5": {"Optimal Threshold": 0.005151459947228432, "Accuracy": 0.8049113233287858, "Sensitivity": 1.0, "Specificity": 0.8035714285714286, "AUC": 0.9557692307692308}, "Label_6": {"Optimal Threshold": 0.034400444477796555, "Accuracy": 0.9345156889495225, "Sensitivity": 1.0, "Specificity": 0.9335180055401662, "AUC": 0.9807353311508435}, "Label_7": {"Optimal Threshold": 0.23642462491989136, "Accuracy": 0.9631650750341064, "Sensitivity": 0.9838709677419355, "Specificity": 0.9612518628912071, "AUC": 0.9917071294649296}, "Label_8": {"Optimal Threshold": 0.00657992996275425, "Accuracy": 0.8458390177353342, "Sensitivity": 1.0, "Specificity": 0.8454172366621067, "AUC": 0.8590971272229821}, "Label_9": {"Optimal Threshold": 0.03173309564590454, "Accuracy": 0.8922237380627558, "Sensitivity": 0.90625, "Specificity": 0.891583452211127, "AUC": 0.942626604850214}, "Label_10": {"Optimal Threshold": 0.012367721647024155, "Accuracy": 0.7789904502046384, "Sensitivity": 0.9444444444444444, "Specificity": 0.7748251748251749, "AUC": 0.9108003108003108}, "Label_11": {"Optimal Threshold": 0.07346898317337036, "Accuracy": 0.9672578444747613, "Sensitivity": 0.8888888888888888, "Specificity": 0.9692307692307692, "AUC": 0.9706293706293707}, "Label_12": {"Optimal Threshold": 0.030853481963276863, "Accuracy": 0.8021828103683493, "Sensitivity": 0.8823529411764706, "Specificity": 0.7961876832844574, "AUC": 0.9113909493416135}, "Overall": {"Accuracy": 0.8975758211774582, "Sensitivity": 0.9344311609760473, "Specificity": 0.8970709872320727, "AUC": 0.9515416922773988}}, "label_names": [[11, 8, 10, 0, 6, 12, 3], [1, 2, 9, 4, 5, 7]]}