{"shared_labels": 0, "perf": [0.10405351966619492, 0.9649176001548767], "metrics": {"Label_0": {"Optimal Threshold": 0.0976669043302536, "Accuracy": 0.8772169167803547, "Sensitivity": 0.8918918918918919, "Specificity": 0.8755690440060698, "AUC": 0.9428700323996227}, "Label_1": {"Optimal Threshold": 0.08395278453826904, "Accuracy": 0.9236016371077762, "Sensitivity": 0.8955223880597015, "Specificity": 0.9264264264264265, "AUC": 0.9614764017749092}, "Label_2": {"Optimal Threshold": 0.29249826073646545, "Accuracy": 0.9154160982264665, "Sensitivity": 0.9052132701421801, "Specificity": 0.9195402298850575, "AUC": 0.9668155653610794}, "Label_3": {"Optimal Threshold": 0.22386814653873444, "Accuracy": 0.9004092769440655, "Sensitivity": 0.9507389162561576, "Specificity": 0.8811320754716981, "AUC": 0.9701831025188216}, "Label_4": {"Optimal Threshold": 0.0038342883344739676, "Accuracy": 0.8622100954979536, "Sensitivity": 1.0, "Specificity": 0.8608815426997245, "AUC": 0.960448642266824}, "Label_5": {"Optimal Threshold": 0.0017107478342950344, "Accuracy": 0.810368349249659, "Sensitivity": 1.0, "Specificity": 0.8088033012379643, "AUC": 0.9555249885373682}, "Label_6": {"Optimal Threshold": 0.00837077759206295, "Accuracy": 0.9045020463847203, "Sensitivity": 1.0, "Specificity": 0.9035812672176309, "AUC": 0.9714679260133806}, "Label_7": {"Optimal Threshold": 0.1350245624780655, "Accuracy": 0.956343792633015, "Sensitivity": 0.921875, "Specificity": 0.9596412556053812, "AUC": 0.9755465246636772}, "Label_8": {"Optimal Threshold": 0.008802883327007294, "Accuracy": 0.9290586630286494, "Sensitivity": 1.0, "Specificity": 0.9284731774415406, "AUC": 0.9660706098120128}, "Label_9": {"Optimal Threshold": 0.08746999502182007, "Accuracy": 0.9208731241473397, "Sensitivity": 0.8888888888888888, "Specificity": 0.9220963172804533, "AUC": 0.9489560381911656}, "Label_10": {"Optimal Threshold": 0.0034015080891549587, "Accuracy": 0.6875852660300137, "Sensitivity": 0.9411764705882353, "Specificity": 0.6815642458100558, "AUC": 0.8746302990469932}, "Label_11": {"Optimal Threshold": 0.039824165403842926, "Accuracy": 0.9522510231923602, "Sensitivity": 0.8333333333333334, "Specificity": 0.9562764456981664, "AUC": 0.9431123648330983}, "Label_12": {"Optimal Threshold": 0.13068903982639313, "Accuracy": 0.8581173260572987, "Sensitivity": 0.7916666666666666, "Specificity": 0.8653555219364599, "AUC": 0.9042486132123047}, "Overall": {"Accuracy": 0.8844579704061287, "Sensitivity": 0.9246389866020812, "Specificity": 0.8837954500551253, "AUC": 0.9493347006639428}}, "label_names": [[8, 2, 11, 12, 1, 0, 7], [5, 6, 9, 4, 10, 3]]}