{"shared_labels": 13, "perf": [0.08555641770362854, 0.9795764684677124], "metrics": {"Label_0": {"Optimal Threshold": 0.05762225762009621, "Accuracy": 0.8772169167803547, "Sensitivity": 0.9565217391304348, "Specificity": 0.8689759036144579, "AUC": 0.9721276409987777}, "Label_1": {"Optimal Threshold": 0.03770158812403679, "Accuracy": 0.9099590723055935, "Sensitivity": 0.9827586206896551, "Specificity": 0.9037037037037037, "AUC": 0.9867688378033206}, "Label_2": {"Optimal Threshold": 0.30990758538246155, "Accuracy": 0.9195088676671214, "Sensitivity": 0.9429824561403509, "Specificity": 0.9089108910891089, "AUC": 0.9737450060795553}, "Label_3": {"Optimal Threshold": 0.40327683091163635, "Accuracy": 0.9304229195088677, "Sensitivity": 0.9321266968325792, "Specificity": 0.9296875, "AUC": 0.976253181561086}, "Label_4": {"Optimal Threshold": 0.003377811051905155, "Accuracy": 0.8390177353342428, "Sensitivity": 1.0, "Specificity": 0.837465564738292, "AUC": 0.9679260133805588}, "Label_5": {"Optimal Threshold": 0.041591960936784744, "Accuracy": 0.9577080491132333, "Sensitivity": 0.8, "Specificity": 0.9587912087912088, "AUC": 0.9381868131868132}, "Label_6": {"Optimal Threshold": 0.020663313567638397, "Accuracy": 0.9358799454297408, "Sensitivity": 0.9090909090909091, "Specificity": 0.9362880886426593, "AUC": 0.9709141274238228}, "Label_7": {"Optimal Threshold": 0.13617537915706635, "Accuracy": 0.9727148703956344, "Sensitivity": 1.0, "Specificity": 0.970193740685544, "AUC": 0.9931012932070573}, "Label_8": {"Optimal Threshold": 0.0011621868470683694, "Accuracy": 0.7776261937244202, "Sensitivity": 1.0, "Specificity": 0.7770177838577291, "AUC": 0.8160054719562243}, "Label_9": {"Optimal Threshold": 0.01189313642680645, "Accuracy": 0.8622100954979536, "Sensitivity": 0.96875, "Specificity": 0.8573466476462197, "AUC": 0.9502496433666192}, "Label_10": {"Optimal Threshold": 0.006777588278055191, "Accuracy": 0.6957708049113234, "Sensitivity": 1.0, "Specificity": 0.6881118881118881, "AUC": 0.9073815073815074}, "Label_11": {"Optimal Threshold": 0.04462847113609314, "Accuracy": 0.9727148703956344, "Sensitivity": 0.9444444444444444, "Specificity": 0.9734265734265735, "AUC": 0.9825174825174825}, "Label_12": {"Optimal Threshold": 0.062285974621772766, "Accuracy": 0.810368349249659, "Sensitivity": 0.9411764705882353, "Specificity": 0.8005865102639296, "AUC": 0.9456040480708412}, "Overall": {"Accuracy": 0.8816245146395215, "Sensitivity": 0.9521424105320467, "Specificity": 0.8777312311208703, "AUC": 0.9523677743795127}}, "label_names": [[9, 12, 10, 8, 7, 11, 0, 4, 1, 6, 3, 5, 2], [9, 12, 10, 8, 7, 11, 0, 4, 1, 6, 3, 5, 2]]}