{"shared_labels": 13, "perf": [0.0878162756562233, 0.9804999232292175], "metrics": {"Label_0": {"Optimal Threshold": 0.10896220058202744, "Accuracy": 0.9181446111869032, "Sensitivity": 0.9047619047619048, "Specificity": 0.9198767334360555, "AUC": 0.9580306698950767}, "Label_1": {"Optimal Threshold": 0.36935603618621826, "Accuracy": 0.9727148703956344, "Sensitivity": 0.9178082191780822, "Specificity": 0.9787878787878788, "AUC": 0.9856164383561644}, "Label_2": {"Optimal Threshold": 0.5183117389678955, "Accuracy": 0.931787175989086, "Sensitivity": 0.9183673469387755, "Specificity": 0.9385245901639344, "AUC": 0.9781699565071931}, "Label_3": {"Optimal Threshold": 0.6979154348373413, "Accuracy": 0.9427012278308322, "Sensitivity": 0.8744939271255061, "Specificity": 0.977366255144033, "AUC": 0.9798153979440529}, "Label_4": {"Optimal Threshold": 0.07168887555599213, "Accuracy": 0.9508867667121419, "Sensitivity": 1.0, "Specificity": 0.9504132231404959, "AUC": 0.9895710350255805}, "Label_5": {"Optimal Threshold": 0.002972560003399849, "Accuracy": 0.7612551159618008, "Sensitivity": 1.0, "Specificity": 0.7589531680440771, "AUC": 0.9429358520267611}, "Label_6": {"Optimal Threshold": 0.03820405527949333, "Accuracy": 0.9536152796725784, "Sensitivity": 1.0, "Specificity": 0.9529085872576177, "AUC": 0.9856459330143541}, "Label_7": {"Optimal Threshold": 0.08113647997379303, "Accuracy": 0.9495225102319236, "Sensitivity": 0.953125, "Specificity": 0.9491778774289985, "AUC": 0.9872010463378176}, "Label_8": {"Optimal Threshold": 0.04261968657374382, "Accuracy": 0.9536152796725784, "Sensitivity": 1.0, "Specificity": 0.9534246575342465, "AUC": 0.9780821917808219}, "Label_9": {"Optimal Threshold": 0.05504975840449333, "Accuracy": 0.91268758526603, "Sensitivity": 0.95, "Specificity": 0.9105339105339105, "AUC": 0.9563492063492063}, "Label_10": {"Optimal Threshold": 0.035286031663417816, "Accuracy": 0.8608458390177354, "Sensitivity": 0.9375, "Specificity": 0.8591352859135286, "AUC": 0.934013249651325}, "Label_11": {"Optimal Threshold": 0.04509484022855759, "Accuracy": 0.9508867667121419, "Sensitivity": 0.9473684210526315, "Specificity": 0.9509803921568627, "AUC": 0.9813504349108064}, "Label_12": {"Optimal Threshold": 0.03851412981748581, "Accuracy": 0.747612551159618, "Sensitivity": 0.9655172413793104, "Specificity": 0.7288888888888889, "AUC": 0.9233461047254151}, "Overall": {"Accuracy": 0.9081750446006924, "Sensitivity": 0.9514570815720161, "Specificity": 0.9099208806485021, "AUC": 0.9677021166557366}}, "label_names": [[8, 12, 9, 5, 0, 1, 4, 10, 6, 11, 3, 2, 7], [8, 12, 9, 5, 0, 1, 4, 10, 6, 11, 3, 2, 7]]}