{"shared_labels": 7, "perf": [0.10103229433298111, 0.9710416793823242], "metrics": {"Label_0": {"Optimal Threshold": 0.04823499545454979, "Accuracy": 0.8867667121418826, "Sensitivity": 0.872093023255814, "Specificity": 0.8887171561051005, "AUC": 0.9507566226950864}, "Label_1": {"Optimal Threshold": 0.07309222966432571, "Accuracy": 0.9495225102319236, "Sensitivity": 0.9305555555555556, "Specificity": 0.9515885022692889, "AUC": 0.9858799798285426}, "Label_2": {"Optimal Threshold": 0.20895572006702423, "Accuracy": 0.9140518417462483, "Sensitivity": 0.8842975206611571, "Specificity": 0.9287169042769857, "AUC": 0.9642153809900522}, "Label_3": {"Optimal Threshold": 0.14196261763572693, "Accuracy": 0.9154160982264665, "Sensitivity": 0.927038626609442, "Specificity": 0.91, "AUC": 0.9688755364806867}, "Label_4": {"Optimal Threshold": 0.008774913847446442, "Accuracy": 0.9331514324693042, "Sensitivity": 0.9090909090909091, "Specificity": 0.9335180055401662, "AUC": 0.9687736086628054}, "Label_5": {"Optimal Threshold": 0.0022173260804265738, "Accuracy": 0.7967257844474761, "Sensitivity": 1.0, "Specificity": 0.7956104252400549, "AUC": 0.9002057613168724}, "Label_6": {"Optimal Threshold": 0.17840375006198883, "Accuracy": 0.9931787175989086, "Sensitivity": 1.0, "Specificity": 0.9931600547195623, "AUC": 0.9958960328317373}, "Label_7": {"Optimal Threshold": 0.13884055614471436, "Accuracy": 0.9699863574351978, "Sensitivity": 0.9473684210526315, "Specificity": 0.9718934911242604, "AUC": 0.9852590055019205}, "Label_8": {"Optimal Threshold": 0.021741628646850586, "Accuracy": 0.9508867667121419, "Sensitivity": 1.0, "Specificity": 0.9506172839506173, "AUC": 0.9818244170096021}, "Label_9": {"Optimal Threshold": 0.031748250126838684, "Accuracy": 0.9058663028649386, "Sensitivity": 0.9642857142857143, "Specificity": 0.9035460992907801, "AUC": 0.9746707193515703}, "Label_10": {"Optimal Threshold": 0.019024541601538658, "Accuracy": 0.869031377899045, "Sensitivity": 0.8666666666666667, "Specificity": 0.8690807799442897, "AUC": 0.8955431754874652}, "Label_11": {"Optimal Threshold": 0.01757967285811901, "Accuracy": 0.903137789904502, "Sensitivity": 0.9444444444444444, "Specificity": 0.9020979020979021, "AUC": 0.971950271950272}, "Label_12": {"Optimal Threshold": 0.06907904893159866, "Accuracy": 0.834924965893588, "Sensitivity": 0.8666666666666667, "Specificity": 0.8320950965824666, "AUC": 0.8983407627538386}, "Overall": {"Accuracy": 0.9094343582747402, "Sensitivity": 0.9317313498683848, "Specificity": 0.9100493616262673, "AUC": 0.9570916365277269}}, "label_names": [[2, 9, 1, 7, 6, 4, 3, 12, 11, 0], [2, 9, 1, 7, 6, 4, 3, 5, 8, 10]]}