{"shared_labels": 7, "perf": [0.08921727538108826, 0.974325954914093], "metrics": {"Label_0": {"Optimal Threshold": 0.13410352170467377, "Accuracy": 0.9345156889495225, "Sensitivity": 0.8405797101449275, "Specificity": 0.9442771084337349, "AUC": 0.9587262091845643}, "Label_1": {"Optimal Threshold": 0.06805510818958282, "Accuracy": 0.9699863574351978, "Sensitivity": 0.9137931034482759, "Specificity": 0.9748148148148148, "AUC": 0.9844699872286079}, "Label_2": {"Optimal Threshold": 0.182952880859375, "Accuracy": 0.9249658935879945, "Sensitivity": 0.9254385964912281, "Specificity": 0.9247524752475248, "AUC": 0.9744137571651902}, "Label_3": {"Optimal Threshold": 0.15588067471981049, "Accuracy": 0.9304229195088677, "Sensitivity": 0.9366515837104072, "Specificity": 0.927734375, "AUC": 0.9755903563348417}, "Label_4": {"Optimal Threshold": 0.005104884970933199, "Accuracy": 0.8949522510231923, "Sensitivity": 0.8571428571428571, "Specificity": 0.8953168044077136, "AUC": 0.9153876426603699}, "Label_5": {"Optimal Threshold": 0.0492812916636467, "Accuracy": 0.9699863574351978, "Sensitivity": 0.8, "Specificity": 0.9711538461538461, "AUC": 0.9156593406593406}, "Label_6": {"Optimal Threshold": 0.013426694087684155, "Accuracy": 0.9140518417462483, "Sensitivity": 1.0, "Specificity": 0.9127423822714681, "AUC": 0.97746159657517}, "Label_7": {"Optimal Threshold": 0.10868942737579346, "Accuracy": 0.9672578444747613, "Sensitivity": 1.0, "Specificity": 0.9642324888226528, "AUC": 0.9926686217008798}, "Label_8": {"Optimal Threshold": 0.004481243900954723, "Accuracy": 0.8308321964529332, "Sensitivity": 1.0, "Specificity": 0.8303693570451436, "AUC": 0.8837209302325582}, "Label_9": {"Optimal Threshold": 0.01482262834906578, "Accuracy": 0.8390177353342428, "Sensitivity": 0.9375, "Specificity": 0.8345221112696148, "AUC": 0.9321504992867332}, "Label_10": {"Optimal Threshold": 0.004101352766156197, "Accuracy": 0.6957708049113234, "Sensitivity": 0.9444444444444444, "Specificity": 0.6895104895104895, "AUC": 0.8647241647241647}, "Label_11": {"Optimal Threshold": 0.04988645389676094, "Accuracy": 0.9645293315143247, "Sensitivity": 0.9444444444444444, "Specificity": 0.965034965034965, "AUC": 0.9824397824397825}, "Label_12": {"Optimal Threshold": 0.04689743369817734, "Accuracy": 0.8090040927694406, "Sensitivity": 1.0, "Specificity": 0.7947214076246334, "AUC": 0.9546317060548559}, "Overall": {"Accuracy": 0.8957917934725573, "Sensitivity": 0.9307688261405065, "Specificity": 0.8945525096643541, "AUC": 0.9470803534036197}}, "label_names": [[8, 5, 6, 2, 7, 11, 12, 9, 1, 10], [8, 5, 6, 2, 7, 11, 12, 3, 0, 4]]}