{"shared_labels": 13, "perf": [0.08617666363716125, 0.9781280159950256], "metrics": {"Label_0": {"Optimal Threshold": 0.057130903005599976, "Accuracy": 0.9140518417462483, "Sensitivity": 0.8941176470588236, "Specificity": 0.9166666666666666, "AUC": 0.962763253449528}, "Label_1": {"Optimal Threshold": 0.07637058198451996, "Accuracy": 0.9427012278308322, "Sensitivity": 0.9066666666666666, "Specificity": 0.9468085106382979, "AUC": 0.9815197568389057}, "Label_2": {"Optimal Threshold": 0.3933521509170532, "Accuracy": 0.9249658935879945, "Sensitivity": 0.9282511210762332, "Specificity": 0.9235294117647059, "AUC": 0.9728215950057153}, "Label_3": {"Optimal Threshold": 0.4031674265861511, "Accuracy": 0.927694406548431, "Sensitivity": 0.9305555555555556, "Specificity": 0.9264990328820116, "AUC": 0.9749086610788739}, "Label_4": {"Optimal Threshold": 0.02859162539243698, "Accuracy": 0.9345156889495225, "Sensitivity": 1.0, "Specificity": 0.9337931034482758, "AUC": 0.9743103448275862}, "Label_5": {"Optimal Threshold": 0.003689211094751954, "Accuracy": 0.8376534788540245, "Sensitivity": 1.0, "Specificity": 0.8367626886145405, "AUC": 0.9122085048010975}, "Label_6": {"Optimal Threshold": 0.03199252858757973, "Accuracy": 0.9440654843110505, "Sensitivity": 1.0, "Specificity": 0.943758573388203, "AUC": 0.983196159122085}, "Label_7": {"Optimal Threshold": 0.07451112568378448, "Accuracy": 0.9699863574351978, "Sensitivity": 0.9615384615384616, "Specificity": 0.9706314243759178, "AUC": 0.9938721337399751}, "Label_8": {"Optimal Threshold": 0.004049683455377817, "Accuracy": 0.8826739427012278, "Sensitivity": 1.0, "Specificity": 0.8821917808219178, "AUC": 0.9579908675799087}, "Label_9": {"Optimal Threshold": 0.03999827802181244, "Accuracy": 0.931787175989086, "Sensitivity": 1.0, "Specificity": 0.9294781382228491, "AUC": 0.9877174424071462}, "Label_10": {"Optimal Threshold": 0.01757200062274933, "Accuracy": 0.7735334242837654, "Sensitivity": 1.0, "Specificity": 0.7697642163661581, "AUC": 0.938049006010171}, "Label_11": {"Optimal Threshold": 0.016525346785783768, "Accuracy": 0.9304229195088677, "Sensitivity": 0.9473684210526315, "Specificity": 0.9299719887955182, "AUC": 0.9761904761904762}, "Label_12": {"Optimal Threshold": 0.03328908979892731, "Accuracy": 0.7871759890859482, "Sensitivity": 0.9516129032258065, "Specificity": 0.7719821162444114, "AUC": 0.9273592615739629}, "Overall": {"Accuracy": 0.9000944485255536, "Sensitivity": 0.9630854443210907, "Specificity": 0.8986028963253442, "AUC": 0.9648390355865716}}, "label_names": [[6, 8, 9, 4, 1, 10, 11, 7, 0, 5, 12, 3, 2], [6, 8, 9, 4, 1, 10, 11, 7, 0, 5, 12, 3, 2]]}