{"shared_labels": 13, "perf": [0.08677403628826141, 0.9787372946739197], "metrics": {"Label_0": {"Optimal Threshold": 0.3194693326950073, "Accuracy": 0.9454297407912687, "Sensitivity": 0.8695652173913043, "Specificity": 0.9533132530120482, "AUC": 0.9708617077003667}, "Label_1": {"Optimal Threshold": 0.3799234628677368, "Accuracy": 0.9713506139154161, "Sensitivity": 0.896551724137931, "Specificity": 0.9777777777777777, "AUC": 0.9869987228607918}, "Label_2": {"Optimal Threshold": 0.46746155619621277, "Accuracy": 0.9331514324693042, "Sensitivity": 0.9035087719298246, "Specificity": 0.9465346534653465, "AUC": 0.9730241445197151}, "Label_3": {"Optimal Threshold": 0.4066125750541687, "Accuracy": 0.9331514324693042, "Sensitivity": 0.9230769230769231, "Specificity": 0.9375, "AUC": 0.9760234021493213}, "Label_4": {"Optimal Threshold": 0.02705083228647709, "Accuracy": 0.9263301500682128, "Sensitivity": 0.8571428571428571, "Specificity": 0.9269972451790633, "AUC": 0.9573002754820937}, "Label_5": {"Optimal Threshold": 0.0029396498575806618, "Accuracy": 0.7789904502046384, "Sensitivity": 1.0, "Specificity": 0.7774725274725275, "AUC": 0.9442307692307692}, "Label_6": {"Optimal Threshold": 0.00789223425090313, "Accuracy": 0.869031377899045, "Sensitivity": 1.0, "Specificity": 0.8670360110803325, "AUC": 0.9738101233946109}, "Label_7": {"Optimal Threshold": 0.10702981799840927, "Accuracy": 0.965893587994543, "Sensitivity": 1.0, "Specificity": 0.96274217585693, "AUC": 0.9934137781837411}, "Label_8": {"Optimal Threshold": 0.0011769100092351437, "Accuracy": 0.8049113233287858, "Sensitivity": 1.0, "Specificity": 0.8043775649794802, "AUC": 0.8194254445964432}, "Label_9": {"Optimal Threshold": 0.03375982493162155, "Accuracy": 0.9058663028649386, "Sensitivity": 0.9375, "Specificity": 0.9044222539229672, "AUC": 0.9492243223965763}, "Label_10": {"Optimal Threshold": 0.0081636318936944, "Accuracy": 0.6862210095497954, "Sensitivity": 1.0, "Specificity": 0.6783216783216783, "AUC": 0.9027195027195027}, "Label_11": {"Optimal Threshold": 0.06274060159921646, "Accuracy": 0.965893587994543, "Sensitivity": 0.9444444444444444, "Specificity": 0.9664335664335665, "AUC": 0.9805749805749805}, "Label_12": {"Optimal Threshold": 0.06362614035606384, "Accuracy": 0.834924965893588, "Sensitivity": 0.9019607843137255, "Specificity": 0.8299120234604106, "AUC": 0.9373239031683055}, "Overall": {"Accuracy": 0.8862419981110295, "Sensitivity": 0.94105774787977, "Specificity": 0.8871415946893945, "AUC": 0.9511485443828629}}, "label_names": [[2, 10, 8, 11, 6, 9, 0, 12, 1, 7, 5, 3, 4], [2, 10, 8, 11, 6, 9, 0, 12, 1, 7, 5, 3, 4]]}