{"shared_labels": 1, "perf": [0.10331366956233978, 0.9726803302764893], "metrics": {"Label_0": {"Optimal Threshold": 0.1415203958749771, "Accuracy": 0.9386084583901774, "Sensitivity": 0.8571428571428571, "Specificity": 0.948170731707317, "AUC": 0.9633948368704467}, "Label_1": {"Optimal Threshold": 0.08422362059354782, "Accuracy": 0.9549795361527967, "Sensitivity": 0.9178082191780822, "Specificity": 0.9590909090909091, "AUC": 0.9792237442922374}, "Label_2": {"Optimal Threshold": 0.7391780614852905, "Accuracy": 0.9181446111869032, "Sensitivity": 0.8467741935483871, "Specificity": 0.954639175257732, "AUC": 0.9595028267376122}, "Label_3": {"Optimal Threshold": 0.6417108774185181, "Accuracy": 0.9167803547066848, "Sensitivity": 0.8916666666666667, "Specificity": 0.9290060851926978, "AUC": 0.9665398918187964}, "Label_4": {"Optimal Threshold": 0.03190591558814049, "Accuracy": 0.9536152796725784, "Sensitivity": 0.8888888888888888, "Specificity": 0.9544198895027625, "AUC": 0.964548802946593}, "Label_5": {"Optimal Threshold": 0.003254255512729287, "Accuracy": 0.7885402455661664, "Sensitivity": 1.0, "Specificity": 0.7870879120879121, "AUC": 0.9222527472527472}, "Label_6": {"Optimal Threshold": 0.135986790060997, "Accuracy": 0.9822646657571623, "Sensitivity": 1.0, "Specificity": 0.9821428571428571, "AUC": 0.9906593406593406}, "Label_7": {"Optimal Threshold": 0.11058717966079712, "Accuracy": 0.9536152796725784, "Sensitivity": 0.9206349206349206, "Specificity": 0.9567164179104478, "AUC": 0.9760009476427387}, "Label_8": {"Optimal Threshold": 0.01306507084518671, "Accuracy": 0.956343792633015, "Sensitivity": 1.0, "Specificity": 0.9558620689655173, "AUC": 0.9863793103448275}, "Label_9": {"Optimal Threshold": 0.012345393188297749, "Accuracy": 0.8581173260572987, "Sensitivity": 0.96875, "Specificity": 0.8530670470756063, "AUC": 0.9535485021398004}, "Label_10": {"Optimal Threshold": 0.0038608633913099766, "Accuracy": 0.747612551159618, "Sensitivity": 0.9333333333333333, "Specificity": 0.7437325905292479, "AUC": 0.9071494893221913}, "Label_11": {"Optimal Threshold": 0.02193506434559822, "Accuracy": 0.9577080491132333, "Sensitivity": 1.0, "Specificity": 0.9567039106145251, "AUC": 0.9857048964837332}, "Label_12": {"Optimal Threshold": 0.051726434379816055, "Accuracy": 0.7980900409276944, "Sensitivity": 0.8928571428571429, "Specificity": 0.7902511078286558, "AUC": 0.9106351550960118}, "Overall": {"Accuracy": 0.9018784762304544, "Sensitivity": 0.9321427863269445, "Specificity": 0.9054531309927837, "AUC": 0.9588877301236214}}, "label_names": [[6, 5, 10, 4, 2, 11, 12], [6, 0, 9, 3, 8, 1, 7]]}