{"shared_labels": 0, "perf": [0.09871167689561844, 0.9709829092025757], "metrics": {"Label_0": {"Optimal Threshold": 0.05812644958496094, "Accuracy": 0.8908594815825375, "Sensitivity": 0.8656716417910447, "Specificity": 0.8933933933933934, "AUC": 0.9379902290350053}, "Label_1": {"Optimal Threshold": 0.05539632588624954, "Accuracy": 0.9331514324693042, "Sensitivity": 0.9464285714285714, "Specificity": 0.9320531757754801, "AUC": 0.9826440177252584}, "Label_2": {"Optimal Threshold": 0.3633840084075928, "Accuracy": 0.9154160982264665, "Sensitivity": 0.9017094017094017, "Specificity": 0.9218436873747495, "AUC": 0.9641077025846565}, "Label_3": {"Optimal Threshold": 0.2845425307750702, "Accuracy": 0.9195088676671214, "Sensitivity": 0.9366515837104072, "Specificity": 0.912109375, "AUC": 0.9687765130090498}, "Label_4": {"Optimal Threshold": 0.001686489675194025, "Accuracy": 0.8472032742155525, "Sensitivity": 0.6666666666666666, "Specificity": 0.8479452054794521, "AUC": 0.7114155251141552}, "Label_5": {"Optimal Threshold": 0.006492515094578266, "Accuracy": 0.888130968622101, "Sensitivity": 1.0, "Specificity": 0.8865836791147994, "AUC": 0.9814661134163208}, "Label_6": {"Optimal Threshold": 0.022971436381340027, "Accuracy": 0.9549795361527967, "Sensitivity": 0.9285714285714286, "Specificity": 0.9554937413073713, "AUC": 0.9741704748658851}, "Label_7": {"Optimal Threshold": 0.04725944623351097, "Accuracy": 0.9413369713506139, "Sensitivity": 0.9696969696969697, "Specificity": 0.9385307346326837, "AUC": 0.9882785879787379}, "Label_8": {"Optimal Threshold": 0.0055905855260789394, "Accuracy": 0.8649386084583902, "Sensitivity": 1.0, "Specificity": 0.8638239339752407, "AUC": 0.9736359468133884}, "Label_9": {"Optimal Threshold": 0.013690886087715626, "Accuracy": 0.8799454297407913, "Sensitivity": 0.90625, "Specificity": 0.8787446504992867, "AUC": 0.9395506419400856}, "Label_10": {"Optimal Threshold": 0.01096925139427185, "Accuracy": 0.8035470668485676, "Sensitivity": 0.9166666666666666, "Specificity": 0.8016643550624133, "AUC": 0.9143550624133148}, "Label_11": {"Optimal Threshold": 0.08289531618356705, "Accuracy": 0.9645293315143247, "Sensitivity": 1.0, "Specificity": 0.9637377963737797, "AUC": 0.9906729428172943}, "Label_12": {"Optimal Threshold": 0.041304297745227814, "Accuracy": 0.8049113233287858, "Sensitivity": 0.9074074074074074, "Specificity": 0.7967599410898379, "AUC": 0.9032073310423826}, "Overall": {"Accuracy": 0.8929583377059503, "Sensitivity": 0.9189015644345049, "Specificity": 0.8917448976214223, "AUC": 0.9407900837504257}}, "label_names": [[12, 8, 5, 1, 6, 3, 4], [11, 2, 7, 0, 10, 9]]}