{"shared_labels": 0, "perf": [0.09331126511096954, 0.9721494913101196], "metrics": {"Label_0": {"Optimal Threshold": 0.08307021111249924, "Accuracy": 0.8935879945429741, "Sensitivity": 0.8840579710144928, "Specificity": 0.8945783132530121, "AUC": 0.9531604679587917}, "Label_1": {"Optimal Threshold": 0.1184934750199318, "Accuracy": 0.9399727148703957, "Sensitivity": 0.9137931034482759, "Specificity": 0.9422222222222222, "AUC": 0.9814048531289911}, "Label_2": {"Optimal Threshold": 0.174720898270607, "Accuracy": 0.9154160982264665, "Sensitivity": 0.9166666666666666, "Specificity": 0.9148514851485149, "AUC": 0.9679694285217996}, "Label_3": {"Optimal Threshold": 0.11414700001478195, "Accuracy": 0.9099590723055935, "Sensitivity": 0.9411764705882353, "Specificity": 0.896484375, "AUC": 0.9721348274886878}, "Label_4": {"Optimal Threshold": 0.008192031644284725, "Accuracy": 0.834924965893588, "Sensitivity": 1.0, "Specificity": 0.8333333333333334, "AUC": 0.9702872884691066}, "Label_5": {"Optimal Threshold": 0.02287030778825283, "Accuracy": 0.9399727148703957, "Sensitivity": 0.8, "Specificity": 0.9409340659340659, "AUC": 0.9274725274725275}, "Label_6": {"Optimal Threshold": 0.020419610664248466, "Accuracy": 0.9140518417462483, "Sensitivity": 1.0, "Specificity": 0.9127423822714681, "AUC": 0.9762024678922185}, "Label_7": {"Optimal Threshold": 0.1023789793252945, "Accuracy": 0.9618008185538881, "Sensitivity": 1.0, "Specificity": 0.9582712369597616, "AUC": 0.9920917263593096}, "Label_8": {"Optimal Threshold": 0.0019963241647928953, "Accuracy": 0.8090040927694406, "Sensitivity": 1.0, "Specificity": 0.8084815321477428, "AUC": 0.8590971272229821}, "Label_9": {"Optimal Threshold": 0.024174051359295845, "Accuracy": 0.8758526603001364, "Sensitivity": 0.9375, "Specificity": 0.8730385164051355, "AUC": 0.9534147646219686}, "Label_10": {"Optimal Threshold": 0.007128519006073475, "Accuracy": 0.7189631650750341, "Sensitivity": 0.8888888888888888, "Specificity": 0.7146853146853147, "AUC": 0.8707070707070708}, "Label_11": {"Optimal Threshold": 0.014940964989364147, "Accuracy": 0.8526603001364257, "Sensitivity": 1.0, "Specificity": 0.848951048951049, "AUC": 0.9717948717948718}, "Label_12": {"Optimal Threshold": 0.07883789390325546, "Accuracy": 0.8608458390177354, "Sensitivity": 0.8627450980392157, "Specificity": 0.8607038123167156, "AUC": 0.9389626818469323}, "Overall": {"Accuracy": 0.8790009444852553, "Sensitivity": 0.9342175537419828, "Specificity": 0.8768675106637182, "AUC": 0.9488230848834813}}, "label_names": [[1, 4, 12, 6, 10, 0, 8], [5, 2, 11, 9, 7, 3]]}