{"shared_labels": 4, "perf": [0.08868308365345001, 0.9772806763648987], "metrics": {"Label_0": {"Optimal Threshold": 0.018402408808469772, "Accuracy": 0.8390177353342428, "Sensitivity": 0.9420289855072463, "Specificity": 0.8283132530120482, "AUC": 0.9564126069495372}, "Label_1": {"Optimal Threshold": 0.05432333052158356, "Accuracy": 0.9631650750341064, "Sensitivity": 0.9137931034482759, "Specificity": 0.9674074074074074, "AUC": 0.9824010217113665}, "Label_2": {"Optimal Threshold": 0.4670398533344269, "Accuracy": 0.9304229195088677, "Sensitivity": 0.9210526315789473, "Specificity": 0.9346534653465347, "AUC": 0.9745527184297377}, "Label_3": {"Optimal Threshold": 0.2813335359096527, "Accuracy": 0.922237380627558, "Sensitivity": 0.9366515837104072, "Specificity": 0.916015625, "AUC": 0.9744237839366516}, "Label_4": {"Optimal Threshold": 0.025640135630965233, "Accuracy": 0.9577080491132333, "Sensitivity": 0.8571428571428571, "Specificity": 0.9586776859504132, "AUC": 0.9547422274695001}, "Label_5": {"Optimal Threshold": 0.04680424556136131, "Accuracy": 0.9604365620736699, "Sensitivity": 0.8, "Specificity": 0.9615384615384616, "AUC": 0.942032967032967}, "Label_6": {"Optimal Threshold": 0.01731124520301819, "Accuracy": 0.922237380627558, "Sensitivity": 1.0, "Specificity": 0.9210526315789473, "AUC": 0.9782170737849407}, "Label_7": {"Optimal Threshold": 0.07651886343955994, "Accuracy": 0.9631650750341064, "Sensitivity": 1.0, "Specificity": 0.9597615499254843, "AUC": 0.9935099274073361}, "Label_8": {"Optimal Threshold": 0.014734641648828983, "Accuracy": 0.931787175989086, "Sensitivity": 1.0, "Specificity": 0.9316005471956225, "AUC": 0.9404924760601915}, "Label_9": {"Optimal Threshold": 0.08323433995246887, "Accuracy": 0.946793997271487, "Sensitivity": 0.84375, "Specificity": 0.9514978601997147, "AUC": 0.9468616262482168}, "Label_10": {"Optimal Threshold": 0.009441608563065529, "Accuracy": 0.7421555252387448, "Sensitivity": 0.9444444444444444, "Specificity": 0.737062937062937, "AUC": 0.8940947940947941}, "Label_11": {"Optimal Threshold": 0.01097165234386921, "Accuracy": 0.8635743519781719, "Sensitivity": 1.0, "Specificity": 0.8601398601398601, "AUC": 0.9696192696192696}, "Label_12": {"Optimal Threshold": 0.07970580458641052, "Accuracy": 0.8935879945429741, "Sensitivity": 0.8823529411764706, "Specificity": 0.8944281524926686, "AUC": 0.9552929676269335}, "Overall": {"Accuracy": 0.9104837863364467, "Sensitivity": 0.9262474266929731, "Specificity": 0.9093961105269307, "AUC": 0.9586656507978032}}, "label_names": [[7, 2, 12, 5, 6, 1, 8, 3, 10], [7, 2, 12, 5, 0, 9, 11, 4]]}