{"shared_labels": 4, "perf": [0.09144172817468643, 0.975957989692688], "metrics": {"Label_0": {"Optimal Threshold": 0.17855051159858704, "Accuracy": 0.9236016371077762, "Sensitivity": 0.8666666666666667, "Specificity": 0.9300911854103343, "AUC": 0.9532522796352584}, "Label_1": {"Optimal Threshold": 0.17951515316963196, "Accuracy": 0.9358799454297408, "Sensitivity": 0.9333333333333333, "Specificity": 0.9361069836552749, "AUC": 0.9747894997523526}, "Label_2": {"Optimal Threshold": 0.2101702094078064, "Accuracy": 0.9236016371077762, "Sensitivity": 0.9506172839506173, "Specificity": 0.9102040816326531, "AUC": 0.9764928193499622}, "Label_3": {"Optimal Threshold": 0.3484732210636139, "Accuracy": 0.9263301500682128, "Sensitivity": 0.9300411522633745, "Specificity": 0.9244897959183673, "AUC": 0.9757873519778282}, "Label_4": {"Optimal Threshold": 0.12144345790147781, "Accuracy": 0.9768076398362893, "Sensitivity": 0.8888888888888888, "Specificity": 0.9779005524861878, "AUC": 0.9739103744628606}, "Label_5": {"Optimal Threshold": 0.023138517513871193, "Accuracy": 0.9072305593451568, "Sensitivity": 1.0, "Specificity": 0.9062068965517242, "AUC": 0.9734482758620691}, "Label_6": {"Optimal Threshold": 0.016558276489377022, "Accuracy": 0.9017735334242838, "Sensitivity": 1.0, "Specificity": 0.9005524861878453, "AUC": 0.9705340699815838}, "Label_7": {"Optimal Threshold": 0.1882062405347824, "Accuracy": 0.9454297407912687, "Sensitivity": 0.9322033898305084, "Specificity": 0.9465875370919882, "AUC": 0.9764120102600211}, "Label_8": {"Optimal Threshold": 0.010174243710935116, "Accuracy": 0.9004092769440655, "Sensitivity": 1.0, "Specificity": 0.8993103448275862, "AUC": 0.9651724137931035}, "Label_9": {"Optimal Threshold": 0.020416315644979477, "Accuracy": 0.8390177353342428, "Sensitivity": 0.9393939393939394, "Specificity": 0.8342857142857143, "AUC": 0.9453679653679654}, "Label_10": {"Optimal Threshold": 0.028550036251544952, "Accuracy": 0.8813096862210096, "Sensitivity": 1.0, "Specificity": 0.8795013850415513, "AUC": 0.9579451019894234}, "Label_11": {"Optimal Threshold": 0.038343340158462524, "Accuracy": 0.9536152796725784, "Sensitivity": 1.0, "Specificity": 0.9523809523809523, "AUC": 0.9863629662391272}, "Label_12": {"Optimal Threshold": 0.09056127816438675, "Accuracy": 0.8581173260572987, "Sensitivity": 0.9148936170212766, "Specificity": 0.8542274052478134, "AUC": 0.9511506730351714}, "Overall": {"Accuracy": 0.9133172421030538, "Sensitivity": 0.9504644824114311, "Specificity": 0.9116804092859996, "AUC": 0.9677404462851329}}, "label_names": [[12, 10, 11, 0, 4, 5, 8, 7, 3], [12, 10, 11, 0, 1, 2, 6, 9]]}