{"shared_labels": 10, "perf": [0.10185651481151581, 0.9699659943580627], "metrics": {"Label_0": {"Optimal Threshold": 0.23751361668109894, "Accuracy": 0.9536152796725784, "Sensitivity": 0.8571428571428571, "Specificity": 0.9649390243902439, "AUC": 0.9578318023439975}, "Label_1": {"Optimal Threshold": 0.11029762029647827, "Accuracy": 0.9604365620736699, "Sensitivity": 0.9315068493150684, "Specificity": 0.9636363636363636, "AUC": 0.9830635118306352}, "Label_2": {"Optimal Threshold": 0.2589555084705353, "Accuracy": 0.9017735334242838, "Sensitivity": 0.9032258064516129, "Specificity": 0.9010309278350516, "AUC": 0.9613817758563352}, "Label_3": {"Optimal Threshold": 0.34451112151145935, "Accuracy": 0.9195088676671214, "Sensitivity": 0.9, "Specificity": 0.9290060851926978, "AUC": 0.9675625422582828}, "Label_4": {"Optimal Threshold": 0.013130010105669498, "Accuracy": 0.9195088676671214, "Sensitivity": 0.8888888888888888, "Specificity": 0.919889502762431, "AUC": 0.9670042971147944}, "Label_5": {"Optimal Threshold": 0.006390497088432312, "Accuracy": 0.9140518417462483, "Sensitivity": 1.0, "Specificity": 0.9134615384615384, "AUC": 0.9637362637362638}, "Label_6": {"Optimal Threshold": 0.03798024356365204, "Accuracy": 0.956343792633015, "Sensitivity": 1.0, "Specificity": 0.9560439560439561, "AUC": 0.9892857142857143}, "Label_7": {"Optimal Threshold": 0.1207292228937149, "Accuracy": 0.9672578444747613, "Sensitivity": 0.9206349206349206, "Specificity": 0.9716417910447761, "AUC": 0.9772802653399668}, "Label_8": {"Optimal Threshold": 0.011281806975603104, "Accuracy": 0.937244201909959, "Sensitivity": 1.0, "Specificity": 0.9365517241379311, "AUC": 0.9741379310344828}, "Label_9": {"Optimal Threshold": 0.013480227440595627, "Accuracy": 0.888130968622101, "Sensitivity": 0.96875, "Specificity": 0.884450784593438, "AUC": 0.9580064194008561}, "Label_10": {"Optimal Threshold": 0.04672211408615112, "Accuracy": 0.9181446111869032, "Sensitivity": 0.7333333333333333, "Specificity": 0.9220055710306406, "AUC": 0.8752089136490251}, "Label_11": {"Optimal Threshold": 0.021037349477410316, "Accuracy": 0.9481582537517054, "Sensitivity": 1.0, "Specificity": 0.946927374301676, "AUC": 0.9874301675977655}, "Label_12": {"Optimal Threshold": 0.05591724067926407, "Accuracy": 0.7735334242837654, "Sensitivity": 0.8928571428571429, "Specificity": 0.7636632200886263, "AUC": 0.891221776746149}, "Overall": {"Accuracy": 0.9198236960856333, "Sensitivity": 0.9227953691249093, "Specificity": 0.921019066424567, "AUC": 0.9579347216303282}}, "label_names": [[2, 10, 3, 4, 1, 7, 8, 6, 11, 9, 0, 12], [2, 10, 3, 4, 1, 7, 8, 6, 11, 9, 5]]}