{"shared_labels": 7, "perf": [0.08796916902065277, 0.9762393236160278], "metrics": {"Label_0": {"Optimal Threshold": 0.11613186448812485, "Accuracy": 0.9249658935879945, "Sensitivity": 0.8840579710144928, "Specificity": 0.9292168674698795, "AUC": 0.9598611838658985}, "Label_1": {"Optimal Threshold": 0.214740589261055, "Accuracy": 0.9481582537517054, "Sensitivity": 0.9482758620689655, "Specificity": 0.9481481481481482, "AUC": 0.9891187739463602}, "Label_2": {"Optimal Threshold": 0.2026677280664444, "Accuracy": 0.9140518417462483, "Sensitivity": 0.9254385964912281, "Specificity": 0.9089108910891089, "AUC": 0.9699409414625674}, "Label_3": {"Optimal Threshold": 0.4138091206550598, "Accuracy": 0.937244201909959, "Sensitivity": 0.9140271493212669, "Specificity": 0.947265625, "AUC": 0.9759615384615385}, "Label_4": {"Optimal Threshold": 0.00783909298479557, "Accuracy": 0.8567530695770805, "Sensitivity": 1.0, "Specificity": 0.8553719008264463, "AUC": 0.9632034632034633}, "Label_5": {"Optimal Threshold": 0.002506951102986932, "Accuracy": 0.7830832196452933, "Sensitivity": 1.0, "Specificity": 0.7815934065934066, "AUC": 0.9472527472527472}, "Label_6": {"Optimal Threshold": 0.009942003525793552, "Accuracy": 0.9099590723055935, "Sensitivity": 1.0, "Specificity": 0.9085872576177285, "AUC": 0.9794762024678922}, "Label_7": {"Optimal Threshold": 0.07512465119361877, "Accuracy": 0.9577080491132333, "Sensitivity": 1.0, "Specificity": 0.9538002980625931, "AUC": 0.9926926590067785}, "Label_8": {"Optimal Threshold": 0.0022827715147286654, "Accuracy": 0.8308321964529332, "Sensitivity": 1.0, "Specificity": 0.8303693570451436, "AUC": 0.8618331053351572}, "Label_9": {"Optimal Threshold": 0.11635269969701767, "Accuracy": 0.9399727148703957, "Sensitivity": 0.90625, "Specificity": 0.9415121255349501, "AUC": 0.954172610556348}, "Label_10": {"Optimal Threshold": 0.008459174074232578, "Accuracy": 0.7271487039563438, "Sensitivity": 0.8888888888888888, "Specificity": 0.7230769230769231, "AUC": 0.8818958818958819}, "Label_11": {"Optimal Threshold": 0.04033968225121498, "Accuracy": 0.9686221009549796, "Sensitivity": 0.9444444444444444, "Specificity": 0.9692307692307692, "AUC": 0.9821289821289823}, "Label_12": {"Optimal Threshold": 0.0669635757803917, "Accuracy": 0.8144611186903138, "Sensitivity": 0.9803921568627451, "Specificity": 0.8020527859237536, "AUC": 0.9574492553619689}, "Overall": {"Accuracy": 0.8856123412740057, "Sensitivity": 0.9532134668532333, "Specificity": 0.8845489504322194, "AUC": 0.9549990265342756}}, "label_names": [[8, 3, 7, 12, 6, 11, 9, 2, 10, 0], [8, 3, 7, 12, 6, 11, 9, 1, 5, 4]]}