{"shared_labels": 7, "perf": [0.09539170563220978, 0.9755663275718689], "metrics": {"Label_0": {"Optimal Threshold": 0.04164072498679161, "Accuracy": 0.8622100954979536, "Sensitivity": 0.8985507246376812, "Specificity": 0.858433734939759, "AUC": 0.9494718002444561}, "Label_1": {"Optimal Threshold": 0.049677129834890366, "Accuracy": 0.8990450204638472, "Sensitivity": 0.9818181818181818, "Specificity": 0.8923303834808259, "AUC": 0.9826226870474657}, "Label_2": {"Optimal Threshold": 0.2146165370941162, "Accuracy": 0.9304229195088677, "Sensitivity": 0.9536679536679536, "Specificity": 0.9177215189873418, "AUC": 0.9765162993011094}, "Label_3": {"Optimal Threshold": 0.20873291790485382, "Accuracy": 0.931787175989086, "Sensitivity": 0.9566929133858267, "Specificity": 0.918580375782881, "AUC": 0.9759505531537159}, "Label_4": {"Optimal Threshold": 0.03854041546583176, "Accuracy": 0.965893587994543, "Sensitivity": 0.8888888888888888, "Specificity": 0.9668508287292817, "AUC": 0.9361571516267648}, "Label_5": {"Optimal Threshold": 0.06929246336221695, "Accuracy": 0.9686221009549796, "Sensitivity": 0.8571428571428571, "Specificity": 0.9696969696969697, "AUC": 0.9512003148366786}, "Label_6": {"Optimal Threshold": 0.010110325179994106, "Accuracy": 0.8185538881309686, "Sensitivity": 1.0, "Specificity": 0.8168044077134986, "AUC": 0.9496261314443133}, "Label_7": {"Optimal Threshold": 0.0903083086013794, "Accuracy": 0.9536152796725784, "Sensitivity": 0.984375, "Specificity": 0.9506726457399103, "AUC": 0.9875513826606876}, "Label_8": {"Optimal Threshold": 0.019391080364584923, "Accuracy": 0.9399727148703957, "Sensitivity": 1.0, "Specificity": 0.9391424619640387, "AUC": 0.979253112033195}, "Label_9": {"Optimal Threshold": 0.027280448004603386, "Accuracy": 0.8935879945429741, "Sensitivity": 0.9444444444444444, "Specificity": 0.890961262553802, "AUC": 0.9424916307986609}, "Label_10": {"Optimal Threshold": 0.03139478713274002, "Accuracy": 0.8417462482946794, "Sensitivity": 0.9285714285714286, "Specificity": 0.8400556328233658, "AUC": 0.895291078879396}, "Label_11": {"Optimal Threshold": 0.07977617532014847, "Accuracy": 0.9727148703956344, "Sensitivity": 1.0, "Specificity": 0.972183588317107, "AUC": 0.986588515795748}, "Label_12": {"Optimal Threshold": 0.061593376100063324, "Accuracy": 0.7899045020463847, "Sensitivity": 0.8947368421052632, "Specificity": 0.7810650887573964, "AUC": 0.9091404546870134}, "Overall": {"Accuracy": 0.9052366460279148, "Sensitivity": 0.9452991718971174, "Specificity": 0.9011152999604751, "AUC": 0.9555277778853235}}, "label_names": [[3, 5, 0, 2, 4, 11, 9, 12, 1, 10], [3, 5, 0, 2, 4, 11, 9, 6, 7, 8]]}