{"shared_labels": 2, "perf": [0.08686529099941254, 0.9779000878334045], "metrics": {"Label_0": {"Optimal Threshold": 0.04308870807290077, "Accuracy": 0.9154160982264665, "Sensitivity": 0.8840579710144928, "Specificity": 0.9186746987951807, "AUC": 0.9599484896106163}, "Label_1": {"Optimal Threshold": 0.07207890599966049, "Accuracy": 0.9481582537517054, "Sensitivity": 0.9655172413793104, "Specificity": 0.9466666666666667, "AUC": 0.9887611749680715}, "Label_2": {"Optimal Threshold": 0.19972604513168335, "Accuracy": 0.922237380627558, "Sensitivity": 0.9254385964912281, "Specificity": 0.9207920792079208, "AUC": 0.9742226854264374}, "Label_3": {"Optimal Threshold": 0.3697395324707031, "Accuracy": 0.9304229195088677, "Sensitivity": 0.9276018099547512, "Specificity": 0.931640625, "AUC": 0.9768629807692308}, "Label_4": {"Optimal Threshold": 0.003975557629019022, "Accuracy": 0.8472032742155525, "Sensitivity": 1.0, "Specificity": 0.8457300275482094, "AUC": 0.9635970090515547}, "Label_5": {"Optimal Threshold": 0.006251929793506861, "Accuracy": 0.8090040927694406, "Sensitivity": 1.0, "Specificity": 0.8076923076923077, "AUC": 0.9439560439560439}, "Label_6": {"Optimal Threshold": 0.012310134246945381, "Accuracy": 0.8894952251023193, "Sensitivity": 1.0, "Specificity": 0.8878116343490304, "AUC": 0.9644925711407706}, "Label_7": {"Optimal Threshold": 0.09506627917289734, "Accuracy": 0.9549795361527967, "Sensitivity": 1.0, "Specificity": 0.9508196721311475, "AUC": 0.9902648911110044}, "Label_8": {"Optimal Threshold": 0.0023605183232575655, "Accuracy": 0.7339699863574352, "Sensitivity": 1.0, "Specificity": 0.7332421340629275, "AUC": 0.7421340629274966}, "Label_9": {"Optimal Threshold": 0.10600991547107697, "Accuracy": 0.9331514324693042, "Sensitivity": 0.90625, "Specificity": 0.9343794579172611, "AUC": 0.9531472895863053}, "Label_10": {"Optimal Threshold": 0.017585644498467445, "Accuracy": 0.8117326057298773, "Sensitivity": 0.9444444444444444, "Specificity": 0.8083916083916084, "AUC": 0.9261849261849262}, "Label_11": {"Optimal Threshold": 0.03375374898314476, "Accuracy": 0.922237380627558, "Sensitivity": 1.0, "Specificity": 0.9202797202797203, "AUC": 0.9782439782439782}, "Label_12": {"Optimal Threshold": 0.023618338629603386, "Accuracy": 0.7967257844474761, "Sensitivity": 1.0, "Specificity": 0.781524926686217, "AUC": 0.9555229716520038}, "Overall": {"Accuracy": 0.8780564592297199, "Sensitivity": 0.9656392356372483, "Specificity": 0.8759727352867844, "AUC": 0.9474876211252644}}, "label_names": [[12, 10, 7, 1, 3, 5, 6, 11], [12, 10, 9, 4, 2, 8, 0]]}