{"shared_labels": 2, "perf": [0.09737277776002884, 0.9699682593345642], "metrics": {"Label_0": {"Optimal Threshold": 0.14604352414608002, "Accuracy": 0.9358799454297408, "Sensitivity": 0.8767123287671232, "Specificity": 0.9424242424242424, "AUC": 0.971689497716895}, "Label_1": {"Optimal Threshold": 0.07249584048986435, "Accuracy": 0.946793997271487, "Sensitivity": 0.9253731343283582, "Specificity": 0.948948948948949, "AUC": 0.9793375465017256}, "Label_2": {"Optimal Threshold": 0.156577467918396, "Accuracy": 0.9113233287858117, "Sensitivity": 0.9061032863849765, "Specificity": 0.9134615384615384, "AUC": 0.9664499819429397}, "Label_3": {"Optimal Threshold": 0.15232133865356445, "Accuracy": 0.9045020463847203, "Sensitivity": 0.9371980676328503, "Specificity": 0.8916349809885932, "AUC": 0.9697654341397108}, "Label_4": {"Optimal Threshold": 0.0002814173640217632, "Accuracy": 0.7448840381991815, "Sensitivity": 1.0, "Specificity": 0.7427785419532325, "AUC": 0.9268684089867033}, "Label_5": {"Optimal Threshold": 0.0011614104732871056, "Accuracy": 0.7803547066848567, "Sensitivity": 1.0, "Specificity": 0.7791495198902606, "AUC": 0.9375857338820301}, "Label_6": {"Optimal Threshold": 0.01794288493692875, "Accuracy": 0.9604365620736699, "Sensitivity": 1.0, "Specificity": 0.96, "AUC": 0.985}, "Label_7": {"Optimal Threshold": 0.0104206008836627, "Accuracy": 0.937244201909959, "Sensitivity": 0.9384615384615385, "Specificity": 0.937125748502994, "AUC": 0.9806540764624597}, "Label_8": {"Optimal Threshold": 0.006060006096959114, "Accuracy": 0.9004092769440655, "Sensitivity": 1.0, "Specificity": 0.8993103448275862, "AUC": 0.968103448275862}, "Label_9": {"Optimal Threshold": 0.011141733266413212, "Accuracy": 0.8335607094133697, "Sensitivity": 1.0, "Specificity": 0.8264580369843528, "AUC": 0.9681839734471314}, "Label_10": {"Optimal Threshold": 0.03936122730374336, "Accuracy": 0.91268758526603, "Sensitivity": 1.0, "Specificity": 0.9112343966712899, "AUC": 0.9646324549237171}, "Label_11": {"Optimal Threshold": 0.020841393619775772, "Accuracy": 0.9058663028649386, "Sensitivity": 1.0, "Specificity": 0.9037656903765691, "AUC": 0.9779463040446305}, "Label_12": {"Optimal Threshold": 0.1315528154373169, "Accuracy": 0.8512960436562074, "Sensitivity": 0.7735849056603774, "Specificity": 0.8573529411764705, "AUC": 0.8878745837957825}, "Overall": {"Accuracy": 0.8865568265295413, "Sensitivity": 0.9505717893257866, "Specificity": 0.8856649947081597, "AUC": 0.9603147264707376}}, "label_names": [[7, 6, 3, 9, 5, 10, 8, 4], [7, 6, 2, 0, 1, 11, 12]]}