{"shared_labels": 1, "perf": [0.09320399165153503, 0.9739574193954468], "metrics": {"Label_0": {"Optimal Threshold": 0.051103342324495316, "Accuracy": 0.9208731241473397, "Sensitivity": 0.927536231884058, "Specificity": 0.9201807228915663, "AUC": 0.9709926663174437}, "Label_1": {"Optimal Threshold": 0.04232802987098694, "Accuracy": 0.9481582537517054, "Sensitivity": 0.9482758620689655, "Specificity": 0.9481481481481482, "AUC": 0.9859770114942529}, "Label_2": {"Optimal Threshold": 0.3792990744113922, "Accuracy": 0.9236016371077762, "Sensitivity": 0.9122807017543859, "Specificity": 0.9287128712871288, "AUC": 0.9711307972902553}, "Label_3": {"Optimal Threshold": 0.3459766209125519, "Accuracy": 0.931787175989086, "Sensitivity": 0.9230769230769231, "Specificity": 0.935546875, "AUC": 0.9739642251131222}, "Label_4": {"Optimal Threshold": 0.035371072590351105, "Accuracy": 0.9522510231923602, "Sensitivity": 0.8571428571428571, "Specificity": 0.953168044077135, "AUC": 0.9519874065328611}, "Label_5": {"Optimal Threshold": 0.008606900461018085, "Accuracy": 0.8990450204638472, "Sensitivity": 0.8, "Specificity": 0.8997252747252747, "AUC": 0.8942307692307692}, "Label_6": {"Optimal Threshold": 0.03781617805361748, "Accuracy": 0.9454297407912687, "Sensitivity": 1.0, "Specificity": 0.9445983379501385, "AUC": 0.9753210778141526}, "Label_7": {"Optimal Threshold": 0.10084948688745499, "Accuracy": 0.956343792633015, "Sensitivity": 1.0, "Specificity": 0.9523099850968704, "AUC": 0.9918753906062209}, "Label_8": {"Optimal Threshold": 0.006279404740780592, "Accuracy": 0.8622100954979536, "Sensitivity": 1.0, "Specificity": 0.8618331053351573, "AUC": 0.8679890560875514}, "Label_9": {"Optimal Threshold": 0.02567460387945175, "Accuracy": 0.8935879945429741, "Sensitivity": 0.9375, "Specificity": 0.891583452211127, "AUC": 0.9391494293865905}, "Label_10": {"Optimal Threshold": 0.004368273541331291, "Accuracy": 0.7244201909959073, "Sensitivity": 0.9444444444444444, "Specificity": 0.7188811188811188, "AUC": 0.8882672882672883}, "Label_11": {"Optimal Threshold": 0.06125587224960327, "Accuracy": 0.9699863574351978, "Sensitivity": 1.0, "Specificity": 0.9692307692307692, "AUC": 0.9860916860916862}, "Label_12": {"Optimal Threshold": 0.21820604801177979, "Accuracy": 0.9140518417462483, "Sensitivity": 0.7254901960784313, "Specificity": 0.9281524926686217, "AUC": 0.9079121384624229}, "Overall": {"Accuracy": 0.9109035575611292, "Sensitivity": 0.9212113243423127, "Specificity": 0.9116977844233117, "AUC": 0.9465299186688169}}, "label_names": [[4, 9, 1, 7, 5, 12, 3], [4, 11, 10, 0, 2, 8, 6]]}