{"shared_labels": 1, "perf": [0.10258188098669052, 0.9711998105049133], "metrics": {"Label_0": {"Optimal Threshold": 0.07373267412185669, "Accuracy": 0.8854024556616644, "Sensitivity": 0.872093023255814, "Specificity": 0.8871715610510046, "AUC": 0.942561374501276}, "Label_1": {"Optimal Threshold": 0.04888653755187988, "Accuracy": 0.91268758526603, "Sensitivity": 0.9583333333333334, "Specificity": 0.9077155824508321, "AUC": 0.9754790721129601}, "Label_2": {"Optimal Threshold": 0.18181590735912323, "Accuracy": 0.9085948158253752, "Sensitivity": 0.9256198347107438, "Specificity": 0.90020366598778, "AUC": 0.9664456077157428}, "Label_3": {"Optimal Threshold": 0.15998475253582, "Accuracy": 0.9154160982264665, "Sensitivity": 0.927038626609442, "Specificity": 0.91, "AUC": 0.9690643776824034}, "Label_4": {"Optimal Threshold": 0.0015203658258542418, "Accuracy": 0.869031377899045, "Sensitivity": 1.0, "Specificity": 0.8670360110803325, "AUC": 0.9590783178040796}, "Label_5": {"Optimal Threshold": 0.001569423358887434, "Accuracy": 0.8226466575716235, "Sensitivity": 1.0, "Specificity": 0.821673525377229, "AUC": 0.9272976680384087}, "Label_6": {"Optimal Threshold": 0.07670145481824875, "Accuracy": 0.9890859481582538, "Sensitivity": 1.0, "Specificity": 0.9890560875512996, "AUC": 0.9917920656634747}, "Label_7": {"Optimal Threshold": 0.030978698283433914, "Accuracy": 0.9249658935879945, "Sensitivity": 0.9824561403508771, "Specificity": 0.9201183431952663, "AUC": 0.9879321083774526}, "Label_8": {"Optimal Threshold": 0.009841833263635635, "Accuracy": 0.8840381991814461, "Sensitivity": 1.0, "Specificity": 0.8834019204389575, "AUC": 0.9591906721536352}, "Label_9": {"Optimal Threshold": 0.020118845626711845, "Accuracy": 0.8949522510231923, "Sensitivity": 1.0, "Specificity": 0.8907801418439716, "AUC": 0.9711246200607903}, "Label_10": {"Optimal Threshold": 0.01048557460308075, "Accuracy": 0.819918144611187, "Sensitivity": 0.9333333333333333, "Specificity": 0.8175487465181058, "AUC": 0.906313834726091}, "Label_11": {"Optimal Threshold": 0.056380849331617355, "Accuracy": 0.9645293315143247, "Sensitivity": 1.0, "Specificity": 0.9636363636363636, "AUC": 0.98989898989899}, "Label_12": {"Optimal Threshold": 0.14578384160995483, "Accuracy": 0.8908594815825375, "Sensitivity": 0.7666666666666667, "Specificity": 0.9019316493313522, "AUC": 0.8918028727092621}, "Overall": {"Accuracy": 0.8986252492391646, "Sensitivity": 0.9511954583277086, "Specificity": 0.8969441229586533, "AUC": 0.9567678139572743}}, "label_names": [[2, 0, 1, 3, 4, 12, 10], [2, 9, 6, 11, 7, 8, 5]]}