{"shared_labels": 7, "perf": [0.08978966623544693, 0.9785328507423401], "metrics": {"Label_0": {"Optimal Threshold": 0.03309747204184532, "Accuracy": 0.834924965893588, "Sensitivity": 0.9855072463768116, "Specificity": 0.8192771084337349, "AUC": 0.9679587916884931}, "Label_1": {"Optimal Threshold": 0.11284170299768448, "Accuracy": 0.956343792633015, "Sensitivity": 0.9482758620689655, "Specificity": 0.957037037037037, "AUC": 0.9883269476372926}, "Label_2": {"Optimal Threshold": 0.4327313303947449, "Accuracy": 0.9181446111869032, "Sensitivity": 0.9298245614035088, "Specificity": 0.9128712871287129, "AUC": 0.9700799027271149}, "Label_3": {"Optimal Threshold": 0.5286224484443665, "Accuracy": 0.931787175989086, "Sensitivity": 0.9276018099547512, "Specificity": 0.93359375, "AUC": 0.9752810378959276}, "Label_4": {"Optimal Threshold": 0.02557789534330368, "Accuracy": 0.937244201909959, "Sensitivity": 0.8571428571428571, "Specificity": 0.9380165289256198, "AUC": 0.9504132231404958}, "Label_5": {"Optimal Threshold": 0.061189062893390656, "Accuracy": 0.9631650750341064, "Sensitivity": 0.8, "Specificity": 0.9642857142857143, "AUC": 0.9274725274725275}, "Label_6": {"Optimal Threshold": 0.010854508727788925, "Accuracy": 0.8362892223738063, "Sensitivity": 1.0, "Specificity": 0.8337950138504155, "AUC": 0.9658776126920172}, "Label_7": {"Optimal Threshold": 0.09217825531959534, "Accuracy": 0.956343792633015, "Sensitivity": 1.0, "Specificity": 0.9523099850968704, "AUC": 0.9913946444882458}, "Label_8": {"Optimal Threshold": 0.0036465635057538748, "Accuracy": 0.8185538881309686, "Sensitivity": 1.0, "Specificity": 0.8180574555403557, "AUC": 0.8461012311901505}, "Label_9": {"Optimal Threshold": 0.018711678683757782, "Accuracy": 0.8676671214188267, "Sensitivity": 0.96875, "Specificity": 0.8630527817403709, "AUC": 0.9479761055634807}, "Label_10": {"Optimal Threshold": 0.018490809947252274, "Accuracy": 0.7789904502046384, "Sensitivity": 0.9444444444444444, "Specificity": 0.7748251748251749, "AUC": 0.9187257187257187}, "Label_11": {"Optimal Threshold": 0.07048337906599045, "Accuracy": 0.975443383356071, "Sensitivity": 0.9444444444444444, "Specificity": 0.9762237762237762, "AUC": 0.9847707847707847}, "Label_12": {"Optimal Threshold": 0.11938104033470154, "Accuracy": 0.8390177353342428, "Sensitivity": 0.8627450980392157, "Specificity": 0.8372434017595308, "AUC": 0.9359726295210167}, "Overall": {"Accuracy": 0.8933781089306329, "Sensitivity": 0.9360566402980768, "Specificity": 0.8908145396036395, "AUC": 0.9515654736548667}}, "label_names": [[8, 9, 3, 11, 0, 10, 5, 12, 4, 2], [8, 9, 3, 11, 0, 10, 5, 7, 1, 6]]}