{"shared_labels": 7, "perf": [0.0906958058476448, 0.9734408259391785], "metrics": {"Label_0": {"Optimal Threshold": 0.14973026514053345, "Accuracy": 0.937244201909959, "Sensitivity": 0.8783783783783784, "Specificity": 0.9438543247344461, "AUC": 0.956650125087151}, "Label_1": {"Optimal Threshold": 0.0825742855668068, "Accuracy": 0.9549795361527967, "Sensitivity": 0.9577464788732394, "Specificity": 0.9546827794561934, "AUC": 0.9830858261350581}, "Label_2": {"Optimal Threshold": 0.18024638295173645, "Accuracy": 0.9167803547066848, "Sensitivity": 0.9487179487179487, "Specificity": 0.9018036072144289, "AUC": 0.9742476405803059}, "Label_3": {"Optimal Threshold": 0.483549028635025, "Accuracy": 0.9358799454297408, "Sensitivity": 0.9070796460176991, "Specificity": 0.9487179487179487, "AUC": 0.9750833464243948}, "Label_4": {"Optimal Threshold": 0.005317993462085724, "Accuracy": 0.878581173260573, "Sensitivity": 1.0, "Specificity": 0.8772413793103448, "AUC": 0.9582758620689655}, "Label_5": {"Optimal Threshold": 0.0020611833315342665, "Accuracy": 0.8021828103683493, "Sensitivity": 1.0, "Specificity": 0.8005502063273727, "AUC": 0.9296194406235672}, "Label_6": {"Optimal Threshold": 0.007782852742820978, "Accuracy": 0.9058663028649386, "Sensitivity": 1.0, "Specificity": 0.9053497942386831, "AUC": 0.9516460905349794}, "Label_7": {"Optimal Threshold": 0.11349894106388092, "Accuracy": 0.9686221009549796, "Sensitivity": 0.9841269841269841, "Specificity": 0.9671641791044776, "AUC": 0.9869699123430467}, "Label_8": {"Optimal Threshold": 0.004043569788336754, "Accuracy": 0.9085948158253752, "Sensitivity": 1.0, "Specificity": 0.9080932784636488, "AUC": 0.9753086419753086}, "Label_9": {"Optimal Threshold": 0.13946253061294556, "Accuracy": 0.9522510231923602, "Sensitivity": 0.8275862068965517, "Specificity": 0.9573863636363636, "AUC": 0.9420062695924765}, "Label_10": {"Optimal Threshold": 0.02284369058907032, "Accuracy": 0.8826739427012278, "Sensitivity": 0.9166666666666666, "Specificity": 0.8821081830790569, "AUC": 0.9538834951456311}, "Label_11": {"Optimal Threshold": 0.007895909249782562, "Accuracy": 0.931787175989086, "Sensitivity": 0.9565217391304348, "Specificity": 0.9309859154929577, "AUC": 0.9771586037966931}, "Label_12": {"Optimal Threshold": 0.025650324299931526, "Accuracy": 0.8949522510231923, "Sensitivity": 0.8679245283018868, "Specificity": 0.8970588235294118, "AUC": 0.9297447280799112}, "Overall": {"Accuracy": 0.9131073564907126, "Sensitivity": 0.941903736700753, "Specificity": 0.9134612910234872, "AUC": 0.961052306337499}}, "label_names": [[3, 6, 11, 1, 8, 12, 10, 7, 5, 0], [3, 6, 11, 1, 8, 12, 10, 9, 2, 4]]}