{"shared_labels": 12, "perf": [0.08956122398376465, 0.9756234288215637], "metrics": {"Label_0": {"Optimal Threshold": 0.08348599076271057, "Accuracy": 0.9249658935879945, "Sensitivity": 0.8695652173913043, "Specificity": 0.9307228915662651, "AUC": 0.9652523136022351}, "Label_1": {"Optimal Threshold": 0.033764131367206573, "Accuracy": 0.937244201909959, "Sensitivity": 0.9655172413793104, "Specificity": 0.9348148148148148, "AUC": 0.9866411238825032}, "Label_2": {"Optimal Threshold": 0.45252951979637146, "Accuracy": 0.9331514324693042, "Sensitivity": 0.8947368421052632, "Specificity": 0.9504950495049505, "AUC": 0.9740229286086504}, "Label_3": {"Optimal Threshold": 0.26966872811317444, "Accuracy": 0.9304229195088677, "Sensitivity": 0.918552036199095, "Specificity": 0.935546875, "AUC": 0.9760675904977376}, "Label_4": {"Optimal Threshold": 0.02141071856021881, "Accuracy": 0.9536152796725784, "Sensitivity": 0.8571428571428571, "Specificity": 0.9545454545454546, "AUC": 0.961629279811098}, "Label_5": {"Optimal Threshold": 0.04336419701576233, "Accuracy": 0.9686221009549796, "Sensitivity": 0.8, "Specificity": 0.9697802197802198, "AUC": 0.9304945054945055}, "Label_6": {"Optimal Threshold": 0.010232353582978249, "Accuracy": 0.8772169167803547, "Sensitivity": 1.0, "Specificity": 0.8753462603878116, "AUC": 0.9745656006043818}, "Label_7": {"Optimal Threshold": 0.10377900302410126, "Accuracy": 0.9672578444747613, "Sensitivity": 1.0, "Specificity": 0.9642324888226528, "AUC": 0.9934618527955387}, "Label_8": {"Optimal Threshold": 0.0026983018033206463, "Accuracy": 0.819918144611187, "Sensitivity": 1.0, "Specificity": 0.8194254445964432, "AUC": 0.8502051983584131}, "Label_9": {"Optimal Threshold": 0.0302620530128479, "Accuracy": 0.9085948158253752, "Sensitivity": 0.90625, "Specificity": 0.9087018544935807, "AUC": 0.950962910128388}, "Label_10": {"Optimal Threshold": 0.00983121246099472, "Accuracy": 0.7489768076398363, "Sensitivity": 0.9444444444444444, "Specificity": 0.7440559440559441, "AUC": 0.9041958041958043}, "Label_11": {"Optimal Threshold": 0.06835881620645523, "Accuracy": 0.9699863574351978, "Sensitivity": 0.9444444444444444, "Specificity": 0.9706293706293706, "AUC": 0.9782439782439782}, "Label_12": {"Optimal Threshold": 0.11904187500476837, "Accuracy": 0.8622100954979536, "Sensitivity": 0.7058823529411765, "Specificity": 0.873900293255132, "AUC": 0.8770628485998505}, "Overall": {"Accuracy": 0.9078602161821808, "Sensitivity": 0.9081950335421458, "Specificity": 0.9101689970348185, "AUC": 0.947908148832545}}, "label_names": [[11, 1, 7, 4, 10, 9, 6, 2, 5, 8, 3, 0, 12], [11, 1, 7, 4, 10, 9, 6, 2, 5, 8, 3, 0]]}