{"shared_labels": 12, "perf": [0.08972815424203873, 0.9742756485939026], "metrics": {"Label_0": {"Optimal Threshold": 0.10297032445669174, "Accuracy": 0.9399727148703957, "Sensitivity": 0.8160919540229885, "Specificity": 0.9566563467492261, "AUC": 0.958773709120672}, "Label_1": {"Optimal Threshold": 0.061235394328832626, "Accuracy": 0.946793997271487, "Sensitivity": 0.9411764705882353, "Specificity": 0.9473684210526315, "AUC": 0.9822644847412649}, "Label_2": {"Optimal Threshold": 0.09307439625263214, "Accuracy": 0.9154160982264665, "Sensitivity": 0.9313304721030042, "Specificity": 0.908, "AUC": 0.9725236051502146}, "Label_3": {"Optimal Threshold": 0.11030218005180359, "Accuracy": 0.9181446111869032, "Sensitivity": 0.9279279279279279, "Specificity": 0.913894324853229, "AUC": 0.9735900283845489}, "Label_4": {"Optimal Threshold": 0.16500337421894073, "Accuracy": 0.9822646657571623, "Sensitivity": 0.8333333333333334, "Specificity": 0.9834938101788171, "AUC": 0.9660706098120128}, "Label_5": {"Optimal Threshold": 0.01807357743382454, "Accuracy": 0.9249658935879945, "Sensitivity": 1.0, "Specificity": 0.9245541838134431, "AUC": 0.9619341563786009}, "Label_6": {"Optimal Threshold": 0.032437823712825775, "Accuracy": 0.9522510231923602, "Sensitivity": 1.0, "Specificity": 0.951856946354883, "AUC": 0.9850985786336544}, "Label_7": {"Optimal Threshold": 0.050672296434640884, "Accuracy": 0.9399727148703957, "Sensitivity": 0.9850746268656716, "Specificity": 0.9354354354354354, "AUC": 0.9919994621487158}, "Label_8": {"Optimal Threshold": 0.03798528015613556, "Accuracy": 0.9604365620736699, "Sensitivity": 1.0, "Specificity": 0.9600550964187328, "AUC": 0.9887839433293979}, "Label_9": {"Optimal Threshold": 0.10454143583774567, "Accuracy": 0.9331514324693042, "Sensitivity": 0.92, "Specificity": 0.9336158192090396, "AUC": 0.967683615819209}, "Label_10": {"Optimal Threshold": 0.012485218234360218, "Accuracy": 0.7557980900409277, "Sensitivity": 0.9230769230769231, "Specificity": 0.7527777777777778, "AUC": 0.9036324786324786}, "Label_11": {"Optimal Threshold": 0.014207771979272366, "Accuracy": 0.9113233287858117, "Sensitivity": 1.0, "Specificity": 0.9093444909344491, "AUC": 0.9815202231520224}, "Label_12": {"Optimal Threshold": 0.09957323223352432, "Accuracy": 0.849931787175989, "Sensitivity": 0.9245283018867925, "Specificity": 0.8441176470588235, "AUC": 0.9360710321864594}, "Overall": {"Accuracy": 0.9177248399622205, "Sensitivity": 0.9386569238311444, "Specificity": 0.9170130999874222, "AUC": 0.9669189174991732}}, "label_names": [[11, 7, 5, 3, 0, 10, 4, 12, 1, 2, 8, 6, 9], [11, 7, 5, 3, 0, 10, 4, 12, 1, 2, 8, 6]]}