{"shared_labels": 5, "perf": [0.09246966987848282, 0.975716769695282], "metrics": {"Label_0": {"Optimal Threshold": 0.0477767139673233, "Accuracy": 0.9154160982264665, "Sensitivity": 0.9130434782608695, "Specificity": 0.9156626506024096, "AUC": 0.9681988824864676}, "Label_1": {"Optimal Threshold": 0.028270099312067032, "Accuracy": 0.9290586630286494, "Sensitivity": 0.9655172413793104, "Specificity": 0.9259259259259259, "AUC": 0.9866411238825031}, "Label_2": {"Optimal Threshold": 0.7439696788787842, "Accuracy": 0.937244201909959, "Sensitivity": 0.8859649122807017, "Specificity": 0.9603960396039604, "AUC": 0.9737189508424526}, "Label_3": {"Optimal Threshold": 0.6355574131011963, "Accuracy": 0.9290586630286494, "Sensitivity": 0.9140271493212669, "Specificity": 0.935546875, "AUC": 0.9745916996606334}, "Label_4": {"Optimal Threshold": 0.015302826650440693, "Accuracy": 0.9331514324693042, "Sensitivity": 0.8571428571428571, "Specificity": 0.9338842975206612, "AUC": 0.9539551357733176}, "Label_5": {"Optimal Threshold": 0.037601858377456665, "Accuracy": 0.965893587994543, "Sensitivity": 0.8, "Specificity": 0.967032967032967, "AUC": 0.9403846153846154}, "Label_6": {"Optimal Threshold": 0.0048886314034461975, "Accuracy": 0.7899045020463847, "Sensitivity": 1.0, "Specificity": 0.7867036011080333, "AUC": 0.9496348526819441}, "Label_7": {"Optimal Threshold": 0.11863163858652115, "Accuracy": 0.9645293315143247, "Sensitivity": 1.0, "Specificity": 0.9612518628912071, "AUC": 0.9937983750781212}, "Label_8": {"Optimal Threshold": 0.0003765328729059547, "Accuracy": 0.3956343792633015, "Sensitivity": 1.0, "Specificity": 0.39398084815321477, "AUC": 0.60328317373461}, "Label_9": {"Optimal Threshold": 0.028698988258838654, "Accuracy": 0.8663028649386084, "Sensitivity": 0.9375, "Specificity": 0.8630527817403709, "AUC": 0.9465941512125535}, "Label_10": {"Optimal Threshold": 0.012699656188488007, "Accuracy": 0.7776261937244202, "Sensitivity": 1.0, "Specificity": 0.772027972027972, "AUC": 0.9235431235431235}, "Label_11": {"Optimal Threshold": 0.03622673451900482, "Accuracy": 0.91268758526603, "Sensitivity": 0.9444444444444444, "Specificity": 0.9118881118881119, "AUC": 0.9644910644910645}, "Label_12": {"Optimal Threshold": 0.13470421731472015, "Accuracy": 0.8649386084583902, "Sensitivity": 0.803921568627451, "Specificity": 0.8695014662756598, "AUC": 0.9079121384624231}, "Overall": {"Accuracy": 0.8601112393745407, "Sensitivity": 0.9247355116505308, "Specificity": 0.861296569213115, "AUC": 0.929749791325679}}, "label_names": [[0, 7, 1, 2, 10, 11, 9, 12, 8], [0, 7, 1, 2, 10, 6, 4, 5, 3]]}