{"shared_labels": 5, "perf": [0.09675212949514389, 0.9734885096549988], "metrics": {"Label_0": {"Optimal Threshold": 0.3936375081539154, "Accuracy": 0.9508867667121419, "Sensitivity": 0.8048780487804879, "Specificity": 0.9692780337941628, "AUC": 0.9611666853995728}, "Label_1": {"Optimal Threshold": 0.15097111463546753, "Accuracy": 0.9331514324693042, "Sensitivity": 0.9375, "Specificity": 0.9327354260089686, "AUC": 0.9803110986547084}, "Label_2": {"Optimal Threshold": 0.15545623004436493, "Accuracy": 0.9085948158253752, "Sensitivity": 0.9227642276422764, "Specificity": 0.9014373716632443, "AUC": 0.9668035592060232}, "Label_3": {"Optimal Threshold": 0.1767028570175171, "Accuracy": 0.9167803547066848, "Sensitivity": 0.9288702928870293, "Specificity": 0.9109311740890689, "AUC": 0.971812376128606}, "Label_4": {"Optimal Threshold": 0.008135149255394936, "Accuracy": 0.897680763983629, "Sensitivity": 1.0, "Specificity": 0.8968363136176066, "AUC": 0.9660706098120128}, "Label_5": {"Optimal Threshold": 0.018297802656888962, "Accuracy": 0.9495225102319236, "Sensitivity": 1.0, "Specificity": 0.9491758241758241, "AUC": 0.9807692307692307}, "Label_6": {"Optimal Threshold": 0.056348446756601334, "Accuracy": 0.9740791268758526, "Sensitivity": 1.0, "Specificity": 0.9739010989010989, "AUC": 0.9895604395604395}, "Label_7": {"Optimal Threshold": 0.13740144670009613, "Accuracy": 0.9577080491132333, "Sensitivity": 0.9607843137254902, "Specificity": 0.9574780058651027, "AUC": 0.986142257489506}, "Label_8": {"Optimal Threshold": 0.0621902197599411, "Accuracy": 0.990450204638472, "Sensitivity": 1.0, "Specificity": 0.99039780521262, "AUC": 0.9962277091906722}, "Label_9": {"Optimal Threshold": 0.015035834163427353, "Accuracy": 0.8540245566166439, "Sensitivity": 0.9655172413793104, "Specificity": 0.8494318181818182, "AUC": 0.9553781347962382}, "Label_10": {"Optimal Threshold": 0.006215828936547041, "Accuracy": 0.6862210095497954, "Sensitivity": 1.0, "Specificity": 0.6783216783216783, "AUC": 0.9006993006993007}, "Label_11": {"Optimal Threshold": 0.04667136073112488, "Accuracy": 0.9290586630286494, "Sensitivity": 1.0, "Specificity": 0.9277777777777778, "AUC": 0.9819444444444445}, "Label_12": {"Optimal Threshold": 0.046012189239263535, "Accuracy": 0.7953615279672579, "Sensitivity": 0.7843137254901961, "Specificity": 0.7961876832844574, "AUC": 0.865505146340061}, "Overall": {"Accuracy": 0.9033476755168433, "Sensitivity": 0.9465098346080608, "Specificity": 0.9026069239148792, "AUC": 0.961722384037755}}, "label_names": [[0, 3, 4, 2, 8, 9, 6, 5, 11], [0, 3, 4, 2, 8, 10, 7, 12, 1]]}