{"shared_labels": 5, "perf": [0.08805150538682938, 0.9755496382713318], "metrics": {"Label_0": {"Optimal Threshold": 0.15422971546649933, "Accuracy": 0.9454297407912687, "Sensitivity": 0.8783783783783784, "Specificity": 0.952959028831563, "AUC": 0.9591313620145183}, "Label_1": {"Optimal Threshold": 0.12061711400747299, "Accuracy": 0.9549795361527967, "Sensitivity": 0.9436619718309859, "Specificity": 0.9561933534743202, "AUC": 0.9852772222458619}, "Label_2": {"Optimal Threshold": 0.5925720930099487, "Accuracy": 0.9290586630286494, "Sensitivity": 0.9273504273504274, "Specificity": 0.9298597194388778, "AUC": 0.9764743161536749}, "Label_3": {"Optimal Threshold": 0.38045230507850647, "Accuracy": 0.9167803547066848, "Sensitivity": 0.9513274336283186, "Specificity": 0.9013806706114399, "AUC": 0.9757378994955577}, "Label_4": {"Optimal Threshold": 0.015493215061724186, "Accuracy": 0.888130968622101, "Sensitivity": 1.0, "Specificity": 0.886896551724138, "AUC": 0.955344827586207}, "Label_5": {"Optimal Threshold": 0.008425449952483177, "Accuracy": 0.8403819918144612, "Sensitivity": 1.0, "Specificity": 0.8390646492434664, "AUC": 0.9621733149931223}, "Label_6": {"Optimal Threshold": 0.012234779074788094, "Accuracy": 0.8731241473396999, "Sensitivity": 1.0, "Specificity": 0.8724279835390947, "AUC": 0.9595336076817559}, "Label_7": {"Optimal Threshold": 0.08828478306531906, "Accuracy": 0.9508867667121419, "Sensitivity": 0.9841269841269841, "Specificity": 0.9477611940298507, "AUC": 0.9902155887230514}, "Label_8": {"Optimal Threshold": 0.0020812766160815954, "Accuracy": 0.7517053206002728, "Sensitivity": 1.0, "Specificity": 0.7503429355281207, "AUC": 0.9293552812071331}, "Label_9": {"Optimal Threshold": 0.023189397528767586, "Accuracy": 0.8553888130968622, "Sensitivity": 0.9655172413793104, "Specificity": 0.8508522727272727, "AUC": 0.9501861285266457}, "Label_10": {"Optimal Threshold": 0.06960061937570572, "Accuracy": 0.9208731241473397, "Sensitivity": 0.9166666666666666, "Specificity": 0.9209431345353676, "AUC": 0.9560795191863152}, "Label_11": {"Optimal Threshold": 0.012001236900687218, "Accuracy": 0.8813096862210096, "Sensitivity": 0.9130434782608695, "Specificity": 0.8802816901408451, "AUC": 0.9542559706062462}, "Label_12": {"Optimal Threshold": 0.04378941282629967, "Accuracy": 0.8990450204638472, "Sensitivity": 0.8867924528301887, "Specificity": 0.9, "AUC": 0.93665371809101}, "Overall": {"Accuracy": 0.8928533948997794, "Sensitivity": 0.9512973103424714, "Specificity": 0.8914587064480275, "AUC": 0.9608014428085462}}, "label_names": [[3, 1, 12, 6, 10, 5, 11, 9, 8], [3, 1, 12, 6, 10, 7, 2, 4, 0]]}