{"shared_labels": 5, "perf": [0.08992830663919449, 0.9778999090194702], "metrics": {"Label_0": {"Optimal Threshold": 0.0539136603474617, "Accuracy": 0.9167803547066848, "Sensitivity": 0.8695652173913043, "Specificity": 0.9216867469879518, "AUC": 0.9566526977475117}, "Label_1": {"Optimal Threshold": 0.05305905267596245, "Accuracy": 0.937244201909959, "Sensitivity": 0.9655172413793104, "Specificity": 0.9348148148148148, "AUC": 0.982375478927203}, "Label_2": {"Optimal Threshold": 0.6212856769561768, "Accuracy": 0.9331514324693042, "Sensitivity": 0.9166666666666666, "Specificity": 0.9405940594059405, "AUC": 0.9758815355219733}, "Label_3": {"Optimal Threshold": 0.4751196503639221, "Accuracy": 0.9249658935879945, "Sensitivity": 0.9321266968325792, "Specificity": 0.921875, "AUC": 0.9761382918552036}, "Label_4": {"Optimal Threshold": 0.04505392536520958, "Accuracy": 0.9631650750341064, "Sensitivity": 0.8571428571428571, "Specificity": 0.9641873278236914, "AUC": 0.965564738292011}, "Label_5": {"Optimal Threshold": 0.1150813028216362, "Accuracy": 0.9877216916780355, "Sensitivity": 0.8, "Specificity": 0.989010989010989, "AUC": 0.939010989010989}, "Label_6": {"Optimal Threshold": 0.05960921198129654, "Accuracy": 0.9618008185538881, "Sensitivity": 1.0, "Specificity": 0.961218836565097, "AUC": 0.9843868043314027}, "Label_7": {"Optimal Threshold": 0.12083575874567032, "Accuracy": 0.9590723055934516, "Sensitivity": 0.9838709677419355, "Specificity": 0.9567809239940388, "AUC": 0.991562905629537}, "Label_8": {"Optimal Threshold": 0.016230881214141846, "Accuracy": 0.8963165075034106, "Sensitivity": 1.0, "Specificity": 0.896032831737346, "AUC": 0.9042407660738715}, "Label_9": {"Optimal Threshold": 0.08486395329236984, "Accuracy": 0.9249658935879945, "Sensitivity": 0.90625, "Specificity": 0.9258202567760342, "AUC": 0.9475748930099858}, "Label_10": {"Optimal Threshold": 0.010190300643444061, "Accuracy": 0.7107776261937244, "Sensitivity": 0.9444444444444444, "Specificity": 0.7048951048951049, "AUC": 0.8711732711732711}, "Label_11": {"Optimal Threshold": 0.026409287005662918, "Accuracy": 0.9386084583901774, "Sensitivity": 0.9444444444444444, "Specificity": 0.9384615384615385, "AUC": 0.98010878010878}, "Label_12": {"Optimal Threshold": 0.04743891581892967, "Accuracy": 0.8390177353342428, "Sensitivity": 0.9019607843137255, "Specificity": 0.8343108504398827, "AUC": 0.9319475590822839}, "Overall": {"Accuracy": 0.9148913841956136, "Sensitivity": 0.9247684092582513, "Specificity": 0.91459148314711, "AUC": 0.9543552854433864}}, "label_names": [[5, 2, 6, 11, 8, 7, 3, 10, 9], [5, 2, 6, 11, 8, 0, 12, 1, 4]]}