{"shared_labels": 11, "perf": [0.08454639464616776, 0.9795385003089905], "label_names": [[2, 9, 1, 8, 12, 6, 4, 11, 7, 0, 5, 3], [2, 9, 1, 8, 12, 6, 4, 11, 7, 0, 5, 10]], "metrics": {"Label_0": {"Optimal Threshold": 0.08709535747766495, "Accuracy": 0.9331514324693042, "Sensitivity": 0.8695652173913043, "Specificity": 0.9397590361445783, "AUC": 0.9672385192945696}, "Label_1": {"Optimal Threshold": 0.06681456416845322, "Accuracy": 0.9536152796725784, "Sensitivity": 0.9482758620689655, "Specificity": 0.9540740740740741, "AUC": 0.9882758620689656}, "Label_2": {"Optimal Threshold": 0.3427637219429016, "Accuracy": 0.9304229195088677, "Sensitivity": 0.9254385964912281, "Specificity": 0.9326732673267327, "AUC": 0.9745527184297376}, "Label_3": {"Optimal Threshold": 0.4493310749530792, "Accuracy": 0.9345156889495225, "Sensitivity": 0.9140271493212669, "Specificity": 0.943359375, "AUC": 0.9759350254524887}, "Label_4": {"Optimal Threshold": 0.051751069724559784, "Accuracy": 0.9686221009549796, "Sensitivity": 0.8571428571428571, "Specificity": 0.9696969696969697, "AUC": 0.9639905548996458}, "Label_5": {"Optimal Threshold": 0.04751475900411606, "Accuracy": 0.9618008185538881, "Sensitivity": 0.8, "Specificity": 0.9629120879120879, "AUC": 0.9387362637362637}, "Label_6": {"Optimal Threshold": 0.025697587057948112, "Accuracy": 0.9440654843110505, "Sensitivity": 0.9090909090909091, "Specificity": 0.9445983379501385, "AUC": 0.9735582976580206}, "Label_7": {"Optimal Threshold": 0.12146513164043427, "Accuracy": 0.9740791268758526, "Sensitivity": 1.0, "Specificity": 0.9716840536512668, "AUC": 0.9932695543483486}, "Label_8": {"Optimal Threshold": 0.003702515037730336, "Accuracy": 0.8403819918144612, "Sensitivity": 1.0, "Specificity": 0.8399452804377565, "AUC": 0.8556771545827634}, "Label_9": {"Optimal Threshold": 0.024455342441797256, "Accuracy": 0.8840381991814461, "Sensitivity": 0.9375, "Specificity": 0.8815977175463623, "AUC": 0.9488231098430813}, "Label_10": {"Optimal Threshold": 0.0077977897599339485, "Accuracy": 0.7189631650750341, "Sensitivity": 1.0, "Specificity": 0.7118881118881119, "AUC": 0.8891219891219891}, "Label_11": {"Optimal Threshold": 0.06720592081546783, "Accuracy": 0.9727148703956344, "Sensitivity": 0.9444444444444444, "Specificity": 0.9734265734265735, "AUC": 0.9777000777000777}, "Label_12": {"Optimal Threshold": 0.07093807309865952, "Accuracy": 0.8622100954979536, "Sensitivity": 0.8823529411764706, "Specificity": 0.8607038123167156, "AUC": 0.9462940601460526}, "Overall": {"Accuracy": 0.9137370133277365, "Sensitivity": 0.9221413828559574, "Specificity": 0.9143322074901052, "AUC": 0.9533210144063079}}}