{"shared_labels": 4, "perf": [0.0922374427318573, 0.9756867289543152], "label_names": [[5, 8, 12, 9, 0, 6, 7, 3, 1], [5, 8, 12, 9, 10, 4, 2, 11]], "metrics": {"Label_0": {"Optimal Threshold": 0.08656388521194458, "Accuracy": 0.9481582537517054, "Sensitivity": 0.8405797101449275, "Specificity": 0.9593373493975904, "AUC": 0.9593591758337698}, "Label_1": {"Optimal Threshold": 0.03373543918132782, "Accuracy": 0.9549795361527967, "Sensitivity": 0.9655172413793104, "Specificity": 0.9540740740740741, "AUC": 0.986411238825032}, "Label_2": {"Optimal Threshold": 0.2789716422557831, "Accuracy": 0.9154160982264665, "Sensitivity": 0.9342105263157895, "Specificity": 0.906930693069307, "AUC": 0.9696022233802327}, "Label_3": {"Optimal Threshold": 0.28843602538108826, "Accuracy": 0.9304229195088677, "Sensitivity": 0.9230769230769231, "Specificity": 0.93359375, "AUC": 0.9753429015837104}, "Label_4": {"Optimal Threshold": 0.03613764047622681, "Accuracy": 0.9672578444747613, "Sensitivity": 0.8571428571428571, "Specificity": 0.9683195592286501, "AUC": 0.9578905942542306}, "Label_5": {"Optimal Threshold": 0.027639389038085938, "Accuracy": 0.9454297407912687, "Sensitivity": 0.8, "Specificity": 0.9464285714285714, "AUC": 0.929945054945055}, "Label_6": {"Optimal Threshold": 0.04754101485013962, "Accuracy": 0.9522510231923602, "Sensitivity": 1.0, "Specificity": 0.9515235457063712, "AUC": 0.9799798539410728}, "Label_7": {"Optimal Threshold": 0.054464757442474365, "Accuracy": 0.9577080491132333, "Sensitivity": 1.0, "Specificity": 0.9538002980625931, "AUC": 0.9922359501947021}, "Label_8": {"Optimal Threshold": 0.0032548680901527405, "Accuracy": 0.8813096862210096, "Sensitivity": 1.0, "Specificity": 0.8809849521203831, "AUC": 0.8891928864569083}, "Label_9": {"Optimal Threshold": 0.006752500310540199, "Accuracy": 0.8799454297407913, "Sensitivity": 0.96875, "Specificity": 0.8758915834522111, "AUC": 0.9529243937232525}, "Label_10": {"Optimal Threshold": 0.01521193329244852, "Accuracy": 0.791268758526603, "Sensitivity": 0.8888888888888888, "Specificity": 0.7888111888111888, "AUC": 0.9055944055944054}, "Label_11": {"Optimal Threshold": 0.02679014764726162, "Accuracy": 0.946793997271487, "Sensitivity": 0.9444444444444444, "Specificity": 0.9468531468531468, "AUC": 0.9524475524475524}, "Label_12": {"Optimal Threshold": 0.010538614355027676, "Accuracy": 0.7639836289222374, "Sensitivity": 1.0, "Specificity": 0.7463343108504399, "AUC": 0.9489678569374964}, "Overall": {"Accuracy": 0.910378843530276, "Sensitivity": 0.9325085070302417, "Specificity": 0.9086833094657327, "AUC": 0.9538380067782631}}}