{"shared_labels": 10, "perf": [0.08419077843427658, 0.9785327315330505], "label_names": [[11, 7, 12, 1, 6, 5, 3, 10, 4, 0, 2, 8], [11, 7, 12, 1, 6, 5, 3, 10, 4, 0, 9]], "metrics": {"Label_0": {"Optimal Threshold": 0.11539667844772339, "Accuracy": 0.927694406548431, "Sensitivity": 0.8840579710144928, "Specificity": 0.9322289156626506, "AUC": 0.9699668238170072}, "Label_1": {"Optimal Threshold": 0.11577189713716507, "Accuracy": 0.9618008185538881, "Sensitivity": 0.9482758620689655, "Specificity": 0.9629629629629629, "AUC": 0.9883269476372925}, "Label_2": {"Optimal Threshold": 0.3569954037666321, "Accuracy": 0.9263301500682128, "Sensitivity": 0.9166666666666666, "Specificity": 0.9306930693069307, "AUC": 0.9723814486711829}, "Label_3": {"Optimal Threshold": 0.31933674216270447, "Accuracy": 0.9290586630286494, "Sensitivity": 0.9321266968325792, "Specificity": 0.927734375, "AUC": 0.9768364677601811}, "Label_4": {"Optimal Threshold": 0.03121892362833023, "Accuracy": 0.9495225102319236, "Sensitivity": 0.8571428571428571, "Specificity": 0.9504132231404959, "AUC": 0.9523809523809524}, "Label_5": {"Optimal Threshold": 0.070161834359169, "Accuracy": 0.9795361527967258, "Sensitivity": 0.8, "Specificity": 0.9807692307692307, "AUC": 0.9436813186813187}, "Label_6": {"Optimal Threshold": 0.014291455037891865, "Accuracy": 0.9085948158253752, "Sensitivity": 1.0, "Specificity": 0.907202216066482, "AUC": 0.980987156887434}, "Label_7": {"Optimal Threshold": 0.07571178674697876, "Accuracy": 0.9604365620736699, "Sensitivity": 1.0, "Specificity": 0.9567809239940388, "AUC": 0.9932455170424499}, "Label_8": {"Optimal Threshold": 0.002343505620956421, "Accuracy": 0.7953615279672579, "Sensitivity": 1.0, "Specificity": 0.7948016415868673, "AUC": 0.8378932968536251}, "Label_9": {"Optimal Threshold": 0.06170649826526642, "Accuracy": 0.91268758526603, "Sensitivity": 0.875, "Specificity": 0.9144079885877318, "AUC": 0.9420916547788872}, "Label_10": {"Optimal Threshold": 0.013736194930970669, "Accuracy": 0.7980900409276944, "Sensitivity": 0.9444444444444444, "Specificity": 0.7944055944055944, "AUC": 0.9106449106449107}, "Label_11": {"Optimal Threshold": 0.04477500915527344, "Accuracy": 0.9604365620736699, "Sensitivity": 0.9444444444444444, "Specificity": 0.9608391608391609, "AUC": 0.9796425796425796}, "Label_12": {"Optimal Threshold": 0.037530798465013504, "Accuracy": 0.8226466575716235, "Sensitivity": 0.9411764705882353, "Specificity": 0.8137829912023461, "AUC": 0.9462653096429188}, "Overall": {"Accuracy": 0.9101689579179347, "Sensitivity": 0.9264104164002067, "Specificity": 0.9097709456557301, "AUC": 0.9534111064954415}}}