{"shared_labels": 7, "perf": [0.0851115733385086, 0.979198157787323], "label_names": [[1, 0, 6, 9, 10, 11, 4, 7, 12, 2], [1, 0, 6, 9, 10, 11, 4, 8, 5, 3]], "metrics": {"Label_0": {"Optimal Threshold": 0.28824901580810547, "Accuracy": 0.9631650750341064, "Sensitivity": 0.8405797101449275, "Specificity": 0.9759036144578314, "AUC": 0.9678496595075955}, "Label_1": {"Optimal Threshold": 0.11016079783439636, "Accuracy": 0.9590723055934516, "Sensitivity": 0.9482758620689655, "Specificity": 0.96, "AUC": 0.988301404853129}, "Label_2": {"Optimal Threshold": 0.5118312835693359, "Accuracy": 0.9345156889495225, "Sensitivity": 0.9122807017543859, "Specificity": 0.9445544554455445, "AUC": 0.9723293381969776}, "Label_3": {"Optimal Threshold": 0.35980653762817383, "Accuracy": 0.9345156889495225, "Sensitivity": 0.9230769230769231, "Specificity": 0.939453125, "AUC": 0.974167491515837}, "Label_4": {"Optimal Threshold": 0.039917200803756714, "Accuracy": 0.9590723055934516, "Sensitivity": 0.8571428571428571, "Specificity": 0.9600550964187328, "AUC": 0.9578905942542306}, "Label_5": {"Optimal Threshold": 0.09738714247941971, "Accuracy": 0.9877216916780355, "Sensitivity": 0.8, "Specificity": 0.989010989010989, "AUC": 0.9373626373626374}, "Label_6": {"Optimal Threshold": 0.023472536355257034, "Accuracy": 0.9413369713506139, "Sensitivity": 1.0, "Specificity": 0.9404432132963989, "AUC": 0.9838831528582221}, "Label_7": {"Optimal Threshold": 0.20219509303569794, "Accuracy": 0.9618008185538881, "Sensitivity": 1.0, "Specificity": 0.9582712369597616, "AUC": 0.9927888082303735}, "Label_8": {"Optimal Threshold": 0.0038396469317376614, "Accuracy": 0.878581173260573, "Sensitivity": 1.0, "Specificity": 0.8782489740082079, "AUC": 0.8953488372093024}, "Label_9": {"Optimal Threshold": 0.01688159443438053, "Accuracy": 0.897680763983629, "Sensitivity": 0.96875, "Specificity": 0.8944365192582026, "AUC": 0.9525231811697574}, "Label_10": {"Optimal Threshold": 0.006132675334811211, "Accuracy": 0.6875852660300137, "Sensitivity": 1.0, "Specificity": 0.6797202797202797, "AUC": 0.915928515928516}, "Label_11": {"Optimal Threshold": 0.016127346083521843, "Accuracy": 0.946793997271487, "Sensitivity": 1.0, "Specificity": 0.9454545454545454, "AUC": 0.9856254856254856}, "Label_12": {"Optimal Threshold": 0.04389195144176483, "Accuracy": 0.7994542974079127, "Sensitivity": 0.9215686274509803, "Specificity": 0.7903225806451613, "AUC": 0.919412339715945}, "Overall": {"Accuracy": 0.9116381572043236, "Sensitivity": 0.9362826678183876, "Specificity": 0.9119903561288967, "AUC": 0.9571854958790775}}}