{"shared_labels": 6, "perf": [0.09181234985589981, 0.9748504161834717], "label_names": [[4, 5, 0, 6, 3, 12, 2, 9, 8, 1], [4, 5, 0, 6, 3, 12, 10, 7, 11]], "metrics": {"Label_0": {"Optimal Threshold": 0.1383947730064392, "Accuracy": 0.878581173260573, "Sensitivity": 0.927536231884058, "Specificity": 0.8734939759036144, "AUC": 0.9699449973808276}, "Label_1": {"Optimal Threshold": 0.2168387770652771, "Accuracy": 0.9427012278308322, "Sensitivity": 0.9482758620689655, "Specificity": 0.9422222222222222, "AUC": 0.9855172413793104}, "Label_2": {"Optimal Threshold": 0.14236481487751007, "Accuracy": 0.9140518417462483, "Sensitivity": 0.9298245614035088, "Specificity": 0.906930693069307, "AUC": 0.9707052284175787}, "Label_3": {"Optimal Threshold": 0.44537073373794556, "Accuracy": 0.9358799454297408, "Sensitivity": 0.9049773755656109, "Specificity": 0.94921875, "AUC": 0.9755019796380091}, "Label_4": {"Optimal Threshold": 0.035541363060474396, "Accuracy": 0.931787175989086, "Sensitivity": 0.8571428571428571, "Specificity": 0.9325068870523416, "AUC": 0.9500196772924046}, "Label_5": {"Optimal Threshold": 0.07055385410785675, "Accuracy": 0.9822646657571623, "Sensitivity": 0.8, "Specificity": 0.9835164835164835, "AUC": 0.9516483516483517}, "Label_6": {"Optimal Threshold": 0.010566485114395618, "Accuracy": 0.927694406548431, "Sensitivity": 1.0, "Specificity": 0.9265927977839336, "AUC": 0.984638630067993}, "Label_7": {"Optimal Threshold": 0.16989178955554962, "Accuracy": 0.9727148703956344, "Sensitivity": 1.0, "Specificity": 0.970193740685544, "AUC": 0.9929811066775637}, "Label_8": {"Optimal Threshold": 0.0016152012394741178, "Accuracy": 0.8130968622100955, "Sensitivity": 1.0, "Specificity": 0.8125854993160054, "AUC": 0.8310533515731874}, "Label_9": {"Optimal Threshold": 0.01876191981136799, "Accuracy": 0.8308321964529332, "Sensitivity": 0.9375, "Specificity": 0.8259629101283881, "AUC": 0.9395060627674751}, "Label_10": {"Optimal Threshold": 0.011107678525149822, "Accuracy": 0.6998635743519782, "Sensitivity": 0.9444444444444444, "Specificity": 0.6937062937062937, "AUC": 0.875058275058275}, "Label_11": {"Optimal Threshold": 0.030078180134296417, "Accuracy": 0.9440654843110505, "Sensitivity": 0.8888888888888888, "Specificity": 0.9454545454545454, "AUC": 0.9646464646464646}, "Label_12": {"Optimal Threshold": 0.15145565569400787, "Accuracy": 0.8867667121418826, "Sensitivity": 0.8627450980392157, "Specificity": 0.8885630498533724, "AUC": 0.9514116497038698}, "Overall": {"Accuracy": 0.8969461643404344, "Sensitivity": 0.9231796399567346, "Specificity": 0.8962267575916962, "AUC": 0.9494333089424086}}}