{"shared_labels": 13, "perf": [0.0851871594786644, 0.9792672991752625], "label_names": [[11, 7, 3, 12, 6, 10, 9, 0, 2, 8, 5, 4, 1], [11, 7, 3, 12, 6, 10, 9, 0, 2, 8, 5, 4, 1]], "metrics": {"Label_0": {"Optimal Threshold": 0.040674466639757156, "Accuracy": 0.8813096862210096, "Sensitivity": 0.927536231884058, "Specificity": 0.8765060240963856, "AUC": 0.9676532215819801}, "Label_1": {"Optimal Threshold": 0.07018601894378662, "Accuracy": 0.9454297407912687, "Sensitivity": 0.9655172413793104, "Specificity": 0.9437037037037037, "AUC": 0.9886845466155811}, "Label_2": {"Optimal Threshold": 0.4798955023288727, "Accuracy": 0.9304229195088677, "Sensitivity": 0.9035087719298246, "Specificity": 0.9425742574257425, "AUC": 0.9730762549939205}, "Label_3": {"Optimal Threshold": 0.47519969940185547, "Accuracy": 0.9331514324693042, "Sensitivity": 0.9140271493212669, "Specificity": 0.94140625, "AUC": 0.9762796945701357}, "Label_4": {"Optimal Threshold": 0.03102915920317173, "Accuracy": 0.9481582537517054, "Sensitivity": 0.8571428571428571, "Specificity": 0.9490358126721763, "AUC": 0.9606454151908697}, "Label_5": {"Optimal Threshold": 0.002760394476354122, "Accuracy": 0.7885402455661664, "Sensitivity": 1.0, "Specificity": 0.7870879120879121, "AUC": 0.9447802197802198}, "Label_6": {"Optimal Threshold": 0.0075165084563195705, "Accuracy": 0.8717598908594816, "Sensitivity": 1.0, "Specificity": 0.8698060941828255, "AUC": 0.9756988164190381}, "Label_7": {"Optimal Threshold": 0.14985385537147522, "Accuracy": 0.9699863574351978, "Sensitivity": 1.0, "Specificity": 0.9672131147540983, "AUC": 0.9936781885486276}, "Label_8": {"Optimal Threshold": 0.003910254221409559, "Accuracy": 0.869031377899045, "Sensitivity": 1.0, "Specificity": 0.8686730506155951, "AUC": 0.8727770177838577}, "Label_9": {"Optimal Threshold": 0.03952557593584061, "Accuracy": 0.9181446111869032, "Sensitivity": 0.9375, "Specificity": 0.9172610556348074, "AUC": 0.9502496433666191}, "Label_10": {"Optimal Threshold": 0.012909031473100185, "Accuracy": 0.8035470668485676, "Sensitivity": 0.9444444444444444, "Specificity": 0.8, "AUC": 0.9186480186480187}, "Label_11": {"Optimal Threshold": 0.011302218772470951, "Accuracy": 0.9181446111869032, "Sensitivity": 1.0, "Specificity": 0.916083916083916, "AUC": 0.9818958818958818}, "Label_12": {"Optimal Threshold": 0.020701834931969643, "Accuracy": 0.7680763983628922, "Sensitivity": 0.9803921568627451, "Specificity": 0.7521994134897361, "AUC": 0.9416077281352423}, "Overall": {"Accuracy": 0.888130968622101, "Sensitivity": 0.9561591425357313, "Specificity": 0.8870423542113, "AUC": 0.957359588271538}}}