{"shared_labels": 8, "perf": [0.088486447930336, 0.9760087132453918], "label_names": [[12, 8, 3, 0, 1, 2, 6, 11, 7, 5, 4], [12, 8, 3, 0, 1, 2, 6, 11, 10, 9]], "metrics": {"Label_0": {"Optimal Threshold": 0.061001256108284, "Accuracy": 0.9167803547066848, "Sensitivity": 0.8985507246376812, "Specificity": 0.9186746987951807, "AUC": 0.9719966823817007}, "Label_1": {"Optimal Threshold": 0.05440957471728325, "Accuracy": 0.9508867667121419, "Sensitivity": 0.9655172413793104, "Specificity": 0.9496296296296296, "AUC": 0.9886079182630907}, "Label_2": {"Optimal Threshold": 0.5305437445640564, "Accuracy": 0.931787175989086, "Sensitivity": 0.9035087719298246, "Specificity": 0.9445544554455445, "AUC": 0.9738405419489317}, "Label_3": {"Optimal Threshold": 0.4299263060092926, "Accuracy": 0.9290586630286494, "Sensitivity": 0.918552036199095, "Specificity": 0.93359375, "AUC": 0.9763503959276018}, "Label_4": {"Optimal Threshold": 0.021847613155841827, "Accuracy": 0.9413369713506139, "Sensitivity": 0.8571428571428571, "Specificity": 0.9421487603305785, "AUC": 0.9480519480519481}, "Label_5": {"Optimal Threshold": 0.04708731919527054, "Accuracy": 0.9481582537517054, "Sensitivity": 0.8, "Specificity": 0.9491758241758241, "AUC": 0.9291208791208792}, "Label_6": {"Optimal Threshold": 0.04052077233791351, "Accuracy": 0.937244201909959, "Sensitivity": 1.0, "Specificity": 0.9362880886426593, "AUC": 0.9787207252581215}, "Label_7": {"Optimal Threshold": 0.17434196174144745, "Accuracy": 0.9686221009549796, "Sensitivity": 0.9838709677419355, "Specificity": 0.9672131147540983, "AUC": 0.9925243978654872}, "Label_8": {"Optimal Threshold": 0.00480111688375473, "Accuracy": 0.810368349249659, "Sensitivity": 1.0, "Specificity": 0.8098495212038304, "AUC": 0.874829001367989}, "Label_9": {"Optimal Threshold": 0.03955475986003876, "Accuracy": 0.8717598908594816, "Sensitivity": 0.875, "Specificity": 0.8716119828815977, "AUC": 0.9296986447931527}, "Label_10": {"Optimal Threshold": 0.004126918502151966, "Accuracy": 0.6862210095497954, "Sensitivity": 0.9444444444444444, "Specificity": 0.6797202797202797, "AUC": 0.8743589743589744}, "Label_11": {"Optimal Threshold": 0.035293128341436386, "Accuracy": 0.9454297407912687, "Sensitivity": 0.9444444444444444, "Specificity": 0.9454545454545454, "AUC": 0.975990675990676}, "Label_12": {"Optimal Threshold": 0.11028332263231277, "Accuracy": 0.8622100954979536, "Sensitivity": 0.9019607843137255, "Specificity": 0.8592375366568915, "AUC": 0.948450347881088}, "Overall": {"Accuracy": 0.899989505719383, "Sensitivity": 0.9225378670948707, "Specificity": 0.9005501682838969, "AUC": 0.9509647025545878}}}