{"shared_labels": 0, "perf": [0.10750570148229599, 0.9648492932319641], "label_names": [[2, 12, 1, 10, 3, 4, 8], [9, 5, 0, 6, 7, 11]], "metrics": {"Label_0": {"Optimal Threshold": 0.08387531340122223, "Accuracy": 0.9345156889495225, "Sensitivity": 0.8840579710144928, "Specificity": 0.9397590361445783, "AUC": 0.9671730399860311}, "Label_1": {"Optimal Threshold": 0.05934714153409004, "Accuracy": 0.9536152796725784, "Sensitivity": 0.9655172413793104, "Specificity": 0.9525925925925925, "AUC": 0.9867688378033206}, "Label_2": {"Optimal Threshold": 0.08389349281787872, "Accuracy": 0.8963165075034106, "Sensitivity": 0.9035087719298246, "Specificity": 0.8930693069306931, "AUC": 0.9552457877366685}, "Label_3": {"Optimal Threshold": 0.09971164911985397, "Accuracy": 0.9017735334242838, "Sensitivity": 0.9004524886877828, "Specificity": 0.90234375, "AUC": 0.9598593042986425}, "Label_4": {"Optimal Threshold": 0.010524333454668522, "Accuracy": 0.9427012278308322, "Sensitivity": 0.8571428571428571, "Specificity": 0.9435261707988981, "AUC": 0.9476584022038567}, "Label_5": {"Optimal Threshold": 0.0032924392726272345, "Accuracy": 0.7544338335607094, "Sensitivity": 1.0, "Specificity": 0.7527472527472527, "AUC": 0.929945054945055}, "Label_6": {"Optimal Threshold": 0.03141317889094353, "Accuracy": 0.9536152796725784, "Sensitivity": 0.9090909090909091, "Specificity": 0.9542936288088643, "AUC": 0.971165953160413}, "Label_7": {"Optimal Threshold": 0.09129168838262558, "Accuracy": 0.9440654843110505, "Sensitivity": 1.0, "Specificity": 0.9388971684053651, "AUC": 0.9920436517475121}, "Label_8": {"Optimal Threshold": 0.005814700853079557, "Accuracy": 0.9004092769440655, "Sensitivity": 1.0, "Specificity": 0.9001367989056087, "AUC": 0.9192886456908345}, "Label_9": {"Optimal Threshold": 0.02297879010438919, "Accuracy": 0.9208731241473397, "Sensitivity": 0.90625, "Specificity": 0.9215406562054208, "AUC": 0.9436519258202567}, "Label_10": {"Optimal Threshold": 0.005322361830621958, "Accuracy": 0.791268758526603, "Sensitivity": 0.9444444444444444, "Specificity": 0.7874125874125875, "AUC": 0.8905982905982905}, "Label_11": {"Optimal Threshold": 0.009754708968102932, "Accuracy": 0.8990450204638472, "Sensitivity": 1.0, "Specificity": 0.8965034965034965, "AUC": 0.9808080808080808}, "Label_12": {"Optimal Threshold": 0.06459743529558182, "Accuracy": 0.8294679399727148, "Sensitivity": 0.803921568627451, "Specificity": 0.8313782991202346, "AUC": 0.8973894543154506}, "Overall": {"Accuracy": 0.8940077657676565, "Sensitivity": 0.9287989424859286, "Specificity": 0.8934000572750456, "AUC": 0.9493535714703396}}}