{"shared_labels": 3, "perf": [0.09314260631799698, 0.975521445274353], "label_names": [[9, 5, 10, 11, 8, 3, 6, 7], [9, 5, 10, 1, 4, 2, 12, 0]], "metrics": {"Label_0": {"Optimal Threshold": 0.1624877005815506, "Accuracy": 0.9331514324693042, "Sensitivity": 0.8405797101449275, "Specificity": 0.9427710843373494, "AUC": 0.9580495896629998}, "Label_1": {"Optimal Threshold": 0.3470977246761322, "Accuracy": 0.9686221009549796, "Sensitivity": 0.9137931034482759, "Specificity": 0.9733333333333334, "AUC": 0.9821200510855683}, "Label_2": {"Optimal Threshold": 0.10863455384969711, "Accuracy": 0.9140518417462483, "Sensitivity": 0.9342105263157895, "Specificity": 0.904950495049505, "AUC": 0.9718169185339586}, "Label_3": {"Optimal Threshold": 0.252137690782547, "Accuracy": 0.927694406548431, "Sensitivity": 0.9366515837104072, "Specificity": 0.923828125, "AUC": 0.9739465497737556}, "Label_4": {"Optimal Threshold": 0.008808780461549759, "Accuracy": 0.8935879945429741, "Sensitivity": 1.0, "Specificity": 0.8925619834710744, "AUC": 0.9783549783549784}, "Label_5": {"Optimal Threshold": 0.03504768759012222, "Accuracy": 0.9549795361527967, "Sensitivity": 0.8, "Specificity": 0.9560439560439561, "AUC": 0.935989010989011}, "Label_6": {"Optimal Threshold": 0.007167744915932417, "Accuracy": 0.8949522510231923, "Sensitivity": 1.0, "Specificity": 0.8933518005540166, "AUC": 0.9725509947116595}, "Label_7": {"Optimal Threshold": 0.06607406586408615, "Accuracy": 0.9549795361527967, "Sensitivity": 1.0, "Specificity": 0.9508196721311475, "AUC": 0.9912023460410557}, "Label_8": {"Optimal Threshold": 0.009982038289308548, "Accuracy": 0.9099590723055935, "Sensitivity": 1.0, "Specificity": 0.9097127222982216, "AUC": 0.9199726402188781}, "Label_9": {"Optimal Threshold": 0.01094664167612791, "Accuracy": 0.878581173260573, "Sensitivity": 0.96875, "Specificity": 0.8744650499286734, "AUC": 0.9540388730385164}, "Label_10": {"Optimal Threshold": 0.007241952698677778, "Accuracy": 0.7598908594815825, "Sensitivity": 1.0, "Specificity": 0.7538461538461538, "AUC": 0.9247086247086247}, "Label_11": {"Optimal Threshold": 0.025466222316026688, "Accuracy": 0.9195088676671214, "Sensitivity": 0.8888888888888888, "Specificity": 0.9202797202797203, "AUC": 0.9613830613830614}, "Label_12": {"Optimal Threshold": 0.023698383942246437, "Accuracy": 0.7789904502046384, "Sensitivity": 0.9019607843137255, "Specificity": 0.7697947214076246, "AUC": 0.921626128457248}, "Overall": {"Accuracy": 0.8991499632700178, "Sensitivity": 0.9372949689863088, "Specificity": 0.8973660628985213, "AUC": 0.9573661359199476}}}