{"shared_labels": 9, "perf": [0.09037712216377258, 0.976315975189209], "label_names": [[4, 9, 2, 8, 7, 11, 10, 1, 3, 5, 0], [4, 9, 2, 8, 7, 11, 10, 1, 3, 6, 12]], "metrics": {"Label_0": {"Optimal Threshold": 0.04274673014879227, "Accuracy": 0.9195088676671214, "Sensitivity": 0.8695652173913043, "Specificity": 0.9246987951807228, "AUC": 0.9578749781735638}, "Label_1": {"Optimal Threshold": 0.0207489226013422, "Accuracy": 0.9249658935879945, "Sensitivity": 0.9827586206896551, "Specificity": 0.92, "AUC": 0.9890676883780333}, "Label_2": {"Optimal Threshold": 0.23553669452667236, "Accuracy": 0.9113233287858117, "Sensitivity": 0.9429824561403509, "Specificity": 0.897029702970297, "AUC": 0.9734757686294945}, "Label_3": {"Optimal Threshold": 0.334884375333786, "Accuracy": 0.9290586630286494, "Sensitivity": 0.9321266968325792, "Specificity": 0.927734375, "AUC": 0.9760234021493213}, "Label_4": {"Optimal Threshold": 0.001230438007041812, "Accuracy": 0.8212824010914052, "Sensitivity": 1.0, "Specificity": 0.8195592286501377, "AUC": 0.9665486029122393}, "Label_5": {"Optimal Threshold": 0.03436363860964775, "Accuracy": 0.9536152796725784, "Sensitivity": 0.8, "Specificity": 0.9546703296703297, "AUC": 0.9162087912087912}, "Label_6": {"Optimal Threshold": 0.022423436865210533, "Accuracy": 0.9085948158253752, "Sensitivity": 0.9090909090909091, "Specificity": 0.9085872576177285, "AUC": 0.9529085872576177}, "Label_7": {"Optimal Threshold": 0.1846175491809845, "Accuracy": 0.975443383356071, "Sensitivity": 1.0, "Specificity": 0.9731743666169895, "AUC": 0.9934378154896399}, "Label_8": {"Optimal Threshold": 0.0010106622939929366, "Accuracy": 0.7353342428376535, "Sensitivity": 1.0, "Specificity": 0.7346101231190151, "AUC": 0.795485636114911}, "Label_9": {"Optimal Threshold": 0.013701354153454304, "Accuracy": 0.897680763983629, "Sensitivity": 0.96875, "Specificity": 0.8944365192582026, "AUC": 0.9523894436519257}, "Label_10": {"Optimal Threshold": 0.011761073023080826, "Accuracy": 0.772169167803547, "Sensitivity": 0.9444444444444444, "Specificity": 0.7678321678321678, "AUC": 0.9108003108003109}, "Label_11": {"Optimal Threshold": 0.05192696675658226, "Accuracy": 0.965893587994543, "Sensitivity": 0.9444444444444444, "Specificity": 0.9664335664335665, "AUC": 0.9828282828282828}, "Label_12": {"Optimal Threshold": 0.04506046697497368, "Accuracy": 0.7967257844474761, "Sensitivity": 0.803921568627451, "Specificity": 0.7961876832844574, "AUC": 0.8876142832499568}, "Overall": {"Accuracy": 0.8855073984678351, "Sensitivity": 0.9306218736662415, "Specificity": 0.8834580088948936, "AUC": 0.9426664300649299}}}