{"shared_labels": 12, "perf": [0.08544684201478958, 0.9784395098686218], "label_names": [[2, 1, 3, 10, 5, 9, 8, 11, 12, 4, 7, 0, 6], [2, 1, 3, 10, 5, 9, 8, 11, 12, 4, 7, 0]], "metrics": {"Label_0": {"Optimal Threshold": 0.056418951600790024, "Accuracy": 0.9099590723055935, "Sensitivity": 0.9130434782608695, "Specificity": 0.9096385542168675, "AUC": 0.9694866422210582}, "Label_1": {"Optimal Threshold": 0.04598551243543625, "Accuracy": 0.9331514324693042, "Sensitivity": 0.9827586206896551, "Specificity": 0.9288888888888889, "AUC": 0.9889910600255427}, "Label_2": {"Optimal Threshold": 0.2535991072654724, "Accuracy": 0.9140518417462483, "Sensitivity": 0.9473684210526315, "Specificity": 0.899009900990099, "AUC": 0.974127149557061}, "Label_3": {"Optimal Threshold": 0.2995852828025818, "Accuracy": 0.922237380627558, "Sensitivity": 0.9411764705882353, "Specificity": 0.9140625, "AUC": 0.9762443438914028}, "Label_4": {"Optimal Threshold": 0.0055054896511137486, "Accuracy": 0.8608458390177354, "Sensitivity": 1.0, "Specificity": 0.859504132231405, "AUC": 0.9728453364817001}, "Label_5": {"Optimal Threshold": 0.00414213677868247, "Accuracy": 0.791268758526603, "Sensitivity": 1.0, "Specificity": 0.7898351648351648, "AUC": 0.9354395604395604}, "Label_6": {"Optimal Threshold": 0.010846974328160286, "Accuracy": 0.8703956343792633, "Sensitivity": 0.9090909090909091, "Specificity": 0.8698060941828255, "AUC": 0.942331906320826}, "Label_7": {"Optimal Threshold": 0.18613888323307037, "Accuracy": 0.9699863574351978, "Sensitivity": 1.0, "Specificity": 0.9672131147540983, "AUC": 0.9942310465842988}, "Label_8": {"Optimal Threshold": 0.0025358013808727264, "Accuracy": 0.8171896316507503, "Sensitivity": 1.0, "Specificity": 0.8166894664842681, "AUC": 0.8255813953488372}, "Label_9": {"Optimal Threshold": 0.02828904800117016, "Accuracy": 0.8717598908594816, "Sensitivity": 0.96875, "Specificity": 0.8673323823109843, "AUC": 0.9527014978601998}, "Label_10": {"Optimal Threshold": 0.013157212175428867, "Accuracy": 0.781718963165075, "Sensitivity": 0.9444444444444444, "Specificity": 0.7776223776223776, "AUC": 0.9111111111111111}, "Label_11": {"Optimal Threshold": 0.032812848687171936, "Accuracy": 0.9604365620736699, "Sensitivity": 0.9444444444444444, "Specificity": 0.9608391608391609, "AUC": 0.9808080808080808}, "Label_12": {"Optimal Threshold": 0.07030592113733292, "Accuracy": 0.8062755798090041, "Sensitivity": 0.9607843137254902, "Specificity": 0.7947214076246334, "AUC": 0.9520154102696798}, "Overall": {"Accuracy": 0.877636688005037, "Sensitivity": 0.9624508540228216, "Specificity": 0.8734740880754441, "AUC": 0.9519934262245662}}}