{"shared_labels": 5, "perf": [0.09386342018842697, 0.9704684019088745], "label_names": [[1, 7, 8, 3, 10, 2, 6, 12, 0], [1, 7, 8, 3, 10, 4, 5, 9, 11]], "metrics": {"Label_0": {"Optimal Threshold": 0.19358432292938232, "Accuracy": 0.9413369713506139, "Sensitivity": 0.8260869565217391, "Specificity": 0.9533132530120482, "AUC": 0.9583988126418719}, "Label_1": {"Optimal Threshold": 0.04233503341674805, "Accuracy": 0.9208731241473397, "Sensitivity": 0.9655172413793104, "Specificity": 0.917037037037037, "AUC": 0.9854406130268201}, "Label_2": {"Optimal Threshold": 0.16026155650615692, "Accuracy": 0.9113233287858117, "Sensitivity": 0.9298245614035088, "Specificity": 0.902970297029703, "AUC": 0.9677609866249782}, "Label_3": {"Optimal Threshold": 0.3782646059989929, "Accuracy": 0.9358799454297408, "Sensitivity": 0.918552036199095, "Specificity": 0.943359375, "AUC": 0.973990738122172}, "Label_4": {"Optimal Threshold": 0.017489740625023842, "Accuracy": 0.9290586630286494, "Sensitivity": 0.8571428571428571, "Specificity": 0.9297520661157025, "AUC": 0.9513970877607242}, "Label_5": {"Optimal Threshold": 0.11815235018730164, "Accuracy": 0.9672578444747613, "Sensitivity": 0.8, "Specificity": 0.9684065934065934, "AUC": 0.9434065934065934}, "Label_6": {"Optimal Threshold": 0.00196581007912755, "Accuracy": 0.7830832196452933, "Sensitivity": 1.0, "Specificity": 0.7797783933518005, "AUC": 0.9464870309745655}, "Label_7": {"Optimal Threshold": 0.15985515713691711, "Accuracy": 0.9618008185538881, "Sensitivity": 1.0, "Specificity": 0.9582712369597616, "AUC": 0.9916350175472334}, "Label_8": {"Optimal Threshold": 0.0015585982473567128, "Accuracy": 0.7053206002728513, "Sensitivity": 1.0, "Specificity": 0.7045143638850889, "AUC": 0.813953488372093}, "Label_9": {"Optimal Threshold": 0.026883525773882866, "Accuracy": 0.8799454297407913, "Sensitivity": 0.9375, "Specificity": 0.8773181169757489, "AUC": 0.9457025677603423}, "Label_10": {"Optimal Threshold": 0.009183773770928383, "Accuracy": 0.7530695770804912, "Sensitivity": 1.0, "Specificity": 0.7468531468531469, "AUC": 0.915928515928516}, "Label_11": {"Optimal Threshold": 0.02635580487549305, "Accuracy": 0.9249658935879945, "Sensitivity": 0.9444444444444444, "Specificity": 0.9244755244755245, "AUC": 0.9695415695415694}, "Label_12": {"Optimal Threshold": 0.04573629051446915, "Accuracy": 0.7271487039563438, "Sensitivity": 0.9803921568627451, "Specificity": 0.7082111436950147, "AUC": 0.9182623195905929}, "Overall": {"Accuracy": 0.8723895476965053, "Sensitivity": 0.935343096457977, "Specificity": 0.8703277344459361, "AUC": 0.9447619493306209}}}