{"shared_labels": 3, "perf": [0.09074362367391586, 0.9765533804893494], "metrics": {"Label_0": {"Optimal Threshold": 0.02310212142765522, "Accuracy": 0.8512960436562074, "Sensitivity": 0.9710144927536232, "Specificity": 0.838855421686747, "AUC": 0.9677187008905186}, "Label_1": {"Optimal Threshold": 0.024857591837644577, "Accuracy": 0.931787175989086, "Sensitivity": 0.9655172413793104, "Specificity": 0.9288888888888889, "AUC": 0.9879438058748404}, "Label_2": {"Optimal Threshold": 0.29395923018455505, "Accuracy": 0.9195088676671214, "Sensitivity": 0.9298245614035088, "Specificity": 0.9148514851485149, "AUC": 0.9699062011464304}, "Label_3": {"Optimal Threshold": 0.43627673387527466, "Accuracy": 0.9304229195088677, "Sensitivity": 0.8959276018099548, "Specificity": 0.9453125, "AUC": 0.9727004383484164}, "Label_4": {"Optimal Threshold": 0.024395372718572617, "Accuracy": 0.9577080491132333, "Sensitivity": 0.8571428571428571, "Specificity": 0.9586776859504132, "AUC": 0.9500196772924044}, "Label_5": {"Optimal Threshold": 0.09770200401544571, "Accuracy": 0.9863574351978172, "Sensitivity": 0.8, "Specificity": 0.9876373626373627, "AUC": 0.9189560439560439}, "Label_6": {"Optimal Threshold": 0.008675533346831799, "Accuracy": 0.897680763983629, "Sensitivity": 1.0, "Specificity": 0.8961218836565097, "AUC": 0.9803575925459581}, "Label_7": {"Optimal Threshold": 0.046659279614686966, "Accuracy": 0.9454297407912687, "Sensitivity": 1.0, "Specificity": 0.940387481371088, "AUC": 0.9904331522522956}, "Label_8": {"Optimal Threshold": 0.001112399622797966, "Accuracy": 0.7858117326057299, "Sensitivity": 1.0, "Specificity": 0.7852257181942545, "AUC": 0.8255813953488372}, "Label_9": {"Optimal Threshold": 0.019711660221219063, "Accuracy": 0.8635743519781719, "Sensitivity": 0.9375, "Specificity": 0.8601997146932953, "AUC": 0.9446772467902996}, "Label_10": {"Optimal Threshold": 0.007142995484173298, "Accuracy": 0.7598908594815825, "Sensitivity": 1.0, "Specificity": 0.7538461538461538, "AUC": 0.9301476301476301}, "Label_11": {"Optimal Threshold": 0.019178124144673347, "Accuracy": 0.9167803547066848, "Sensitivity": 1.0, "Specificity": 0.9146853146853147, "AUC": 0.9805749805749806}, "Label_12": {"Optimal Threshold": 0.07829566299915314, "Accuracy": 0.888130968622101, "Sensitivity": 0.7843137254901961, "Specificity": 0.8958944281524927, "AUC": 0.9151860157552757}, "Overall": {"Accuracy": 0.8949522510231923, "Sensitivity": 0.9339415753830347, "Specificity": 0.8938910799162335, "AUC": 0.9487848369941485}}, "label_names": [[10, 6, 1, 0, 3, 4, 5, 8], [10, 6, 1, 11, 7, 2, 9, 12]]}