{"shared_labels": 7, "perf": [0.08841948956251144, 0.977390468120575], "metrics": {"Label_0": {"Optimal Threshold": 0.12751246988773346, "Accuracy": 0.9236016371077762, "Sensitivity": 0.8840579710144928, "Specificity": 0.927710843373494, "AUC": 0.9692902042954427}, "Label_1": {"Optimal Threshold": 0.06980953365564346, "Accuracy": 0.9263301500682128, "Sensitivity": 0.9655172413793104, "Specificity": 0.922962962962963, "AUC": 0.9878927203065134}, "Label_2": {"Optimal Threshold": 0.2528240978717804, "Accuracy": 0.91268758526603, "Sensitivity": 0.9473684210526315, "Specificity": 0.897029702970297, "AUC": 0.9735539343408025}, "Label_3": {"Optimal Threshold": 0.3395635783672333, "Accuracy": 0.9208731241473397, "Sensitivity": 0.9366515837104072, "Specificity": 0.9140625, "AUC": 0.976359233597285}, "Label_4": {"Optimal Threshold": 0.030172739177942276, "Accuracy": 0.9113233287858117, "Sensitivity": 0.8571428571428571, "Specificity": 0.9118457300275482, "AUC": 0.9391971664698937}, "Label_5": {"Optimal Threshold": 0.04970154911279678, "Accuracy": 0.9604365620736699, "Sensitivity": 0.8, "Specificity": 0.9615384615384616, "AUC": 0.9403846153846154}, "Label_6": {"Optimal Threshold": 0.016819588840007782, "Accuracy": 0.9085948158253752, "Sensitivity": 1.0, "Specificity": 0.907202216066482, "AUC": 0.9782170737849408}, "Label_7": {"Optimal Threshold": 0.1075180396437645, "Accuracy": 0.956343792633015, "Sensitivity": 1.0, "Specificity": 0.9523099850968704, "AUC": 0.9921398009711071}, "Label_8": {"Optimal Threshold": 0.008114028722047806, "Accuracy": 0.8608458390177354, "Sensitivity": 1.0, "Specificity": 0.8604651162790697, "AUC": 0.8844049247606018}, "Label_9": {"Optimal Threshold": 0.03533335402607918, "Accuracy": 0.849931787175989, "Sensitivity": 0.9375, "Specificity": 0.8459343794579173, "AUC": 0.9400410128388017}, "Label_10": {"Optimal Threshold": 0.01957554556429386, "Accuracy": 0.7844474761255116, "Sensitivity": 0.8888888888888888, "Specificity": 0.7818181818181819, "AUC": 0.8867909867909868}, "Label_11": {"Optimal Threshold": 0.016354288905858994, "Accuracy": 0.9208731241473397, "Sensitivity": 1.0, "Specificity": 0.9188811188811189, "AUC": 0.9829059829059829}, "Label_12": {"Optimal Threshold": 0.17142590880393982, "Accuracy": 0.8758526603001364, "Sensitivity": 0.7843137254901961, "Specificity": 0.8826979472140762, "AUC": 0.9088896555689724}, "Overall": {"Accuracy": 0.9009339909749186, "Sensitivity": 0.9231877452829835, "Specificity": 0.8988045496681908, "AUC": 0.9507744086166111}}, "label_names": [[6, 3, 0, 4, 11, 1, 2, 7, 5, 9], [6, 3, 0, 4, 11, 1, 2, 8, 10, 12]]}