{"shared_labels": 7, "perf": [0.09378348290920258, 0.9743815660476685], "metrics": {"Label_0": {"Optimal Threshold": 0.11031601577997208, "Accuracy": 0.9454297407912687, "Sensitivity": 0.9178082191780822, "Specificity": 0.9484848484848485, "AUC": 0.979576587795766}, "Label_1": {"Optimal Threshold": 0.05693960562348366, "Accuracy": 0.9440654843110505, "Sensitivity": 0.9552238805970149, "Specificity": 0.9429429429429429, "AUC": 0.9857021200304783}, "Label_2": {"Optimal Threshold": 0.07792399078607559, "Accuracy": 0.8990450204638472, "Sensitivity": 0.9295774647887324, "Specificity": 0.8865384615384615, "AUC": 0.9629739978331529}, "Label_3": {"Optimal Threshold": 0.05844730883836746, "Accuracy": 0.8990450204638472, "Sensitivity": 0.9516908212560387, "Specificity": 0.8783269961977186, "AUC": 0.9670652633125769}, "Label_4": {"Optimal Threshold": 0.015105603262782097, "Accuracy": 0.9399727148703957, "Sensitivity": 0.8333333333333334, "Specificity": 0.9408528198074277, "AUC": 0.9282439248051352}, "Label_5": {"Optimal Threshold": 0.0003618669870775193, "Accuracy": 0.7407912687585266, "Sensitivity": 1.0, "Specificity": 0.7393689986282579, "AUC": 0.913923182441701}, "Label_6": {"Optimal Threshold": 0.019254229962825775, "Accuracy": 0.9331514324693042, "Sensitivity": 1.0, "Specificity": 0.9324137931034483, "AUC": 0.9770689655172413}, "Label_7": {"Optimal Threshold": 0.06802243739366531, "Accuracy": 0.9577080491132333, "Sensitivity": 0.9230769230769231, "Specificity": 0.9610778443113772, "AUC": 0.9824044219253799}, "Label_8": {"Optimal Threshold": 0.015606816858053207, "Accuracy": 0.931787175989086, "Sensitivity": 1.0, "Specificity": 0.9310344827586207, "AUC": 0.9744827586206897}, "Label_9": {"Optimal Threshold": 0.05852851644158363, "Accuracy": 0.9331514324693042, "Sensitivity": 0.9333333333333333, "Specificity": 0.9331436699857752, "AUC": 0.9804646752015173}, "Label_10": {"Optimal Threshold": 0.03538452461361885, "Accuracy": 0.9140518417462483, "Sensitivity": 0.9166666666666666, "Specificity": 0.9140083217753121, "AUC": 0.9515718908922791}, "Label_11": {"Optimal Threshold": 0.052144065499305725, "Accuracy": 0.9631650750341064, "Sensitivity": 1.0, "Specificity": 0.9623430962343096, "AUC": 0.9850069735006974}, "Label_12": {"Optimal Threshold": 0.09218058735132217, "Accuracy": 0.8894952251023193, "Sensitivity": 0.7924528301886793, "Specificity": 0.8970588235294118, "AUC": 0.9138457269700333}, "Overall": {"Accuracy": 0.9146814985832722, "Sensitivity": 0.9348587286476003, "Specificity": 0.9128919307152239, "AUC": 0.9617177299112806}}, "label_names": [[12, 4, 11, 9, 0, 7, 6, 1, 10, 5], [12, 4, 11, 9, 0, 7, 6, 3, 8, 2]]}