{"shared_labels": 12, "perf": [0.08836852759122849, 0.9757171273231506], "metrics": {"Label_0": {"Optimal Threshold": 0.1694830358028412, "Accuracy": 0.946793997271487, "Sensitivity": 0.855072463768116, "Specificity": 0.9563253012048193, "AUC": 0.9675440894010826}, "Label_1": {"Optimal Threshold": 0.05129623040556908, "Accuracy": 0.9304229195088677, "Sensitivity": 0.9655172413793104, "Specificity": 0.9274074074074075, "AUC": 0.9882503192848021}, "Label_2": {"Optimal Threshold": 0.24513795971870422, "Accuracy": 0.9263301500682128, "Sensitivity": 0.9210526315789473, "Specificity": 0.9287128712871288, "AUC": 0.9717474379016849}, "Label_3": {"Optimal Threshold": 0.24128010869026184, "Accuracy": 0.9249658935879945, "Sensitivity": 0.9230769230769231, "Specificity": 0.92578125, "AUC": 0.974918693438914}, "Label_4": {"Optimal Threshold": 0.012981231324374676, "Accuracy": 0.9195088676671214, "Sensitivity": 0.8571428571428571, "Specificity": 0.9201101928374655, "AUC": 0.9508067689885871}, "Label_5": {"Optimal Threshold": 0.05111348256468773, "Accuracy": 0.9672578444747613, "Sensitivity": 0.8, "Specificity": 0.9684065934065934, "AUC": 0.9381868131868132}, "Label_6": {"Optimal Threshold": 0.00549068721011281, "Accuracy": 0.8676671214188267, "Sensitivity": 1.0, "Specificity": 0.8656509695290858, "AUC": 0.9714177788970033}, "Label_7": {"Optimal Threshold": 0.197624072432518, "Accuracy": 0.9699863574351978, "Sensitivity": 1.0, "Specificity": 0.9672131147540983, "AUC": 0.9929570693716648}, "Label_8": {"Optimal Threshold": 0.0017447698628529906, "Accuracy": 0.7557980900409277, "Sensitivity": 1.0, "Specificity": 0.7551299589603283, "AUC": 0.811217510259918}, "Label_9": {"Optimal Threshold": 0.02089419774711132, "Accuracy": 0.897680763983629, "Sensitivity": 0.9375, "Specificity": 0.8958630527817404, "AUC": 0.9483773181169758}, "Label_10": {"Optimal Threshold": 0.007055331952869892, "Accuracy": 0.713506139154161, "Sensitivity": 1.0, "Specificity": 0.7062937062937062, "AUC": 0.9034965034965035}, "Label_11": {"Optimal Threshold": 0.027455376461148262, "Accuracy": 0.91268758526603, "Sensitivity": 0.9444444444444444, "Specificity": 0.9118881118881119, "AUC": 0.9698523698523699}, "Label_12": {"Optimal Threshold": 0.10743705928325653, "Accuracy": 0.8663028649386084, "Sensitivity": 0.8823529411764706, "Specificity": 0.8651026392961877, "AUC": 0.9473003277557357}, "Overall": {"Accuracy": 0.8922237380627558, "Sensitivity": 0.9297045771205438, "Specificity": 0.8918373207420518, "AUC": 0.9489286923040042}}, "label_names": [[8, 12, 1, 9, 0, 2, 10, 5, 6, 4, 7, 3, 11], [8, 12, 1, 9, 0, 2, 10, 5, 6, 4, 7, 3]]}