{"shared_labels": 12, "perf": [0.09486136585474014, 0.9748159646987915], "metrics": {"Label_0": {"Optimal Threshold": 0.09869290143251419, "Accuracy": 0.888130968622101, "Sensitivity": 0.8933333333333333, "Specificity": 0.8875379939209727, "AUC": 0.9519756838905775}, "Label_1": {"Optimal Threshold": 0.06371521949768066, "Accuracy": 0.9058663028649386, "Sensitivity": 0.95, "Specificity": 0.9019316493313522, "AUC": 0.975334323922734}, "Label_2": {"Optimal Threshold": 0.12863001227378845, "Accuracy": 0.9331514324693042, "Sensitivity": 0.9506172839506173, "Specificity": 0.9244897959183673, "AUC": 0.9760309061896363}, "Label_3": {"Optimal Threshold": 0.13340651988983154, "Accuracy": 0.9304229195088677, "Sensitivity": 0.934156378600823, "Specificity": 0.9285714285714286, "AUC": 0.9745443856554967}, "Label_4": {"Optimal Threshold": 0.004184389021247625, "Accuracy": 0.859481582537517, "Sensitivity": 1.0, "Specificity": 0.8577348066298343, "AUC": 0.9771332105586249}, "Label_5": {"Optimal Threshold": 0.028185516595840454, "Accuracy": 0.9481582537517054, "Sensitivity": 1.0, "Specificity": 0.9475862068965517, "AUC": 0.9870689655172414}, "Label_6": {"Optimal Threshold": 0.01768936589360237, "Accuracy": 0.9331514324693042, "Sensitivity": 1.0, "Specificity": 0.9323204419889503, "AUC": 0.9797421731123389}, "Label_7": {"Optimal Threshold": 0.03459513187408447, "Accuracy": 0.9358799454297408, "Sensitivity": 0.9661016949152542, "Specificity": 0.9332344213649851, "AUC": 0.9786501031031535}, "Label_8": {"Optimal Threshold": 0.005928292404860258, "Accuracy": 0.897680763983629, "Sensitivity": 1.0, "Specificity": 0.896551724137931, "AUC": 0.9593103448275861}, "Label_9": {"Optimal Threshold": 0.017400993034243584, "Accuracy": 0.8717598908594816, "Sensitivity": 0.9393939393939394, "Specificity": 0.8685714285714285, "AUC": 0.9563636363636363}, "Label_10": {"Optimal Threshold": 0.03813745453953743, "Accuracy": 0.8922237380627558, "Sensitivity": 0.9090909090909091, "Specificity": 0.8919667590027701, "AUC": 0.9422059934525309}, "Label_11": {"Optimal Threshold": 0.03266820311546326, "Accuracy": 0.9386084583901774, "Sensitivity": 1.0, "Specificity": 0.9369747899159664, "AUC": 0.9858469703670942}, "Label_12": {"Optimal Threshold": 0.09543183445930481, "Accuracy": 0.849931787175989, "Sensitivity": 0.9361702127659575, "Specificity": 0.8440233236151603, "AUC": 0.951491842937783}, "Overall": {"Accuracy": 0.9064959597019624, "Sensitivity": 0.9599125963116026, "Specificity": 0.9039611361435151, "AUC": 0.9688998876844948}}, "label_names": [[4, 0, 7, 5, 10, 6, 12, 1, 9, 2, 8, 11, 3], [4, 0, 7, 5, 10, 6, 12, 1, 9, 2, 8, 11]]}