{"shared_labels": 11, "perf": [0.08984602242708206, 0.9745029211044312], "metrics": {"Label_0": {"Optimal Threshold": 0.008878698572516441, "Accuracy": 0.8676671214188267, "Sensitivity": 0.9195402298850575, "Specificity": 0.8606811145510835, "AUC": 0.9587559161595675}, "Label_1": {"Optimal Threshold": 0.04102413356304169, "Accuracy": 0.9645293315143247, "Sensitivity": 0.9264705882352942, "Specificity": 0.968421052631579, "AUC": 0.9830827067669173}, "Label_2": {"Optimal Threshold": 0.11845430731773376, "Accuracy": 0.9099590723055935, "Sensitivity": 0.9313304721030042, "Specificity": 0.9, "AUC": 0.9725150214592274}, "Label_3": {"Optimal Threshold": 0.21178609132766724, "Accuracy": 0.9181446111869032, "Sensitivity": 0.9009009009009009, "Specificity": 0.9256360078277887, "AUC": 0.973942631476878}, "Label_4": {"Optimal Threshold": 0.0007048042607493699, "Accuracy": 0.8185538881309686, "Sensitivity": 1.0, "Specificity": 0.8170563961485557, "AUC": 0.9656121045392022}, "Label_5": {"Optimal Threshold": 0.014265757985413074, "Accuracy": 0.9195088676671214, "Sensitivity": 1.0, "Specificity": 0.9190672153635117, "AUC": 0.9663923182441702}, "Label_6": {"Optimal Threshold": 0.03701750189065933, "Accuracy": 0.9618008185538881, "Sensitivity": 1.0, "Specificity": 0.9614855570839065, "AUC": 0.9846400733608437}, "Label_7": {"Optimal Threshold": 0.06220955401659012, "Accuracy": 0.9399727148703957, "Sensitivity": 0.9850746268656716, "Specificity": 0.9354354354354354, "AUC": 0.9919770516785442}, "Label_8": {"Optimal Threshold": 0.10128600150346756, "Accuracy": 0.9822646657571623, "Sensitivity": 1.0, "Specificity": 0.9820936639118457, "AUC": 0.9923258559622197}, "Label_9": {"Optimal Threshold": 0.04324153810739517, "Accuracy": 0.9249658935879945, "Sensitivity": 0.96, "Specificity": 0.923728813559322, "AUC": 0.9783050847457627}, "Label_10": {"Optimal Threshold": 0.0035260478034615517, "Accuracy": 0.6671214188267395, "Sensitivity": 0.9230769230769231, "Specificity": 0.6625, "AUC": 0.8533119658119659}, "Label_11": {"Optimal Threshold": 0.044929783791303635, "Accuracy": 0.9331514324693042, "Sensitivity": 1.0, "Specificity": 0.9316596931659693, "AUC": 0.9836994421199441}, "Label_12": {"Optimal Threshold": 0.1212119534611702, "Accuracy": 0.9208731241473397, "Sensitivity": 0.9245283018867925, "Specificity": 0.9205882352941176, "AUC": 0.9461431742508325}, "Overall": {"Accuracy": 0.9021933046489663, "Sensitivity": 0.9593016956118187, "Specificity": 0.9006425526902395, "AUC": 0.9654387189673902}}, "label_names": [[0, 1, 11, 3, 9, 5, 8, 6, 12, 4, 7, 10], [0, 1, 11, 3, 9, 5, 8, 6, 12, 4, 7, 2]]}