{"shared_labels": 11, "perf": [0.08866234123706818, 0.9773303866386414], "metrics": {"Label_0": {"Optimal Threshold": 0.18195480108261108, "Accuracy": 0.9345156889495225, "Sensitivity": 0.855072463768116, "Specificity": 0.9427710843373494, "AUC": 0.9639209009952855}, "Label_1": {"Optimal Threshold": 0.15042288601398468, "Accuracy": 0.9536152796725784, "Sensitivity": 0.9482758620689655, "Specificity": 0.9540740740740741, "AUC": 0.9869220945083014}, "Label_2": {"Optimal Threshold": 0.4859582483768463, "Accuracy": 0.9290586630286494, "Sensitivity": 0.9166666666666666, "Specificity": 0.9346534653465347, "AUC": 0.9740142435296161}, "Label_3": {"Optimal Threshold": 0.3287127912044525, "Accuracy": 0.9249658935879945, "Sensitivity": 0.9366515837104072, "Specificity": 0.919921875, "AUC": 0.9765713376696832}, "Label_4": {"Optimal Threshold": 0.02665422298014164, "Accuracy": 0.9099590723055935, "Sensitivity": 0.8571428571428571, "Specificity": 0.9104683195592287, "AUC": 0.9494293585202676}, "Label_5": {"Optimal Threshold": 0.05154000222682953, "Accuracy": 0.9645293315143247, "Sensitivity": 0.8, "Specificity": 0.9656593406593407, "AUC": 0.943956043956044}, "Label_6": {"Optimal Threshold": 0.025328652933239937, "Accuracy": 0.9249658935879945, "Sensitivity": 1.0, "Specificity": 0.9238227146814404, "AUC": 0.9785948123898263}, "Label_7": {"Optimal Threshold": 0.0684036836028099, "Accuracy": 0.9604365620736699, "Sensitivity": 1.0, "Specificity": 0.9567809239940388, "AUC": 0.9918273159944234}, "Label_8": {"Optimal Threshold": 0.0014575059758499265, "Accuracy": 0.757162346521146, "Sensitivity": 1.0, "Specificity": 0.7564979480164159, "AUC": 0.8030095759233926}, "Label_9": {"Optimal Threshold": 0.02275833487510681, "Accuracy": 0.8663028649386084, "Sensitivity": 0.90625, "Specificity": 0.8644793152639088, "AUC": 0.9388373751783167}, "Label_10": {"Optimal Threshold": 0.012913425453007221, "Accuracy": 0.7735334242837654, "Sensitivity": 0.8888888888888888, "Specificity": 0.7706293706293706, "AUC": 0.8928515928515929}, "Label_11": {"Optimal Threshold": 0.04658205807209015, "Accuracy": 0.946793997271487, "Sensitivity": 0.9444444444444444, "Specificity": 0.9468531468531468, "AUC": 0.9773892773892773}, "Label_12": {"Optimal Threshold": 0.05038401857018471, "Accuracy": 0.8130968622100955, "Sensitivity": 0.9411764705882353, "Specificity": 0.8035190615835777, "AUC": 0.944770283479961}, "Overall": {"Accuracy": 0.8968412215342638, "Sensitivity": 0.9226591720983524, "Specificity": 0.8961638953844943, "AUC": 0.9478534009527682}}, "label_names": [[11, 0, 6, 8, 3, 5, 1, 12, 4, 10, 2, 9], [11, 0, 6, 8, 3, 5, 1, 12, 4, 10, 2, 7]]}