{"shared_labels": 12, "perf": [0.0952841117978096, 0.9750353097915649], "metrics": {"Label_0": {"Optimal Threshold": 0.023816291242837906, "Accuracy": 0.819918144611187, "Sensitivity": 0.9534883720930233, "Specificity": 0.8021638330757341, "AUC": 0.951834944825851}, "Label_1": {"Optimal Threshold": 0.04433393478393555, "Accuracy": 0.9140518417462483, "Sensitivity": 0.9583333333333334, "Specificity": 0.9092284417549168, "AUC": 0.9830853925029417}, "Label_2": {"Optimal Threshold": 0.14794035255908966, "Accuracy": 0.9004092769440655, "Sensitivity": 0.9462809917355371, "Specificity": 0.8778004073319755, "AUC": 0.966512935315009}, "Label_3": {"Optimal Threshold": 0.19367456436157227, "Accuracy": 0.9113233287858117, "Sensitivity": 0.9313304721030042, "Specificity": 0.902, "AUC": 0.9695021459227467}, "Label_4": {"Optimal Threshold": 0.018568063154816628, "Accuracy": 0.9399727148703957, "Sensitivity": 0.9090909090909091, "Specificity": 0.9404432132963989, "AUC": 0.9695290858725761}, "Label_5": {"Optimal Threshold": 0.0009388738544657826, "Accuracy": 0.7244201909959073, "Sensitivity": 1.0, "Specificity": 0.7229080932784636, "AUC": 0.8693415637860082}, "Label_6": {"Optimal Threshold": 0.20188240706920624, "Accuracy": 0.9972714870395635, "Sensitivity": 1.0, "Specificity": 0.9972640218878249, "AUC": 0.9979480164158687}, "Label_7": {"Optimal Threshold": 0.11834041029214859, "Accuracy": 0.9699863574351978, "Sensitivity": 0.9473684210526315, "Specificity": 0.9718934911242604, "AUC": 0.9866085331672376}, "Label_8": {"Optimal Threshold": 0.006214403547346592, "Accuracy": 0.9140518417462483, "Sensitivity": 1.0, "Specificity": 0.9135802469135802, "AUC": 0.97599451303155}, "Label_9": {"Optimal Threshold": 0.026230841875076294, "Accuracy": 0.8840381991814461, "Sensitivity": 1.0, "Specificity": 0.8794326241134752, "AUC": 0.974113475177305}, "Label_10": {"Optimal Threshold": 0.014782899990677834, "Accuracy": 0.8212824010914052, "Sensitivity": 0.8666666666666667, "Specificity": 0.8203342618384402, "AUC": 0.8954503249767873}, "Label_11": {"Optimal Threshold": 0.03572132810950279, "Accuracy": 0.9631650750341064, "Sensitivity": 0.9444444444444444, "Specificity": 0.9636363636363636, "AUC": 0.9854700854700855}, "Label_12": {"Optimal Threshold": 0.08427003771066666, "Accuracy": 0.8908594815825375, "Sensitivity": 0.8333333333333334, "Specificity": 0.8959881129271917, "AUC": 0.913150074294205}, "Overall": {"Accuracy": 0.8962115646972403, "Sensitivity": 0.9454105341425295, "Specificity": 0.8920517777829711, "AUC": 0.9568108531352439}}, "label_names": [[4, 5, 10, 2, 7, 1, 12, 8, 11, 9, 6, 3, 0], [4, 5, 10, 2, 7, 1, 12, 8, 11, 9, 6, 3]]}