{"shared_labels": 12, "perf": [0.08551788330078125, 0.9783206582069397], "metrics": {"Label_0": {"Optimal Threshold": 0.09403255581855774, "Accuracy": 0.9249658935879945, "Sensitivity": 0.8840579710144928, "Specificity": 0.9292168674698795, "AUC": 0.9693338571678016}, "Label_1": {"Optimal Threshold": 0.16114351153373718, "Accuracy": 0.9590723055934516, "Sensitivity": 0.9482758620689655, "Specificity": 0.96, "AUC": 0.9887611749680715}, "Label_2": {"Optimal Threshold": 0.33414456248283386, "Accuracy": 0.9263301500682128, "Sensitivity": 0.9210526315789473, "Specificity": 0.9287128712871288, "AUC": 0.9728678130970992}, "Label_3": {"Optimal Threshold": 0.3650018572807312, "Accuracy": 0.9263301500682128, "Sensitivity": 0.9276018099547512, "Specificity": 0.92578125, "AUC": 0.9761471295248869}, "Label_4": {"Optimal Threshold": 0.003963769879192114, "Accuracy": 0.844474761255116, "Sensitivity": 1.0, "Specificity": 0.8429752066115702, "AUC": 0.9677292404565131}, "Label_5": {"Optimal Threshold": 0.003914540633559227, "Accuracy": 0.7871759890859482, "Sensitivity": 1.0, "Specificity": 0.7857142857142857, "AUC": 0.9458791208791208}, "Label_6": {"Optimal Threshold": 0.010295136831700802, "Accuracy": 0.8867667121418826, "Sensitivity": 1.0, "Specificity": 0.8850415512465374, "AUC": 0.9720473432384789}, "Label_7": {"Optimal Threshold": 0.28159037232398987, "Accuracy": 0.9740791268758526, "Sensitivity": 1.0, "Specificity": 0.9716840536512668, "AUC": 0.99382241238402}, "Label_8": {"Optimal Threshold": 0.008513374254107475, "Accuracy": 0.8922237380627558, "Sensitivity": 1.0, "Specificity": 0.8919288645690835, "AUC": 0.89671682626539}, "Label_9": {"Optimal Threshold": 0.05174616724252701, "Accuracy": 0.9045020463847203, "Sensitivity": 0.90625, "Specificity": 0.9044222539229672, "AUC": 0.9481098430813124}, "Label_10": {"Optimal Threshold": 0.012851485051214695, "Accuracy": 0.7776261937244202, "Sensitivity": 0.9444444444444444, "Specificity": 0.7734265734265734, "AUC": 0.9077700077700077}, "Label_11": {"Optimal Threshold": 0.046898696571588516, "Accuracy": 0.9618008185538881, "Sensitivity": 0.9444444444444444, "Specificity": 0.9622377622377623, "AUC": 0.9811965811965813}, "Label_12": {"Optimal Threshold": 0.04478209838271141, "Accuracy": 0.7517053206002728, "Sensitivity": 1.0, "Specificity": 0.7331378299120235, "AUC": 0.9473290782588695}, "Overall": {"Accuracy": 0.8859271696925177, "Sensitivity": 0.9597020895004651, "Specificity": 0.8841753361576212, "AUC": 0.9590546483298579}}, "label_names": [[9, 12, 7, 6, 11, 0, 8, 5, 2, 3, 4, 10, 1], [9, 12, 7, 6, 11, 0, 8, 5, 2, 3, 4, 10]]}