{"shared_labels": 11, "perf": [0.0852448046207428, 0.9788395166397095], "label_names": [[5, 0, 10, 4, 11, 8, 12, 9, 2, 3, 6, 1], [5, 0, 10, 4, 11, 8, 12, 9, 2, 3, 6, 7]], "metrics": {"Label_0": {"Optimal Threshold": 0.05691646412014961, "Accuracy": 0.9195088676671214, "Sensitivity": 0.8985507246376812, "Specificity": 0.9216867469879518, "AUC": 0.9704251789767767}, "Label_1": {"Optimal Threshold": 0.03182683140039444, "Accuracy": 0.927694406548431, "Sensitivity": 0.9482758620689655, "Specificity": 0.9259259259259259, "AUC": 0.9846998722860792}, "Label_2": {"Optimal Threshold": 0.21940192580223083, "Accuracy": 0.9154160982264665, "Sensitivity": 0.9429824561403509, "Specificity": 0.902970297029703, "AUC": 0.9745527184297378}, "Label_3": {"Optimal Threshold": 0.4404263198375702, "Accuracy": 0.931787175989086, "Sensitivity": 0.9230769230769231, "Specificity": 0.935546875, "AUC": 0.9766950650452488}, "Label_4": {"Optimal Threshold": 0.043840181082487106, "Accuracy": 0.9645293315143247, "Sensitivity": 0.8571428571428571, "Specificity": 0.9655647382920111, "AUC": 0.9653679653679654}, "Label_5": {"Optimal Threshold": 0.00313868117518723, "Accuracy": 0.8021828103683493, "Sensitivity": 1.0, "Specificity": 0.8008241758241759, "AUC": 0.9483516483516483}, "Label_6": {"Optimal Threshold": 0.02215724252164364, "Accuracy": 0.922237380627558, "Sensitivity": 1.0, "Specificity": 0.9210526315789473, "AUC": 0.9784688995215312}, "Label_7": {"Optimal Threshold": 0.1158694177865982, "Accuracy": 0.9631650750341064, "Sensitivity": 1.0, "Specificity": 0.9597615499254843, "AUC": 0.9921157636652084}, "Label_8": {"Optimal Threshold": 0.0024619356263428926, "Accuracy": 0.8021828103683493, "Sensitivity": 1.0, "Specificity": 0.801641586867305, "AUC": 0.832421340629275}, "Label_9": {"Optimal Threshold": 0.015609188936650753, "Accuracy": 0.8758526603001364, "Sensitivity": 0.96875, "Specificity": 0.8716119828815977, "AUC": 0.9489122681883025}, "Label_10": {"Optimal Threshold": 0.0068373242393136024, "Accuracy": 0.6821282401091405, "Sensitivity": 1.0, "Specificity": 0.6741258741258741, "AUC": 0.9078477078477079}, "Label_11": {"Optimal Threshold": 0.049212682992219925, "Accuracy": 0.9618008185538881, "Sensitivity": 0.9444444444444444, "Specificity": 0.9622377622377623, "AUC": 0.982051282051282}, "Label_12": {"Optimal Threshold": 0.03983992338180542, "Accuracy": 0.8021828103683493, "Sensitivity": 0.9411764705882353, "Specificity": 0.7917888563049853, "AUC": 0.941952734172848}, "Overall": {"Accuracy": 0.8823591142827159, "Sensitivity": 0.9557230567768814, "Specificity": 0.8795953079216711, "AUC": 0.9541432649641238}}}