{"shared_labels": 7, "perf": [0.08749884366989136, 0.9767487049102783], "label_names": [[10, 11, 0, 4, 12, 5, 3, 7, 1, 8], [10, 11, 0, 4, 12, 5, 3, 2, 6, 9]], "metrics": {"Label_0": {"Optimal Threshold": 0.08512505888938904, "Accuracy": 0.9331514324693042, "Sensitivity": 0.8840579710144928, "Specificity": 0.9382530120481928, "AUC": 0.9720621616902392}, "Label_1": {"Optimal Threshold": 0.03643730282783508, "Accuracy": 0.9358799454297408, "Sensitivity": 0.9655172413793104, "Specificity": 0.9333333333333333, "AUC": 0.9861813537675607}, "Label_2": {"Optimal Threshold": 0.24492821097373962, "Accuracy": 0.9167803547066848, "Sensitivity": 0.9429824561403509, "Specificity": 0.904950495049505, "AUC": 0.972503039777662}, "Label_3": {"Optimal Threshold": 0.6081345081329346, "Accuracy": 0.9358799454297408, "Sensitivity": 0.9049773755656109, "Specificity": 0.94921875, "AUC": 0.9756610576923077}, "Label_4": {"Optimal Threshold": 0.031073443591594696, "Accuracy": 0.956343792633015, "Sensitivity": 0.8571428571428571, "Specificity": 0.9573002754820936, "AUC": 0.9624163715072807}, "Label_5": {"Optimal Threshold": 0.00411788048222661, "Accuracy": 0.834924965893588, "Sensitivity": 1.0, "Specificity": 0.8337912087912088, "AUC": 0.9554945054945055}, "Label_6": {"Optimal Threshold": 0.01959824375808239, "Accuracy": 0.931787175989086, "Sensitivity": 1.0, "Specificity": 0.9307479224376731, "AUC": 0.9842608914631076}, "Label_7": {"Optimal Threshold": 0.12577547132968903, "Accuracy": 0.965893587994543, "Sensitivity": 1.0, "Specificity": 0.96274217585693, "AUC": 0.9897360703812317}, "Label_8": {"Optimal Threshold": 0.0014666764764115214, "Accuracy": 0.762619372442019, "Sensitivity": 1.0, "Specificity": 0.761969904240766, "AUC": 0.7674418604651163}, "Label_9": {"Optimal Threshold": 0.03618563711643219, "Accuracy": 0.9058663028649386, "Sensitivity": 0.9375, "Specificity": 0.9044222539229672, "AUC": 0.9502942225392296}, "Label_10": {"Optimal Threshold": 0.007628393359482288, "Accuracy": 0.7871759890859482, "Sensitivity": 0.8888888888888888, "Specificity": 0.7846153846153846, "AUC": 0.9132090132090133}, "Label_11": {"Optimal Threshold": 0.019195010885596275, "Accuracy": 0.9631650750341064, "Sensitivity": 0.9444444444444444, "Specificity": 0.9636363636363636, "AUC": 0.9817404817404817}, "Label_12": {"Optimal Threshold": 0.037689100950956345, "Accuracy": 0.8130968622100955, "Sensitivity": 0.9215686274509803, "Specificity": 0.8049853372434017, "AUC": 0.9423264907135875}, "Overall": {"Accuracy": 0.8955819078602162, "Sensitivity": 0.9420830663097643, "Specificity": 0.8946128012813707, "AUC": 0.9502559631108709}}}