{"shared_labels": 3, "perf": [0.09104324132204056, 0.9759684801101685], "label_names": [[5, 7, 11, 9, 8, 3, 10, 12], [5, 7, 11, 1, 0, 2, 6, 4]], "metrics": {"Label_0": {"Optimal Threshold": 0.06769248843193054, "Accuracy": 0.9140518417462483, "Sensitivity": 0.8985507246376812, "Specificity": 0.9156626506024096, "AUC": 0.964946743495722}, "Label_1": {"Optimal Threshold": 0.08462467044591904, "Accuracy": 0.9454297407912687, "Sensitivity": 0.9310344827586207, "Specificity": 0.9466666666666667, "AUC": 0.9840102171136653}, "Label_2": {"Optimal Threshold": 0.27472949028015137, "Accuracy": 0.9208731241473397, "Sensitivity": 0.9254385964912281, "Specificity": 0.9188118811881189, "AUC": 0.9719385096404377}, "Label_3": {"Optimal Threshold": 0.21006619930267334, "Accuracy": 0.9140518417462483, "Sensitivity": 0.9366515837104072, "Specificity": 0.904296875, "AUC": 0.97265625}, "Label_4": {"Optimal Threshold": 0.010656130500137806, "Accuracy": 0.8990450204638472, "Sensitivity": 0.8571428571428571, "Specificity": 0.8994490358126722, "AUC": 0.9439197166469894}, "Label_5": {"Optimal Threshold": 0.11261208355426788, "Accuracy": 0.9918144611186903, "Sensitivity": 0.8, "Specificity": 0.9931318681318682, "AUC": 0.9282967032967033}, "Label_6": {"Optimal Threshold": 0.010767575353384018, "Accuracy": 0.8949522510231923, "Sensitivity": 1.0, "Specificity": 0.8933518005540166, "AUC": 0.980105766809368}, "Label_7": {"Optimal Threshold": 0.08511403948068619, "Accuracy": 0.9618008185538881, "Sensitivity": 1.0, "Specificity": 0.9582712369597616, "AUC": 0.9928609201480698}, "Label_8": {"Optimal Threshold": 0.01193652581423521, "Accuracy": 0.9195088676671214, "Sensitivity": 1.0, "Specificity": 0.9192886456908345, "AUC": 0.9227086183310533}, "Label_9": {"Optimal Threshold": 0.022269563749432564, "Accuracy": 0.8867667121418826, "Sensitivity": 0.90625, "Specificity": 0.8858773181169758, "AUC": 0.9415121255349501}, "Label_10": {"Optimal Threshold": 0.020933492109179497, "Accuracy": 0.8540245566166439, "Sensitivity": 0.8888888888888888, "Specificity": 0.8531468531468531, "AUC": 0.908003108003108}, "Label_11": {"Optimal Threshold": 0.03512124344706535, "Accuracy": 0.9345156889495225, "Sensitivity": 0.9444444444444444, "Specificity": 0.9342657342657342, "AUC": 0.9765345765345765}, "Label_12": {"Optimal Threshold": 0.12389003485441208, "Accuracy": 0.869031377899045, "Sensitivity": 0.8235294117647058, "Specificity": 0.8724340175953079, "AUC": 0.9111609453165431}, "Overall": {"Accuracy": 0.915835869451149, "Sensitivity": 0.9163023838337565, "Specificity": 0.914973429517786, "AUC": 0.9537426308362451}}}