{"shared_labels": 8, "perf": [0.09300512820482254, 0.9739454984664917], "label_names": [[9, 2, 0, 7, 10, 8, 1, 4, 6, 12, 3], [9, 2, 0, 7, 10, 8, 1, 4, 5, 11]], "metrics": {"Label_0": {"Optimal Threshold": 0.01390173751860857, "Accuracy": 0.8567530695770805, "Sensitivity": 0.9710144927536232, "Specificity": 0.8448795180722891, "AUC": 0.9700541295617252}, "Label_1": {"Optimal Threshold": 0.015803202986717224, "Accuracy": 0.9195088676671214, "Sensitivity": 0.9827586206896551, "Specificity": 0.914074074074074, "AUC": 0.9901915708812261}, "Label_2": {"Optimal Threshold": 0.2654789090156555, "Accuracy": 0.9304229195088677, "Sensitivity": 0.9078947368421053, "Specificity": 0.9405940594059405, "AUC": 0.9737363210005212}, "Label_3": {"Optimal Threshold": 0.14460958540439606, "Accuracy": 0.9181446111869032, "Sensitivity": 0.9321266968325792, "Specificity": 0.912109375, "AUC": 0.9740879524886878}, "Label_4": {"Optimal Threshold": 0.0015984533820301294, "Accuracy": 0.819918144611187, "Sensitivity": 1.0, "Specificity": 0.8181818181818182, "AUC": 0.9651711924439197}, "Label_5": {"Optimal Threshold": 0.0015869130147621036, "Accuracy": 0.772169167803547, "Sensitivity": 1.0, "Specificity": 0.7706043956043956, "AUC": 0.9206043956043957}, "Label_6": {"Optimal Threshold": 0.01843680441379547, "Accuracy": 0.8744884038199181, "Sensitivity": 1.0, "Specificity": 0.8725761772853186, "AUC": 0.96398891966759}, "Label_7": {"Optimal Threshold": 0.21452821791172028, "Accuracy": 0.9672578444747613, "Sensitivity": 1.0, "Specificity": 0.9642324888226528, "AUC": 0.992356136724196}, "Label_8": {"Optimal Threshold": 0.0020492360927164555, "Accuracy": 0.7708049113233287, "Sensitivity": 1.0, "Specificity": 0.7701778385772914, "AUC": 0.7975376196990425}, "Label_9": {"Optimal Threshold": 0.01719680428504944, "Accuracy": 0.9072305593451568, "Sensitivity": 0.9375, "Specificity": 0.905848787446505, "AUC": 0.953682239657632}, "Label_10": {"Optimal Threshold": 0.00545803178101778, "Accuracy": 0.6971350613915416, "Sensitivity": 1.0, "Specificity": 0.6895104895104895, "AUC": 0.9145299145299145}, "Label_11": {"Optimal Threshold": 0.015237334184348583, "Accuracy": 0.8649386084583902, "Sensitivity": 0.9444444444444444, "Specificity": 0.862937062937063, "AUC": 0.9624708624708624}, "Label_12": {"Optimal Threshold": 0.06114596128463745, "Accuracy": 0.8049113233287858, "Sensitivity": 0.8235294117647058, "Specificity": 0.8035190615835777, "AUC": 0.8888218043815768}, "Overall": {"Accuracy": 0.8541294994228146, "Sensitivity": 0.9614821848713164, "Specificity": 0.8514803958847241, "AUC": 0.9436333122393299}}}