{"shared_labels": 1, "perf": [0.09119056165218353, 0.9752635955810547], "label_names": [[9, 4, 1, 11, 12, 8, 7], [9, 5, 10, 3, 2, 0, 6]], "metrics": {"Label_0": {"Optimal Threshold": 0.05353475734591484, "Accuracy": 0.9085948158253752, "Sensitivity": 0.8985507246376812, "Specificity": 0.9096385542168675, "AUC": 0.965426925091671}, "Label_1": {"Optimal Threshold": 0.42898520827293396, "Accuracy": 0.9781718963165075, "Sensitivity": 0.896551724137931, "Specificity": 0.9851851851851852, "AUC": 0.9831417624521073}, "Label_2": {"Optimal Threshold": 0.2977968752384186, "Accuracy": 0.9167803547066848, "Sensitivity": 0.8991228070175439, "Specificity": 0.9247524752475248, "AUC": 0.9695240576689248}, "Label_3": {"Optimal Threshold": 0.29217708110809326, "Accuracy": 0.922237380627558, "Sensitivity": 0.9230769230769231, "Specificity": 0.921875, "AUC": 0.9728418410633485}, "Label_4": {"Optimal Threshold": 0.057129573076963425, "Accuracy": 0.9727148703956344, "Sensitivity": 0.8571428571428571, "Specificity": 0.9738292011019284, "AUC": 0.9679260133805588}, "Label_5": {"Optimal Threshold": 0.0033685823436826468, "Accuracy": 0.8158253751705321, "Sensitivity": 1.0, "Specificity": 0.8145604395604396, "AUC": 0.929945054945055}, "Label_6": {"Optimal Threshold": 0.02340777777135372, "Accuracy": 0.9440654843110505, "Sensitivity": 1.0, "Specificity": 0.943213296398892, "AUC": 0.9754469906824477}, "Label_7": {"Optimal Threshold": 0.13775043189525604, "Accuracy": 0.9399727148703957, "Sensitivity": 1.0, "Specificity": 0.9344262295081968, "AUC": 0.9887986154511802}, "Label_8": {"Optimal Threshold": 0.0015297638019546866, "Accuracy": 0.7462482946793997, "Sensitivity": 1.0, "Specificity": 0.7455540355677155, "AUC": 0.8180574555403557}, "Label_9": {"Optimal Threshold": 0.016365492716431618, "Accuracy": 0.9004092769440655, "Sensitivity": 0.9375, "Specificity": 0.8987161198288159, "AUC": 0.9522111269614837}, "Label_10": {"Optimal Threshold": 0.006246747449040413, "Accuracy": 0.7489768076398363, "Sensitivity": 0.9444444444444444, "Specificity": 0.7440559440559441, "AUC": 0.8948717948717948}, "Label_11": {"Optimal Threshold": 0.07695421576499939, "Accuracy": 0.9699863574351978, "Sensitivity": 0.9444444444444444, "Specificity": 0.9706293706293706, "AUC": 0.977000777000777}, "Label_12": {"Optimal Threshold": 0.060456257313489914, "Accuracy": 0.8321964529331515, "Sensitivity": 0.9019607843137255, "Specificity": 0.8269794721407625, "AUC": 0.9443390259329538}, "Overall": {"Accuracy": 0.8920138524504146, "Sensitivity": 0.9386765160935039, "Specificity": 0.8918011787262803, "AUC": 0.9491947262340508}}}