{"shared_labels": 6, "perf": [0.08741378039121628, 0.9782550930976868], "label_names": [[12, 3, 5, 6, 0, 4, 8, 10, 2, 11], [12, 3, 5, 6, 0, 4, 9, 1, 7]], "metrics": {"Label_0": {"Optimal Threshold": 0.22957441210746765, "Accuracy": 0.9508867667121419, "Sensitivity": 0.855072463768116, "Specificity": 0.9608433734939759, "AUC": 0.9691374192421862}, "Label_1": {"Optimal Threshold": 0.09712383896112442, "Accuracy": 0.9386084583901774, "Sensitivity": 0.9655172413793104, "Specificity": 0.9362962962962963, "AUC": 0.9891443167305236}, "Label_2": {"Optimal Threshold": 0.43235084414482117, "Accuracy": 0.9290586630286494, "Sensitivity": 0.8903508771929824, "Specificity": 0.9465346534653465, "AUC": 0.9705315268368943}, "Label_3": {"Optimal Threshold": 0.3706873059272766, "Accuracy": 0.931787175989086, "Sensitivity": 0.9140271493212669, "Specificity": 0.939453125, "AUC": 0.9742912188914028}, "Label_4": {"Optimal Threshold": 0.051065366715192795, "Accuracy": 0.956343792633015, "Sensitivity": 0.8571428571428571, "Specificity": 0.9573002754820936, "AUC": 0.9584809130263675}, "Label_5": {"Optimal Threshold": 0.06568103283643723, "Accuracy": 0.975443383356071, "Sensitivity": 0.8, "Specificity": 0.9766483516483516, "AUC": 0.9335164835164835}, "Label_6": {"Optimal Threshold": 0.025938227772712708, "Accuracy": 0.9386084583901774, "Sensitivity": 1.0, "Specificity": 0.9376731301939059, "AUC": 0.9835054142533367}, "Label_7": {"Optimal Threshold": 0.13441628217697144, "Accuracy": 0.975443383356071, "Sensitivity": 1.0, "Specificity": 0.9731743666169895, "AUC": 0.9925243978654873}, "Label_8": {"Optimal Threshold": 0.00419924221932888, "Accuracy": 0.8226466575716235, "Sensitivity": 1.0, "Specificity": 0.8221614227086184, "AUC": 0.8666210670314638}, "Label_9": {"Optimal Threshold": 0.014938199892640114, "Accuracy": 0.819918144611187, "Sensitivity": 0.96875, "Specificity": 0.8131241084165478, "AUC": 0.9478869472182596}, "Label_10": {"Optimal Threshold": 0.013349437154829502, "Accuracy": 0.713506139154161, "Sensitivity": 0.9444444444444444, "Specificity": 0.7076923076923077, "AUC": 0.8806526806526807}, "Label_11": {"Optimal Threshold": 0.04574029892683029, "Accuracy": 0.9672578444747613, "Sensitivity": 0.9444444444444444, "Specificity": 0.9678321678321679, "AUC": 0.9801087801087802}, "Label_12": {"Optimal Threshold": 0.07245077937841415, "Accuracy": 0.8717598908594816, "Sensitivity": 0.8823529411764706, "Specificity": 0.8709677419354839, "AUC": 0.9493703639813696}, "Overall": {"Accuracy": 0.9070206737328154, "Sensitivity": 0.9247771091438378, "Specificity": 0.9084385631370833, "AUC": 0.9535208868734798}}}