{"shared_labels": 4, "perf": [0.08791188895702362, 0.9785464406013489], "label_names": [[12, 1, 6, 0, 10, 7, 2, 11, 9], [12, 1, 6, 0, 3, 4, 8, 5]], "metrics": {"Label_0": {"Optimal Threshold": 0.024823466315865517, "Accuracy": 0.8990450204638472, "Sensitivity": 0.927536231884058, "Specificity": 0.8960843373493976, "AUC": 0.9708617077003667}, "Label_1": {"Optimal Threshold": 0.013760569505393505, "Accuracy": 0.931787175989086, "Sensitivity": 0.9827586206896551, "Specificity": 0.9274074074074075, "AUC": 0.9896296296296296}, "Label_2": {"Optimal Threshold": 0.4039146304130554, "Accuracy": 0.9236016371077762, "Sensitivity": 0.9254385964912281, "Specificity": 0.9227722772277228, "AUC": 0.9731717908632969}, "Label_3": {"Optimal Threshold": 0.163731187582016, "Accuracy": 0.9236016371077762, "Sensitivity": 0.9276018099547512, "Specificity": 0.921875, "AUC": 0.9758643240950227}, "Label_4": {"Optimal Threshold": 0.006498894654214382, "Accuracy": 0.859481582537517, "Sensitivity": 1.0, "Specificity": 0.8581267217630854, "AUC": 0.9744195198740653}, "Label_5": {"Optimal Threshold": 0.0017203871393576264, "Accuracy": 0.7899045020463847, "Sensitivity": 1.0, "Specificity": 0.7884615384615384, "AUC": 0.9447802197802198}, "Label_6": {"Optimal Threshold": 0.01418621651828289, "Accuracy": 0.9004092769440655, "Sensitivity": 1.0, "Specificity": 0.8988919667590027, "AUC": 0.9770838579702845}, "Label_7": {"Optimal Threshold": 0.12252544611692429, "Accuracy": 0.9699863574351978, "Sensitivity": 1.0, "Specificity": 0.9672131147540983, "AUC": 0.9934137781837411}, "Label_8": {"Optimal Threshold": 0.0029412938747555017, "Accuracy": 0.8144611186903138, "Sensitivity": 1.0, "Specificity": 0.813953488372093, "AUC": 0.8406292749658003}, "Label_9": {"Optimal Threshold": 0.0625622346997261, "Accuracy": 0.9413369713506139, "Sensitivity": 0.875, "Specificity": 0.9443651925820257, "AUC": 0.9457471469329529}, "Label_10": {"Optimal Threshold": 0.006909064017236233, "Accuracy": 0.7080491132332879, "Sensitivity": 1.0, "Specificity": 0.7006993006993008, "AUC": 0.8993783993783994}, "Label_11": {"Optimal Threshold": 0.04118240624666214, "Accuracy": 0.9495225102319236, "Sensitivity": 0.9444444444444444, "Specificity": 0.9496503496503497, "AUC": 0.9684537684537685}, "Label_12": {"Optimal Threshold": 0.04949786886572838, "Accuracy": 0.8553888130968622, "Sensitivity": 0.9019607843137255, "Specificity": 0.8519061583577713, "AUC": 0.9484215973779542}, "Overall": {"Accuracy": 0.882044285864204, "Sensitivity": 0.9603646529059895, "Specificity": 0.880108219491061, "AUC": 0.9539888473235003}}}