{"shared_labels": 9, "perf": [0.08724773675203323, 0.9788860082626343], "label_names": [[12, 7, 10, 6, 9, 1, 0, 2, 4, 11, 8], [12, 7, 10, 6, 9, 1, 0, 2, 4, 5, 3]], "metrics": {"Label_0": {"Optimal Threshold": 0.08512163162231445, "Accuracy": 0.9154160982264665, "Sensitivity": 0.8985507246376812, "Specificity": 0.9171686746987951, "AUC": 0.9689409813165707}, "Label_1": {"Optimal Threshold": 0.03816283494234085, "Accuracy": 0.9154160982264665, "Sensitivity": 0.9655172413793104, "Specificity": 0.9111111111111111, "AUC": 0.9860280970625798}, "Label_2": {"Optimal Threshold": 0.3697071373462677, "Accuracy": 0.9236016371077762, "Sensitivity": 0.9385964912280702, "Specificity": 0.9168316831683169, "AUC": 0.9756644085461177}, "Label_3": {"Optimal Threshold": 0.518710732460022, "Accuracy": 0.9304229195088677, "Sensitivity": 0.9276018099547512, "Specificity": 0.931640625, "AUC": 0.9757317590497738}, "Label_4": {"Optimal Threshold": 0.04515618830919266, "Accuracy": 0.9727148703956344, "Sensitivity": 0.8571428571428571, "Specificity": 0.9738292011019284, "AUC": 0.9653679653679653}, "Label_5": {"Optimal Threshold": 0.10155642032623291, "Accuracy": 0.9672578444747613, "Sensitivity": 0.8, "Specificity": 0.9684065934065934, "AUC": 0.9324175824175824}, "Label_6": {"Optimal Threshold": 0.0066459584049880505, "Accuracy": 0.8403819918144612, "Sensitivity": 1.0, "Specificity": 0.8379501385041551, "AUC": 0.9704104759506421}, "Label_7": {"Optimal Threshold": 0.23034577071666718, "Accuracy": 0.9631650750341064, "Sensitivity": 1.0, "Specificity": 0.9597615499254843, "AUC": 0.9928609201480697}, "Label_8": {"Optimal Threshold": 0.0024995417334139347, "Accuracy": 0.8171896316507503, "Sensitivity": 1.0, "Specificity": 0.8166894664842681, "AUC": 0.8673050615595075}, "Label_9": {"Optimal Threshold": 0.023223185911774635, "Accuracy": 0.9004092769440655, "Sensitivity": 0.96875, "Specificity": 0.8972895863052782, "AUC": 0.9498038516405135}, "Label_10": {"Optimal Threshold": 0.011946787126362324, "Accuracy": 0.7830832196452933, "Sensitivity": 0.9444444444444444, "Specificity": 0.779020979020979, "AUC": 0.9177156177156177}, "Label_11": {"Optimal Threshold": 0.06795204430818558, "Accuracy": 0.9577080491132333, "Sensitivity": 0.9444444444444444, "Specificity": 0.958041958041958, "AUC": 0.9755244755244755}, "Label_12": {"Optimal Threshold": 0.10981960594654083, "Accuracy": 0.8376534788540245, "Sensitivity": 0.9215686274509803, "Specificity": 0.8313782991202346, "AUC": 0.9483065953654188}, "Overall": {"Accuracy": 0.9018784762304544, "Sensitivity": 0.9358935877448107, "Specificity": 0.8999322973760849, "AUC": 0.9558521378203719}}}