{"shared_labels": 12, "perf": [0.08512672036886215, 0.979038417339325], "label_names": [[3, 9, 2, 8, 7, 10, 12, 0, 6, 11, 5, 1, 4], [3, 9, 2, 8, 7, 10, 12, 0, 6, 11, 5, 1]], "metrics": {"Label_0": {"Optimal Threshold": 0.23340913653373718, "Accuracy": 0.9440654843110505, "Sensitivity": 0.8695652173913043, "Specificity": 0.9518072289156626, "AUC": 0.9693775100401606}, "Label_1": {"Optimal Threshold": 0.16895677149295807, "Accuracy": 0.9522510231923602, "Sensitivity": 0.9482758620689655, "Specificity": 0.9525925925925925, "AUC": 0.9884546615581099}, "Label_2": {"Optimal Threshold": 0.2191828489303589, "Accuracy": 0.9167803547066848, "Sensitivity": 0.9473684210526315, "Specificity": 0.902970297029703, "AUC": 0.9751346187250305}, "Label_3": {"Optimal Threshold": 0.2593216598033905, "Accuracy": 0.9263301500682128, "Sensitivity": 0.9366515837104072, "Specificity": 0.921875, "AUC": 0.9770662471719458}, "Label_4": {"Optimal Threshold": 0.001909168902784586, "Accuracy": 0.7448840381991815, "Sensitivity": 1.0, "Specificity": 0.7424242424242424, "AUC": 0.9423455332546241}, "Label_5": {"Optimal Threshold": 0.0036468375474214554, "Accuracy": 0.7926330150068213, "Sensitivity": 1.0, "Specificity": 0.7912087912087912, "AUC": 0.9406593406593406}, "Label_6": {"Optimal Threshold": 0.0197270717471838, "Accuracy": 0.9072305593451568, "Sensitivity": 1.0, "Specificity": 0.9058171745152355, "AUC": 0.9764542936288089}, "Label_7": {"Optimal Threshold": 0.09019133448600769, "Accuracy": 0.965893587994543, "Sensitivity": 1.0, "Specificity": 0.96274217585693, "AUC": 0.9939666362194126}, "Label_8": {"Optimal Threshold": 0.0019627821166068316, "Accuracy": 0.7748976807639836, "Sensitivity": 1.0, "Specificity": 0.774281805745554, "AUC": 0.8207934336525308}, "Label_9": {"Optimal Threshold": 0.08053310960531235, "Accuracy": 0.9236016371077762, "Sensitivity": 0.90625, "Specificity": 0.9243937232524965, "AUC": 0.9492243223965763}, "Label_10": {"Optimal Threshold": 0.01751023903489113, "Accuracy": 0.7789904502046384, "Sensitivity": 0.8888888888888888, "Specificity": 0.7762237762237763, "AUC": 0.8926961926961927}, "Label_11": {"Optimal Threshold": 0.03246216103434563, "Accuracy": 0.9290586630286494, "Sensitivity": 1.0, "Specificity": 0.9272727272727272, "AUC": 0.9836052836052835}, "Label_12": {"Optimal Threshold": 0.039864376187324524, "Accuracy": 0.8226466575716235, "Sensitivity": 0.9215686274509803, "Specificity": 0.8152492668621701, "AUC": 0.9421252371916509}, "Overall": {"Accuracy": 0.8753279462692832, "Sensitivity": 0.955274507735629, "Specificity": 0.8729891386076832, "AUC": 0.9501464085230513}}}