{"shared_labels": 0, "perf": [0.0921969935297966, 0.9762396812438965], "label_names": [[11, 0, 4, 9, 12, 8, 6], [7, 5, 3, 10, 1, 2]], "metrics": {"Label_0": {"Optimal Threshold": 0.10533642768859863, "Accuracy": 0.9017735334242838, "Sensitivity": 0.9130434782608695, "Specificity": 0.9006024096385542, "AUC": 0.9688973284442116}, "Label_1": {"Optimal Threshold": 0.39057275652885437, "Accuracy": 0.9699863574351978, "Sensitivity": 0.9310344827586207, "Specificity": 0.9733333333333334, "AUC": 0.9854661558109834}, "Label_2": {"Optimal Threshold": 0.2289535105228424, "Accuracy": 0.9249658935879945, "Sensitivity": 0.9210526315789473, "Specificity": 0.9267326732673268, "AUC": 0.9721816918533958}, "Label_3": {"Optimal Threshold": 0.29593849182128906, "Accuracy": 0.9263301500682128, "Sensitivity": 0.9230769230769231, "Specificity": 0.927734375, "AUC": 0.97498939479638}, "Label_4": {"Optimal Threshold": 0.09521917253732681, "Accuracy": 0.9809004092769441, "Sensitivity": 0.8571428571428571, "Specificity": 0.9820936639118457, "AUC": 0.9677292404565132}, "Label_5": {"Optimal Threshold": 0.002565658651292324, "Accuracy": 0.8649386084583902, "Sensitivity": 1.0, "Specificity": 0.864010989010989, "AUC": 0.9651098901098901}, "Label_6": {"Optimal Threshold": 0.004745523910969496, "Accuracy": 0.869031377899045, "Sensitivity": 1.0, "Specificity": 0.8670360110803325, "AUC": 0.9660035255603123}, "Label_7": {"Optimal Threshold": 0.024050872772932053, "Accuracy": 0.9481582537517054, "Sensitivity": 1.0, "Specificity": 0.9433681073025335, "AUC": 0.9913225325705495}, "Label_8": {"Optimal Threshold": 0.0011233658296987414, "Accuracy": 0.8158253751705321, "Sensitivity": 1.0, "Specificity": 0.8153214774281806, "AUC": 0.826265389876881}, "Label_9": {"Optimal Threshold": 0.017198100686073303, "Accuracy": 0.8813096862210096, "Sensitivity": 0.9375, "Specificity": 0.8787446504992867, "AUC": 0.9436519258202568}, "Label_10": {"Optimal Threshold": 0.010495755821466446, "Accuracy": 0.844474761255116, "Sensitivity": 0.8333333333333334, "Specificity": 0.8447552447552448, "AUC": 0.9022533022533022}, "Label_11": {"Optimal Threshold": 0.022855127230286598, "Accuracy": 0.9331514324693042, "Sensitivity": 0.9444444444444444, "Specificity": 0.9328671328671329, "AUC": 0.9732711732711732}, "Label_12": {"Optimal Threshold": 0.05631823465228081, "Accuracy": 0.8362892223738063, "Sensitivity": 0.8823529411764706, "Specificity": 0.8328445747800587, "AUC": 0.9380139152435168}, "Overall": {"Accuracy": 0.8997796201070414, "Sensitivity": 0.9340754685978822, "Specificity": 0.8991880494519091, "AUC": 0.9519350358513358}}}