{"shared_labels": 13, "perf": [0.08587762713432312, 0.9791208505630493], "label_names": [[5, 0, 1, 2, 8, 11, 6, 12, 7, 10, 9, 4, 3], [5, 0, 1, 2, 8, 11, 6, 12, 7, 10, 9, 4, 3]], "metrics": {"Label_0": {"Optimal Threshold": 0.045250650495290756, "Accuracy": 0.8949522510231923, "Sensitivity": 0.927536231884058, "Specificity": 0.891566265060241, "AUC": 0.9704033525405972}, "Label_1": {"Optimal Threshold": 0.036551281809806824, "Accuracy": 0.927694406548431, "Sensitivity": 0.9655172413793104, "Specificity": 0.9244444444444444, "AUC": 0.9878671775223499}, "Label_2": {"Optimal Threshold": 0.39918068051338196, "Accuracy": 0.9249658935879945, "Sensitivity": 0.9254385964912281, "Specificity": 0.9247524752475248, "AUC": 0.9740750390828556}, "Label_3": {"Optimal Threshold": 0.36548495292663574, "Accuracy": 0.9331514324693042, "Sensitivity": 0.9321266968325792, "Specificity": 0.93359375, "AUC": 0.9766950650452488}, "Label_4": {"Optimal Threshold": 0.022148387506604195, "Accuracy": 0.9290586630286494, "Sensitivity": 0.8571428571428571, "Specificity": 0.9297520661157025, "AUC": 0.9549390003935458}, "Label_5": {"Optimal Threshold": 0.0029761758632957935, "Accuracy": 0.7585266030013642, "Sensitivity": 1.0, "Specificity": 0.7568681318681318, "AUC": 0.9365384615384615}, "Label_6": {"Optimal Threshold": 0.01348760537803173, "Accuracy": 0.8622100954979536, "Sensitivity": 1.0, "Specificity": 0.8601108033240997, "AUC": 0.9670108285066733}, "Label_7": {"Optimal Threshold": 0.20335876941680908, "Accuracy": 0.9699863574351978, "Sensitivity": 1.0, "Specificity": 0.9672131147540983, "AUC": 0.9932695543483487}, "Label_8": {"Optimal Threshold": 0.004269496537744999, "Accuracy": 0.7939972714870396, "Sensitivity": 1.0, "Specificity": 0.7934336525307798, "AUC": 0.8413132694938441}, "Label_9": {"Optimal Threshold": 0.04647763818502426, "Accuracy": 0.9099590723055935, "Sensitivity": 0.90625, "Specificity": 0.9101283880171184, "AUC": 0.9473519971469329}, "Label_10": {"Optimal Threshold": 0.017300525680184364, "Accuracy": 0.7694406548431105, "Sensitivity": 0.8888888888888888, "Specificity": 0.7664335664335664, "AUC": 0.88997668997669}, "Label_11": {"Optimal Threshold": 0.019777236506342888, "Accuracy": 0.8799454297407913, "Sensitivity": 1.0, "Specificity": 0.8769230769230769, "AUC": 0.9787878787878788}, "Label_12": {"Optimal Threshold": 0.04474709928035736, "Accuracy": 0.7680763983628922, "Sensitivity": 0.9803921568627451, "Specificity": 0.7521994134897361, "AUC": 0.9438215168765453}, "Overall": {"Accuracy": 0.8709203484101165, "Sensitivity": 0.9525609745755129, "Specificity": 0.8682630114006554, "AUC": 0.9509269100969209}}}