{"shared_labels": 5, "perf": [0.0909702256321907, 0.974653422832489], "label_names": [[3, 2, 4, 0, 6, 5, 7, 9, 12], [3, 2, 4, 0, 6, 11, 1, 8, 10]], "metrics": {"Label_0": {"Optimal Threshold": 0.05461642146110535, "Accuracy": 0.9290586630286494, "Sensitivity": 0.8695652173913043, "Specificity": 0.9352409638554217, "AUC": 0.9701632617426227}, "Label_1": {"Optimal Threshold": 0.09190740436315536, "Accuracy": 0.9672578444747613, "Sensitivity": 0.896551724137931, "Specificity": 0.9733333333333334, "AUC": 0.9808939974457216}, "Label_2": {"Optimal Threshold": 0.38699647784233093, "Accuracy": 0.9263301500682128, "Sensitivity": 0.8947368421052632, "Specificity": 0.9405940594059405, "AUC": 0.9726854264373805}, "Label_3": {"Optimal Threshold": 0.29486390948295593, "Accuracy": 0.9304229195088677, "Sensitivity": 0.918552036199095, "Specificity": 0.935546875, "AUC": 0.9756787330316742}, "Label_4": {"Optimal Threshold": 0.009414038620889187, "Accuracy": 0.9113233287858117, "Sensitivity": 0.8571428571428571, "Specificity": 0.9118457300275482, "AUC": 0.9512003148366786}, "Label_5": {"Optimal Threshold": 0.06356341391801834, "Accuracy": 0.975443383356071, "Sensitivity": 0.8, "Specificity": 0.9766483516483516, "AUC": 0.9458791208791208}, "Label_6": {"Optimal Threshold": 0.028309306129813194, "Accuracy": 0.946793997271487, "Sensitivity": 1.0, "Specificity": 0.945983379501385, "AUC": 0.9809871568874339}, "Label_7": {"Optimal Threshold": 0.042595356702804565, "Accuracy": 0.9536152796725784, "Sensitivity": 1.0, "Specificity": 0.9493293591654247, "AUC": 0.9929330320657661}, "Label_8": {"Optimal Threshold": 0.009052136912941933, "Accuracy": 0.8922237380627558, "Sensitivity": 1.0, "Specificity": 0.8919288645690835, "AUC": 0.8939808481532147}, "Label_9": {"Optimal Threshold": 0.019270705059170723, "Accuracy": 0.8894952251023193, "Sensitivity": 0.90625, "Specificity": 0.8887303851640513, "AUC": 0.9424037089871612}, "Label_10": {"Optimal Threshold": 0.014128177426755428, "Accuracy": 0.7994542974079127, "Sensitivity": 0.9444444444444444, "Specificity": 0.7958041958041958, "AUC": 0.8979020979020979}, "Label_11": {"Optimal Threshold": 0.02624185010790825, "Accuracy": 0.9290586630286494, "Sensitivity": 0.9444444444444444, "Specificity": 0.9286713286713286, "AUC": 0.965889665889666}, "Label_12": {"Optimal Threshold": 0.08557971566915512, "Accuracy": 0.8171896316507503, "Sensitivity": 0.9019607843137255, "Specificity": 0.8108504398826979, "AUC": 0.9347076073831292}, "Overall": {"Accuracy": 0.9128974708783713, "Sensitivity": 0.9179729500137743, "Specificity": 0.914192866617597, "AUC": 0.9542542285878206}}}