{"shared_labels": 5, "perf": [0.08926548063755035, 0.9776012897491455], "metrics": {"Label_0": {"Optimal Threshold": 0.10630615800619125, "Accuracy": 0.9304229195088677, "Sensitivity": 0.8405797101449275, "Specificity": 0.9397590361445783, "AUC": 0.9577876724288459}, "Label_1": {"Optimal Threshold": 0.10123861581087112, "Accuracy": 0.9631650750341064, "Sensitivity": 0.9137931034482759, "Specificity": 0.9674074074074074, "AUC": 0.9875095785440613}, "Label_2": {"Optimal Threshold": 0.4182211458683014, "Accuracy": 0.9263301500682128, "Sensitivity": 0.9210526315789473, "Specificity": 0.9287128712871288, "AUC": 0.9717561229807191}, "Label_3": {"Optimal Threshold": 0.6307154893875122, "Accuracy": 0.9358799454297408, "Sensitivity": 0.9004524886877828, "Specificity": 0.951171875, "AUC": 0.9740614394796381}, "Label_4": {"Optimal Threshold": 0.004429214634001255, "Accuracy": 0.8581173260572987, "Sensitivity": 1.0, "Specificity": 0.8567493112947658, "AUC": 0.9742227469500196}, "Label_5": {"Optimal Threshold": 0.00599122466519475, "Accuracy": 0.8758526603001364, "Sensitivity": 1.0, "Specificity": 0.875, "AUC": 0.9543956043956043}, "Label_6": {"Optimal Threshold": 0.05576062947511673, "Accuracy": 0.9618008185538881, "Sensitivity": 1.0, "Specificity": 0.961218836565097, "AUC": 0.9862754973558299}, "Label_7": {"Optimal Threshold": 0.1373288780450821, "Accuracy": 0.9454297407912687, "Sensitivity": 1.0, "Specificity": 0.940387481371088, "AUC": 0.9892072496514591}, "Label_8": {"Optimal Threshold": 0.0013813441619277, "Accuracy": 0.7162346521145976, "Sensitivity": 1.0, "Specificity": 0.7154582763337893, "AUC": 0.7879616963064295}, "Label_9": {"Optimal Threshold": 0.02231677994132042, "Accuracy": 0.8867667121418826, "Sensitivity": 0.96875, "Specificity": 0.8830242510699001, "AUC": 0.9549750356633381}, "Label_10": {"Optimal Threshold": 0.021902205422520638, "Accuracy": 0.8417462482946794, "Sensitivity": 0.8888888888888888, "Specificity": 0.8405594405594405, "AUC": 0.925019425019425}, "Label_11": {"Optimal Threshold": 0.05716383829712868, "Accuracy": 0.9713506139154161, "Sensitivity": 0.9444444444444444, "Specificity": 0.972027972027972, "AUC": 0.9818181818181818}, "Label_12": {"Optimal Threshold": 0.09675005078315735, "Accuracy": 0.9099590723055935, "Sensitivity": 0.7254901960784313, "Specificity": 0.9237536656891495, "AUC": 0.9074233799091483}, "Overall": {"Accuracy": 0.9017735334242837, "Sensitivity": 0.9310347279439768, "Specificity": 0.9042484942115627, "AUC": 0.9501856638848233}}, "label_names": [[4, 10, 9, 1, 11, 2, 12, 5, 7], [4, 10, 9, 1, 11, 0, 8, 3, 6]]}