{"shared_labels": 5, "perf": [0.09954781085252762, 0.9709545969963074], "metrics": {"Label_0": {"Optimal Threshold": 0.13841000199317932, "Accuracy": 0.91268758526603, "Sensitivity": 0.8604651162790697, "Specificity": 0.919629057187017, "AUC": 0.9550339671471191}, "Label_1": {"Optimal Threshold": 0.1241692304611206, "Accuracy": 0.9522510231923602, "Sensitivity": 0.9444444444444444, "Specificity": 0.9531013615733737, "AUC": 0.9844931921331317}, "Label_2": {"Optimal Threshold": 0.20027939975261688, "Accuracy": 0.8990450204638472, "Sensitivity": 0.9090909090909091, "Specificity": 0.8940936863543788, "AUC": 0.9583073841544495}, "Label_3": {"Optimal Threshold": 0.2074003666639328, "Accuracy": 0.9140518417462483, "Sensitivity": 0.944206008583691, "Specificity": 0.9, "AUC": 0.9696480686695278}, "Label_4": {"Optimal Threshold": 0.015156629495322704, "Accuracy": 0.9072305593451568, "Sensitivity": 0.9090909090909091, "Specificity": 0.907202216066482, "AUC": 0.959456056408965}, "Label_5": {"Optimal Threshold": 0.0057408735156059265, "Accuracy": 0.8281036834924966, "Sensitivity": 0.75, "Specificity": 0.8285322359396433, "AUC": 0.8168724279835391}, "Label_6": {"Optimal Threshold": 0.16167610883712769, "Accuracy": 0.9890859481582538, "Sensitivity": 1.0, "Specificity": 0.9890560875512996, "AUC": 0.993844049247606}, "Label_7": {"Optimal Threshold": 0.3764156997203827, "Accuracy": 0.9740791268758526, "Sensitivity": 0.9473684210526315, "Specificity": 0.9763313609467456, "AUC": 0.9872054396345894}, "Label_8": {"Optimal Threshold": 0.010068049654364586, "Accuracy": 0.903137789904502, "Sensitivity": 1.0, "Specificity": 0.9026063100137174, "AUC": 0.9722222222222222}, "Label_9": {"Optimal Threshold": 0.03837951645255089, "Accuracy": 0.8894952251023193, "Sensitivity": 0.9285714285714286, "Specificity": 0.8879432624113475, "AUC": 0.9630192502532927}, "Label_10": {"Optimal Threshold": 0.035720743238925934, "Accuracy": 0.8526603001364257, "Sensitivity": 0.8, "Specificity": 0.8537604456824512, "AUC": 0.8504178272980502}, "Label_11": {"Optimal Threshold": 0.019898558035492897, "Accuracy": 0.9140518417462483, "Sensitivity": 0.9444444444444444, "Specificity": 0.9132867132867133, "AUC": 0.956021756021756}, "Label_12": {"Optimal Threshold": 0.11098375916481018, "Accuracy": 0.8854024556616644, "Sensitivity": 0.8, "Specificity": 0.8930163447251115, "AUC": 0.9131748390292224}, "Overall": {"Accuracy": 0.9093294154685696, "Sensitivity": 0.9028985908890407, "Specificity": 0.9091199293644829, "AUC": 0.944593575400267}}, "label_names": [[7, 12, 6, 0, 3, 5, 10, 8, 2], [7, 12, 6, 0, 3, 9, 4, 1, 11]]}