{"shared_labels": 3, "perf": [0.08945018798112869, 0.9728135466575623], "metrics": {"Label_0": {"Optimal Threshold": 0.05009350925683975, "Accuracy": 0.9004092769440655, "Sensitivity": 0.8941176470588236, "Specificity": 0.9012345679012346, "AUC": 0.9547930283224401}, "Label_1": {"Optimal Threshold": 0.08582452684640884, "Accuracy": 0.937244201909959, "Sensitivity": 0.92, "Specificity": 0.939209726443769, "AUC": 0.9798176291793314}, "Label_2": {"Optimal Threshold": 0.24759842455387115, "Accuracy": 0.9249658935879945, "Sensitivity": 0.9372197309417041, "Specificity": 0.9196078431372549, "AUC": 0.9738503473138134}, "Label_3": {"Optimal Threshold": 0.13845646381378174, "Accuracy": 0.9195088676671214, "Sensitivity": 0.9490740740740741, "Specificity": 0.90715667311412, "AUC": 0.9755802707930368}, "Label_4": {"Optimal Threshold": 0.009026381187140942, "Accuracy": 0.9304229195088677, "Sensitivity": 1.0, "Specificity": 0.9296551724137931, "AUC": 0.9801724137931035}, "Label_5": {"Optimal Threshold": 0.0019086465472355485, "Accuracy": 0.791268758526603, "Sensitivity": 1.0, "Specificity": 0.7901234567901234, "AUC": 0.862482853223594}, "Label_6": {"Optimal Threshold": 0.013126722536981106, "Accuracy": 0.9099590723055935, "Sensitivity": 1.0, "Specificity": 0.9094650205761317, "AUC": 0.9667352537722907}, "Label_7": {"Optimal Threshold": 0.055572349578142166, "Accuracy": 0.9604365620736699, "Sensitivity": 1.0, "Specificity": 0.9574155653450808, "AUC": 0.9937874166949057}, "Label_8": {"Optimal Threshold": 0.006881586275994778, "Accuracy": 0.9045020463847203, "Sensitivity": 1.0, "Specificity": 0.9041095890410958, "AUC": 0.9611872146118722}, "Label_9": {"Optimal Threshold": 0.05931568518280983, "Accuracy": 0.922237380627558, "Sensitivity": 1.0, "Specificity": 0.919605077574048, "AUC": 0.9845439586271745}, "Label_10": {"Optimal Threshold": 0.03348321095108986, "Accuracy": 0.869031377899045, "Sensitivity": 0.9166666666666666, "Specificity": 0.8682385575589459, "AUC": 0.9496070272769301}, "Label_11": {"Optimal Threshold": 0.026211705058813095, "Accuracy": 0.9331514324693042, "Sensitivity": 0.9473684210526315, "Specificity": 0.9327731092436975, "AUC": 0.9699985257260799}, "Label_12": {"Optimal Threshold": 0.023075588047504425, "Accuracy": 0.8458390177353342, "Sensitivity": 0.8548387096774194, "Specificity": 0.8450074515648286, "AUC": 0.9319744243065237}, "Overall": {"Accuracy": 0.9037674467415259, "Sensitivity": 0.9553296345747169, "Specificity": 0.9018155239003172, "AUC": 0.9603484895108535}}, "label_names": [[2, 3, 12, 10, 1, 8, 9, 6], [2, 3, 12, 4, 0, 5, 7, 11]]}