{"shared_labels": 3, "perf": [0.09083644300699234, 0.9759329557418823], "metrics": {"Label_0": {"Optimal Threshold": 0.06353896111249924, "Accuracy": 0.9304229195088677, "Sensitivity": 0.855072463768116, "Specificity": 0.9382530120481928, "AUC": 0.9588353413654619}, "Label_1": {"Optimal Threshold": 0.08088162541389465, "Accuracy": 0.9495225102319236, "Sensitivity": 0.9655172413793104, "Specificity": 0.9481481481481482, "AUC": 0.9877139208173691}, "Label_2": {"Optimal Threshold": 0.25694265961647034, "Accuracy": 0.9085948158253752, "Sensitivity": 0.9473684210526315, "Specificity": 0.8910891089108911, "AUC": 0.9712784436338371}, "Label_3": {"Optimal Threshold": 0.5638229846954346, "Accuracy": 0.9358799454297408, "Sensitivity": 0.9095022624434389, "Specificity": 0.947265625, "AUC": 0.9763238829185521}, "Label_4": {"Optimal Threshold": 0.007444746792316437, "Accuracy": 0.8949522510231923, "Sensitivity": 0.8571428571428571, "Specificity": 0.8953168044077136, "AUC": 0.9417552144824872}, "Label_5": {"Optimal Threshold": 0.006684825289994478, "Accuracy": 0.8130968622100955, "Sensitivity": 1.0, "Specificity": 0.8118131868131868, "AUC": 0.9332417582417581}, "Label_6": {"Optimal Threshold": 0.026143375784158707, "Accuracy": 0.9290586630286494, "Sensitivity": 1.0, "Specificity": 0.9279778393351801, "AUC": 0.9756988164190381}, "Label_7": {"Optimal Threshold": 0.12423314899206161, "Accuracy": 0.9577080491132333, "Sensitivity": 1.0, "Specificity": 0.9538002980625931, "AUC": 0.990481226864093}, "Label_8": {"Optimal Threshold": 0.0012402518186718225, "Accuracy": 0.7271487039563438, "Sensitivity": 1.0, "Specificity": 0.7264021887824897, "AUC": 0.7920656634746922}, "Label_9": {"Optimal Threshold": 0.016956757754087448, "Accuracy": 0.8813096862210096, "Sensitivity": 0.96875, "Specificity": 0.8773181169757489, "AUC": 0.9543955064194009}, "Label_10": {"Optimal Threshold": 0.008779652416706085, "Accuracy": 0.772169167803547, "Sensitivity": 0.8888888888888888, "Specificity": 0.7692307692307693, "AUC": 0.8975135975135975}, "Label_11": {"Optimal Threshold": 0.07298506051301956, "Accuracy": 0.9645293315143247, "Sensitivity": 0.9444444444444444, "Specificity": 0.965034965034965, "AUC": 0.980963480963481}, "Label_12": {"Optimal Threshold": 0.055324431508779526, "Accuracy": 0.8076398362892224, "Sensitivity": 0.9019607843137255, "Specificity": 0.8005865102639296, "AUC": 0.9199873497786212}, "Overall": {"Accuracy": 0.8824640570888865, "Sensitivity": 0.941434412571801, "Specificity": 0.8809412748472162, "AUC": 0.94463493868403}}, "label_names": [[3, 9, 11, 8, 1, 4, 2, 7], [3, 9, 11, 0, 10, 12, 5, 6]]}