{"shared_labels": 9, "perf": [0.08621896803379059, 0.9769040942192078], "metrics": {"Label_0": {"Optimal Threshold": 0.1361960470676422, "Accuracy": 0.937244201909959, "Sensitivity": 0.8695652173913043, "Specificity": 0.9442771084337349, "AUC": 0.968613584773878}, "Label_1": {"Optimal Threshold": 0.05643874779343605, "Accuracy": 0.9358799454297408, "Sensitivity": 0.9655172413793104, "Specificity": 0.9333333333333333, "AUC": 0.9871008939974457}, "Label_2": {"Optimal Threshold": 0.42455336451530457, "Accuracy": 0.9290586630286494, "Sensitivity": 0.9166666666666666, "Specificity": 0.9346534653465347, "AUC": 0.9743790168490534}, "Label_3": {"Optimal Threshold": 0.2476757913827896, "Accuracy": 0.9181446111869032, "Sensitivity": 0.9457013574660633, "Specificity": 0.90625, "AUC": 0.9764829609728507}, "Label_4": {"Optimal Threshold": 0.007981901057064533, "Accuracy": 0.931787175989086, "Sensitivity": 0.8571428571428571, "Specificity": 0.9325068870523416, "AUC": 0.9403778040141676}, "Label_5": {"Optimal Threshold": 0.0021195707377046347, "Accuracy": 0.7448840381991815, "Sensitivity": 1.0, "Specificity": 0.7431318681318682, "AUC": 0.9228021978021977}, "Label_6": {"Optimal Threshold": 0.028646346181631088, "Accuracy": 0.931787175989086, "Sensitivity": 0.9090909090909091, "Specificity": 0.9321329639889196, "AUC": 0.9605892722236212}, "Label_7": {"Optimal Threshold": 0.11513776332139969, "Accuracy": 0.9686221009549796, "Sensitivity": 1.0, "Specificity": 0.9657228017883756, "AUC": 0.9941108600548051}, "Label_8": {"Optimal Threshold": 0.0007715303217992187, "Accuracy": 0.6780354706684857, "Sensitivity": 1.0, "Specificity": 0.6771545827633378, "AUC": 0.6942544459644323}, "Label_9": {"Optimal Threshold": 0.041240669786930084, "Accuracy": 0.8963165075034106, "Sensitivity": 0.875, "Specificity": 0.8972895863052782, "AUC": 0.9425820256776034}, "Label_10": {"Optimal Threshold": 0.006655015051364899, "Accuracy": 0.7407912687585266, "Sensitivity": 0.9444444444444444, "Specificity": 0.7356643356643356, "AUC": 0.9124320124320124}, "Label_11": {"Optimal Threshold": 0.030242018401622772, "Accuracy": 0.931787175989086, "Sensitivity": 1.0, "Specificity": 0.9300699300699301, "AUC": 0.9822066822066823}, "Label_12": {"Optimal Threshold": 0.04971056431531906, "Accuracy": 0.8185538881309686, "Sensitivity": 0.9411764705882353, "Specificity": 0.8093841642228738, "AUC": 0.9487666034155597}, "Overall": {"Accuracy": 0.8740686325952358, "Sensitivity": 0.9403311664745994, "Specificity": 0.8724285405462202, "AUC": 0.9388229507987931}}, "label_names": [[8, 2, 7, 0, 10, 1, 11, 3, 12, 9, 6], [8, 2, 7, 0, 10, 1, 11, 3, 12, 5, 4]]}