{"shared_labels": 9, "perf": [0.0875556617975235, 0.9765193462371826], "metrics": {"Label_0": {"Optimal Threshold": 0.10211209952831268, "Accuracy": 0.927694406548431, "Sensitivity": 0.9452054794520548, "Specificity": 0.9257575757575758, "AUC": 0.9803652968036529}, "Label_1": {"Optimal Threshold": 0.042269665747880936, "Accuracy": 0.9249658935879945, "Sensitivity": 0.9850746268656716, "Specificity": 0.918918918918919, "AUC": 0.9874053157635246}, "Label_2": {"Optimal Threshold": 0.2850053608417511, "Accuracy": 0.9085948158253752, "Sensitivity": 0.9248826291079812, "Specificity": 0.9019230769230769, "AUC": 0.968445287107259}, "Label_3": {"Optimal Threshold": 0.25133660435676575, "Accuracy": 0.9045020463847203, "Sensitivity": 0.9516908212560387, "Specificity": 0.8859315589353612, "AUC": 0.970693043845631}, "Label_4": {"Optimal Threshold": 0.01277833804488182, "Accuracy": 0.8676671214188267, "Sensitivity": 0.8333333333333334, "Specificity": 0.8679504814305364, "AUC": 0.9069234296194406}, "Label_5": {"Optimal Threshold": 0.0014096100348979235, "Accuracy": 0.7366984993178718, "Sensitivity": 1.0, "Specificity": 0.7352537722908093, "AUC": 0.9252400548696845}, "Label_6": {"Optimal Threshold": 0.019231492653489113, "Accuracy": 0.9331514324693042, "Sensitivity": 1.0, "Specificity": 0.9324137931034483, "AUC": 0.9755172413793104}, "Label_7": {"Optimal Threshold": 0.013904999941587448, "Accuracy": 0.9195088676671214, "Sensitivity": 0.9692307692307692, "Specificity": 0.9146706586826348, "AUC": 0.9818977429755874}, "Label_8": {"Optimal Threshold": 0.016414744779467583, "Accuracy": 0.9495225102319236, "Sensitivity": 1.0, "Specificity": 0.9489655172413793, "AUC": 0.9763793103448276}, "Label_9": {"Optimal Threshold": 0.07040330022573471, "Accuracy": 0.9249658935879945, "Sensitivity": 0.9333333333333333, "Specificity": 0.9246088193456614, "AUC": 0.9784257942152679}, "Label_10": {"Optimal Threshold": 0.051752179861068726, "Accuracy": 0.922237380627558, "Sensitivity": 1.0, "Specificity": 0.9209431345353676, "AUC": 0.966597318539066}, "Label_11": {"Optimal Threshold": 0.0508437380194664, "Accuracy": 0.9631650750341064, "Sensitivity": 1.0, "Specificity": 0.9623430962343096, "AUC": 0.9836994421199442}, "Label_12": {"Optimal Threshold": 0.059467338025569916, "Accuracy": 0.7858117326057299, "Sensitivity": 0.8679245283018868, "Specificity": 0.7794117647058824, "AUC": 0.8889567147613762}, "Overall": {"Accuracy": 0.8975758211774584, "Sensitivity": 0.9546673477600822, "Specificity": 0.8937763206234586, "AUC": 0.9608112301803515}}, "label_names": [[11, 2, 10, 6, 1, 7, 5, 0, 9, 4, 12], [11, 2, 10, 6, 1, 7, 5, 0, 9, 8, 3]]}