{"shared_labels": 11, "perf": [0.08637623488903046, 0.9784578084945679], "metrics": {"Label_0": {"Optimal Threshold": 0.13709983229637146, "Accuracy": 0.9536152796725784, "Sensitivity": 0.855072463768116, "Specificity": 0.963855421686747, "AUC": 0.9690501134974682}, "Label_1": {"Optimal Threshold": 0.03851262852549553, "Accuracy": 0.9386084583901774, "Sensitivity": 0.9482758620689655, "Specificity": 0.9377777777777778, "AUC": 0.9886079182630908}, "Label_2": {"Optimal Threshold": 0.3168385922908783, "Accuracy": 0.9290586630286494, "Sensitivity": 0.9166666666666666, "Specificity": 0.9346534653465347, "AUC": 0.9747264200104221}, "Label_3": {"Optimal Threshold": 0.2865017354488373, "Accuracy": 0.9236016371077762, "Sensitivity": 0.9321266968325792, "Specificity": 0.919921875, "AUC": 0.9758289734162896}, "Label_4": {"Optimal Threshold": 0.002461122814565897, "Accuracy": 0.8130968622100955, "Sensitivity": 1.0, "Specificity": 0.8112947658402204, "AUC": 0.9612357339630067}, "Label_5": {"Optimal Threshold": 0.0032292043324559927, "Accuracy": 0.8062755798090041, "Sensitivity": 1.0, "Specificity": 0.804945054945055, "AUC": 0.9480769230769232}, "Label_6": {"Optimal Threshold": 0.0038662711158394814, "Accuracy": 0.8526603001364257, "Sensitivity": 1.0, "Specificity": 0.850415512465374, "AUC": 0.9715436917652984}, "Label_7": {"Optimal Threshold": 0.16132774949073792, "Accuracy": 0.9686221009549796, "Sensitivity": 1.0, "Specificity": 0.9657228017883756, "AUC": 0.9935820393250324}, "Label_8": {"Optimal Threshold": 0.0024041621945798397, "Accuracy": 0.8035470668485676, "Sensitivity": 1.0, "Specificity": 0.8030095759233926, "AUC": 0.8461012311901505}, "Label_9": {"Optimal Threshold": 0.014485958963632584, "Accuracy": 0.8526603001364257, "Sensitivity": 0.96875, "Specificity": 0.8473609129814551, "AUC": 0.9472182596291013}, "Label_10": {"Optimal Threshold": 0.0069101047702133656, "Accuracy": 0.7394270122783083, "Sensitivity": 1.0, "Specificity": 0.7328671328671329, "AUC": 0.9187257187257187}, "Label_11": {"Optimal Threshold": 0.026027698069810867, "Accuracy": 0.9345156889495225, "Sensitivity": 0.9444444444444444, "Specificity": 0.9342657342657342, "AUC": 0.9727272727272727}, "Label_12": {"Optimal Threshold": 0.03937087208032608, "Accuracy": 0.8130968622100955, "Sensitivity": 0.9411764705882353, "Specificity": 0.8035190615835777, "AUC": 0.9415502271289747}, "Overall": {"Accuracy": 0.8714450624409698, "Sensitivity": 0.9620394311053082, "Specificity": 0.8699699301901058, "AUC": 0.9545365017475962}}, "label_names": [[6, 0, 1, 10, 4, 5, 12, 7, 8, 9, 2, 3], [6, 0, 1, 10, 4, 5, 12, 7, 8, 9, 2, 11]]}