{"shared_labels": 11, "perf": [0.0954548716545105, 0.9730109572410583], "metrics": {"Label_0": {"Optimal Threshold": 0.01840873993933201, "Accuracy": 0.8417462482946794, "Sensitivity": 0.9402985074626866, "Specificity": 0.8318318318318318, "AUC": 0.9490834117699789}, "Label_1": {"Optimal Threshold": 0.01974642090499401, "Accuracy": 0.8935879945429741, "Sensitivity": 0.9642857142857143, "Specificity": 0.8877400295420975, "AUC": 0.9793469086305128}, "Label_2": {"Optimal Threshold": 0.18981090188026428, "Accuracy": 0.91268758526603, "Sensitivity": 0.905982905982906, "Specificity": 0.9158316633266533, "AUC": 0.9641248308582978}, "Label_3": {"Optimal Threshold": 0.2038739174604416, "Accuracy": 0.9140518417462483, "Sensitivity": 0.9321266968325792, "Specificity": 0.90625, "AUC": 0.9683964932126696}, "Label_4": {"Optimal Threshold": 5.308221443556249e-05, "Accuracy": 0.5798090040927695, "Sensitivity": 1.0, "Specificity": 0.5780821917808219, "AUC": 0.8036529680365296}, "Label_5": {"Optimal Threshold": 0.04061119630932808, "Accuracy": 0.9768076398362893, "Sensitivity": 0.9, "Specificity": 0.9778699861687413, "AUC": 0.9788381742738589}, "Label_6": {"Optimal Threshold": 0.04033682495355606, "Accuracy": 0.9590723055934516, "Sensitivity": 1.0, "Specificity": 0.9582753824756607, "AUC": 0.9848003179018479}, "Label_7": {"Optimal Threshold": 0.02317848429083824, "Accuracy": 0.9345156889495225, "Sensitivity": 1.0, "Specificity": 0.9280359820089955, "AUC": 0.9923447367225477}, "Label_8": {"Optimal Threshold": 0.009839128702878952, "Accuracy": 0.9004092769440655, "Sensitivity": 1.0, "Specificity": 0.8995873452544704, "AUC": 0.9738651994497937}, "Label_9": {"Optimal Threshold": 0.03907917067408562, "Accuracy": 0.9140518417462483, "Sensitivity": 0.90625, "Specificity": 0.9144079885877318, "AUC": 0.9488676890156919}, "Label_10": {"Optimal Threshold": 0.04283769801259041, "Accuracy": 0.9195088676671214, "Sensitivity": 0.9166666666666666, "Specificity": 0.9195561719833565, "AUC": 0.9481044845122515}, "Label_11": {"Optimal Threshold": 0.02960861660540104, "Accuracy": 0.9522510231923602, "Sensitivity": 1.0, "Specificity": 0.9511854951185496, "AUC": 0.9867503486750349}, "Label_12": {"Optimal Threshold": 0.0861980989575386, "Accuracy": 0.8581173260572987, "Sensitivity": 0.8888888888888888, "Specificity": 0.8556701030927835, "AUC": 0.9314078437789778}, "Overall": {"Accuracy": 0.888970511071466, "Sensitivity": 0.9503461061630338, "Specificity": 0.8864864747055149, "AUC": 0.9545833389875379}}, "label_names": [[6, 9, 12, 5, 3, 0, 7, 10, 2, 8, 11, 1], [6, 9, 12, 5, 3, 0, 7, 10, 2, 8, 11, 4]]}