{"shared_labels": 4, "perf": [0.09303010255098343, 0.9751275181770325], "label_names": [[10, 5, 0, 2, 9, 6, 11, 1, 4], [10, 5, 0, 2, 3, 12, 8, 7]], "metrics": {"Label_0": {"Optimal Threshold": 0.2836640179157257, "Accuracy": 0.9454297407912687, "Sensitivity": 0.8840579710144928, "Specificity": 0.9518072289156626, "AUC": 0.9699668238170072}, "Label_1": {"Optimal Threshold": 0.43265607953071594, "Accuracy": 0.9713506139154161, "Sensitivity": 0.896551724137931, "Specificity": 0.9777777777777777, "AUC": 0.984802043422733}, "Label_2": {"Optimal Threshold": 0.24819119274616241, "Accuracy": 0.9236016371077762, "Sensitivity": 0.9342105263157895, "Specificity": 0.9188118811881189, "AUC": 0.973970818134445}, "Label_3": {"Optimal Threshold": 0.26544252038002014, "Accuracy": 0.922237380627558, "Sensitivity": 0.9457013574660633, "Specificity": 0.912109375, "AUC": 0.9749982324660633}, "Label_4": {"Optimal Threshold": 0.01807026006281376, "Accuracy": 0.9004092769440655, "Sensitivity": 0.8571428571428571, "Specificity": 0.9008264462809917, "AUC": 0.9447068083431719}, "Label_5": {"Optimal Threshold": 0.08999595791101456, "Accuracy": 0.9836289222373806, "Sensitivity": 0.8, "Specificity": 0.9848901098901099, "AUC": 0.9508241758241758}, "Label_6": {"Optimal Threshold": 0.02113994024693966, "Accuracy": 0.927694406548431, "Sensitivity": 1.0, "Specificity": 0.9265927977839336, "AUC": 0.979224376731302}, "Label_7": {"Optimal Threshold": 0.28192687034606934, "Accuracy": 0.965893587994543, "Sensitivity": 1.0, "Specificity": 0.96274217585693, "AUC": 0.9928368828421711}, "Label_8": {"Optimal Threshold": 0.002637375146150589, "Accuracy": 0.7244201909959073, "Sensitivity": 1.0, "Specificity": 0.7236662106703147, "AUC": 0.7387140902872777}, "Label_9": {"Optimal Threshold": 0.042475759983062744, "Accuracy": 0.9058663028649386, "Sensitivity": 0.875, "Specificity": 0.9072753209700428, "AUC": 0.9405313837375179}, "Label_10": {"Optimal Threshold": 0.010189135558903217, "Accuracy": 0.747612551159618, "Sensitivity": 1.0, "Specificity": 0.7412587412587412, "AUC": 0.9273504273504274}, "Label_11": {"Optimal Threshold": 0.027404313907027245, "Accuracy": 0.9058663028649386, "Sensitivity": 1.0, "Specificity": 0.9034965034965035, "AUC": 0.9784770784770784}, "Label_12": {"Optimal Threshold": 0.07277426868677139, "Accuracy": 0.7517053206002728, "Sensitivity": 0.8431372549019608, "Specificity": 0.7448680351906158, "AUC": 0.8760278304870336}, "Overall": {"Accuracy": 0.8904397103578549, "Sensitivity": 0.9258308993060843, "Specificity": 0.8889325080215186, "AUC": 0.940956228609262}}}