{"shared_labels": 2, "perf": [0.0997767522931099, 0.9681559801101685], "label_names": [[1, 9, 3, 2, 5, 11, 4, 12], [1, 9, 10, 8, 0, 6, 7]], "metrics": {"Label_0": {"Optimal Threshold": 0.07558784633874893, "Accuracy": 0.9072305593451568, "Sensitivity": 0.8840579710144928, "Specificity": 0.9096385542168675, "AUC": 0.9631351492928235}, "Label_1": {"Optimal Threshold": 0.2423616200685501, "Accuracy": 0.9699863574351978, "Sensitivity": 0.9310344827586207, "Specificity": 0.9733333333333334, "AUC": 0.988786717752235}, "Label_2": {"Optimal Threshold": 0.16600792109966278, "Accuracy": 0.9140518417462483, "Sensitivity": 0.8947368421052632, "Specificity": 0.9227722772277228, "AUC": 0.9630623588674657}, "Label_3": {"Optimal Threshold": 0.09683502465486526, "Accuracy": 0.9072305593451568, "Sensitivity": 0.9276018099547512, "Specificity": 0.8984375, "AUC": 0.9657628676470588}, "Label_4": {"Optimal Threshold": 0.05331484600901604, "Accuracy": 0.9495225102319236, "Sensitivity": 0.8571428571428571, "Specificity": 0.9504132231404959, "AUC": 0.956513183785911}, "Label_5": {"Optimal Threshold": 0.02141590602695942, "Accuracy": 0.956343792633015, "Sensitivity": 0.8, "Specificity": 0.9574175824175825, "AUC": 0.9236263736263736}, "Label_6": {"Optimal Threshold": 0.015976496040821075, "Accuracy": 0.9154160982264665, "Sensitivity": 1.0, "Specificity": 0.9141274238227147, "AUC": 0.9770838579702846}, "Label_7": {"Optimal Threshold": 0.09399403631687164, "Accuracy": 0.9604365620736699, "Sensitivity": 1.0, "Specificity": 0.9567809239940388, "AUC": 0.9923561367241959}, "Label_8": {"Optimal Threshold": 0.006173744332045317, "Accuracy": 0.8376534788540245, "Sensitivity": 1.0, "Specificity": 0.8372093023255814, "AUC": 0.8413132694938441}, "Label_9": {"Optimal Threshold": 0.09046000242233276, "Accuracy": 0.931787175989086, "Sensitivity": 0.90625, "Specificity": 0.9329529243937232, "AUC": 0.9505171184022825}, "Label_10": {"Optimal Threshold": 0.029736049473285675, "Accuracy": 0.8049113233287858, "Sensitivity": 0.8888888888888888, "Specificity": 0.8027972027972028, "AUC": 0.8923076923076924}, "Label_11": {"Optimal Threshold": 0.014310000464320183, "Accuracy": 0.8062755798090041, "Sensitivity": 1.0, "Specificity": 0.8013986013986014, "AUC": 0.9575757575757576}, "Label_12": {"Optimal Threshold": 0.03101094253361225, "Accuracy": 0.7285129604365621, "Sensitivity": 0.9215686274509803, "Specificity": 0.7140762463343109, "AUC": 0.890230579035133}, "Overall": {"Accuracy": 0.8914891384195615, "Sensitivity": 0.9239447291781426, "Specificity": 0.8901042381078597, "AUC": 0.9432516201908506}}}