{"shared_labels": 12, "perf": [0.08560258895158768, 0.9782890677452087], "label_names": [[10, 0, 9, 2, 12, 1, 7, 6, 4, 11, 5, 8, 3], [10, 0, 9, 2, 12, 1, 7, 6, 4, 11, 5, 8]], "metrics": {"Label_0": {"Optimal Threshold": 0.05254143103957176, "Accuracy": 0.91268758526603, "Sensitivity": 0.9130434782608695, "Specificity": 0.9126506024096386, "AUC": 0.9690064606251091}, "Label_1": {"Optimal Threshold": 0.033062826842069626, "Accuracy": 0.9304229195088677, "Sensitivity": 0.9827586206896551, "Specificity": 0.9259259259259259, "AUC": 0.9889144316730524}, "Label_2": {"Optimal Threshold": 0.4314071238040924, "Accuracy": 0.9290586630286494, "Sensitivity": 0.9166666666666666, "Specificity": 0.9346534653465347, "AUC": 0.9744658676393955}, "Label_3": {"Optimal Threshold": 0.2871401607990265, "Accuracy": 0.927694406548431, "Sensitivity": 0.9321266968325792, "Specificity": 0.92578125, "AUC": 0.9755196549773756}, "Label_4": {"Optimal Threshold": 0.023104608058929443, "Accuracy": 0.9577080491132333, "Sensitivity": 0.8571428571428571, "Specificity": 0.9586776859504132, "AUC": 0.9637937819756002}, "Label_5": {"Optimal Threshold": 0.06284832954406738, "Accuracy": 0.9713506139154161, "Sensitivity": 0.8, "Specificity": 0.9725274725274725, "AUC": 0.9351648351648352}, "Label_6": {"Optimal Threshold": 0.008233701810240746, "Accuracy": 0.8663028649386084, "Sensitivity": 1.0, "Specificity": 0.8642659279778393, "AUC": 0.9736842105263157}, "Label_7": {"Optimal Threshold": 0.16965067386627197, "Accuracy": 0.9604365620736699, "Sensitivity": 1.0, "Specificity": 0.9567809239940388, "AUC": 0.9931493678188549}, "Label_8": {"Optimal Threshold": 0.0017068360466510057, "Accuracy": 0.7557980900409277, "Sensitivity": 1.0, "Specificity": 0.7551299589603283, "AUC": 0.8098495212038304}, "Label_9": {"Optimal Threshold": 0.017535308375954628, "Accuracy": 0.8908594815825375, "Sensitivity": 0.9375, "Specificity": 0.8887303851640513, "AUC": 0.9484664764621968}, "Label_10": {"Optimal Threshold": 0.006803676951676607, "Accuracy": 0.7612551159618008, "Sensitivity": 0.9444444444444444, "Specificity": 0.7566433566433567, "AUC": 0.9121989121989122}, "Label_11": {"Optimal Threshold": 0.040297504514455795, "Accuracy": 0.9577080491132333, "Sensitivity": 0.9444444444444444, "Specificity": 0.958041958041958, "AUC": 0.9811965811965813}, "Label_12": {"Optimal Threshold": 0.07405559718608856, "Accuracy": 0.8212824010914052, "Sensitivity": 0.9411764705882353, "Specificity": 0.8123167155425219, "AUC": 0.9442527744235524}, "Overall": {"Accuracy": 0.8955819078602162, "Sensitivity": 0.9361002830053656, "Specificity": 0.8940096637295446, "AUC": 0.9515125289142777}}}