{"shared_labels": 13, "perf": [0.08524792641401291, 0.9784629940986633], "label_names": [[3, 10, 1, 9, 8, 0, 11, 7, 5, 6, 12, 4, 2], [3, 10, 1, 9, 8, 0, 11, 7, 5, 6, 12, 4, 2]], "metrics": {"Label_0": {"Optimal Threshold": 0.10988271981477737, "Accuracy": 0.927694406548431, "Sensitivity": 0.8695652173913043, "Specificity": 0.9337349397590361, "AUC": 0.9664964204644665}, "Label_1": {"Optimal Threshold": 0.08034063130617142, "Accuracy": 0.9386084583901774, "Sensitivity": 0.9482758620689655, "Specificity": 0.9377777777777778, "AUC": 0.9873052362707535}, "Label_2": {"Optimal Threshold": 0.3347371518611908, "Accuracy": 0.9263301500682128, "Sensitivity": 0.9210526315789473, "Specificity": 0.9287128712871288, "AUC": 0.9742400555845058}, "Label_3": {"Optimal Threshold": 0.3308192789554596, "Accuracy": 0.9331514324693042, "Sensitivity": 0.9276018099547512, "Specificity": 0.935546875, "AUC": 0.9761471295248869}, "Label_4": {"Optimal Threshold": 0.027731619775295258, "Accuracy": 0.9440654843110505, "Sensitivity": 0.8571428571428571, "Specificity": 0.9449035812672176, "AUC": 0.9626131444313263}, "Label_5": {"Optimal Threshold": 0.0025249505415558815, "Accuracy": 0.7708049113233287, "Sensitivity": 1.0, "Specificity": 0.7692307692307693, "AUC": 0.9428571428571428}, "Label_6": {"Optimal Threshold": 0.010683410800993443, "Accuracy": 0.8854024556616644, "Sensitivity": 1.0, "Specificity": 0.8836565096952909, "AUC": 0.973936036262906}, "Label_7": {"Optimal Threshold": 0.0941842570900917, "Accuracy": 0.9645293315143247, "Sensitivity": 1.0, "Specificity": 0.9612518628912071, "AUC": 0.9929811066775636}, "Label_8": {"Optimal Threshold": 0.002360874554142356, "Accuracy": 0.8117326057298773, "Sensitivity": 1.0, "Specificity": 0.811217510259918, "AUC": 0.8515731874145006}, "Label_9": {"Optimal Threshold": 0.019170334562659264, "Accuracy": 0.8894952251023193, "Sensitivity": 0.9375, "Specificity": 0.8873038516405135, "AUC": 0.9488676890156919}, "Label_10": {"Optimal Threshold": 0.008881564252078533, "Accuracy": 0.7667121418826739, "Sensitivity": 0.9444444444444444, "Specificity": 0.7622377622377622, "AUC": 0.9038850038850039}, "Label_11": {"Optimal Threshold": 0.0485914871096611, "Accuracy": 0.9699863574351978, "Sensitivity": 0.9444444444444444, "Specificity": 0.9706293706293706, "AUC": 0.9826728826728827}, "Label_12": {"Optimal Threshold": 0.05619353801012039, "Accuracy": 0.791268758526603, "Sensitivity": 1.0, "Specificity": 0.7756598240469208, "AUC": 0.9509228911505951}, "Overall": {"Accuracy": 0.8861370553048591, "Sensitivity": 0.9500020974635165, "Specificity": 0.8847587312094548, "AUC": 0.954961378939402}}}