{"shared_labels": 9, "perf": [0.08961958438158035, 0.9753355383872986], "label_names": [[8, 4, 5, 7, 3, 10, 2, 6, 1, 0, 9], [8, 4, 5, 7, 3, 10, 2, 6, 1, 12, 11]], "metrics": {"Label_0": {"Optimal Threshold": 0.15443935990333557, "Accuracy": 0.9181446111869032, "Sensitivity": 0.8695652173913043, "Specificity": 0.9231927710843374, "AUC": 0.9628732320586695}, "Label_1": {"Optimal Threshold": 0.16120705008506775, "Accuracy": 0.9536152796725784, "Sensitivity": 0.9310344827586207, "Specificity": 0.9555555555555556, "AUC": 0.9855938697318007}, "Label_2": {"Optimal Threshold": 0.3064470589160919, "Accuracy": 0.9249658935879945, "Sensitivity": 0.9122807017543859, "Specificity": 0.9306930693069307, "AUC": 0.9721469515372589}, "Label_3": {"Optimal Threshold": 0.27065369486808777, "Accuracy": 0.9236016371077762, "Sensitivity": 0.9321266968325792, "Specificity": 0.919921875, "AUC": 0.9755461679864253}, "Label_4": {"Optimal Threshold": 0.016548853367567062, "Accuracy": 0.922237380627558, "Sensitivity": 0.8571428571428571, "Specificity": 0.9228650137741047, "AUC": 0.9529712711530893}, "Label_5": {"Optimal Threshold": 0.05785606428980827, "Accuracy": 0.9768076398362893, "Sensitivity": 0.8, "Specificity": 0.978021978021978, "AUC": 0.9324175824175824}, "Label_6": {"Optimal Threshold": 0.012112048454582691, "Accuracy": 0.9181446111869032, "Sensitivity": 1.0, "Specificity": 0.9168975069252078, "AUC": 0.9782170737849408}, "Label_7": {"Optimal Threshold": 0.09616189450025558, "Accuracy": 0.9645293315143247, "Sensitivity": 1.0, "Specificity": 0.9612518628912071, "AUC": 0.9925003605595885}, "Label_8": {"Optimal Threshold": 0.0008680388564243913, "Accuracy": 0.7216916780354706, "Sensitivity": 1.0, "Specificity": 0.7209302325581395, "AUC": 0.7872777017783857}, "Label_9": {"Optimal Threshold": 0.027644218876957893, "Accuracy": 0.8512960436562074, "Sensitivity": 0.96875, "Specificity": 0.8459343794579173, "AUC": 0.9454796718972895}, "Label_10": {"Optimal Threshold": 0.010754716582596302, "Accuracy": 0.7653478854024557, "Sensitivity": 0.9444444444444444, "Specificity": 0.7608391608391608, "AUC": 0.9079254079254079}, "Label_11": {"Optimal Threshold": 0.033265527337789536, "Accuracy": 0.9495225102319236, "Sensitivity": 0.8888888888888888, "Specificity": 0.951048951048951, "AUC": 0.9707847707847709}, "Label_12": {"Optimal Threshold": 0.06409776210784912, "Accuracy": 0.8049113233287858, "Sensitivity": 0.8627450980392157, "Specificity": 0.8005865102639296, "AUC": 0.9168535449370363}, "Overall": {"Accuracy": 0.891908909644244, "Sensitivity": 0.9205367990194074, "Specificity": 0.8913645282098016, "AUC": 0.9446605851194037}}}