{"shared_labels": 6, "perf": [0.08857826143503189, 0.9755799174308777], "label_names": [[0, 9, 7, 11, 10, 3, 2, 8, 5, 12], [0, 9, 7, 11, 10, 3, 1, 4, 6]], "metrics": {"Label_0": {"Optimal Threshold": 0.14419856667518616, "Accuracy": 0.9481582537517054, "Sensitivity": 0.8405797101449275, "Specificity": 0.9593373493975904, "AUC": 0.964422909027414}, "Label_1": {"Optimal Threshold": 0.08946216851472855, "Accuracy": 0.9454297407912687, "Sensitivity": 0.9655172413793104, "Specificity": 0.9437037037037037, "AUC": 0.9875095785440613}, "Label_2": {"Optimal Threshold": 0.3099006414413452, "Accuracy": 0.9290586630286494, "Sensitivity": 0.9078947368421053, "Specificity": 0.9386138613861386, "AUC": 0.9701841236755253}, "Label_3": {"Optimal Threshold": 0.2830544114112854, "Accuracy": 0.9304229195088677, "Sensitivity": 0.9321266968325792, "Specificity": 0.9296875, "AUC": 0.9755284926470588}, "Label_4": {"Optimal Threshold": 0.012196051888167858, "Accuracy": 0.9099590723055935, "Sensitivity": 1.0, "Specificity": 0.9090909090909091, "AUC": 0.9754033844942935}, "Label_5": {"Optimal Threshold": 0.0036572199314832687, "Accuracy": 0.834924965893588, "Sensitivity": 1.0, "Specificity": 0.8337912087912088, "AUC": 0.9392857142857143}, "Label_6": {"Optimal Threshold": 0.0035880492068827152, "Accuracy": 0.8281036834924966, "Sensitivity": 1.0, "Specificity": 0.8254847645429363, "AUC": 0.9511458071014858}, "Label_7": {"Optimal Threshold": 0.10386727005243301, "Accuracy": 0.9686221009549796, "Sensitivity": 1.0, "Specificity": 0.9657228017883756, "AUC": 0.9933416662660449}, "Label_8": {"Optimal Threshold": 0.002579787513241172, "Accuracy": 0.7830832196452933, "Sensitivity": 1.0, "Specificity": 0.7824897400820794, "AUC": 0.7913816689466484}, "Label_9": {"Optimal Threshold": 0.016420643776655197, "Accuracy": 0.8813096862210096, "Sensitivity": 0.9375, "Specificity": 0.8787446504992867, "AUC": 0.9510074893009985}, "Label_10": {"Optimal Threshold": 0.00695239519700408, "Accuracy": 0.7612551159618008, "Sensitivity": 0.9444444444444444, "Specificity": 0.7566433566433567, "AUC": 0.9128982128982129}, "Label_11": {"Optimal Threshold": 0.03072422370314598, "Accuracy": 0.9481582537517054, "Sensitivity": 1.0, "Specificity": 0.9468531468531468, "AUC": 0.9834498834498835}, "Label_12": {"Optimal Threshold": 0.04297034814953804, "Accuracy": 0.757162346521146, "Sensitivity": 0.9607843137254902, "Specificity": 0.7419354838709677, "AUC": 0.9173710539934449}, "Overall": {"Accuracy": 0.8788960016790847, "Sensitivity": 0.960680549489912, "Specificity": 0.8778537289730539, "AUC": 0.9471484603562145}}}