{"shared_labels": 11, "perf": [0.08815526962280273, 0.9768145084381104], "label_names": [[9, 1, 4, 8, 3, 0, 12, 2, 5, 6, 10, 7], [9, 1, 4, 8, 3, 0, 12, 2, 5, 6, 10, 11]], "metrics": {"Label_0": {"Optimal Threshold": 0.04067366197705269, "Accuracy": 0.8622100954979536, "Sensitivity": 0.9710144927536232, "Specificity": 0.8509036144578314, "AUC": 0.9702505674873406}, "Label_1": {"Optimal Threshold": 0.08401577174663544, "Accuracy": 0.9427012278308322, "Sensitivity": 0.9655172413793104, "Specificity": 0.9407407407407408, "AUC": 0.988199233716475}, "Label_2": {"Optimal Threshold": 0.28827694058418274, "Accuracy": 0.9236016371077762, "Sensitivity": 0.9254385964912281, "Specificity": 0.9227722772277228, "AUC": 0.9730675699148861}, "Label_3": {"Optimal Threshold": 0.22758783400058746, "Accuracy": 0.9195088676671214, "Sensitivity": 0.9457013574660633, "Specificity": 0.908203125, "AUC": 0.9756080316742082}, "Label_4": {"Optimal Threshold": 0.02615002915263176, "Accuracy": 0.9331514324693042, "Sensitivity": 0.8571428571428571, "Specificity": 0.9338842975206612, "AUC": 0.9559228650137741}, "Label_5": {"Optimal Threshold": 0.04235875606536865, "Accuracy": 0.9604365620736699, "Sensitivity": 0.8, "Specificity": 0.9615384615384616, "AUC": 0.9368131868131868}, "Label_6": {"Optimal Threshold": 0.01195316668599844, "Accuracy": 0.8908594815825375, "Sensitivity": 1.0, "Specificity": 0.889196675900277, "AUC": 0.9726769075799546}, "Label_7": {"Optimal Threshold": 0.1119120791554451, "Accuracy": 0.9686221009549796, "Sensitivity": 1.0, "Specificity": 0.9657228017883756, "AUC": 0.992259987500601}, "Label_8": {"Optimal Threshold": 0.0009350543841719627, "Accuracy": 0.6903137789904502, "Sensitivity": 1.0, "Specificity": 0.6894664842681258, "AUC": 0.7612859097127223}, "Label_9": {"Optimal Threshold": 0.02401699312031269, "Accuracy": 0.8867667121418826, "Sensitivity": 0.9375, "Specificity": 0.884450784593438, "AUC": 0.9457025677603424}, "Label_10": {"Optimal Threshold": 0.007315495982766151, "Accuracy": 0.7121418826739427, "Sensitivity": 1.0, "Specificity": 0.7048951048951049, "AUC": 0.9062937062937062}, "Label_11": {"Optimal Threshold": 0.02978341281414032, "Accuracy": 0.9263301500682128, "Sensitivity": 0.9444444444444444, "Specificity": 0.9258741258741259, "AUC": 0.968065268065268}, "Label_12": {"Optimal Threshold": 0.0917818546295166, "Accuracy": 0.82537517053206, "Sensitivity": 0.9215686274509803, "Specificity": 0.8181818181818182, "AUC": 0.9451727905238341}, "Overall": {"Accuracy": 0.8801553153531325, "Sensitivity": 0.9437175090098852, "Specificity": 0.8766023316912832, "AUC": 0.9454860455427924}}}