{"shared_labels": 5, "perf": [0.0890134871006012, 0.9762722849845886], "label_names": [[3, 12, 4, 8, 6, 1, 5, 7, 11], [3, 12, 4, 8, 6, 2, 0, 10, 9]], "metrics": {"Label_0": {"Optimal Threshold": 0.06270872056484222, "Accuracy": 0.9099590723055935, "Sensitivity": 0.8840579710144928, "Specificity": 0.9126506024096386, "AUC": 0.9667365112624412}, "Label_1": {"Optimal Threshold": 0.033490076661109924, "Accuracy": 0.9154160982264665, "Sensitivity": 0.9827586206896551, "Specificity": 0.9096296296296297, "AUC": 0.9877905491698595}, "Label_2": {"Optimal Threshold": 0.4479789435863495, "Accuracy": 0.9263301500682128, "Sensitivity": 0.8947368421052632, "Specificity": 0.9405940594059405, "AUC": 0.9714608302935557}, "Label_3": {"Optimal Threshold": 0.44115328788757324, "Accuracy": 0.9331514324693042, "Sensitivity": 0.918552036199095, "Specificity": 0.939453125, "AUC": 0.9764122596153846}, "Label_4": {"Optimal Threshold": 0.00414421409368515, "Accuracy": 0.869031377899045, "Sensitivity": 1.0, "Specificity": 0.8677685950413223, "AUC": 0.9763872491145218}, "Label_5": {"Optimal Threshold": 0.0024413226637989283, "Accuracy": 0.8021828103683493, "Sensitivity": 1.0, "Specificity": 0.8008241758241759, "AUC": 0.9244505494505495}, "Label_6": {"Optimal Threshold": 0.01937207393348217, "Accuracy": 0.9249658935879945, "Sensitivity": 1.0, "Specificity": 0.9238227146814404, "AUC": 0.9814908083606144}, "Label_7": {"Optimal Threshold": 0.08529102057218552, "Accuracy": 0.9536152796725784, "Sensitivity": 1.0, "Specificity": 0.9493293591654247, "AUC": 0.9927166963126772}, "Label_8": {"Optimal Threshold": 0.008285279385745525, "Accuracy": 0.8935879945429741, "Sensitivity": 1.0, "Specificity": 0.893296853625171, "AUC": 0.8987688098495212}, "Label_9": {"Optimal Threshold": 0.016133682802319527, "Accuracy": 0.8567530695770805, "Sensitivity": 0.875, "Specificity": 0.8559201141226819, "AUC": 0.9395952211126962}, "Label_10": {"Optimal Threshold": 0.008800050243735313, "Accuracy": 0.73806275579809, "Sensitivity": 0.8888888888888888, "Specificity": 0.7342657342657343, "AUC": 0.84001554001554}, "Label_11": {"Optimal Threshold": 0.0362628810107708, "Accuracy": 0.9208731241473397, "Sensitivity": 0.9444444444444444, "Specificity": 0.9202797202797203, "AUC": 0.9661227661227662}, "Label_12": {"Optimal Threshold": 0.0648307204246521, "Accuracy": 0.8526603001364257, "Sensitivity": 0.9215686274509803, "Specificity": 0.8475073313782991, "AUC": 0.9500028750503134}, "Overall": {"Accuracy": 0.8843530275999582, "Sensitivity": 0.9469236485225246, "Specificity": 0.8842570780637833, "AUC": 0.9516885127484955}}}