{"shared_labels": 10, "perf": [0.08629267662763596, 0.9786369800567627], "label_names": [[4, 8, 7, 6, 9, 5, 3, 2, 12, 0, 1, 11], [4, 8, 7, 6, 9, 5, 3, 2, 12, 0, 10]], "metrics": {"Label_0": {"Optimal Threshold": 0.11013428121805191, "Accuracy": 0.9495225102319236, "Sensitivity": 0.855072463768116, "Specificity": 0.9593373493975904, "AUC": 0.9687663698271346}, "Label_1": {"Optimal Threshold": 0.0454016737639904, "Accuracy": 0.9236016371077762, "Sensitivity": 0.9655172413793104, "Specificity": 0.92, "AUC": 0.985491698595147}, "Label_2": {"Optimal Threshold": 0.2812979519367218, "Accuracy": 0.9181446111869032, "Sensitivity": 0.9385964912280702, "Specificity": 0.9089108910891089, "AUC": 0.9742487406635401}, "Label_3": {"Optimal Threshold": 0.25332045555114746, "Accuracy": 0.9181446111869032, "Sensitivity": 0.9411764705882353, "Specificity": 0.908203125, "AUC": 0.9762620192307693}, "Label_4": {"Optimal Threshold": 0.04193633794784546, "Accuracy": 0.9727148703956344, "Sensitivity": 0.8571428571428571, "Specificity": 0.9738292011019284, "AUC": 0.9626131444313263}, "Label_5": {"Optimal Threshold": 0.0027134132105857134, "Accuracy": 0.7653478854024557, "Sensitivity": 1.0, "Specificity": 0.7637362637362637, "AUC": 0.9392857142857143}, "Label_6": {"Optimal Threshold": 0.009181699715554714, "Accuracy": 0.859481582537517, "Sensitivity": 1.0, "Specificity": 0.8573407202216067, "AUC": 0.9700327373457567}, "Label_7": {"Optimal Threshold": 0.16682954132556915, "Accuracy": 0.9686221009549796, "Sensitivity": 1.0, "Specificity": 0.9657228017883756, "AUC": 0.9932455170424498}, "Label_8": {"Optimal Threshold": 0.006255877669900656, "Accuracy": 0.8581173260572987, "Sensitivity": 1.0, "Specificity": 0.8577291381668947, "AUC": 0.8830369357045144}, "Label_9": {"Optimal Threshold": 0.013398999348282814, "Accuracy": 0.8703956343792633, "Sensitivity": 0.96875, "Specificity": 0.8659058487874465, "AUC": 0.9500267475035663}, "Label_10": {"Optimal Threshold": 0.00877311360090971, "Accuracy": 0.7612551159618008, "Sensitivity": 0.9444444444444444, "Specificity": 0.7566433566433567, "AUC": 0.9033411033411034}, "Label_11": {"Optimal Threshold": 0.06317659467458725, "Accuracy": 0.9508867667121419, "Sensitivity": 0.9444444444444444, "Specificity": 0.951048951048951, "AUC": 0.975058275058275}, "Label_12": {"Optimal Threshold": 0.02639925852417946, "Accuracy": 0.7762619372442019, "Sensitivity": 0.9607843137254902, "Specificity": 0.7624633431085044, "AUC": 0.9405152090161578}, "Overall": {"Accuracy": 0.8840381991814461, "Sensitivity": 0.9519945174400745, "Specificity": 0.8808362300069252, "AUC": 0.9555326316958043}}}