{"shared_labels": 0, "perf": [0.10249514877796173, 0.9706135988235474], "label_names": [[9, 7, 8, 12, 5, 10, 6], [3, 2, 11, 0, 1, 4]], "metrics": {"Label_0": {"Optimal Threshold": 0.0891638770699501, "Accuracy": 0.869031377899045, "Sensitivity": 0.8985507246376812, "Specificity": 0.8659638554216867, "AUC": 0.9409158372620919}, "Label_1": {"Optimal Threshold": 0.27350670099258423, "Accuracy": 0.9495225102319236, "Sensitivity": 0.9137931034482759, "Specificity": 0.9525925925925925, "AUC": 0.9734865900383142}, "Label_2": {"Optimal Threshold": 0.11542687565088272, "Accuracy": 0.9181446111869032, "Sensitivity": 0.9035087719298246, "Specificity": 0.9247524752475248, "AUC": 0.9671182907764461}, "Label_3": {"Optimal Threshold": 0.13682234287261963, "Accuracy": 0.9304229195088677, "Sensitivity": 0.918552036199095, "Specificity": 0.935546875, "AUC": 0.9730451074660633}, "Label_4": {"Optimal Threshold": 0.04849958419799805, "Accuracy": 0.9672578444747613, "Sensitivity": 0.8571428571428571, "Specificity": 0.9683195592286501, "AUC": 0.9590712317985045}, "Label_5": {"Optimal Threshold": 0.14803127944469452, "Accuracy": 0.9918144611186903, "Sensitivity": 0.8, "Specificity": 0.9931318681318682, "AUC": 0.921978021978022}, "Label_6": {"Optimal Threshold": 0.022978195920586586, "Accuracy": 0.9358799454297408, "Sensitivity": 1.0, "Specificity": 0.9349030470914127, "AUC": 0.981113069755729}, "Label_7": {"Optimal Threshold": 0.10377287864685059, "Accuracy": 0.956343792633015, "Sensitivity": 0.9838709677419355, "Specificity": 0.9538002980625931, "AUC": 0.9878130859093313}, "Label_8": {"Optimal Threshold": 0.006770099513232708, "Accuracy": 0.8362892223738063, "Sensitivity": 1.0, "Specificity": 0.8358413132694938, "AUC": 0.887140902872777}, "Label_9": {"Optimal Threshold": 0.009460746310651302, "Accuracy": 0.8267394270122783, "Sensitivity": 0.96875, "Specificity": 0.8202567760342369, "AUC": 0.9456579885877318}, "Label_10": {"Optimal Threshold": 0.012604630552232265, "Accuracy": 0.7899045020463847, "Sensitivity": 0.9444444444444444, "Specificity": 0.786013986013986, "AUC": 0.9351204351204352}, "Label_11": {"Optimal Threshold": 0.028497526422142982, "Accuracy": 0.9140518417462483, "Sensitivity": 0.9444444444444444, "Specificity": 0.9132867132867133, "AUC": 0.9665889665889665}, "Label_12": {"Optimal Threshold": 0.07052646577358246, "Accuracy": 0.8308321964529332, "Sensitivity": 0.9215686274509803, "Specificity": 0.8240469208211144, "AUC": 0.9407452130412283}, "Overall": {"Accuracy": 0.9012488193934305, "Sensitivity": 0.927278921341503, "Specificity": 0.9006504830924515, "AUC": 0.9522919031688956}}}