{"shared_labels": 3, "perf": [0.0976145938038826, 0.9700015783309937], "label_names": [[11, 5, 10, 4, 6, 0, 1, 9], [11, 5, 10, 12, 7, 2, 8, 3]], "metrics": {"Label_0": {"Optimal Threshold": 0.2432166486978531, "Accuracy": 0.9399727148703957, "Sensitivity": 0.8695652173913043, "Specificity": 0.947289156626506, "AUC": 0.9626549676968744}, "Label_1": {"Optimal Threshold": 0.38783589005470276, "Accuracy": 0.975443383356071, "Sensitivity": 0.9310344827586207, "Specificity": 0.9792592592592593, "AUC": 0.9881736909323116}, "Label_2": {"Optimal Threshold": 0.13816961646080017, "Accuracy": 0.9099590723055935, "Sensitivity": 0.9166666666666666, "Specificity": 0.906930693069307, "AUC": 0.9648775403856175}, "Label_3": {"Optimal Threshold": 0.13554556667804718, "Accuracy": 0.9154160982264665, "Sensitivity": 0.9276018099547512, "Specificity": 0.91015625, "AUC": 0.96875}, "Label_4": {"Optimal Threshold": 0.08182361721992493, "Accuracy": 0.956343792633015, "Sensitivity": 0.8571428571428571, "Specificity": 0.9573002754820936, "AUC": 0.9635970090515544}, "Label_5": {"Optimal Threshold": 0.11185840517282486, "Accuracy": 0.9918144611186903, "Sensitivity": 0.8, "Specificity": 0.9931318681318682, "AUC": 0.9439560439560439}, "Label_6": {"Optimal Threshold": 0.02905711531639099, "Accuracy": 0.931787175989086, "Sensitivity": 1.0, "Specificity": 0.9307479224376731, "AUC": 0.9780911609166457}, "Label_7": {"Optimal Threshold": 0.10305380076169968, "Accuracy": 0.9577080491132333, "Sensitivity": 1.0, "Specificity": 0.9538002980625931, "AUC": 0.9900245180520167}, "Label_8": {"Optimal Threshold": 0.008069786243140697, "Accuracy": 0.859481582537517, "Sensitivity": 1.0, "Specificity": 0.8590971272229823, "AUC": 0.8761969904240766}, "Label_9": {"Optimal Threshold": 0.01973847858607769, "Accuracy": 0.8567530695770805, "Sensitivity": 0.96875, "Specificity": 0.8516405135520685, "AUC": 0.9445435092724679}, "Label_10": {"Optimal Threshold": 0.007037869188934565, "Accuracy": 0.7271487039563438, "Sensitivity": 1.0, "Specificity": 0.7202797202797203, "AUC": 0.9237762237762237}, "Label_11": {"Optimal Threshold": 0.06440365314483643, "Accuracy": 0.9604365620736699, "Sensitivity": 0.9444444444444444, "Specificity": 0.9608391608391609, "AUC": 0.9822843822843823}, "Label_12": {"Optimal Threshold": 0.06039174646139145, "Accuracy": 0.82537517053206, "Sensitivity": 0.7843137254901961, "Specificity": 0.8284457478005866, "AUC": 0.8798516474038296}, "Overall": {"Accuracy": 0.9082799874068634, "Sensitivity": 0.9230399387576032, "Specificity": 0.9076090763664475, "AUC": 0.9512905910886188}}}