{"shared_labels": 1, "perf": [0.09528780728578568, 0.9724047183990479], "label_names": [[8, 5, 1, 11, 0, 6, 12], [8, 3, 7, 9, 10, 4, 2]], "metrics": {"Label_0": {"Optimal Threshold": 0.04031667858362198, "Accuracy": 0.8799454297407913, "Sensitivity": 0.8985507246376812, "Specificity": 0.8780120481927711, "AUC": 0.9559105989174087}, "Label_1": {"Optimal Threshold": 0.026676815003156662, "Accuracy": 0.9099590723055935, "Sensitivity": 0.9482758620689655, "Specificity": 0.9066666666666666, "AUC": 0.9783652618135377}, "Label_2": {"Optimal Threshold": 0.26692870259284973, "Accuracy": 0.91268758526603, "Sensitivity": 0.9166666666666666, "Specificity": 0.9108910891089109, "AUC": 0.9680562793121418}, "Label_3": {"Optimal Threshold": 0.38200128078460693, "Accuracy": 0.9290586630286494, "Sensitivity": 0.8914027149321267, "Specificity": 0.9453125, "AUC": 0.9704821832579186}, "Label_4": {"Optimal Threshold": 0.03284096345305443, "Accuracy": 0.9618008185538881, "Sensitivity": 0.8571428571428571, "Specificity": 0.9628099173553719, "AUC": 0.9635970090515545}, "Label_5": {"Optimal Threshold": 0.03334196284413338, "Accuracy": 0.956343792633015, "Sensitivity": 0.8, "Specificity": 0.9574175824175825, "AUC": 0.9277472527472527}, "Label_6": {"Optimal Threshold": 0.007165046874433756, "Accuracy": 0.859481582537517, "Sensitivity": 1.0, "Specificity": 0.8573407202216067, "AUC": 0.9715436917652984}, "Label_7": {"Optimal Threshold": 0.037770193070173264, "Accuracy": 0.9495225102319236, "Sensitivity": 1.0, "Specificity": 0.9448584202682563, "AUC": 0.988918801980674}, "Label_8": {"Optimal Threshold": 0.002451616572216153, "Accuracy": 0.8090040927694406, "Sensitivity": 1.0, "Specificity": 0.8084815321477428, "AUC": 0.832421340629275}, "Label_9": {"Optimal Threshold": 0.03079669363796711, "Accuracy": 0.9140518417462483, "Sensitivity": 0.9375, "Specificity": 0.912981455064194, "AUC": 0.9503388017118403}, "Label_10": {"Optimal Threshold": 0.008842200972139835, "Accuracy": 0.7394270122783083, "Sensitivity": 0.9444444444444444, "Specificity": 0.7342657342657343, "AUC": 0.8665112665112666}, "Label_11": {"Optimal Threshold": 0.01971033774316311, "Accuracy": 0.9399727148703957, "Sensitivity": 1.0, "Specificity": 0.9384615384615385, "AUC": 0.9833721833721834}, "Label_12": {"Optimal Threshold": 0.03311111778020859, "Accuracy": 0.8158253751705321, "Sensitivity": 0.9411764705882353, "Specificity": 0.8064516129032258, "AUC": 0.9316888045540798}, "Overall": {"Accuracy": 0.8905446531640255, "Sensitivity": 0.9334738261908444, "Specificity": 0.8895346782364311, "AUC": 0.9453041135095716}}}