{"shared_labels": 8, "perf": [0.08632159233093262, 0.97825026512146], "label_names": [[8, 10, 0, 1, 5, 9, 2, 11, 12, 6, 4], [8, 10, 0, 1, 5, 9, 2, 11, 7, 3]], "metrics": {"Label_0": {"Optimal Threshold": 0.07733548432588577, "Accuracy": 0.9099590723055935, "Sensitivity": 0.9130434782608695, "Specificity": 0.9096385542168675, "AUC": 0.9689191548803912}, "Label_1": {"Optimal Threshold": 0.06156451255083084, "Accuracy": 0.946793997271487, "Sensitivity": 0.9655172413793104, "Specificity": 0.9451851851851852, "AUC": 0.9895274584929757}, "Label_2": {"Optimal Threshold": 0.27295157313346863, "Accuracy": 0.922237380627558, "Sensitivity": 0.9210526315789473, "Specificity": 0.9227722772277228, "AUC": 0.9741010943199583}, "Label_3": {"Optimal Threshold": 0.255378395318985, "Accuracy": 0.927694406548431, "Sensitivity": 0.9276018099547512, "Specificity": 0.927734375, "AUC": 0.9755638433257918}, "Label_4": {"Optimal Threshold": 0.02014344371855259, "Accuracy": 0.946793997271487, "Sensitivity": 0.8571428571428571, "Specificity": 0.9476584022038568, "AUC": 0.957103502558048}, "Label_5": {"Optimal Threshold": 0.0019798383582383394, "Accuracy": 0.7762619372442019, "Sensitivity": 1.0, "Specificity": 0.7747252747252747, "AUC": 0.9483516483516484}, "Label_6": {"Optimal Threshold": 0.02714654617011547, "Accuracy": 0.9345156889495225, "Sensitivity": 1.0, "Specificity": 0.9335180055401662, "AUC": 0.9857718458826492}, "Label_7": {"Optimal Threshold": 0.10933281481266022, "Accuracy": 0.9413369713506139, "Sensitivity": 1.0, "Specificity": 0.9359165424739195, "AUC": 0.9906014133935869}, "Label_8": {"Optimal Threshold": 0.001449054921977222, "Accuracy": 0.7407912687585266, "Sensitivity": 1.0, "Specificity": 0.7400820793433652, "AUC": 0.780437756497948}, "Label_9": {"Optimal Threshold": 0.07049960643053055, "Accuracy": 0.922237380627558, "Sensitivity": 0.90625, "Specificity": 0.9229671897289586, "AUC": 0.9507845934379457}, "Label_10": {"Optimal Threshold": 0.007032396271824837, "Accuracy": 0.7203274215552524, "Sensitivity": 1.0, "Specificity": 0.7132867132867133, "AUC": 0.9198912198912198}, "Label_11": {"Optimal Threshold": 0.02888413332402706, "Accuracy": 0.9331514324693042, "Sensitivity": 1.0, "Specificity": 0.9314685314685315, "AUC": 0.9824397824397825}, "Label_12": {"Optimal Threshold": 0.061278846114873886, "Accuracy": 0.8212824010914052, "Sensitivity": 0.8627450980392157, "Specificity": 0.8181818181818182, "AUC": 0.918233569087459}, "Overall": {"Accuracy": 0.8802602581593031, "Sensitivity": 0.9502579320273808, "Specificity": 0.8787026883524909, "AUC": 0.9493636063507235}}}