{"shared_labels": 7, "perf": [0.09165666252374649, 0.9754477739334106], "metrics": {"Label_0": {"Optimal Threshold": 0.022211289033293724, "Accuracy": 0.8676671214188267, "Sensitivity": 0.9565217391304348, "Specificity": 0.858433734939759, "AUC": 0.9694866422210582}, "Label_1": {"Optimal Threshold": 0.023465624079108238, "Accuracy": 0.9263301500682128, "Sensitivity": 0.9655172413793104, "Specificity": 0.922962962962963, "AUC": 0.9883269476372926}, "Label_2": {"Optimal Threshold": 0.4889974892139435, "Accuracy": 0.927694406548431, "Sensitivity": 0.9122807017543859, "Specificity": 0.9346534653465347, "AUC": 0.9742140003474031}, "Label_3": {"Optimal Threshold": 0.5439795255661011, "Accuracy": 0.9358799454297408, "Sensitivity": 0.9095022624434389, "Specificity": 0.947265625, "AUC": 0.9761559671945701}, "Label_4": {"Optimal Threshold": 0.04458409920334816, "Accuracy": 0.9727148703956344, "Sensitivity": 0.8571428571428571, "Specificity": 0.9738292011019284, "AUC": 0.9655647382920111}, "Label_5": {"Optimal Threshold": 0.04373735561966896, "Accuracy": 0.9522510231923602, "Sensitivity": 0.8, "Specificity": 0.9532967032967034, "AUC": 0.9332417582417583}, "Label_6": {"Optimal Threshold": 0.012511713430285454, "Accuracy": 0.878581173260573, "Sensitivity": 1.0, "Specificity": 0.8767313019390581, "AUC": 0.9688995215311004}, "Label_7": {"Optimal Threshold": 0.07467479258775711, "Accuracy": 0.9495225102319236, "Sensitivity": 1.0, "Specificity": 0.9448584202682563, "AUC": 0.9912504206528532}, "Label_8": {"Optimal Threshold": 0.0037016139831393957, "Accuracy": 0.8049113233287858, "Sensitivity": 1.0, "Specificity": 0.8043775649794802, "AUC": 0.8502051983584131}, "Label_9": {"Optimal Threshold": 0.02928762324154377, "Accuracy": 0.844474761255116, "Sensitivity": 0.9375, "Specificity": 0.8402282453637661, "AUC": 0.9383915834522112}, "Label_10": {"Optimal Threshold": 0.01497082132846117, "Accuracy": 0.7748976807639836, "Sensitivity": 0.8888888888888888, "Specificity": 0.772027972027972, "AUC": 0.8973581973581973}, "Label_11": {"Optimal Threshold": 0.030383264645934105, "Accuracy": 0.9345156889495225, "Sensitivity": 0.9444444444444444, "Specificity": 0.9342657342657342, "AUC": 0.973970473970474}, "Label_12": {"Optimal Threshold": 0.06480252742767334, "Accuracy": 0.7530695770804912, "Sensitivity": 0.9019607843137255, "Specificity": 0.7419354838709677, "AUC": 0.906877120349606}, "Overall": {"Accuracy": 0.8863469409172002, "Sensitivity": 0.9287506861151914, "Specificity": 0.8849897242587019, "AUC": 0.9487648130466885}}, "label_names": [[1, 6, 3, 8, 0, 10, 2, 12, 5, 9], [1, 6, 3, 8, 0, 10, 2, 7, 11, 4]]}