{"shared_labels": 7, "perf": [0.09738675504922867, 0.9665237069129944], "metrics": {"Label_0": {"Optimal Threshold": 0.04205234348773956, "Accuracy": 0.9085948158253752, "Sensitivity": 0.8658536585365854, "Specificity": 0.9139784946236559, "AUC": 0.9583754823723353}, "Label_1": {"Optimal Threshold": 0.1910061240196228, "Accuracy": 0.9727148703956344, "Sensitivity": 0.890625, "Specificity": 0.9805680119581465, "AUC": 0.9816423766816144}, "Label_2": {"Optimal Threshold": 0.0683860182762146, "Accuracy": 0.903137789904502, "Sensitivity": 0.9308943089430894, "Specificity": 0.8891170431211499, "AUC": 0.9642243034339995}, "Label_3": {"Optimal Threshold": 0.1749633550643921, "Accuracy": 0.9236016371077762, "Sensitivity": 0.9037656903765691, "Specificity": 0.9331983805668016, "AUC": 0.9706774177155151}, "Label_4": {"Optimal Threshold": 0.014379252679646015, "Accuracy": 0.9140518417462483, "Sensitivity": 1.0, "Specificity": 0.9133425034387895, "AUC": 0.9637780834479596}, "Label_5": {"Optimal Threshold": 0.055218227207660675, "Accuracy": 0.9727148703956344, "Sensitivity": 1.0, "Specificity": 0.9725274725274725, "AUC": 0.9865384615384616}, "Label_6": {"Optimal Threshold": 0.01932719349861145, "Accuracy": 0.9304229195088677, "Sensitivity": 1.0, "Specificity": 0.929945054945055, "AUC": 0.9629120879120878}, "Label_7": {"Optimal Threshold": 0.24724669754505157, "Accuracy": 0.9863574351978172, "Sensitivity": 0.9411764705882353, "Specificity": 0.9897360703812317, "AUC": 0.9922661146570065}, "Label_8": {"Optimal Threshold": 0.04008481279015541, "Accuracy": 0.965893587994543, "Sensitivity": 1.0, "Specificity": 0.9657064471879286, "AUC": 0.9914266117969821}, "Label_9": {"Optimal Threshold": 0.014248629100620747, "Accuracy": 0.8267394270122783, "Sensitivity": 1.0, "Specificity": 0.8196022727272727, "AUC": 0.9469043887147336}, "Label_10": {"Optimal Threshold": 0.03379128500819206, "Accuracy": 0.9181446111869032, "Sensitivity": 0.8888888888888888, "Specificity": 0.9188811188811189, "AUC": 0.9554001554001554}, "Label_11": {"Optimal Threshold": 0.03814474120736122, "Accuracy": 0.9481582537517054, "Sensitivity": 1.0, "Specificity": 0.9472222222222222, "AUC": 0.9847222222222223}, "Label_12": {"Optimal Threshold": 0.10516931116580963, "Accuracy": 0.8799454297407913, "Sensitivity": 0.7647058823529411, "Specificity": 0.8885630498533724, "AUC": 0.8891093094129148}, "Overall": {"Accuracy": 0.9269598069052367, "Sensitivity": 0.9373776845912545, "Specificity": 0.9278760109564784, "AUC": 0.9652290011773836}}, "label_names": [[5, 8, 2, 7, 11, 3, 10, 6, 0, 4], [5, 8, 2, 7, 11, 3, 10, 9, 12, 1]]}