{"shared_labels": 4, "perf": [0.08934511244297028, 0.9744453430175781], "metrics": {"Label_0": {"Optimal Threshold": 0.03858723118901253, "Accuracy": 0.8676671214188267, "Sensitivity": 0.9710144927536232, "Specificity": 0.8569277108433735, "AUC": 0.9703815261044176}, "Label_1": {"Optimal Threshold": 0.051088638603687286, "Accuracy": 0.927694406548431, "Sensitivity": 0.9827586206896551, "Specificity": 0.922962962962963, "AUC": 0.9875095785440613}, "Label_2": {"Optimal Threshold": 0.28424596786499023, "Accuracy": 0.9195088676671214, "Sensitivity": 0.9122807017543859, "Specificity": 0.9227722772277228, "AUC": 0.969654333854438}, "Label_3": {"Optimal Threshold": 0.47071143984794617, "Accuracy": 0.9304229195088677, "Sensitivity": 0.9140271493212669, "Specificity": 0.9375, "AUC": 0.9737344457013575}, "Label_4": {"Optimal Threshold": 0.02747715637087822, "Accuracy": 0.9249658935879945, "Sensitivity": 0.8571428571428571, "Specificity": 0.9256198347107438, "AUC": 0.9498229043683589}, "Label_5": {"Optimal Threshold": 0.03802028298377991, "Accuracy": 0.9672578444747613, "Sensitivity": 0.8, "Specificity": 0.9684065934065934, "AUC": 0.9351648351648352}, "Label_6": {"Optimal Threshold": 0.03680119290947914, "Accuracy": 0.9440654843110505, "Sensitivity": 0.9090909090909091, "Specificity": 0.9445983379501385, "AUC": 0.9618484009065726}, "Label_7": {"Optimal Threshold": 0.12759935855865479, "Accuracy": 0.9699863574351978, "Sensitivity": 1.0, "Specificity": 0.9672131147540983, "AUC": 0.9932935916542475}, "Label_8": {"Optimal Threshold": 0.0021119413431733847, "Accuracy": 0.781718963165075, "Sensitivity": 1.0, "Specificity": 0.7811217510259918, "AUC": 0.8467852257181943}, "Label_9": {"Optimal Threshold": 0.02550927922129631, "Accuracy": 0.8731241473396999, "Sensitivity": 0.90625, "Specificity": 0.8716119828815977, "AUC": 0.9427157631954352}, "Label_10": {"Optimal Threshold": 0.032358430325984955, "Accuracy": 0.8826739427012278, "Sensitivity": 0.7222222222222222, "Specificity": 0.8867132867132868, "AUC": 0.880963480963481}, "Label_11": {"Optimal Threshold": 0.011520692147314548, "Accuracy": 0.9072305593451568, "Sensitivity": 1.0, "Specificity": 0.9048951048951049, "AUC": 0.9824397824397825}, "Label_12": {"Optimal Threshold": 0.02422136627137661, "Accuracy": 0.7066848567530696, "Sensitivity": 0.9803921568627451, "Specificity": 0.6862170087976539, "AUC": 0.9196135932378816}, "Overall": {"Accuracy": 0.8925385664812677, "Sensitivity": 0.9196291622952049, "Specificity": 0.8905046127822515, "AUC": 0.9472251893733125}}, "label_names": [[7, 0, 11, 8, 9, 12, 4, 2, 1], [7, 0, 11, 8, 3, 5, 6, 10]]}