{"shared_labels": 4, "perf": [0.10017309337854385, 0.9722368717193604], "metrics": {"Label_0": {"Optimal Threshold": 0.21322867274284363, "Accuracy": 0.9195088676671214, "Sensitivity": 0.782608695652174, "Specificity": 0.9337349397590361, "AUC": 0.9386458878994238}, "Label_1": {"Optimal Threshold": 0.4638153612613678, "Accuracy": 0.975443383356071, "Sensitivity": 0.9090909090909091, "Specificity": 0.9808259587020649, "AUC": 0.9817913649772058}, "Label_2": {"Optimal Threshold": 0.23233658075332642, "Accuracy": 0.9249658935879945, "Sensitivity": 0.9382239382239382, "Specificity": 0.9177215189873418, "AUC": 0.9687291269569751}, "Label_3": {"Optimal Threshold": 0.2493213713169098, "Accuracy": 0.9263301500682128, "Sensitivity": 0.9251968503937008, "Specificity": 0.9269311064718163, "AUC": 0.9685450331234691}, "Label_4": {"Optimal Threshold": 0.020661821588873863, "Accuracy": 0.9290586630286494, "Sensitivity": 0.8888888888888888, "Specificity": 0.9295580110497238, "AUC": 0.951197053406998}, "Label_5": {"Optimal Threshold": 0.03926793485879898, "Accuracy": 0.9495225102319236, "Sensitivity": 0.8571428571428571, "Specificity": 0.9504132231404959, "AUC": 0.9384100747737112}, "Label_6": {"Optimal Threshold": 0.01984095387160778, "Accuracy": 0.9195088676671214, "Sensitivity": 1.0, "Specificity": 0.918732782369146, "AUC": 0.9740259740259741}, "Label_7": {"Optimal Threshold": 0.09826959669589996, "Accuracy": 0.9386084583901774, "Sensitivity": 1.0, "Specificity": 0.9327354260089686, "AUC": 0.9882053437967115}, "Label_8": {"Optimal Threshold": 0.03006187081336975, "Accuracy": 0.9699863574351978, "Sensitivity": 1.0, "Specificity": 0.9695712309820194, "AUC": 0.9869986168741356}, "Label_9": {"Optimal Threshold": 0.05785664916038513, "Accuracy": 0.9140518417462483, "Sensitivity": 0.9444444444444444, "Specificity": 0.9124820659971306, "AUC": 0.9524948190658378}, "Label_10": {"Optimal Threshold": 0.10673347860574722, "Accuracy": 0.9290586630286494, "Sensitivity": 0.8571428571428571, "Specificity": 0.9304589707927677, "AUC": 0.9327438903238625}, "Label_11": {"Optimal Threshold": 0.026409192010760307, "Accuracy": 0.8813096862210096, "Sensitivity": 1.0, "Specificity": 0.8789986091794159, "AUC": 0.9740711305384463}, "Label_12": {"Optimal Threshold": 0.04337227717041969, "Accuracy": 0.8130968622100955, "Sensitivity": 0.8596491228070176, "Specificity": 0.8091715976331361, "AUC": 0.8964237516869096}, "Overall": {"Accuracy": 0.9223423234337287, "Sensitivity": 0.9201837356759067, "Specificity": 0.9224104185440818, "AUC": 0.9578678513422815}}, "label_names": [[5, 6, 4, 1, 12, 7, 8, 9, 10], [5, 6, 4, 1, 0, 2, 3, 11]]}