{"shared_labels": 13, "perf": [0.09225962311029434, 0.9765164852142334], "metrics": {"Label_0": {"Optimal Threshold": 0.0347185879945755, "Accuracy": 0.91268758526603, "Sensitivity": 0.8924731182795699, "Specificity": 0.915625, "AUC": 0.9701948924731183}, "Label_1": {"Optimal Threshold": 0.03421342745423317, "Accuracy": 0.9440654843110505, "Sensitivity": 0.9733333333333334, "Specificity": 0.9407294832826748, "AUC": 0.9900101317122594}, "Label_2": {"Optimal Threshold": 0.1563909649848938, "Accuracy": 0.9263301500682128, "Sensitivity": 0.924901185770751, "Specificity": 0.9270833333333334, "AUC": 0.9742012516469039}, "Label_3": {"Optimal Threshold": 0.10702688246965408, "Accuracy": 0.9236016371077762, "Sensitivity": 0.9504132231404959, "Specificity": 0.9103869653767821, "AUC": 0.9772264395482319}, "Label_4": {"Optimal Threshold": 0.0010361552704125643, "Accuracy": 0.8130968622100955, "Sensitivity": 0.9, "Specificity": 0.8118948824343015, "AUC": 0.9060857538035961}, "Label_5": {"Optimal Threshold": 0.0037214045878499746, "Accuracy": 0.8321964529331515, "Sensitivity": 1.0, "Specificity": 0.8305785123966942, "AUC": 0.9435261707988981}, "Label_6": {"Optimal Threshold": 0.094967320561409, "Accuracy": 0.9699863574351978, "Sensitivity": 1.0, "Specificity": 0.9697802197802198, "AUC": 0.9859890109890109}, "Label_7": {"Optimal Threshold": 0.025296419858932495, "Accuracy": 0.9413369713506139, "Sensitivity": 0.9682539682539683, "Specificity": 0.9388059701492537, "AUC": 0.9851457000710733}, "Label_8": {"Optimal Threshold": 0.012283389456570148, "Accuracy": 0.9236016371077762, "Sensitivity": 1.0, "Specificity": 0.922971114167813, "AUC": 0.9679046309032553}, "Label_9": {"Optimal Threshold": 0.08922214806079865, "Accuracy": 0.9345156889495225, "Sensitivity": 0.9230769230769231, "Specificity": 0.9349363507779349, "AUC": 0.9778043738439777}, "Label_10": {"Optimal Threshold": 0.04152389243245125, "Accuracy": 0.8799454297407913, "Sensitivity": 0.8461538461538461, "Specificity": 0.8805555555555555, "AUC": 0.9097222222222222}, "Label_11": {"Optimal Threshold": 0.06186532601714134, "Accuracy": 0.9727148703956344, "Sensitivity": 1.0, "Specificity": 0.9720670391061452, "AUC": 0.9888268156424581}, "Label_12": {"Optimal Threshold": 0.035078369081020355, "Accuracy": 0.8062755798090041, "Sensitivity": 0.9074074074074074, "Specificity": 0.7982326951399117, "AUC": 0.9282168766704849}, "Overall": {"Accuracy": 0.9061811312834506, "Sensitivity": 0.9450779234935613, "Specificity": 0.904126701653894, "AUC": 0.9619118669481145}}, "label_names": [[1, 7, 9, 8, 11, 4, 2, 5, 10, 12, 6, 0, 3], [1, 7, 9, 8, 11, 4, 2, 5, 10, 12, 6, 0, 3]]}