{"shared_labels": 13, "perf": [0.0864996463060379, 0.9770205616950989], "metrics": {"Label_0": {"Optimal Threshold": 0.08343026041984558, "Accuracy": 0.8608458390177354, "Sensitivity": 0.9710144927536232, "Specificity": 0.8493975903614458, "AUC": 0.9709053605727257}, "Label_1": {"Optimal Threshold": 0.11271411925554276, "Accuracy": 0.9399727148703957, "Sensitivity": 0.9655172413793104, "Specificity": 0.9377777777777778, "AUC": 0.9885823754789272}, "Label_2": {"Optimal Threshold": 0.2815437614917755, "Accuracy": 0.927694406548431, "Sensitivity": 0.9254385964912281, "Specificity": 0.9287128712871288, "AUC": 0.9728764981761334}, "Label_3": {"Optimal Threshold": 0.24412722885608673, "Accuracy": 0.9263301500682128, "Sensitivity": 0.9321266968325792, "Specificity": 0.923828125, "AUC": 0.9754666289592759}, "Label_4": {"Optimal Threshold": 0.002072252333164215, "Accuracy": 0.8130968622100955, "Sensitivity": 1.0, "Specificity": 0.8112947658402204, "AUC": 0.9639905548996458}, "Label_5": {"Optimal Threshold": 0.0016506524989381433, "Accuracy": 0.7639836289222374, "Sensitivity": 1.0, "Specificity": 0.7623626373626373, "AUC": 0.9387362637362637}, "Label_6": {"Optimal Threshold": 0.006964873988181353, "Accuracy": 0.8799454297407913, "Sensitivity": 1.0, "Specificity": 0.8781163434903048, "AUC": 0.972928733316545}, "Label_7": {"Optimal Threshold": 0.20120413601398468, "Accuracy": 0.9686221009549796, "Sensitivity": 1.0, "Specificity": 0.9657228017883756, "AUC": 0.9931974424306523}, "Label_8": {"Optimal Threshold": 0.0018715871265158057, "Accuracy": 0.819918144611187, "Sensitivity": 1.0, "Specificity": 0.8194254445964432, "AUC": 0.8365253077975376}, "Label_9": {"Optimal Threshold": 0.041778452694416046, "Accuracy": 0.9154160982264665, "Sensitivity": 0.90625, "Specificity": 0.9158345221112696, "AUC": 0.9506508559201141}, "Label_10": {"Optimal Threshold": 0.009279902093112469, "Accuracy": 0.7680763983628922, "Sensitivity": 0.9444444444444444, "Specificity": 0.7636363636363637, "AUC": 0.9047397047397048}, "Label_11": {"Optimal Threshold": 0.022551143541932106, "Accuracy": 0.9181446111869032, "Sensitivity": 1.0, "Specificity": 0.916083916083916, "AUC": 0.9823620823620823}, "Label_12": {"Optimal Threshold": 0.06129109114408493, "Accuracy": 0.8049113233287858, "Sensitivity": 0.9411764705882353, "Specificity": 0.7947214076246334, "AUC": 0.9447127824736933}, "Overall": {"Accuracy": 0.8697659775422396, "Sensitivity": 0.9681513801914938, "Specificity": 0.8666857359200397, "AUC": 0.9535134300664078}}, "label_names": [[4, 0, 1, 3, 9, 5, 10, 6, 11, 12, 2, 7, 8], [4, 0, 1, 3, 9, 5, 10, 6, 11, 12, 2, 7, 8]]}