{"shared_labels": 4, "perf": [0.09371685981750488, 0.9753170609474182], "metrics": {"Label_0": {"Optimal Threshold": 0.06148209422826767, "Accuracy": 0.9113233287858117, "Sensitivity": 0.9130434782608695, "Specificity": 0.911144578313253, "AUC": 0.9691810721145452}, "Label_1": {"Optimal Threshold": 0.037924375385046005, "Accuracy": 0.9386084583901774, "Sensitivity": 0.9482758620689655, "Specificity": 0.9377777777777778, "AUC": 0.9854661558109833}, "Label_2": {"Optimal Threshold": 0.2402878850698471, "Accuracy": 0.9099590723055935, "Sensitivity": 0.9210526315789473, "Specificity": 0.904950495049505, "AUC": 0.9643824908806671}, "Label_3": {"Optimal Threshold": 0.22103826701641083, "Accuracy": 0.9140518417462483, "Sensitivity": 0.9321266968325792, "Specificity": 0.90625, "AUC": 0.9674685378959276}, "Label_4": {"Optimal Threshold": 0.046232856810092926, "Accuracy": 0.965893587994543, "Sensitivity": 0.8571428571428571, "Specificity": 0.9669421487603306, "AUC": 0.9618260527351437}, "Label_5": {"Optimal Threshold": 0.0550772100687027, "Accuracy": 0.9781718963165075, "Sensitivity": 0.8, "Specificity": 0.9793956043956044, "AUC": 0.945054945054945}, "Label_6": {"Optimal Threshold": 0.01639561727643013, "Accuracy": 0.931787175989086, "Sensitivity": 1.0, "Specificity": 0.9307479224376731, "AUC": 0.9804835054142533}, "Label_7": {"Optimal Threshold": 0.07933568954467773, "Accuracy": 0.9590723055934516, "Sensitivity": 1.0, "Specificity": 0.9552906110283159, "AUC": 0.9931253305129562}, "Label_8": {"Optimal Threshold": 0.0032254324760288, "Accuracy": 0.9017735334242838, "Sensitivity": 1.0, "Specificity": 0.9015047879616963, "AUC": 0.9158686730506156}, "Label_9": {"Optimal Threshold": 0.00940643809735775, "Accuracy": 0.8703956343792633, "Sensitivity": 0.9375, "Specificity": 0.8673323823109843, "AUC": 0.9401747503566333}, "Label_10": {"Optimal Threshold": 0.017565274611115456, "Accuracy": 0.8362892223738063, "Sensitivity": 0.8333333333333334, "Specificity": 0.8363636363636363, "AUC": 0.8793317793317793}, "Label_11": {"Optimal Threshold": 0.035110652446746826, "Accuracy": 0.9590723055934516, "Sensitivity": 0.9444444444444444, "Specificity": 0.9594405594405594, "AUC": 0.981973581973582}, "Label_12": {"Optimal Threshold": 0.02284676767885685, "Accuracy": 0.800818553888131, "Sensitivity": 0.9607843137254902, "Specificity": 0.7888563049853372, "AUC": 0.9493703639813696}, "Overall": {"Accuracy": 0.9136320705215658, "Sensitivity": 0.9267464321067298, "Specificity": 0.9112305237557441, "AUC": 0.9564390183933386}}, "label_names": [[6, 11, 12, 1, 10, 7, 9, 2, 3], [6, 11, 12, 1, 4, 0, 8, 5]]}