{"shared_labels": 4, "perf": [0.0925428718328476, 0.973779559135437], "metrics": {"Label_0": {"Optimal Threshold": 0.06866024434566498, "Accuracy": 0.91268758526603, "Sensitivity": 0.9178082191780822, "Specificity": 0.9121212121212121, "AUC": 0.9694686591946866}, "Label_1": {"Optimal Threshold": 0.032403476536273956, "Accuracy": 0.897680763983629, "Sensitivity": 0.9850746268656716, "Specificity": 0.8888888888888888, "AUC": 0.9841333871184618}, "Label_2": {"Optimal Threshold": 0.2620536983013153, "Accuracy": 0.8990450204638472, "Sensitivity": 0.9295774647887324, "Specificity": 0.8865384615384615, "AUC": 0.9658631274828458}, "Label_3": {"Optimal Threshold": 0.24779678881168365, "Accuracy": 0.9099590723055935, "Sensitivity": 0.9420289855072463, "Specificity": 0.8973384030418251, "AUC": 0.9733656619092229}, "Label_4": {"Optimal Threshold": 0.03156152740120888, "Accuracy": 0.9549795361527967, "Sensitivity": 0.8333333333333334, "Specificity": 0.9559834938101788, "AUC": 0.9089867033470885}, "Label_5": {"Optimal Threshold": 0.0026124741416424513, "Accuracy": 0.7858117326057299, "Sensitivity": 1.0, "Specificity": 0.7846364883401921, "AUC": 0.9375857338820301}, "Label_6": {"Optimal Threshold": 0.01316686812788248, "Accuracy": 0.9045020463847203, "Sensitivity": 1.0, "Specificity": 0.903448275862069, "AUC": 0.9653448275862069}, "Label_7": {"Optimal Threshold": 0.030165882781147957, "Accuracy": 0.9358799454297408, "Sensitivity": 0.9538461538461539, "Specificity": 0.9341317365269461, "AUC": 0.9801704283740211}, "Label_8": {"Optimal Threshold": 0.011618809774518013, "Accuracy": 0.9154160982264665, "Sensitivity": 1.0, "Specificity": 0.9144827586206896, "AUC": 0.9805172413793103}, "Label_9": {"Optimal Threshold": 0.048467446118593216, "Accuracy": 0.9181446111869032, "Sensitivity": 0.9666666666666667, "Specificity": 0.9160739687055477, "AUC": 0.9794689426268374}, "Label_10": {"Optimal Threshold": 0.04844195395708084, "Accuracy": 0.9304229195088677, "Sensitivity": 1.0, "Specificity": 0.9292649098474342, "AUC": 0.9655570966250577}, "Label_11": {"Optimal Threshold": 0.04673754796385765, "Accuracy": 0.9577080491132333, "Sensitivity": 1.0, "Specificity": 0.9567642956764296, "AUC": 0.9813458856345887}, "Label_12": {"Optimal Threshold": 0.17330364882946014, "Accuracy": 0.8581173260572987, "Sensitivity": 0.8301886792452831, "Specificity": 0.8602941176470589, "AUC": 0.8774972253052165}, "Overall": {"Accuracy": 0.9061811312834505, "Sensitivity": 0.9506557022639363, "Specificity": 0.9030743854328411, "AUC": 0.959177301574275}}, "label_names": [[9, 5, 4, 3, 10, 6, 7, 0, 2], [9, 5, 4, 3, 1, 11, 8, 12]]}