{"shared_labels": 2, "perf": [0.0941682755947113, 0.9725967049598694], "metrics": {"Label_0": {"Optimal Threshold": 0.15450452268123627, "Accuracy": 0.9181446111869032, "Sensitivity": 0.8985507246376812, "Specificity": 0.9201807228915663, "AUC": 0.9709053605727257}, "Label_1": {"Optimal Threshold": 0.1753280609846115, "Accuracy": 0.9536152796725784, "Sensitivity": 0.9482758620689655, "Specificity": 0.9540740740740741, "AUC": 0.984802043422733}, "Label_2": {"Optimal Threshold": 0.280493825674057, "Accuracy": 0.9236016371077762, "Sensitivity": 0.8991228070175439, "Specificity": 0.9346534653465347, "AUC": 0.9692287649817614}, "Label_3": {"Optimal Threshold": 0.3871638774871826, "Accuracy": 0.931787175989086, "Sensitivity": 0.9004524886877828, "Specificity": 0.9453125, "AUC": 0.9716487556561086}, "Label_4": {"Optimal Threshold": 0.017600899562239647, "Accuracy": 0.9154160982264665, "Sensitivity": 0.8571428571428571, "Specificity": 0.9159779614325069, "AUC": 0.9427390791027154}, "Label_5": {"Optimal Threshold": 0.038722820580005646, "Accuracy": 0.927694406548431, "Sensitivity": 0.8, "Specificity": 0.9285714285714286, "AUC": 0.9131868131868132}, "Label_6": {"Optimal Threshold": 0.027371123433113098, "Accuracy": 0.9290586630286494, "Sensitivity": 1.0, "Specificity": 0.9279778393351801, "AUC": 0.9779652480483506}, "Label_7": {"Optimal Threshold": 0.1453634649515152, "Accuracy": 0.9481582537517054, "Sensitivity": 1.0, "Specificity": 0.9433681073025335, "AUC": 0.9916350175472333}, "Label_8": {"Optimal Threshold": 0.0017251493409276009, "Accuracy": 0.6043656207366985, "Sensitivity": 1.0, "Specificity": 0.6032831737346102, "AUC": 0.7339261285909713}, "Label_9": {"Optimal Threshold": 0.04595019668340683, "Accuracy": 0.8908594815825375, "Sensitivity": 0.90625, "Specificity": 0.8901569186875892, "AUC": 0.9479315263908702}, "Label_10": {"Optimal Threshold": 0.022993789985775948, "Accuracy": 0.819918144611187, "Sensitivity": 0.8333333333333334, "Specificity": 0.8195804195804196, "AUC": 0.8864801864801864}, "Label_11": {"Optimal Threshold": 0.01847721077501774, "Accuracy": 0.9017735334242838, "Sensitivity": 1.0, "Specificity": 0.8993006993006993, "AUC": 0.9810411810411811}, "Label_12": {"Optimal Threshold": 0.22531135380268097, "Accuracy": 0.8731241473396999, "Sensitivity": 0.8627450980392157, "Specificity": 0.873900293255132, "AUC": 0.9309412914726007}, "Overall": {"Accuracy": 0.8875013117850773, "Sensitivity": 0.9158363977636447, "Specificity": 0.8889490464240211, "AUC": 0.9386485689610964}}, "label_names": [[0, 11, 4, 3, 8, 5, 10, 6], [0, 11, 7, 9, 1, 12, 2]]}