{"shared_labels": 2, "perf": [0.08674392849206924, 0.9765356779098511], "metrics": {"Label_0": {"Optimal Threshold": 0.040126729756593704, "Accuracy": 0.9413369713506139, "Sensitivity": 0.8536585365853658, "Specificity": 0.9523809523809523, "AUC": 0.9638642238956951}, "Label_1": {"Optimal Threshold": 0.07378920912742615, "Accuracy": 0.9699863574351978, "Sensitivity": 0.9384615384615385, "Specificity": 0.9730538922155688, "AUC": 0.9848226623675725}, "Label_2": {"Optimal Threshold": 0.32288074493408203, "Accuracy": 0.9263301500682128, "Sensitivity": 0.9234042553191489, "Specificity": 0.927710843373494, "AUC": 0.97618559343758}, "Label_3": {"Optimal Threshold": 0.13737770915031433, "Accuracy": 0.9236016371077762, "Sensitivity": 0.9696969696969697, "Specificity": 0.9023904382470119, "AUC": 0.9775098739242165}, "Label_4": {"Optimal Threshold": 0.4268210232257843, "Accuracy": 0.9959072305593452, "Sensitivity": 1.0, "Specificity": 0.9958734525447043, "AUC": 0.9986244841815681}, "Label_5": {"Optimal Threshold": 0.004929148592054844, "Accuracy": 0.8635743519781719, "Sensitivity": 1.0, "Specificity": 0.8626373626373627, "AUC": 0.948901098901099}, "Label_6": {"Optimal Threshold": 0.04073786735534668, "Accuracy": 0.9454297407912687, "Sensitivity": 1.0, "Specificity": 0.9448275862068966, "AUC": 0.983448275862069}, "Label_7": {"Optimal Threshold": 0.1386699676513672, "Accuracy": 0.9727148703956344, "Sensitivity": 0.96875, "Specificity": 0.9730941704035875, "AUC": 0.9898636023916293}, "Label_8": {"Optimal Threshold": 0.017058895900845528, "Accuracy": 0.9167803547066848, "Sensitivity": 1.0, "Specificity": 0.9163237311385459, "AUC": 0.9711934156378601}, "Label_9": {"Optimal Threshold": 0.0485464446246624, "Accuracy": 0.9249658935879945, "Sensitivity": 0.92, "Specificity": 0.9251412429378532, "AUC": 0.9689830508474576}, "Label_10": {"Optimal Threshold": 0.07520145922899246, "Accuracy": 0.9236016371077762, "Sensitivity": 0.8666666666666667, "Specificity": 0.924791086350975, "AUC": 0.9361188486536677}, "Label_11": {"Optimal Threshold": 0.03016834519803524, "Accuracy": 0.9099590723055935, "Sensitivity": 1.0, "Specificity": 0.9083333333333333, "AUC": 0.9798076923076923}, "Label_12": {"Optimal Threshold": 0.10762963443994522, "Accuracy": 0.8744884038199181, "Sensitivity": 0.7413793103448276, "Specificity": 0.8859259259259259, "AUC": 0.8943295019157088}, "Overall": {"Accuracy": 0.9298982054780145, "Sensitivity": 0.9370782520826553, "Specificity": 0.9301910782843239, "AUC": 0.9672040249479857}}, "label_names": [[7, 4, 6, 0, 10, 8, 2, 11], [7, 4, 1, 3, 12, 9, 5]]}