{"shared_labels": 0, "perf": [0.08896718174219131, 0.9755849242210388], "metrics": {"Label_0": {"Optimal Threshold": 0.22087673842906952, "Accuracy": 0.9508867667121419, "Sensitivity": 0.855072463768116, "Specificity": 0.9608433734939759, "AUC": 0.9614763401431814}, "Label_1": {"Optimal Threshold": 0.19347088038921356, "Accuracy": 0.9699863574351978, "Sensitivity": 0.9137931034482759, "Specificity": 0.9748148148148148, "AUC": 0.9859770114942529}, "Label_2": {"Optimal Threshold": 0.371855765581131, "Accuracy": 0.922237380627558, "Sensitivity": 0.9035087719298246, "Specificity": 0.9306930693069307, "AUC": 0.9712437033177002}, "Label_3": {"Optimal Threshold": 0.33577761054039, "Accuracy": 0.927694406548431, "Sensitivity": 0.9230769230769231, "Specificity": 0.9296875, "AUC": 0.9747331023755657}, "Label_4": {"Optimal Threshold": 0.011927559971809387, "Accuracy": 0.8908594815825375, "Sensitivity": 1.0, "Specificity": 0.8898071625344353, "AUC": 0.9771743408107045}, "Label_5": {"Optimal Threshold": 0.06812000274658203, "Accuracy": 0.9822646657571623, "Sensitivity": 0.8, "Specificity": 0.9835164835164835, "AUC": 0.9318681318681319}, "Label_6": {"Optimal Threshold": 0.0034315388184040785, "Accuracy": 0.8608458390177354, "Sensitivity": 1.0, "Specificity": 0.8587257617728532, "AUC": 0.9519012843112566}, "Label_7": {"Optimal Threshold": 0.07931023836135864, "Accuracy": 0.9536152796725784, "Sensitivity": 1.0, "Specificity": 0.9493293591654247, "AUC": 0.9937983750781212}, "Label_8": {"Optimal Threshold": 0.002540386049076915, "Accuracy": 0.7858117326057299, "Sensitivity": 1.0, "Specificity": 0.7852257181942545, "AUC": 0.8125854993160055}, "Label_9": {"Optimal Threshold": 0.019338054582476616, "Accuracy": 0.8240109140518418, "Sensitivity": 0.9375, "Specificity": 0.818830242510699, "AUC": 0.9425374465049927}, "Label_10": {"Optimal Threshold": 0.049230512231588364, "Accuracy": 0.8758526603001364, "Sensitivity": 0.9444444444444444, "Specificity": 0.8741258741258742, "AUC": 0.9407925407925408}, "Label_11": {"Optimal Threshold": 0.012017253786325455, "Accuracy": 0.9236016371077762, "Sensitivity": 0.9444444444444444, "Specificity": 0.9230769230769231, "AUC": 0.9710955710955711}, "Label_12": {"Optimal Threshold": 0.06587845087051392, "Accuracy": 0.8649386084583902, "Sensitivity": 0.9215686274509803, "Specificity": 0.8607038123167156, "AUC": 0.9423264907135874}, "Overall": {"Accuracy": 0.9025081330674781, "Sensitivity": 0.9341083675817701, "Specificity": 0.9030292380637991, "AUC": 0.9505776798324317}}, "label_names": [[4, 11, 8, 9, 10, 12, 3], [5, 0, 6, 7, 2, 1]]}