{"shared_labels": 0, "perf": [0.09447287768125534, 0.9748541116714478], "metrics": {"Label_0": {"Optimal Threshold": 0.061338815838098526, "Accuracy": 0.9236016371077762, "Sensitivity": 0.9135802469135802, "Specificity": 0.9248466257668712, "AUC": 0.9645913807468}, "Label_1": {"Optimal Threshold": 0.07463007420301437, "Accuracy": 0.9522510231923602, "Sensitivity": 0.8918918918918919, "Specificity": 0.9590288315629742, "AUC": 0.9671082311446499}, "Label_2": {"Optimal Threshold": 0.36127811670303345, "Accuracy": 0.9358799454297408, "Sensitivity": 0.9057377049180327, "Specificity": 0.950920245398773, "AUC": 0.976314995474203}, "Label_3": {"Optimal Threshold": 0.238294780254364, "Accuracy": 0.9290586630286494, "Sensitivity": 0.9467213114754098, "Specificity": 0.9202453987730062, "AUC": 0.9800110630594389}, "Label_4": {"Optimal Threshold": 0.01769823394715786, "Accuracy": 0.9167803547066848, "Sensitivity": 1.0, "Specificity": 0.9158620689655173, "AUC": 0.9863793103448276}, "Label_5": {"Optimal Threshold": 0.02191026881337166, "Accuracy": 0.9399727148703957, "Sensitivity": 1.0, "Specificity": 0.9393103448275862, "AUC": 0.9853448275862069}, "Label_6": {"Optimal Threshold": 0.04219106584787369, "Accuracy": 0.9522510231923602, "Sensitivity": 1.0, "Specificity": 0.9517241379310345, "AUC": 0.9848275862068965}, "Label_7": {"Optimal Threshold": 0.11055118590593338, "Accuracy": 0.956343792633015, "Sensitivity": 0.9393939393939394, "Specificity": 0.9580209895052474, "AUC": 0.9862795874789878}, "Label_8": {"Optimal Threshold": 0.036569684743881226, "Accuracy": 0.9508867667121419, "Sensitivity": 1.0, "Specificity": 0.9505494505494505, "AUC": 0.9857142857142857}, "Label_9": {"Optimal Threshold": 0.05625460669398308, "Accuracy": 0.9304229195088677, "Sensitivity": 0.972972972972973, "Specificity": 0.9281609195402298, "AUC": 0.9787977632805219}, "Label_10": {"Optimal Threshold": 0.02160191908478737, "Accuracy": 0.8744884038199181, "Sensitivity": 0.7368421052631579, "Specificity": 0.8781512605042017, "AUC": 0.8724015922158336}, "Label_11": {"Optimal Threshold": 0.01645153947174549, "Accuracy": 0.8840381991814461, "Sensitivity": 0.9629629629629629, "Specificity": 0.8810198300283286, "AUC": 0.9517364389885635}, "Label_12": {"Optimal Threshold": 0.03179430216550827, "Accuracy": 0.7435197817189632, "Sensitivity": 0.9285714285714286, "Specificity": 0.7322720694645442, "AUC": 0.905623320239818}, "Overall": {"Accuracy": 0.9145765557771013, "Sensitivity": 0.938359581874106, "Specificity": 0.9146240132936743, "AUC": 0.9634715678831564}}, "label_names": [[5, 12, 6, 8, 4, 7, 2], [1, 11, 10, 0, 3, 9]]}