{"Label_0": {"Optimal Threshold": 0.02071676217019558, "Accuracy": 0.9140518417462483, "Sensitivity": 0.9565217391304348, "Specificity": 0.9096385542168675, "AUC": 0.9727169547756243}, "Label_1": {"Optimal Threshold": 0.10483506321907043, "Accuracy": 0.9713506139154161, "Sensitivity": 0.896551724137931, "Specificity": 0.9777777777777777, "AUC": 0.9846998722860792}, "Label_2": {"Optimal Threshold": 0.201675146818161, "Accuracy": 0.922237380627558, "Sensitivity": 0.9385964912280702, "Specificity": 0.9148514851485149, "AUC": 0.9746048289039431}, "Label_3": {"Optimal Threshold": 0.12186087667942047, "Accuracy": 0.91268758526603, "Sensitivity": 0.9547511312217195, "Specificity": 0.89453125, "AUC": 0.974132140837104}, "Label_4": {"Optimal Threshold": 0.0163998082280159, "Accuracy": 0.9495225102319236, "Sensitivity": 1.0, "Specificity": 0.9490358126721763, "AUC": 0.9883903974813065}, "Label_5": {"Optimal Threshold": 0.29928597807884216, "Accuracy": 0.9890859481582538, "Sensitivity": 0.8, "Specificity": 0.9903846153846154, "AUC": 0.9532967032967034}, "Label_6": {"Optimal Threshold": 0.00371941807679832, "Accuracy": 0.9004092769440655, "Sensitivity": 1.0, "Specificity": 0.8988919667590027, "AUC": 0.9797280282044825}, "Label_7": {"Optimal Threshold": 0.12715168297290802, "Accuracy": 0.9618008185538881, "Sensitivity": 0.967741935483871, "Specificity": 0.9612518628912071, "AUC": 0.9899043315225229}, "Label_8": {"Optimal Threshold": 0.0004926736000925303, "Accuracy": 0.6984993178717599, "Sensitivity": 1.0, "Specificity": 0.6976744186046512, "AUC": 0.7790697674418605}, "Label_9": {"Optimal Threshold": 0.013789104297757149, "Accuracy": 0.8949522510231923, "Sensitivity": 0.96875, "Specificity": 0.891583452211127, "AUC": 0.9526569186875892}, "Label_10": {"Optimal Threshold": 0.003802895313128829, "Accuracy": 0.791268758526603, "Sensitivity": 0.9444444444444444, "Specificity": 0.7874125874125875, "AUC": 0.9381507381507381}, "Label_11": {"Optimal Threshold": 0.023095032200217247, "Accuracy": 0.9508867667121419, "Sensitivity": 0.9444444444444444, "Specificity": 0.951048951048951, "AUC": 0.9804195804195804}, "Label_12": {"Optimal Threshold": 0.1942586600780487, "Accuracy": 0.9345156889495225, "Sensitivity": 0.9019607843137255, "Specificity": 0.9369501466275659, "AUC": 0.9632281064918636}, "Overall": {"Accuracy": 0.9070206737328156, "Sensitivity": 0.9441355918772801, "Specificity": 0.9046948369811574, "AUC": 0.956230643730723}}