{"shared_labels": 8, "perf": [0.09052655845880508, 0.9745669960975647], "label_names": [[4, 9, 7, 3, 2, 0, 11, 5, 12, 8, 10], [4, 9, 7, 3, 2, 0, 11, 5, 1, 6]], "metrics": {"Label_0": {"Optimal Threshold": 0.05968198925256729, "Accuracy": 0.8840381991814461, "Sensitivity": 0.9855072463768116, "Specificity": 0.8734939759036144, "AUC": 0.9752051685000873}, "Label_1": {"Optimal Threshold": 0.25966760516166687, "Accuracy": 0.9618008185538881, "Sensitivity": 0.9137931034482759, "Specificity": 0.965925925925926, "AUC": 0.9849553001277139}, "Label_2": {"Optimal Threshold": 0.27415964007377625, "Accuracy": 0.9290586630286494, "Sensitivity": 0.9122807017543859, "Specificity": 0.9366336633663367, "AUC": 0.9740055584505819}, "Label_3": {"Optimal Threshold": 0.29599815607070923, "Accuracy": 0.931787175989086, "Sensitivity": 0.918552036199095, "Specificity": 0.9375, "AUC": 0.9757494343891403}, "Label_4": {"Optimal Threshold": 0.00233609601855278, "Accuracy": 0.8158253751705321, "Sensitivity": 1.0, "Specificity": 0.8140495867768595, "AUC": 0.9574970484061393}, "Label_5": {"Optimal Threshold": 0.002327971626073122, "Accuracy": 0.791268758526603, "Sensitivity": 1.0, "Specificity": 0.7898351648351648, "AUC": 0.9379120879120879}, "Label_6": {"Optimal Threshold": 0.011761526577174664, "Accuracy": 0.9167803547066848, "Sensitivity": 1.0, "Specificity": 0.9155124653739612, "AUC": 0.9754469906824479}, "Label_7": {"Optimal Threshold": 0.09315042197704315, "Accuracy": 0.9686221009549796, "Sensitivity": 1.0, "Specificity": 0.9657228017883756, "AUC": 0.9934858901014374}, "Label_8": {"Optimal Threshold": 0.0016668408643454313, "Accuracy": 0.7858117326057299, "Sensitivity": 1.0, "Specificity": 0.7852257181942545, "AUC": 0.811217510259918}, "Label_9": {"Optimal Threshold": 0.01210661232471466, "Accuracy": 0.8663028649386084, "Sensitivity": 0.96875, "Specificity": 0.8616262482168331, "AUC": 0.9482881597717547}, "Label_10": {"Optimal Threshold": 0.002136044204235077, "Accuracy": 0.6480218281036835, "Sensitivity": 1.0, "Specificity": 0.6391608391608392, "AUC": 0.8763791763791764}, "Label_11": {"Optimal Threshold": 0.0242682546377182, "Accuracy": 0.9481582537517054, "Sensitivity": 0.9444444444444444, "Specificity": 0.9482517482517483, "AUC": 0.9780108780108779}, "Label_12": {"Optimal Threshold": 0.04104187339544296, "Accuracy": 0.7585266030013642, "Sensitivity": 0.9019607843137255, "Specificity": 0.7478005865102639, "AUC": 0.9042608245644298}, "Overall": {"Accuracy": 0.8620002098856123, "Sensitivity": 0.9650221781951338, "Specificity": 0.8600568249464751, "AUC": 0.945570309811984}}}