{"shared_labels": 3, "perf": [0.08811680227518082, 0.9757601618766785], "label_names": [[0, 12, 6, 5, 8, 9, 3, 4], [0, 12, 6, 11, 1, 10, 2, 7]], "metrics": {"Label_0": {"Optimal Threshold": 0.03463299944996834, "Accuracy": 0.9072305593451568, "Sensitivity": 0.9420289855072463, "Specificity": 0.9036144578313253, "AUC": 0.9734590536057273}, "Label_1": {"Optimal Threshold": 0.024975812062621117, "Accuracy": 0.9440654843110505, "Sensitivity": 0.9827586206896551, "Specificity": 0.9407407407407408, "AUC": 0.9886079182630907}, "Label_2": {"Optimal Threshold": 0.22653406858444214, "Accuracy": 0.9263301500682128, "Sensitivity": 0.8947368421052632, "Specificity": 0.9405940594059405, "AUC": 0.9691332291123849}, "Label_3": {"Optimal Threshold": 0.24573782086372375, "Accuracy": 0.9263301500682128, "Sensitivity": 0.9140271493212669, "Specificity": 0.931640625, "AUC": 0.9720111001131222}, "Label_4": {"Optimal Threshold": 0.04097084328532219, "Accuracy": 0.9549795361527967, "Sensitivity": 0.8571428571428571, "Specificity": 0.9559228650137741, "AUC": 0.9596615505706415}, "Label_5": {"Optimal Threshold": 0.08356504142284393, "Accuracy": 0.9836289222373806, "Sensitivity": 0.8, "Specificity": 0.9848901098901099, "AUC": 0.9480769230769232}, "Label_6": {"Optimal Threshold": 0.02268998697400093, "Accuracy": 0.9345156889495225, "Sensitivity": 1.0, "Specificity": 0.9335180055401662, "AUC": 0.9816167212289095}, "Label_7": {"Optimal Threshold": 0.09865131229162216, "Accuracy": 0.965893587994543, "Sensitivity": 1.0, "Specificity": 0.96274217585693, "AUC": 0.9933416662660449}, "Label_8": {"Optimal Threshold": 0.004182164557278156, "Accuracy": 0.8417462482946794, "Sensitivity": 1.0, "Specificity": 0.841313269493844, "AUC": 0.8700410396716827}, "Label_9": {"Optimal Threshold": 0.02404092252254486, "Accuracy": 0.8963165075034106, "Sensitivity": 0.9375, "Specificity": 0.8944365192582026, "AUC": 0.9581401569186876}, "Label_10": {"Optimal Threshold": 0.016176145523786545, "Accuracy": 0.8267394270122783, "Sensitivity": 0.8888888888888888, "Specificity": 0.8251748251748252, "AUC": 0.9133644133644133}, "Label_11": {"Optimal Threshold": 0.06928864866495132, "Accuracy": 0.9631650750341064, "Sensitivity": 0.9444444444444444, "Specificity": 0.9636363636363636, "AUC": 0.9761460761460761}, "Label_12": {"Optimal Threshold": 0.06369232386350632, "Accuracy": 0.8581173260572987, "Sensitivity": 0.9215686274509803, "Specificity": 0.8533724340175953, "AUC": 0.9540854464953136}, "Overall": {"Accuracy": 0.9176198971560499, "Sensitivity": 0.929468955042354, "Specificity": 0.9178151116046014, "AUC": 0.9582834842179243}}}