{"shared_labels": 7, "perf": [0.08774563670158386, 0.977064311504364], "label_names": [[2, 12, 8, 9, 1, 6, 3, 0, 10, 11], [2, 12, 8, 9, 1, 6, 3, 5, 7, 4]], "metrics": {"Label_0": {"Optimal Threshold": 0.09591320157051086, "Accuracy": 0.9140518417462483, "Sensitivity": 0.8840579710144928, "Specificity": 0.9171686746987951, "AUC": 0.966954775624236}, "Label_1": {"Optimal Threshold": 0.12950867414474487, "Accuracy": 0.9549795361527967, "Sensitivity": 0.9482758620689655, "Specificity": 0.9555555555555556, "AUC": 0.989757343550447}, "Label_2": {"Optimal Threshold": 0.2428441196680069, "Accuracy": 0.922237380627558, "Sensitivity": 0.9210526315789473, "Specificity": 0.9227722772277228, "AUC": 0.9722859128018065}, "Label_3": {"Optimal Threshold": 0.2905040979385376, "Accuracy": 0.931787175989086, "Sensitivity": 0.9230769230769231, "Specificity": 0.935546875, "AUC": 0.9755726809954752}, "Label_4": {"Optimal Threshold": 0.02293628640472889, "Accuracy": 0.937244201909959, "Sensitivity": 0.8571428571428571, "Specificity": 0.9380165289256198, "AUC": 0.9454939000393545}, "Label_5": {"Optimal Threshold": 0.001056771376170218, "Accuracy": 0.7530695770804912, "Sensitivity": 1.0, "Specificity": 0.7513736263736264, "AUC": 0.9321428571428572}, "Label_6": {"Optimal Threshold": 0.016620704904198647, "Accuracy": 0.9072305593451568, "Sensitivity": 1.0, "Specificity": 0.9058171745152355, "AUC": 0.9746915134726769}, "Label_7": {"Optimal Threshold": 0.14297717809677124, "Accuracy": 0.9536152796725784, "Sensitivity": 1.0, "Specificity": 0.9493293591654247, "AUC": 0.9896639584635354}, "Label_8": {"Optimal Threshold": 0.005256956443190575, "Accuracy": 0.8390177353342428, "Sensitivity": 1.0, "Specificity": 0.8385772913816689, "AUC": 0.8885088919288645}, "Label_9": {"Optimal Threshold": 0.04448669031262398, "Accuracy": 0.9004092769440655, "Sensitivity": 0.9375, "Specificity": 0.8987161198288159, "AUC": 0.9479315263908701}, "Label_10": {"Optimal Threshold": 0.024709424003958702, "Accuracy": 0.834924965893588, "Sensitivity": 0.8888888888888888, "Specificity": 0.8335664335664336, "AUC": 0.8983682983682983}, "Label_11": {"Optimal Threshold": 0.040650106966495514, "Accuracy": 0.9154160982264665, "Sensitivity": 0.9444444444444444, "Specificity": 0.9146853146853147, "AUC": 0.9622377622377621}, "Label_12": {"Optimal Threshold": 0.09650333225727081, "Accuracy": 0.8840381991814461, "Sensitivity": 0.8627450980392157, "Specificity": 0.8856304985337243, "AUC": 0.9508366396411936}, "Overall": {"Accuracy": 0.8960016790848987, "Sensitivity": 0.9359372827888259, "Specificity": 0.8959042868813797, "AUC": 0.9534189277428754}}}