{"shared_labels": 9, "perf": [0.08949505537748337, 0.9775890707969666], "label_names": [[8, 3, 4, 10, 11, 0, 5, 9, 7, 1, 2], [8, 3, 4, 10, 11, 0, 5, 9, 7, 6, 12]], "metrics": {"Label_0": {"Optimal Threshold": 0.06748369336128235, "Accuracy": 0.9017735334242838, "Sensitivity": 0.9710144927536232, "Specificity": 0.8945783132530121, "AUC": 0.9741356731272919}, "Label_1": {"Optimal Threshold": 0.1268126666545868, "Accuracy": 0.946793997271487, "Sensitivity": 0.9310344827586207, "Specificity": 0.9481481481481482, "AUC": 0.9877139208173691}, "Label_2": {"Optimal Threshold": 0.4704276919364929, "Accuracy": 0.9208731241473397, "Sensitivity": 0.9078947368421053, "Specificity": 0.9267326732673268, "AUC": 0.9698627757512593}, "Label_3": {"Optimal Threshold": 0.5907217264175415, "Accuracy": 0.9331514324693042, "Sensitivity": 0.918552036199095, "Specificity": 0.939453125, "AUC": 0.9744723911199096}, "Label_4": {"Optimal Threshold": 0.007980973459780216, "Accuracy": 0.8703956343792633, "Sensitivity": 1.0, "Specificity": 0.8691460055096418, "AUC": 0.9736324281778826}, "Label_5": {"Optimal Threshold": 0.035053644329309464, "Accuracy": 0.9522510231923602, "Sensitivity": 0.8, "Specificity": 0.9532967032967034, "AUC": 0.9373626373626374}, "Label_6": {"Optimal Threshold": 0.026232054457068443, "Accuracy": 0.8935879945429741, "Sensitivity": 1.0, "Specificity": 0.8919667590027701, "AUC": 0.9749433392092672}, "Label_7": {"Optimal Threshold": 0.07816770672798157, "Accuracy": 0.9590723055934516, "Sensitivity": 1.0, "Specificity": 0.9552906110283159, "AUC": 0.9924042113359934}, "Label_8": {"Optimal Threshold": 0.0009011998190544546, "Accuracy": 0.7844474761255116, "Sensitivity": 1.0, "Specificity": 0.7838577291381669, "AUC": 0.8180574555403557}, "Label_9": {"Optimal Threshold": 0.01809173822402954, "Accuracy": 0.9045020463847203, "Sensitivity": 0.9375, "Specificity": 0.9029957203994294, "AUC": 0.952968972895863}, "Label_10": {"Optimal Threshold": 0.02353212796151638, "Accuracy": 0.844474761255116, "Sensitivity": 0.8333333333333334, "Specificity": 0.8447552447552448, "AUC": 0.9135198135198135}, "Label_11": {"Optimal Threshold": 0.019114159047603607, "Accuracy": 0.9549795361527967, "Sensitivity": 0.9444444444444444, "Specificity": 0.9552447552447553, "AUC": 0.9794871794871794}, "Label_12": {"Optimal Threshold": 0.07483912259340286, "Accuracy": 0.8321964529331515, "Sensitivity": 0.8627450980392157, "Specificity": 0.8299120234604106, "AUC": 0.9100396756943246}, "Overall": {"Accuracy": 0.8998845629132124, "Sensitivity": 0.9312706634131106, "Specificity": 0.8996444470387636, "AUC": 0.9506615749260884}}}