{"shared_labels": 0, "perf": [0.09297022223472595, 0.9769628047943115], "label_names": [[4, 0, 5, 9, 12, 7, 1], [11, 6, 2, 8, 3, 10]], "metrics": {"Label_0": {"Optimal Threshold": 0.144818976521492, "Accuracy": 0.9290586630286494, "Sensitivity": 0.8695652173913043, "Specificity": 0.9352409638554217, "AUC": 0.9691374192421862}, "Label_1": {"Optimal Threshold": 0.06691255420446396, "Accuracy": 0.937244201909959, "Sensitivity": 0.9655172413793104, "Specificity": 0.9348148148148148, "AUC": 0.9864112388250319}, "Label_2": {"Optimal Threshold": 0.10047569870948792, "Accuracy": 0.8935879945429741, "Sensitivity": 0.9517543859649122, "Specificity": 0.8673267326732673, "AUC": 0.9703925655723467}, "Label_3": {"Optimal Threshold": 0.06118955463171005, "Accuracy": 0.8908594815825375, "Sensitivity": 0.9819004524886877, "Specificity": 0.8515625, "AUC": 0.9702789168552036}, "Label_4": {"Optimal Threshold": 0.008694324642419815, "Accuracy": 0.8526603001364257, "Sensitivity": 1.0, "Specificity": 0.8512396694214877, "AUC": 0.9708776072412436}, "Label_5": {"Optimal Threshold": 0.007231066469103098, "Accuracy": 0.8458390177353342, "Sensitivity": 1.0, "Specificity": 0.8447802197802198, "AUC": 0.9505494505494505}, "Label_6": {"Optimal Threshold": 0.0074892425909638405, "Accuracy": 0.8813096862210096, "Sensitivity": 1.0, "Specificity": 0.8795013850415513, "AUC": 0.96398891966759}, "Label_7": {"Optimal Threshold": 0.07241644710302353, "Accuracy": 0.9522510231923602, "Sensitivity": 1.0, "Specificity": 0.9478390461997019, "AUC": 0.9913946444882458}, "Label_8": {"Optimal Threshold": 0.0015460991999134421, "Accuracy": 0.800818553888131, "Sensitivity": 1.0, "Specificity": 0.8002735978112175, "AUC": 0.8310533515731875}, "Label_9": {"Optimal Threshold": 0.02907647006213665, "Accuracy": 0.9058663028649386, "Sensitivity": 0.90625, "Specificity": 0.905848787446505, "AUC": 0.9456134094151213}, "Label_10": {"Optimal Threshold": 0.005323796067386866, "Accuracy": 0.7312414733969986, "Sensitivity": 1.0, "Specificity": 0.7244755244755244, "AUC": 0.9282051282051282}, "Label_11": {"Optimal Threshold": 0.03158861771225929, "Accuracy": 0.9481582537517054, "Sensitivity": 0.9444444444444444, "Specificity": 0.9482517482517483, "AUC": 0.978943278943279}, "Label_12": {"Optimal Threshold": 0.09819698333740234, "Accuracy": 0.8867667121418826, "Sensitivity": 0.803921568627451, "Specificity": 0.8929618768328446, "AUC": 0.9221436375136565}, "Overall": {"Accuracy": 0.8812047434148389, "Sensitivity": 0.9556425623304701, "Specificity": 0.8757012974311001, "AUC": 0.9522299667762824}}}