{"shared_labels": 6, "perf": [0.08672352880239487, 0.9776918292045593], "label_names": [[7, 0, 2, 4, 5, 6, 12, 8, 9, 1], [7, 0, 2, 4, 5, 6, 10, 11, 3]], "metrics": {"Label_0": {"Optimal Threshold": 0.06543757021427155, "Accuracy": 0.9085948158253752, "Sensitivity": 0.8985507246376812, "Specificity": 0.9096385542168675, "AUC": 0.9702287410511612}, "Label_1": {"Optimal Threshold": 0.040699079632759094, "Accuracy": 0.9263301500682128, "Sensitivity": 0.9655172413793104, "Specificity": 0.922962962962963, "AUC": 0.9829629629629629}, "Label_2": {"Optimal Threshold": 0.26264986395835876, "Accuracy": 0.9167803547066848, "Sensitivity": 0.9342105263157895, "Specificity": 0.9089108910891089, "AUC": 0.9734410283133577}, "Label_3": {"Optimal Threshold": 0.21155470609664917, "Accuracy": 0.9195088676671214, "Sensitivity": 0.9457013574660633, "Specificity": 0.908203125, "AUC": 0.9750777714932127}, "Label_4": {"Optimal Threshold": 0.06966015696525574, "Accuracy": 0.9727148703956344, "Sensitivity": 0.8571428571428571, "Specificity": 0.9738292011019284, "AUC": 0.9671389216843762}, "Label_5": {"Optimal Threshold": 0.06958862394094467, "Accuracy": 0.9822646657571623, "Sensitivity": 0.8, "Specificity": 0.9835164835164835, "AUC": 0.942032967032967}, "Label_6": {"Optimal Threshold": 0.008137529715895653, "Accuracy": 0.8717598908594816, "Sensitivity": 1.0, "Specificity": 0.8698060941828255, "AUC": 0.9769579451019894}, "Label_7": {"Optimal Threshold": 0.06242036446928978, "Accuracy": 0.956343792633015, "Sensitivity": 1.0, "Specificity": 0.9523099850968704, "AUC": 0.9925965097831835}, "Label_8": {"Optimal Threshold": 0.0009255648474209011, "Accuracy": 0.6384720327421555, "Sensitivity": 1.0, "Specificity": 0.6374829001367989, "AUC": 0.7024623803009575}, "Label_9": {"Optimal Threshold": 0.06142858788371086, "Accuracy": 0.9045020463847203, "Sensitivity": 0.90625, "Specificity": 0.9044222539229672, "AUC": 0.9499821683309558}, "Label_10": {"Optimal Threshold": 0.012040438130497932, "Accuracy": 0.7680763983628922, "Sensitivity": 0.9444444444444444, "Specificity": 0.7636363636363637, "AUC": 0.9153069153069153}, "Label_11": {"Optimal Threshold": 0.06563486158847809, "Accuracy": 0.9645293315143247, "Sensitivity": 0.9444444444444444, "Specificity": 0.965034965034965, "AUC": 0.9799533799533799}, "Label_12": {"Optimal Threshold": 0.11031212657690048, "Accuracy": 0.844474761255116, "Sensitivity": 0.8627450980392157, "Specificity": 0.843108504398827, "AUC": 0.9199010982692197}, "Overall": {"Accuracy": 0.8903347675516843, "Sensitivity": 0.9276158995284468, "Specificity": 0.8879124834074592, "AUC": 0.9421571376603569}}}