{"shared_labels": 12, "perf": [0.08931971341371536, 0.9793316125869751], "label_names": [[10, 4, 2, 9, 0, 5, 8, 11, 1, 3, 7, 12, 6], [10, 4, 2, 9, 0, 5, 8, 11, 1, 3, 7, 12]], "metrics": {"Label_0": {"Optimal Threshold": 0.12376931309700012, "Accuracy": 0.937244201909959, "Sensitivity": 0.855072463768116, "Specificity": 0.9457831325301205, "AUC": 0.9669329491880566}, "Label_1": {"Optimal Threshold": 0.11069554835557938, "Accuracy": 0.9577080491132333, "Sensitivity": 0.9310344827586207, "Specificity": 0.96, "AUC": 0.9885057471264367}, "Label_2": {"Optimal Threshold": 0.5032719373703003, "Accuracy": 0.9154160982264665, "Sensitivity": 0.9385964912280702, "Specificity": 0.904950495049505, "AUC": 0.9729199235713046}, "Label_3": {"Optimal Threshold": 0.3756665885448456, "Accuracy": 0.9085948158253752, "Sensitivity": 0.9638009049773756, "Specificity": 0.884765625, "AUC": 0.9755284926470589}, "Label_4": {"Optimal Threshold": 0.0028050311375409365, "Accuracy": 0.810368349249659, "Sensitivity": 1.0, "Specificity": 0.8085399449035813, "AUC": 0.9634002361275088}, "Label_5": {"Optimal Threshold": 0.004203441087156534, "Accuracy": 0.7939972714870396, "Sensitivity": 1.0, "Specificity": 0.7925824175824175, "AUC": 0.9403846153846154}, "Label_6": {"Optimal Threshold": 0.012423058971762657, "Accuracy": 0.8799454297407913, "Sensitivity": 1.0, "Specificity": 0.8781163434903048, "AUC": 0.9706623016872326}, "Label_7": {"Optimal Threshold": 0.16195450723171234, "Accuracy": 0.9672578444747613, "Sensitivity": 1.0, "Specificity": 0.9642324888226528, "AUC": 0.9935820393250325}, "Label_8": {"Optimal Threshold": 0.0013706751633435488, "Accuracy": 0.7789904502046384, "Sensitivity": 1.0, "Specificity": 0.7783857729138167, "AUC": 0.7913816689466484}, "Label_9": {"Optimal Threshold": 0.019081801176071167, "Accuracy": 0.8908594815825375, "Sensitivity": 0.9375, "Specificity": 0.8887303851640513, "AUC": 0.9514978601997146}, "Label_10": {"Optimal Threshold": 0.014774346724152565, "Accuracy": 0.7421555252387448, "Sensitivity": 0.9444444444444444, "Specificity": 0.737062937062937, "AUC": 0.9178710178710179}, "Label_11": {"Optimal Threshold": 0.028590690344572067, "Accuracy": 0.9208731241473397, "Sensitivity": 1.0, "Specificity": 0.9188811188811189, "AUC": 0.9823620823620823}, "Label_12": {"Optimal Threshold": 0.03878017142415047, "Accuracy": 0.7858117326057299, "Sensitivity": 0.9607843137254902, "Specificity": 0.7727272727272727, "AUC": 0.9443390259329538}, "Overall": {"Accuracy": 0.8684017210620212, "Sensitivity": 0.9639410077617013, "Specificity": 0.8642121487790599, "AUC": 0.9507206123361279}}}