{"shared_labels": 5, "perf": [0.09397251158952713, 0.974651575088501], "label_names": [[10, 9, 4, 8, 3, 5, 2, 12, 11], [10, 9, 4, 8, 3, 1, 7, 6, 0]], "metrics": {"Label_0": {"Optimal Threshold": 0.04358043521642685, "Accuracy": 0.9017735334242838, "Sensitivity": 0.8985507246376812, "Specificity": 0.9021084337349398, "AUC": 0.9523528898201502}, "Label_1": {"Optimal Threshold": 0.09243529289960861, "Accuracy": 0.9604365620736699, "Sensitivity": 0.8793103448275862, "Specificity": 0.9674074074074074, "AUC": 0.9784418901660281}, "Label_2": {"Optimal Threshold": 0.4934898614883423, "Accuracy": 0.922237380627558, "Sensitivity": 0.9122807017543859, "Specificity": 0.9267326732673268, "AUC": 0.9708441896821262}, "Label_3": {"Optimal Threshold": 0.636981189250946, "Accuracy": 0.937244201909959, "Sensitivity": 0.9049773755656109, "Specificity": 0.951171875, "AUC": 0.9755638433257918}, "Label_4": {"Optimal Threshold": 0.004127567168325186, "Accuracy": 0.8608458390177354, "Sensitivity": 1.0, "Specificity": 0.859504132231405, "AUC": 0.974025974025974}, "Label_5": {"Optimal Threshold": 0.00097907695453614, "Accuracy": 0.7012278308321964, "Sensitivity": 1.0, "Specificity": 0.6991758241758241, "AUC": 0.9098901098901099}, "Label_6": {"Optimal Threshold": 0.01311683189123869, "Accuracy": 0.869031377899045, "Sensitivity": 1.0, "Specificity": 0.8670360110803325, "AUC": 0.9549231931503399}, "Label_7": {"Optimal Threshold": 0.0778302401304245, "Accuracy": 0.9549795361527967, "Sensitivity": 1.0, "Specificity": 0.9508196721311475, "AUC": 0.9899283688284216}, "Label_8": {"Optimal Threshold": 0.00355798052623868, "Accuracy": 0.8553888130968622, "Sensitivity": 1.0, "Specificity": 0.8549931600547196, "AUC": 0.8645690834473324}, "Label_9": {"Optimal Threshold": 0.024678336456418037, "Accuracy": 0.9058663028649386, "Sensitivity": 0.96875, "Specificity": 0.9029957203994294, "AUC": 0.9538159771754636}, "Label_10": {"Optimal Threshold": 0.013654367998242378, "Accuracy": 0.7612551159618008, "Sensitivity": 1.0, "Specificity": 0.7552447552447552, "AUC": 0.9228438228438228}, "Label_11": {"Optimal Threshold": 0.04158303886651993, "Accuracy": 0.9645293315143247, "Sensitivity": 0.9444444444444444, "Specificity": 0.965034965034965, "AUC": 0.979020979020979}, "Label_12": {"Optimal Threshold": 0.047110479325056076, "Accuracy": 0.8458390177353342, "Sensitivity": 0.8431372549019608, "Specificity": 0.8460410557184751, "AUC": 0.918521074118797}, "Overall": {"Accuracy": 0.8800503725469618, "Sensitivity": 0.9501116035485901, "Specificity": 0.880635821960056, "AUC": 0.9495954919611796}}}