{"shared_labels": 13, "perf": [0.08684663474559784, 0.977566659450531], "label_names": [[3, 12, 5, 7, 0, 11, 2, 1, 6, 8, 10, 9, 4], [3, 12, 5, 7, 0, 11, 2, 1, 6, 8, 10, 9, 4]], "metrics": {"Label_0": {"Optimal Threshold": 0.10834365338087082, "Accuracy": 0.9481582537517054, "Sensitivity": 0.855072463768116, "Specificity": 0.9578313253012049, "AUC": 0.967085734241313}, "Label_1": {"Optimal Threshold": 0.03820699453353882, "Accuracy": 0.9454297407912687, "Sensitivity": 0.9482758620689655, "Specificity": 0.9451851851851852, "AUC": 0.9873052362707535}, "Label_2": {"Optimal Threshold": 0.4757028818130493, "Accuracy": 0.9290586630286494, "Sensitivity": 0.9035087719298246, "Specificity": 0.9405940594059405, "AUC": 0.9716692721903769}, "Label_3": {"Optimal Threshold": 0.3433935344219208, "Accuracy": 0.9290586630286494, "Sensitivity": 0.9366515837104072, "Specificity": 0.92578125, "AUC": 0.9760057268099548}, "Label_4": {"Optimal Threshold": 0.022018255665898323, "Accuracy": 0.937244201909959, "Sensitivity": 0.8571428571428571, "Specificity": 0.9380165289256198, "AUC": 0.9561196379378198}, "Label_5": {"Optimal Threshold": 0.002564994851127267, "Accuracy": 0.781718963165075, "Sensitivity": 1.0, "Specificity": 0.7802197802197802, "AUC": 0.9403846153846154}, "Label_6": {"Optimal Threshold": 0.008516737259924412, "Accuracy": 0.8362892223738063, "Sensitivity": 1.0, "Specificity": 0.8337950138504155, "AUC": 0.9668849156383783}, "Label_7": {"Optimal Threshold": 0.09411417692899704, "Accuracy": 0.965893587994543, "Sensitivity": 1.0, "Specificity": 0.96274217585693, "AUC": 0.9930051439834623}, "Label_8": {"Optimal Threshold": 0.0036344167310744524, "Accuracy": 0.8212824010914052, "Sensitivity": 1.0, "Specificity": 0.8207934336525308, "AUC": 0.847469220246238}, "Label_9": {"Optimal Threshold": 0.029410025104880333, "Accuracy": 0.9017735334242838, "Sensitivity": 0.9375, "Specificity": 0.9001426533523538, "AUC": 0.950561697574893}, "Label_10": {"Optimal Threshold": 0.013229921460151672, "Accuracy": 0.7776261937244202, "Sensitivity": 0.9444444444444444, "Specificity": 0.7734265734265734, "AUC": 0.905982905982906}, "Label_11": {"Optimal Threshold": 0.04242701828479767, "Accuracy": 0.9713506139154161, "Sensitivity": 0.9444444444444444, "Specificity": 0.972027972027972, "AUC": 0.9832944832944834}, "Label_12": {"Optimal Threshold": 0.06338749825954437, "Accuracy": 0.7776261937244202, "Sensitivity": 1.0, "Specificity": 0.7609970674486803, "AUC": 0.9525041688229544}, "Overall": {"Accuracy": 0.8863469409172, "Sensitivity": 0.9482338790391585, "Specificity": 0.8855040783579374, "AUC": 0.9537132891060114}}}