{"shared_labels": 11, "perf": [0.0857888013124466, 0.9776411056518555], "label_names": [[8, 1, 12, 9, 4, 0, 7, 11, 10, 3, 2, 5], [8, 1, 12, 9, 4, 0, 7, 11, 10, 3, 2, 6]], "metrics": {"Label_0": {"Optimal Threshold": 0.08745227009057999, "Accuracy": 0.897680763983629, "Sensitivity": 0.9130434782608695, "Specificity": 0.8960843373493976, "AUC": 0.9681334031779291}, "Label_1": {"Optimal Threshold": 0.06459099799394608, "Accuracy": 0.9236016371077762, "Sensitivity": 0.9827586206896551, "Specificity": 0.9185185185185185, "AUC": 0.9902426564495531}, "Label_2": {"Optimal Threshold": 0.3916568458080292, "Accuracy": 0.9236016371077762, "Sensitivity": 0.9210526315789473, "Specificity": 0.9247524752475248, "AUC": 0.9739795032134793}, "Label_3": {"Optimal Threshold": 0.35921794176101685, "Accuracy": 0.931787175989086, "Sensitivity": 0.9276018099547512, "Specificity": 0.93359375, "AUC": 0.9763857466063348}, "Label_4": {"Optimal Threshold": 0.0026340584736317396, "Accuracy": 0.8090040927694406, "Sensitivity": 1.0, "Specificity": 0.8071625344352618, "AUC": 0.9594647776465958}, "Label_5": {"Optimal Threshold": 0.0010818172013387084, "Accuracy": 0.7953615279672579, "Sensitivity": 1.0, "Specificity": 0.7939560439560439, "AUC": 0.9107142857142856}, "Label_6": {"Optimal Threshold": 0.020896945148706436, "Accuracy": 0.9085948158253752, "Sensitivity": 0.9090909090909091, "Specificity": 0.9085872576177285, "AUC": 0.9564341475698817}, "Label_7": {"Optimal Threshold": 0.14729788899421692, "Accuracy": 0.9713506139154161, "Sensitivity": 1.0, "Specificity": 0.9687034277198212, "AUC": 0.9933176289601461}, "Label_8": {"Optimal Threshold": 0.0024538261350244284, "Accuracy": 0.7994542974079127, "Sensitivity": 1.0, "Specificity": 0.79890560875513, "AUC": 0.7995896032831737}, "Label_9": {"Optimal Threshold": 0.04293906316161156, "Accuracy": 0.9208731241473397, "Sensitivity": 0.90625, "Specificity": 0.9215406562054208, "AUC": 0.9513195435092725}, "Label_10": {"Optimal Threshold": 0.012642161920666695, "Accuracy": 0.7598908594815825, "Sensitivity": 0.9444444444444444, "Specificity": 0.7552447552447552, "AUC": 0.911965811965812}, "Label_11": {"Optimal Threshold": 0.025936078280210495, "Accuracy": 0.9195088676671214, "Sensitivity": 1.0, "Specificity": 0.9174825174825175, "AUC": 0.9832944832944833}, "Label_12": {"Optimal Threshold": 0.0532556027173996, "Accuracy": 0.819918144611187, "Sensitivity": 0.9215686274509803, "Specificity": 0.8123167155425219, "AUC": 0.9442815249266862}, "Overall": {"Accuracy": 0.8754328890754538, "Sensitivity": 0.9558315785746583, "Specificity": 0.8736037383134339, "AUC": 0.9476248551013563}}}