{"shared_labels": 4, "perf": [0.08968003839254379, 0.9757856726646423], "label_names": [[11, 9, 0, 4, 7, 6, 3, 10, 1], [11, 9, 0, 4, 5, 2, 8, 12]], "metrics": {"Label_0": {"Optimal Threshold": 0.03338490054011345, "Accuracy": 0.9099590723055935, "Sensitivity": 0.8985507246376812, "Specificity": 0.911144578313253, "AUC": 0.9699668238170072}, "Label_1": {"Optimal Threshold": 0.05516389384865761, "Accuracy": 0.9577080491132333, "Sensitivity": 0.9310344827586207, "Specificity": 0.96, "AUC": 0.9875351213282247}, "Label_2": {"Optimal Threshold": 0.35933491587638855, "Accuracy": 0.9208731241473397, "Sensitivity": 0.9122807017543859, "Specificity": 0.9247524752475248, "AUC": 0.9701841236755254}, "Label_3": {"Optimal Threshold": 0.37076130509376526, "Accuracy": 0.9208731241473397, "Sensitivity": 0.9321266968325792, "Specificity": 0.916015625, "AUC": 0.9744679722850679}, "Label_4": {"Optimal Threshold": 0.0021358977537602186, "Accuracy": 0.8390177353342428, "Sensitivity": 1.0, "Specificity": 0.837465564738292, "AUC": 0.9724517906336089}, "Label_5": {"Optimal Threshold": 0.001341103226877749, "Accuracy": 0.7366984993178718, "Sensitivity": 1.0, "Specificity": 0.7348901098901099, "AUC": 0.9211538461538462}, "Label_6": {"Optimal Threshold": 0.037360623478889465, "Accuracy": 0.9454297407912687, "Sensitivity": 0.9090909090909091, "Specificity": 0.945983379501385, "AUC": 0.9633593553261143}, "Label_7": {"Optimal Threshold": 0.13963158428668976, "Accuracy": 0.9672578444747613, "Sensitivity": 1.0, "Specificity": 0.9642324888226528, "AUC": 0.9917552040767271}, "Label_8": {"Optimal Threshold": 0.003203483298420906, "Accuracy": 0.8321964529331515, "Sensitivity": 1.0, "Specificity": 0.8317373461012312, "AUC": 0.8727770177838577}, "Label_9": {"Optimal Threshold": 0.013308855704963207, "Accuracy": 0.903137789904502, "Sensitivity": 0.96875, "Specificity": 0.9001426533523538, "AUC": 0.9506508559201141}, "Label_10": {"Optimal Threshold": 0.008434862829744816, "Accuracy": 0.7667121418826739, "Sensitivity": 0.9444444444444444, "Specificity": 0.7622377622377622, "AUC": 0.9005439005439005}, "Label_11": {"Optimal Threshold": 0.05740073323249817, "Accuracy": 0.9686221009549796, "Sensitivity": 0.9444444444444444, "Specificity": 0.9692307692307692, "AUC": 0.9822066822066822}, "Label_12": {"Optimal Threshold": 0.07037132233381271, "Accuracy": 0.7926330150068213, "Sensitivity": 0.9215686274509803, "Specificity": 0.782991202346041, "AUC": 0.9228336495888678}, "Overall": {"Accuracy": 0.8816245146395214, "Sensitivity": 0.9509454639549266, "Specificity": 0.8800633811370289, "AUC": 0.9522989494876571}}}