{"shared_labels": 1, "perf": [0.09452681243419647, 0.9702906608581543], "label_names": [[3, 7, 1, 12, 10, 0, 4], [3, 11, 9, 5, 6, 2, 8]], "metrics": {"Label_0": {"Optimal Threshold": 0.05819913372397423, "Accuracy": 0.8553888130968622, "Sensitivity": 0.927536231884058, "Specificity": 0.8478915662650602, "AUC": 0.9563471276409988}, "Label_1": {"Optimal Threshold": 0.08182524889707565, "Accuracy": 0.931787175989086, "Sensitivity": 0.9655172413793104, "Specificity": 0.9288888888888889, "AUC": 0.9866155810983398}, "Label_2": {"Optimal Threshold": 0.31423279643058777, "Accuracy": 0.9263301500682128, "Sensitivity": 0.9078947368421053, "Specificity": 0.9346534653465347, "AUC": 0.9695587979850616}, "Label_3": {"Optimal Threshold": 0.3806593120098114, "Accuracy": 0.9290586630286494, "Sensitivity": 0.9140271493212669, "Specificity": 0.935546875, "AUC": 0.9750777714932126}, "Label_4": {"Optimal Threshold": 0.004914270713925362, "Accuracy": 0.8526603001364257, "Sensitivity": 1.0, "Specificity": 0.8512396694214877, "AUC": 0.9728453364817}, "Label_5": {"Optimal Threshold": 0.029531307518482208, "Accuracy": 0.9631650750341064, "Sensitivity": 0.8, "Specificity": 0.9642857142857143, "AUC": 0.9197802197802198}, "Label_6": {"Optimal Threshold": 0.013366435654461384, "Accuracy": 0.9085948158253752, "Sensitivity": 1.0, "Specificity": 0.907202216066482, "AUC": 0.9565600604381768}, "Label_7": {"Optimal Threshold": 0.15336184203624725, "Accuracy": 0.9631650750341064, "Sensitivity": 0.9838709677419355, "Specificity": 0.9612518628912071, "AUC": 0.9900966299697129}, "Label_8": {"Optimal Threshold": 0.004822766408324242, "Accuracy": 0.8703956343792633, "Sensitivity": 1.0, "Specificity": 0.8700410396716827, "AUC": 0.8926128590971273}, "Label_9": {"Optimal Threshold": 0.008274727500975132, "Accuracy": 0.8717598908594816, "Sensitivity": 0.9375, "Specificity": 0.8687589158345221, "AUC": 0.9449001426533524}, "Label_10": {"Optimal Threshold": 0.004223886877298355, "Accuracy": 0.7285129604365621, "Sensitivity": 0.9444444444444444, "Specificity": 0.7230769230769231, "AUC": 0.8867132867132868}, "Label_11": {"Optimal Threshold": 0.04014183580875397, "Accuracy": 0.9331514324693042, "Sensitivity": 1.0, "Specificity": 0.9314685314685315, "AUC": 0.9816627816627816}, "Label_12": {"Optimal Threshold": 0.10301900655031204, "Accuracy": 0.8703956343792633, "Sensitivity": 0.7647058823529411, "Specificity": 0.8782991202346041, "AUC": 0.9060433557587257}, "Overall": {"Accuracy": 0.8926435092874384, "Sensitivity": 0.9342689733820049, "Specificity": 0.8925080606501261, "AUC": 0.9491395346748228}}}