{"shared_labels": 10, "perf": [0.08623239398002625, 0.978412389755249], "label_names": [[12, 8, 11, 4, 6, 7, 0, 1, 2, 9, 5, 10], [12, 8, 11, 4, 6, 7, 0, 1, 2, 9, 3]], "metrics": {"Label_0": {"Optimal Threshold": 0.023839950561523438, "Accuracy": 0.8799454297407913, "Sensitivity": 0.9420289855072463, "Specificity": 0.8734939759036144, "AUC": 0.9699231709446481}, "Label_1": {"Optimal Threshold": 0.027317648753523827, "Accuracy": 0.9331514324693042, "Sensitivity": 0.9655172413793104, "Specificity": 0.9303703703703704, "AUC": 0.9885312899106002}, "Label_2": {"Optimal Threshold": 0.2902475595474243, "Accuracy": 0.9249658935879945, "Sensitivity": 0.9342105263157895, "Specificity": 0.9207920792079208, "AUC": 0.974761160326559}, "Label_3": {"Optimal Threshold": 0.2821207642555237, "Accuracy": 0.9208731241473397, "Sensitivity": 0.9366515837104072, "Specificity": 0.9140625, "AUC": 0.9752810378959276}, "Label_4": {"Optimal Threshold": 0.03587961941957474, "Accuracy": 0.965893587994543, "Sensitivity": 0.8571428571428571, "Specificity": 0.9669421487603306, "AUC": 0.9681227863046045}, "Label_5": {"Optimal Threshold": 0.004578069318085909, "Accuracy": 0.7994542974079127, "Sensitivity": 1.0, "Specificity": 0.7980769230769231, "AUC": 0.9425824175824176}, "Label_6": {"Optimal Threshold": 0.01511985994875431, "Accuracy": 0.878581173260573, "Sensitivity": 1.0, "Specificity": 0.8767313019390581, "AUC": 0.9736842105263158}, "Label_7": {"Optimal Threshold": 0.12143078446388245, "Accuracy": 0.975443383356071, "Sensitivity": 1.0, "Specificity": 0.9731743666169895, "AUC": 0.9937503004663237}, "Label_8": {"Optimal Threshold": 0.002063472056761384, "Accuracy": 0.7899045020463847, "Sensitivity": 1.0, "Specificity": 0.7893296853625171, "AUC": 0.8433652530779754}, "Label_9": {"Optimal Threshold": 0.023191113024950027, "Accuracy": 0.9072305593451568, "Sensitivity": 0.9375, "Specificity": 0.905848787446505, "AUC": 0.9523002853067046}, "Label_10": {"Optimal Threshold": 0.008477455005049706, "Accuracy": 0.772169167803547, "Sensitivity": 0.8888888888888888, "Specificity": 0.7692307692307693, "AUC": 0.89005439005439}, "Label_11": {"Optimal Threshold": 0.03497092053294182, "Accuracy": 0.9672578444747613, "Sensitivity": 0.9444444444444444, "Specificity": 0.9678321678321679, "AUC": 0.9793317793317794}, "Label_12": {"Optimal Threshold": 0.06528644263744354, "Accuracy": 0.8335607094133697, "Sensitivity": 0.9411764705882353, "Specificity": 0.8255131964809385, "AUC": 0.9499741245471796}, "Overall": {"Accuracy": 0.8883408542344421, "Sensitivity": 0.949812384459783, "Specificity": 0.8854921747867773, "AUC": 0.9539740158673402}}}