{"shared_labels": 1, "perf": [0.10089381039142609, 0.9710330367088318], "metrics": {"Label_0": {"Optimal Threshold": 0.06025916710495949, "Accuracy": 0.9004092769440655, "Sensitivity": 0.8656716417910447, "Specificity": 0.9039039039039038, "AUC": 0.9463493344090359}, "Label_1": {"Optimal Threshold": 0.04326707869768143, "Accuracy": 0.9454297407912687, "Sensitivity": 0.9285714285714286, "Specificity": 0.946824224519941, "AUC": 0.9832243089259338}, "Label_2": {"Optimal Threshold": 0.2007865607738495, "Accuracy": 0.9113233287858117, "Sensitivity": 0.9017094017094017, "Specificity": 0.9158316633266533, "AUC": 0.9633626226812599}, "Label_3": {"Optimal Threshold": 0.1191057413816452, "Accuracy": 0.8990450204638472, "Sensitivity": 0.9457013574660633, "Specificity": 0.87890625, "AUC": 0.965524250565611}, "Label_4": {"Optimal Threshold": 2.8643946279771626e-05, "Accuracy": 0.5607094133697135, "Sensitivity": 1.0, "Specificity": 0.5589041095890411, "AUC": 0.7853881278538813}, "Label_5": {"Optimal Threshold": 0.012215633876621723, "Accuracy": 0.9236016371077762, "Sensitivity": 1.0, "Specificity": 0.9225449515905948, "AUC": 0.9799446749654218}, "Label_6": {"Optimal Threshold": 0.007593415677547455, "Accuracy": 0.8799454297407913, "Sensitivity": 1.0, "Specificity": 0.8776077885952712, "AUC": 0.9675144049274786}, "Label_7": {"Optimal Threshold": 0.175357386469841, "Accuracy": 0.9413369713506139, "Sensitivity": 0.9242424242424242, "Specificity": 0.9430284857571214, "AUC": 0.9862341556494479}, "Label_8": {"Optimal Threshold": 0.005226003006100655, "Accuracy": 0.8130968622100955, "Sensitivity": 1.0, "Specificity": 0.811554332874828, "AUC": 0.9546079779917469}, "Label_9": {"Optimal Threshold": 0.047514498233795166, "Accuracy": 0.8758526603001364, "Sensitivity": 0.9375, "Specificity": 0.8730385164051355, "AUC": 0.9431615549215407}, "Label_10": {"Optimal Threshold": 0.03547832742333412, "Accuracy": 0.8731241473396999, "Sensitivity": 0.9166666666666666, "Specificity": 0.8723994452149791, "AUC": 0.9449838187702265}, "Label_11": {"Optimal Threshold": 0.02889106050133705, "Accuracy": 0.8908594815825375, "Sensitivity": 0.9375, "Specificity": 0.8898186889818689, "AUC": 0.9576359832635983}, "Label_12": {"Optimal Threshold": 0.028267839923501015, "Accuracy": 0.7708049113233287, "Sensitivity": 0.9629629629629629, "Specificity": 0.7555228276877761, "AUC": 0.911116565755741}, "Overall": {"Accuracy": 0.8604260677930528, "Sensitivity": 0.9477327602623071, "Specificity": 0.8576834760343934, "AUC": 0.9453113677446865}}, "label_names": [[10, 1, 3, 6, 2, 11, 8], [10, 7, 12, 4, 9, 0, 5]]}