{"shared_labels": 1, "perf": [0.09216555207967758, 0.9731362462043762], "metrics": {"Label_0": {"Optimal Threshold": 0.15885509550571442, "Accuracy": 0.9631650750341064, "Sensitivity": 0.8260869565217391, "Specificity": 0.9774096385542169, "AUC": 0.9570674000349223}, "Label_1": {"Optimal Threshold": 0.05961216613650322, "Accuracy": 0.9522510231923602, "Sensitivity": 0.9310344827586207, "Specificity": 0.9540740740740741, "AUC": 0.9843422733077906}, "Label_2": {"Optimal Threshold": 0.11548464000225067, "Accuracy": 0.9181446111869032, "Sensitivity": 0.9385964912280702, "Specificity": 0.9089108910891089, "AUC": 0.9725030397776621}, "Label_3": {"Optimal Threshold": 0.11804439127445221, "Accuracy": 0.9195088676671214, "Sensitivity": 0.9547511312217195, "Specificity": 0.904296875, "AUC": 0.9736107183257918}, "Label_4": {"Optimal Threshold": 0.0019090990535914898, "Accuracy": 0.8240109140518418, "Sensitivity": 1.0, "Specificity": 0.8223140495867769, "AUC": 0.9624163715072807}, "Label_5": {"Optimal Threshold": 0.07098560035228729, "Accuracy": 0.990450204638472, "Sensitivity": 0.8, "Specificity": 0.9917582417582418, "AUC": 0.9098901098901099}, "Label_6": {"Optimal Threshold": 0.01291231345385313, "Accuracy": 0.9236016371077762, "Sensitivity": 1.0, "Specificity": 0.9224376731301939, "AUC": 0.9802316796776631}, "Label_7": {"Optimal Threshold": 0.15309058129787445, "Accuracy": 0.9740791268758526, "Sensitivity": 0.9838709677419355, "Specificity": 0.9731743666169895, "AUC": 0.9935580020191337}, "Label_8": {"Optimal Threshold": 0.005896849557757378, "Accuracy": 0.8567530695770805, "Sensitivity": 1.0, "Specificity": 0.8563611491108071, "AUC": 0.9062927496580028}, "Label_9": {"Optimal Threshold": 0.0207122340798378, "Accuracy": 0.8758526603001364, "Sensitivity": 0.90625, "Specificity": 0.8744650499286734, "AUC": 0.9453013552068474}, "Label_10": {"Optimal Threshold": 0.004170943051576614, "Accuracy": 0.7107776261937244, "Sensitivity": 1.0, "Specificity": 0.7034965034965035, "AUC": 0.905905205905206}, "Label_11": {"Optimal Threshold": 0.02934766374528408, "Accuracy": 0.9399727148703957, "Sensitivity": 0.9444444444444444, "Specificity": 0.9398601398601398, "AUC": 0.9724941724941724}, "Label_12": {"Optimal Threshold": 0.08967970311641693, "Accuracy": 0.903137789904502, "Sensitivity": 0.7058823529411765, "Specificity": 0.9178885630498533, "AUC": 0.8950319130584785}, "Overall": {"Accuracy": 0.9039773323538671, "Sensitivity": 0.9223782174505928, "Specificity": 0.9035728627119676, "AUC": 0.9506649992971585}}, "label_names": [[6, 7, 2, 0, 8, 11, 9], [6, 12, 10, 1, 5, 3, 4]]}