{"shared_labels": 1, "perf": [0.10253112018108368, 0.9666233658790588], "metrics": {"Label_0": {"Optimal Threshold": 0.09417726844549179, "Accuracy": 0.9236016371077762, "Sensitivity": 0.8918918918918919, "Specificity": 0.9271623672230652, "AUC": 0.9579009965959889}, "Label_1": {"Optimal Threshold": 0.23208263516426086, "Accuracy": 0.9522510231923602, "Sensitivity": 0.8955223880597015, "Specificity": 0.9579579579579579, "AUC": 0.9693200663349917}, "Label_2": {"Optimal Threshold": 0.1172066330909729, "Accuracy": 0.8854024556616644, "Sensitivity": 0.9478672985781991, "Specificity": 0.8601532567049809, "AUC": 0.966461477002415}, "Label_3": {"Optimal Threshold": 0.21694302558898926, "Accuracy": 0.9099590723055935, "Sensitivity": 0.9113300492610837, "Specificity": 0.909433962264151, "AUC": 0.9680453573752209}, "Label_4": {"Optimal Threshold": 0.000700324890203774, "Accuracy": 0.7708049113233287, "Sensitivity": 1.0, "Specificity": 0.768595041322314, "AUC": 0.9458874458874459}, "Label_5": {"Optimal Threshold": 0.00138893723487854, "Accuracy": 0.7735334242837654, "Sensitivity": 1.0, "Specificity": 0.7716643741403026, "AUC": 0.9408528198074277}, "Label_6": {"Optimal Threshold": 0.08411027491092682, "Accuracy": 0.9795361527967258, "Sensitivity": 0.8571428571428571, "Specificity": 0.9807162534435262, "AUC": 0.9679260133805588}, "Label_7": {"Optimal Threshold": 0.1895894706249237, "Accuracy": 0.9713506139154161, "Sensitivity": 0.90625, "Specificity": 0.9775784753363229, "AUC": 0.9769245142002989}, "Label_8": {"Optimal Threshold": 0.01351045910269022, "Accuracy": 0.9413369713506139, "Sensitivity": 1.0, "Specificity": 0.9408528198074277, "AUC": 0.9752407152682255}, "Label_9": {"Optimal Threshold": 0.019647041335701942, "Accuracy": 0.8581173260572987, "Sensitivity": 0.8888888888888888, "Specificity": 0.8569405099150141, "AUC": 0.9255062427866959}, "Label_10": {"Optimal Threshold": 0.00647721579298377, "Accuracy": 0.7271487039563438, "Sensitivity": 0.9411764705882353, "Specificity": 0.7220670391061452, "AUC": 0.8922937890239895}, "Label_11": {"Optimal Threshold": 0.027306552976369858, "Accuracy": 0.9440654843110505, "Sensitivity": 0.875, "Specificity": 0.9464033850493653, "AUC": 0.9604489891866478}, "Label_12": {"Optimal Threshold": 0.05982347950339317, "Accuracy": 0.8294679399727148, "Sensitivity": 0.9166666666666666, "Specificity": 0.8199697428139183, "AUC": 0.9404101529668851}, "Overall": {"Accuracy": 0.8820442858642039, "Sensitivity": 0.9255181931598095, "Specificity": 0.8799611680834223, "AUC": 0.952862967678215}}, "label_names": [[12, 2, 1, 9, 8, 10, 4], [12, 3, 11, 0, 5, 6, 7]]}