{"shared_labels": 1, "perf": [0.09322713315486908, 0.9710221886634827], "metrics": {"Label_0": {"Optimal Threshold": 0.0236812736839056, "Accuracy": 0.9085948158253752, "Sensitivity": 0.8985507246376812, "Specificity": 0.9096385542168675, "AUC": 0.9624803562074384}, "Label_1": {"Optimal Threshold": 0.04395286366343498, "Accuracy": 0.946793997271487, "Sensitivity": 0.9655172413793104, "Specificity": 0.9451851851851852, "AUC": 0.986360153256705}, "Label_2": {"Optimal Threshold": 0.3317762315273285, "Accuracy": 0.9290586630286494, "Sensitivity": 0.9078947368421053, "Specificity": 0.9386138613861386, "AUC": 0.9734583984714261}, "Label_3": {"Optimal Threshold": 0.11868941783905029, "Accuracy": 0.9154160982264665, "Sensitivity": 0.9457013574660633, "Specificity": 0.90234375, "AUC": 0.974026088800905}, "Label_4": {"Optimal Threshold": 0.004201721400022507, "Accuracy": 0.9181446111869032, "Sensitivity": 0.8571428571428571, "Specificity": 0.918732782369146, "AUC": 0.9212908303817394}, "Label_5": {"Optimal Threshold": 0.08610059320926666, "Accuracy": 0.9836289222373806, "Sensitivity": 0.8, "Specificity": 0.9848901098901099, "AUC": 0.9134615384615384}, "Label_6": {"Optimal Threshold": 0.018666474148631096, "Accuracy": 0.937244201909959, "Sensitivity": 1.0, "Specificity": 0.9362880886426593, "AUC": 0.9814908083606145}, "Label_7": {"Optimal Threshold": 0.16387957334518433, "Accuracy": 0.9727148703956344, "Sensitivity": 0.9838709677419355, "Specificity": 0.9716840536512668, "AUC": 0.9924522859477909}, "Label_8": {"Optimal Threshold": 0.003498173551633954, "Accuracy": 0.8021828103683493, "Sensitivity": 1.0, "Specificity": 0.801641586867305, "AUC": 0.8283173734610123}, "Label_9": {"Optimal Threshold": 0.006329644471406937, "Accuracy": 0.8485675306957708, "Sensitivity": 0.96875, "Specificity": 0.8430813124108416, "AUC": 0.953281027104137}, "Label_10": {"Optimal Threshold": 0.0024751625023782253, "Accuracy": 0.6575716234652115, "Sensitivity": 1.0, "Specificity": 0.6489510489510489, "AUC": 0.8703185703185703}, "Label_11": {"Optimal Threshold": 0.06070052087306976, "Accuracy": 0.9699863574351978, "Sensitivity": 0.8888888888888888, "Specificity": 0.972027972027972, "AUC": 0.9708624708624708}, "Label_12": {"Optimal Threshold": 0.056165680289268494, "Accuracy": 0.7858117326057299, "Sensitivity": 0.8431372549019608, "Specificity": 0.781524926686217, "AUC": 0.8945431545052038}, "Overall": {"Accuracy": 0.890439710357855, "Sensitivity": 0.9276503099231388, "Specificity": 0.8888156332526738, "AUC": 0.9401802350876578}}, "label_names": [[5, 7, 2, 8, 4, 12, 0], [5, 1, 3, 6, 10, 11, 9]]}