{"shared_labels": 0, "perf": [0.09295503050088882, 0.9728239178657532], "metrics": {"Label_0": {"Optimal Threshold": 0.0927136167883873, "Accuracy": 0.9263301500682128, "Sensitivity": 0.855072463768116, "Specificity": 0.9337349397590361, "AUC": 0.9588135149292825}, "Label_1": {"Optimal Threshold": 0.10452556610107422, "Accuracy": 0.9495225102319236, "Sensitivity": 0.9482758620689655, "Specificity": 0.9496296296296296, "AUC": 0.9898339719029374}, "Label_2": {"Optimal Threshold": 0.3200467824935913, "Accuracy": 0.9208731241473397, "Sensitivity": 0.9078947368421053, "Specificity": 0.9267326732673268, "AUC": 0.973805801632795}, "Label_3": {"Optimal Threshold": 0.5796228647232056, "Accuracy": 0.9290586630286494, "Sensitivity": 0.9095022624434389, "Specificity": 0.9375, "AUC": 0.9725943863122172}, "Label_4": {"Optimal Threshold": 0.09704086184501648, "Accuracy": 0.9713506139154161, "Sensitivity": 0.8571428571428571, "Specificity": 0.9724517906336089, "AUC": 0.953168044077135}, "Label_5": {"Optimal Threshold": 0.039267025887966156, "Accuracy": 0.9604365620736699, "Sensitivity": 0.8, "Specificity": 0.9615384615384616, "AUC": 0.9192307692307692}, "Label_6": {"Optimal Threshold": 0.008908641524612904, "Accuracy": 0.8867667121418826, "Sensitivity": 1.0, "Specificity": 0.8850415512465374, "AUC": 0.9686476957945102}, "Label_7": {"Optimal Threshold": 0.04294103756546974, "Accuracy": 0.9440654843110505, "Sensitivity": 1.0, "Specificity": 0.9388971684053651, "AUC": 0.990481226864093}, "Label_8": {"Optimal Threshold": 0.001528361695818603, "Accuracy": 0.7094133697135061, "Sensitivity": 1.0, "Specificity": 0.7086183310533516, "AUC": 0.7715458276333789}, "Label_9": {"Optimal Threshold": 0.011063356883823872, "Accuracy": 0.8512960436562074, "Sensitivity": 0.90625, "Specificity": 0.8487874465049928, "AUC": 0.9363409415121255}, "Label_10": {"Optimal Threshold": 0.014174285344779491, "Accuracy": 0.7844474761255116, "Sensitivity": 0.8888888888888888, "Specificity": 0.7818181818181819, "AUC": 0.9012432012432012}, "Label_11": {"Optimal Threshold": 0.06247813627123833, "Accuracy": 0.9481582537517054, "Sensitivity": 0.9444444444444444, "Specificity": 0.9482517482517483, "AUC": 0.9728826728826729}, "Label_12": {"Optimal Threshold": 0.12230335921049118, "Accuracy": 0.8840381991814461, "Sensitivity": 0.7843137254901961, "Specificity": 0.8914956011730205, "AUC": 0.914697257202001}, "Overall": {"Accuracy": 0.897365935565117, "Sensitivity": 0.907829633929924, "Specificity": 0.8988075017908661, "AUC": 0.9402527162474706}}, "label_names": [[2, 11, 12, 9, 1, 10, 5], [3, 7, 4, 6, 0, 8]]}