{"shared_labels": 0, "perf": [0.11493190377950668, 0.9626412987709045], "metrics": {"Label_0": {"Optimal Threshold": 0.39984408020973206, "Accuracy": 0.9454297407912687, "Sensitivity": 0.8831168831168831, "Specificity": 0.9527439024390244, "AUC": 0.9672751029458346}, "Label_1": {"Optimal Threshold": 0.18396006524562836, "Accuracy": 0.9645293315143247, "Sensitivity": 0.9452054794520548, "Specificity": 0.9666666666666667, "AUC": 0.9840805313408053}, "Label_2": {"Optimal Threshold": 0.1813676804304123, "Accuracy": 0.9099590723055935, "Sensitivity": 0.8790322580645161, "Specificity": 0.9257731958762887, "AUC": 0.9534087130029929}, "Label_3": {"Optimal Threshold": 0.211647629737854, "Accuracy": 0.9058663028649386, "Sensitivity": 0.875, "Specificity": 0.920892494929006, "AUC": 0.9596855983772821}, "Label_4": {"Optimal Threshold": 0.028394339606165886, "Accuracy": 0.9154160982264665, "Sensitivity": 1.0, "Specificity": 0.914364640883978, "AUC": 0.9843462246777164}, "Label_5": {"Optimal Threshold": 0.00555526465177536, "Accuracy": 0.8472032742155525, "Sensitivity": 1.0, "Specificity": 0.8461538461538461, "AUC": 0.957967032967033}, "Label_6": {"Optimal Threshold": 0.010822776705026627, "Accuracy": 0.9495225102319236, "Sensitivity": 1.0, "Specificity": 0.9491758241758241, "AUC": 0.9807692307692308}, "Label_7": {"Optimal Threshold": 0.2440301775932312, "Accuracy": 0.965893587994543, "Sensitivity": 0.9206349206349206, "Specificity": 0.9701492537313433, "AUC": 0.9707889125799573}, "Label_8": {"Optimal Threshold": 0.0028258252423256636, "Accuracy": 0.8840381991814461, "Sensitivity": 0.875, "Specificity": 0.8841379310344828, "AUC": 0.9332758620689655}, "Label_9": {"Optimal Threshold": 0.032947126775979996, "Accuracy": 0.8963165075034106, "Sensitivity": 0.96875, "Specificity": 0.8930099857346647, "AUC": 0.9619739657631955}, "Label_10": {"Optimal Threshold": 0.010144110769033432, "Accuracy": 0.8622100954979536, "Sensitivity": 0.6666666666666666, "Specificity": 0.8662952646239555, "AUC": 0.8388115134633239}, "Label_11": {"Optimal Threshold": 0.010290944017469883, "Accuracy": 0.9113233287858117, "Sensitivity": 1.0, "Specificity": 0.909217877094972, "AUC": 0.982747288859678}, "Label_12": {"Optimal Threshold": 0.08447270840406418, "Accuracy": 0.8090040927694406, "Sensitivity": 0.8392857142857143, "Specificity": 0.8064992614475628, "AUC": 0.8990029542097489}, "Overall": {"Accuracy": 0.9051317032217442, "Sensitivity": 0.9117455324785195, "Specificity": 0.9080830880608934, "AUC": 0.951856379309674}}, "label_names": [[11, 4, 12, 5, 0, 9, 7], [8, 6, 3, 10, 2, 1]]}