{"shared_labels": 7, "perf": [0.08578235656023026, 0.9799519181251526], "metrics": {"Label_0": {"Optimal Threshold": 0.08921758830547333, "Accuracy": 0.9413369713506139, "Sensitivity": 0.8840579710144928, "Specificity": 0.947289156626506, "AUC": 0.9721931203073162}, "Label_1": {"Optimal Threshold": 0.046076856553554535, "Accuracy": 0.9577080491132333, "Sensitivity": 0.9655172413793104, "Specificity": 0.957037037037037, "AUC": 0.990191570881226}, "Label_2": {"Optimal Threshold": 0.40792927145957947, "Accuracy": 0.922237380627558, "Sensitivity": 0.9342105263157895, "Specificity": 0.9168316831683169, "AUC": 0.9740837241618899}, "Label_3": {"Optimal Threshold": 0.4321625232696533, "Accuracy": 0.9358799454297408, "Sensitivity": 0.9276018099547512, "Specificity": 0.939453125, "AUC": 0.9744326216063348}, "Label_4": {"Optimal Threshold": 0.0522056482732296, "Accuracy": 0.9795361527967258, "Sensitivity": 0.8571428571428571, "Specificity": 0.9807162534435262, "AUC": 0.9704840613931524}, "Label_5": {"Optimal Threshold": 0.06636323034763336, "Accuracy": 0.9686221009549796, "Sensitivity": 0.8, "Specificity": 0.9697802197802198, "AUC": 0.9417582417582417}, "Label_6": {"Optimal Threshold": 0.025968926027417183, "Accuracy": 0.9358799454297408, "Sensitivity": 1.0, "Specificity": 0.9349030470914127, "AUC": 0.9821203727020902}, "Label_7": {"Optimal Threshold": 0.32772815227508545, "Accuracy": 0.9781718963165075, "Sensitivity": 0.9838709677419355, "Specificity": 0.977645305514158, "AUC": 0.9933657035719436}, "Label_8": {"Optimal Threshold": 0.0009799387771636248, "Accuracy": 0.6984993178717599, "Sensitivity": 1.0, "Specificity": 0.6976744186046512, "AUC": 0.8057455540355677}, "Label_9": {"Optimal Threshold": 0.01839316450059414, "Accuracy": 0.8622100954979536, "Sensitivity": 0.9375, "Specificity": 0.8587731811697575, "AUC": 0.935583095577746}, "Label_10": {"Optimal Threshold": 0.007789730094373226, "Accuracy": 0.7435197817189632, "Sensitivity": 1.0, "Specificity": 0.737062937062937, "AUC": 0.9216006216006216}, "Label_11": {"Optimal Threshold": 0.04512269049882889, "Accuracy": 0.9618008185538881, "Sensitivity": 0.9444444444444444, "Specificity": 0.9622377622377623, "AUC": 0.9811965811965813}, "Label_12": {"Optimal Threshold": 0.05155317112803459, "Accuracy": 0.8130968622100955, "Sensitivity": 0.9411764705882353, "Specificity": 0.8035190615835777, "AUC": 0.946207808636651}, "Overall": {"Accuracy": 0.8998845629132123, "Sensitivity": 0.9365786375832167, "Specificity": 0.8986863991015278, "AUC": 0.9529971598022585}}, "label_names": [[11, 12, 1, 5, 10, 6, 0, 7, 2, 8], [11, 12, 1, 5, 10, 6, 0, 9, 4, 3]]}