{"shared_labels": 7, "perf": [0.09143606573343277, 0.9764227867126465], "metrics": {"Label_0": {"Optimal Threshold": 0.2856299579143524, "Accuracy": 0.9577080491132333, "Sensitivity": 0.8641975308641975, "Specificity": 0.9693251533742331, "AUC": 0.9598765432098765}, "Label_1": {"Optimal Threshold": 0.19431465864181519, "Accuracy": 0.9577080491132333, "Sensitivity": 0.918918918918919, "Specificity": 0.9620637329286799, "AUC": 0.9664315301644589}, "Label_2": {"Optimal Threshold": 0.2299681305885315, "Accuracy": 0.9113233287858117, "Sensitivity": 0.9426229508196722, "Specificity": 0.8957055214723927, "AUC": 0.9752003084246874}, "Label_3": {"Optimal Threshold": 0.4684261381626129, "Accuracy": 0.937244201909959, "Sensitivity": 0.9180327868852459, "Specificity": 0.9468302658486708, "AUC": 0.9806899326159106}, "Label_4": {"Optimal Threshold": 0.03388458862900734, "Accuracy": 0.931787175989086, "Sensitivity": 1.0, "Specificity": 0.9310344827586207, "AUC": 0.9870689655172413}, "Label_5": {"Optimal Threshold": 0.012089787051081657, "Accuracy": 0.8908594815825375, "Sensitivity": 1.0, "Specificity": 0.8896551724137931, "AUC": 0.9658620689655172}, "Label_6": {"Optimal Threshold": 0.009056458249688148, "Accuracy": 0.8567530695770805, "Sensitivity": 1.0, "Specificity": 0.8551724137931035, "AUC": 0.9432758620689654}, "Label_7": {"Optimal Threshold": 0.06165846437215805, "Accuracy": 0.956343792633015, "Sensitivity": 0.9545454545454546, "Specificity": 0.9565217391304348, "AUC": 0.9893689518876925}, "Label_8": {"Optimal Threshold": 0.04316416382789612, "Accuracy": 0.9631650750341064, "Sensitivity": 1.0, "Specificity": 0.9629120879120879, "AUC": 0.987912087912088}, "Label_9": {"Optimal Threshold": 0.06860534846782684, "Accuracy": 0.9167803547066848, "Sensitivity": 0.972972972972973, "Specificity": 0.9137931034482759, "AUC": 0.978331780055918}, "Label_10": {"Optimal Threshold": 0.007475711405277252, "Accuracy": 0.6862210095497954, "Sensitivity": 1.0, "Specificity": 0.6778711484593838, "AUC": 0.8928202860091405}, "Label_11": {"Optimal Threshold": 0.02974732778966427, "Accuracy": 0.9249658935879945, "Sensitivity": 0.9259259259259259, "Specificity": 0.9249291784702549, "AUC": 0.9628055817857517}, "Label_12": {"Optimal Threshold": 0.05610533058643341, "Accuracy": 0.7885402455661664, "Sensitivity": 1.0, "Specificity": 0.7756874095513748, "AUC": 0.9460064778443938}, "Overall": {"Accuracy": 0.8984153636268234, "Sensitivity": 0.9613243493024914, "Specificity": 0.8970385699662542, "AUC": 0.964280798189357}}, "label_names": [[4, 3, 8, 7, 10, 12, 1, 0, 5, 11], [4, 3, 8, 7, 10, 12, 1, 9, 6, 2]]}