{"shared_labels": 10, "perf": [0.08920817822217941, 0.97511225938797], "metrics": {"Label_0": {"Optimal Threshold": 0.2447444498538971, "Accuracy": 0.9536152796725784, "Sensitivity": 0.8405797101449275, "Specificity": 0.9653614457831325, "AUC": 0.965645189453466}, "Label_1": {"Optimal Threshold": 0.05889095738530159, "Accuracy": 0.9358799454297408, "Sensitivity": 0.9655172413793104, "Specificity": 0.9333333333333333, "AUC": 0.9888633461047255}, "Label_2": {"Optimal Threshold": 0.5239639282226562, "Accuracy": 0.9331514324693042, "Sensitivity": 0.9078947368421053, "Specificity": 0.9445544554455445, "AUC": 0.9747090498523537}, "Label_3": {"Optimal Threshold": 0.4597564935684204, "Accuracy": 0.9290586630286494, "Sensitivity": 0.918552036199095, "Specificity": 0.93359375, "AUC": 0.9765183116515838}, "Label_4": {"Optimal Threshold": 0.03320886567234993, "Accuracy": 0.9522510231923602, "Sensitivity": 0.8571428571428571, "Specificity": 0.953168044077135, "AUC": 0.9580873671782763}, "Label_5": {"Optimal Threshold": 0.0027682248037308455, "Accuracy": 0.7762619372442019, "Sensitivity": 1.0, "Specificity": 0.7747252747252747, "AUC": 0.9461538461538461}, "Label_6": {"Optimal Threshold": 0.016842173412442207, "Accuracy": 0.9208731241473397, "Sensitivity": 1.0, "Specificity": 0.9196675900277008, "AUC": 0.9769579451019894}, "Label_7": {"Optimal Threshold": 0.1169503778219223, "Accuracy": 0.9536152796725784, "Sensitivity": 0.9838709677419355, "Specificity": 0.9508196721311475, "AUC": 0.9895918465458392}, "Label_8": {"Optimal Threshold": 0.002989894011989236, "Accuracy": 0.8676671214188267, "Sensitivity": 1.0, "Specificity": 0.8673050615595075, "AUC": 0.8775649794801641}, "Label_9": {"Optimal Threshold": 0.01626686565577984, "Accuracy": 0.859481582537517, "Sensitivity": 0.96875, "Specificity": 0.854493580599144, "AUC": 0.9480652639087018}, "Label_10": {"Optimal Threshold": 0.005963578354567289, "Accuracy": 0.6998635743519782, "Sensitivity": 1.0, "Specificity": 0.6923076923076923, "AUC": 0.9046620046620047}, "Label_11": {"Optimal Threshold": 0.034534648060798645, "Accuracy": 0.9536152796725784, "Sensitivity": 0.9444444444444444, "Specificity": 0.9538461538461539, "AUC": 0.9764568764568764}, "Label_12": {"Optimal Threshold": 0.044062744826078415, "Accuracy": 0.7926330150068213, "Sensitivity": 0.8431372549019608, "Specificity": 0.7888563049853372, "AUC": 0.8714852509918923}, "Overall": {"Accuracy": 0.8867667121418825, "Sensitivity": 0.9407607114458951, "Specificity": 0.8870794122170078, "AUC": 0.9503662521185938}}, "label_names": [[5, 1, 3, 11, 2, 4, 0, 10, 6, 9, 8, 7], [5, 1, 3, 11, 2, 4, 0, 10, 6, 9, 12]]}