{"shared_labels": 10, "perf": [0.08764927089214325, 0.9763508439064026], "metrics": {"Label_0": {"Optimal Threshold": 0.20015570521354675, "Accuracy": 0.9345156889495225, "Sensitivity": 0.8918918918918919, "Specificity": 0.9393019726858877, "AUC": 0.9694254193495468}, "Label_1": {"Optimal Threshold": 0.15151724219322205, "Accuracy": 0.9508867667121419, "Sensitivity": 0.9295774647887324, "Specificity": 0.9531722054380665, "AUC": 0.9872133100719118}, "Label_2": {"Optimal Threshold": 0.09720919281244278, "Accuracy": 0.9181446111869032, "Sensitivity": 0.9487179487179487, "Specificity": 0.9038076152304609, "AUC": 0.9754980045561208}, "Label_3": {"Optimal Threshold": 0.10851648449897766, "Accuracy": 0.91268758526603, "Sensitivity": 0.9513274336283186, "Specificity": 0.8954635108481263, "AUC": 0.9736258749192718}, "Label_4": {"Optimal Threshold": 0.02333066239953041, "Accuracy": 0.9058663028649386, "Sensitivity": 1.0, "Specificity": 0.9048275862068965, "AUC": 0.958103448275862}, "Label_5": {"Optimal Threshold": 0.004065568558871746, "Accuracy": 0.8267394270122783, "Sensitivity": 1.0, "Specificity": 0.8253094910591472, "AUC": 0.9401650618982119}, "Label_6": {"Optimal Threshold": 0.009595375508069992, "Accuracy": 0.8854024556616644, "Sensitivity": 1.0, "Specificity": 0.8847736625514403, "AUC": 0.9458161865569273}, "Label_7": {"Optimal Threshold": 0.2223874181509018, "Accuracy": 0.9768076398362893, "Sensitivity": 0.9841269841269841, "Specificity": 0.9761194029850746, "AUC": 0.9907131011608623}, "Label_8": {"Optimal Threshold": 0.008955330587923527, "Accuracy": 0.8854024556616644, "Sensitivity": 1.0, "Specificity": 0.8847736625514403, "AUC": 0.9427297668038408}, "Label_9": {"Optimal Threshold": 0.12579414248466492, "Accuracy": 0.937244201909959, "Sensitivity": 0.896551724137931, "Specificity": 0.9389204545454546, "AUC": 0.9466105015673981}, "Label_10": {"Optimal Threshold": 0.03815609589219093, "Accuracy": 0.8922237380627558, "Sensitivity": 0.9166666666666666, "Specificity": 0.8918169209431346, "AUC": 0.9441747572815535}, "Label_11": {"Optimal Threshold": 0.022485168650746346, "Accuracy": 0.9154160982264665, "Sensitivity": 0.9565217391304348, "Specificity": 0.9140845070422535, "AUC": 0.9712186160440907}, "Label_12": {"Optimal Threshold": 0.05987599864602089, "Accuracy": 0.8526603001364257, "Sensitivity": 0.9245283018867925, "Specificity": 0.8470588235294118, "AUC": 0.935599334073252}, "Overall": {"Accuracy": 0.9072305593451568, "Sensitivity": 0.9538392426904385, "Specificity": 0.9045715242782152, "AUC": 0.9600687217352963}}, "label_names": [[3, 11, 9, 2, 5, 7, 0, 6, 12, 10, 1, 8], [3, 11, 9, 2, 5, 7, 0, 6, 12, 10, 4]]}