{"shared_labels": 2, "perf": [0.09620335698127747, 0.9737913608551025], "metrics": {"Label_0": {"Optimal Threshold": 0.3378322422504425, "Accuracy": 0.9304229195088677, "Sensitivity": 0.855072463768116, "Specificity": 0.9382530120481928, "AUC": 0.9518290553518421}, "Label_1": {"Optimal Threshold": 0.2352779060602188, "Accuracy": 0.9590723055934516, "Sensitivity": 0.9482758620689655, "Specificity": 0.96, "AUC": 0.9833205619412516}, "Label_2": {"Optimal Threshold": 0.16424007713794708, "Accuracy": 0.9072305593451568, "Sensitivity": 0.9298245614035088, "Specificity": 0.897029702970297, "AUC": 0.9637224248740663}, "Label_3": {"Optimal Threshold": 0.07509216666221619, "Accuracy": 0.903137789904502, "Sensitivity": 0.9592760180995475, "Specificity": 0.87890625, "AUC": 0.9696691176470589}, "Label_4": {"Optimal Threshold": 0.04729684814810753, "Accuracy": 0.9358799454297408, "Sensitivity": 1.0, "Specificity": 0.9352617079889807, "AUC": 0.9883903974813065}, "Label_5": {"Optimal Threshold": 0.005069246981292963, "Accuracy": 0.8049113233287858, "Sensitivity": 1.0, "Specificity": 0.8035714285714286, "AUC": 0.9546703296703297}, "Label_6": {"Optimal Threshold": 0.018990585580468178, "Accuracy": 0.931787175989086, "Sensitivity": 1.0, "Specificity": 0.9307479224376731, "AUC": 0.9758247292873332}, "Label_7": {"Optimal Threshold": 0.1501178741455078, "Accuracy": 0.9495225102319236, "Sensitivity": 1.0, "Specificity": 0.9448584202682563, "AUC": 0.9894235854045478}, "Label_8": {"Optimal Threshold": 0.002833943348377943, "Accuracy": 0.800818553888131, "Sensitivity": 1.0, "Specificity": 0.8002735978112175, "AUC": 0.8248974008207934}, "Label_9": {"Optimal Threshold": 0.08375486731529236, "Accuracy": 0.9113233287858117, "Sensitivity": 0.90625, "Specificity": 0.9115549215406562, "AUC": 0.9507400142653353}, "Label_10": {"Optimal Threshold": 0.07155422121286392, "Accuracy": 0.8949522510231923, "Sensitivity": 0.7777777777777778, "Specificity": 0.8979020979020979, "AUC": 0.9163947163947164}, "Label_11": {"Optimal Threshold": 0.025272652506828308, "Accuracy": 0.9604365620736699, "Sensitivity": 0.9444444444444444, "Specificity": 0.9608391608391609, "AUC": 0.981895881895882}, "Label_12": {"Optimal Threshold": 0.05747669190168381, "Accuracy": 0.7762619372442019, "Sensitivity": 0.9215686274509803, "Specificity": 0.7653958944281525, "AUC": 0.9196423437410155}, "Overall": {"Accuracy": 0.897365935565117, "Sensitivity": 0.9417299811548724, "Specificity": 0.8941995474466241, "AUC": 0.9515708122134984}}, "label_names": [[11, 5, 0, 7, 1, 12, 9, 8], [11, 5, 10, 2, 4, 3, 6]]}