{"shared_labels": 2, "perf": [0.09242243319749832, 0.9710884690284729], "metrics": {"Label_0": {"Optimal Threshold": 0.047383200377225876, "Accuracy": 0.9045020463847203, "Sensitivity": 0.8676470588235294, "Specificity": 0.9082706766917293, "AUC": 0.9556612118531624}, "Label_1": {"Optimal Threshold": 0.05097392201423645, "Accuracy": 0.9508867667121419, "Sensitivity": 0.9285714285714286, "Specificity": 0.9527326440177253, "AUC": 0.9856509812196667}, "Label_2": {"Optimal Threshold": 0.3169999122619629, "Accuracy": 0.9358799454297408, "Sensitivity": 0.9194915254237288, "Specificity": 0.9436619718309859, "AUC": 0.9754203185212973}, "Label_3": {"Optimal Threshold": 0.2723821699619293, "Accuracy": 0.9331514324693042, "Sensitivity": 0.9424778761061947, "Specificity": 0.9289940828402367, "AUC": 0.975903719606919}, "Label_4": {"Optimal Threshold": 0.015764571726322174, "Accuracy": 0.9427012278308322, "Sensitivity": 0.8571428571428571, "Specificity": 0.9435261707988981, "AUC": 0.9309327036599764}, "Label_5": {"Optimal Threshold": 0.004017500672489405, "Accuracy": 0.8267394270122783, "Sensitivity": 1.0, "Specificity": 0.8250688705234159, "AUC": 0.9437229437229436}, "Label_6": {"Optimal Threshold": 0.007774472236633301, "Accuracy": 0.8894952251023193, "Sensitivity": 1.0, "Specificity": 0.8879668049792531, "AUC": 0.9587828492392808}, "Label_7": {"Optimal Threshold": 0.08746323734521866, "Accuracy": 0.9549795361527967, "Sensitivity": 0.9298245614035088, "Specificity": 0.9571005917159763, "AUC": 0.9810547077753555}, "Label_8": {"Optimal Threshold": 0.017305638641119003, "Accuracy": 0.946793997271487, "Sensitivity": 1.0, "Specificity": 0.9464285714285714, "AUC": 0.9804945054945056}, "Label_9": {"Optimal Threshold": 0.03888669237494469, "Accuracy": 0.9167803547066848, "Sensitivity": 0.9090909090909091, "Specificity": 0.9171428571428571, "AUC": 0.9438528138528138}, "Label_10": {"Optimal Threshold": 0.043302010744810104, "Accuracy": 0.8772169167803547, "Sensitivity": 0.9166666666666666, "Specificity": 0.8765603328710125, "AUC": 0.9071890892279242}, "Label_11": {"Optimal Threshold": 0.02222328819334507, "Accuracy": 0.903137789904502, "Sensitivity": 1.0, "Specificity": 0.9012517385257302, "AUC": 0.9638386648122392}, "Label_12": {"Optimal Threshold": 0.07262253016233444, "Accuracy": 0.8431105047748977, "Sensitivity": 0.8703703703703703, "Specificity": 0.8409425625920471, "AUC": 0.9014072983145149}, "Overall": {"Accuracy": 0.9096442438870814, "Sensitivity": 0.9339448656614764, "Specificity": 0.9099729135352644, "AUC": 0.9541470621000462}}, "label_names": [[2, 0, 10, 11, 1, 9, 5, 4], [2, 0, 6, 3, 8, 7, 12]]}