{"shared_labels": 11, "perf": [0.08802211284637451, 0.977946937084198], "metrics": {"Label_0": {"Optimal Threshold": 0.2414001226425171, "Accuracy": 0.9631650750341064, "Sensitivity": 0.8405797101449275, "Specificity": 0.9759036144578314, "AUC": 0.9663218089750306}, "Label_1": {"Optimal Threshold": 0.1439414620399475, "Accuracy": 0.965893587994543, "Sensitivity": 0.9310344827586207, "Specificity": 0.9688888888888889, "AUC": 0.986309067688378}, "Label_2": {"Optimal Threshold": 0.4212591052055359, "Accuracy": 0.9181446111869032, "Sensitivity": 0.9298245614035088, "Specificity": 0.9128712871287129, "AUC": 0.9742834809796769}, "Label_3": {"Optimal Threshold": 0.4700930118560791, "Accuracy": 0.931787175989086, "Sensitivity": 0.9230769230769231, "Specificity": 0.935546875, "AUC": 0.9769248444570136}, "Label_4": {"Optimal Threshold": 0.01843830570578575, "Accuracy": 0.9427012278308322, "Sensitivity": 0.8571428571428571, "Specificity": 0.9435261707988981, "AUC": 0.957693821330185}, "Label_5": {"Optimal Threshold": 0.0031608694698661566, "Accuracy": 0.7612551159618008, "Sensitivity": 1.0, "Specificity": 0.7596153846153846, "AUC": 0.9357142857142857}, "Label_6": {"Optimal Threshold": 0.014246519654989243, "Accuracy": 0.9045020463847203, "Sensitivity": 0.9090909090909091, "Specificity": 0.9044321329639889, "AUC": 0.9619743137748678}, "Label_7": {"Optimal Threshold": 0.20960891246795654, "Accuracy": 0.965893587994543, "Sensitivity": 1.0, "Specificity": 0.96274217585693, "AUC": 0.9928609201480698}, "Label_8": {"Optimal Threshold": 0.004518749192357063, "Accuracy": 0.8308321964529332, "Sensitivity": 1.0, "Specificity": 0.8303693570451436, "AUC": 0.8707250341997264}, "Label_9": {"Optimal Threshold": 0.03221406787633896, "Accuracy": 0.9045020463847203, "Sensitivity": 0.9375, "Specificity": 0.9029957203994294, "AUC": 0.9503833808844508}, "Label_10": {"Optimal Threshold": 0.01269561517983675, "Accuracy": 0.7544338335607094, "Sensitivity": 0.9444444444444444, "Specificity": 0.7496503496503496, "AUC": 0.9065268065268065}, "Label_11": {"Optimal Threshold": 0.02288651466369629, "Accuracy": 0.9195088676671214, "Sensitivity": 1.0, "Specificity": 0.9174825174825175, "AUC": 0.9830613830613831}, "Label_12": {"Optimal Threshold": 0.06284178048372269, "Accuracy": 0.7789904502046384, "Sensitivity": 0.8431372549019608, "Specificity": 0.7741935483870968, "AUC": 0.8919268587200276}, "Overall": {"Accuracy": 0.887816140203589, "Sensitivity": 0.9319870109972425, "Specificity": 0.8875552325134747, "AUC": 0.9503620004969154}}, "label_names": [[4, 3, 5, 11, 9, 2, 6, 0, 7, 10, 8, 12], [4, 3, 5, 11, 9, 2, 6, 0, 7, 10, 8, 1]]}