{"shared_labels": 11, "perf": [0.09194579720497131, 0.9751725792884827], "metrics": {"Label_0": {"Optimal Threshold": 0.098032146692276, "Accuracy": 0.8676671214188267, "Sensitivity": 0.9333333333333333, "Specificity": 0.8601823708206687, "AUC": 0.9556028368794327}, "Label_1": {"Optimal Threshold": 0.12220929563045502, "Accuracy": 0.9236016371077762, "Sensitivity": 0.9333333333333333, "Specificity": 0.9227340267459139, "AUC": 0.9768449727587915}, "Label_2": {"Optimal Threshold": 0.2466188371181488, "Accuracy": 0.927694406548431, "Sensitivity": 0.9382716049382716, "Specificity": 0.9224489795918367, "AUC": 0.9760057109263458}, "Label_3": {"Optimal Threshold": 0.19205836951732635, "Accuracy": 0.927694406548431, "Sensitivity": 0.934156378600823, "Specificity": 0.9244897959183673, "AUC": 0.9748467288149828}, "Label_4": {"Optimal Threshold": 0.007903076708316803, "Accuracy": 0.8581173260572987, "Sensitivity": 1.0, "Specificity": 0.856353591160221, "AUC": 0.9762124002455494}, "Label_5": {"Optimal Threshold": 0.02502698451280594, "Accuracy": 0.9508867667121419, "Sensitivity": 1.0, "Specificity": 0.9503448275862069, "AUC": 0.9853448275862068}, "Label_6": {"Optimal Threshold": 0.01764226332306862, "Accuracy": 0.9304229195088677, "Sensitivity": 1.0, "Specificity": 0.9295580110497238, "AUC": 0.9831184775936157}, "Label_7": {"Optimal Threshold": 0.07954809069633484, "Accuracy": 0.9481582537517054, "Sensitivity": 0.9491525423728814, "Specificity": 0.9480712166172107, "AUC": 0.9774430417944978}, "Label_8": {"Optimal Threshold": 0.003101894399151206, "Accuracy": 0.8717598908594816, "Sensitivity": 1.0, "Specificity": 0.8703448275862069, "AUC": 0.9643103448275862}, "Label_9": {"Optimal Threshold": 0.02437877468764782, "Accuracy": 0.8622100954979536, "Sensitivity": 0.9393939393939394, "Specificity": 0.8585714285714285, "AUC": 0.9532467532467532}, "Label_10": {"Optimal Threshold": 0.06024060398340225, "Accuracy": 0.9099590723055935, "Sensitivity": 0.9090909090909091, "Specificity": 0.909972299168975, "AUC": 0.9478720725258121}, "Label_11": {"Optimal Threshold": 0.06495179235935211, "Accuracy": 0.9549795361527967, "Sensitivity": 1.0, "Specificity": 0.9537815126050421, "AUC": 0.9845201238390093}, "Label_12": {"Optimal Threshold": 0.19284571707248688, "Accuracy": 0.9249658935879945, "Sensitivity": 0.8085106382978723, "Specificity": 0.9329446064139941, "AUC": 0.9157000186092674}, "Overall": {"Accuracy": 0.9121628712351768, "Sensitivity": 0.9496340522585663, "Specificity": 0.9107536533719843, "AUC": 0.9670052545882963}}, "label_names": [[11, 1, 10, 5, 8, 7, 6, 9, 4, 2, 0, 3], [11, 1, 10, 5, 8, 7, 6, 9, 4, 2, 0, 12]]}