{"shared_labels": 9, "perf": [0.08652008324861526, 0.978593647480011], "metrics": {"Label_0": {"Optimal Threshold": 0.15907977521419525, "Accuracy": 0.946793997271487, "Sensitivity": 0.855072463768116, "Specificity": 0.9563253012048193, "AUC": 0.9618037366858739}, "Label_1": {"Optimal Threshold": 0.05810880661010742, "Accuracy": 0.9345156889495225, "Sensitivity": 0.9655172413793104, "Specificity": 0.9318518518518518, "AUC": 0.9886334610472541}, "Label_2": {"Optimal Threshold": 0.30609503388404846, "Accuracy": 0.9208731241473397, "Sensitivity": 0.9210526315789473, "Specificity": 0.9207920792079208, "AUC": 0.9742053152683688}, "Label_3": {"Optimal Threshold": 0.39051201939582825, "Accuracy": 0.931787175989086, "Sensitivity": 0.9095022624434389, "Specificity": 0.94140625, "AUC": 0.9762089932126696}, "Label_4": {"Optimal Threshold": 0.00430705351755023, "Accuracy": 0.8622100954979536, "Sensitivity": 1.0, "Specificity": 0.8608815426997245, "AUC": 0.9704840613931522}, "Label_5": {"Optimal Threshold": 0.0022405788768082857, "Accuracy": 0.7776261937244202, "Sensitivity": 1.0, "Specificity": 0.7760989010989011, "AUC": 0.9436813186813188}, "Label_6": {"Optimal Threshold": 0.014697721228003502, "Accuracy": 0.9085948158253752, "Sensitivity": 1.0, "Specificity": 0.907202216066482, "AUC": 0.9772097708385797}, "Label_7": {"Optimal Threshold": 0.06331191956996918, "Accuracy": 0.9631650750341064, "Sensitivity": 1.0, "Specificity": 0.9597615499254843, "AUC": 0.9941589346666025}, "Label_8": {"Optimal Threshold": 0.0049749636091291904, "Accuracy": 0.8990450204638472, "Sensitivity": 1.0, "Specificity": 0.8987688098495212, "AUC": 0.9083447332421339}, "Label_9": {"Optimal Threshold": 0.018527403473854065, "Accuracy": 0.9017735334242838, "Sensitivity": 0.9375, "Specificity": 0.9001426533523538, "AUC": 0.9531472895863052}, "Label_10": {"Optimal Threshold": 0.007656028959900141, "Accuracy": 0.7585266030013642, "Sensitivity": 0.8888888888888888, "Specificity": 0.7552447552447552, "AUC": 0.8754467754467754}, "Label_11": {"Optimal Threshold": 0.03905225917696953, "Accuracy": 0.9536152796725784, "Sensitivity": 0.9444444444444444, "Specificity": 0.9538461538461539, "AUC": 0.9790209790209791}, "Label_12": {"Optimal Threshold": 0.10133552551269531, "Accuracy": 0.8608458390177354, "Sensitivity": 0.9019607843137255, "Specificity": 0.8577712609970675, "AUC": 0.9525041688229544}, "Overall": {"Accuracy": 0.8937978801553151, "Sensitivity": 0.9479952859089902, "Specificity": 0.8938533327188488, "AUC": 0.9580653490702282}}, "label_names": [[5, 3, 11, 7, 2, 8, 6, 12, 9, 0, 10], [5, 3, 11, 7, 2, 8, 6, 12, 9, 4, 1]]}