{"shared_labels": 9, "perf": [0.08660982549190521, 0.9792690873146057], "metrics": {"Label_0": {"Optimal Threshold": 0.03138446435332298, "Accuracy": 0.8731241473396999, "Sensitivity": 0.9294117647058824, "Specificity": 0.8657407407407407, "AUC": 0.9635984023238925}, "Label_1": {"Optimal Threshold": 0.06989115476608276, "Accuracy": 0.9386084583901774, "Sensitivity": 0.9066666666666666, "Specificity": 0.9422492401215805, "AUC": 0.9800405268490374}, "Label_2": {"Optimal Threshold": 0.42570823431015015, "Accuracy": 0.9195088676671214, "Sensitivity": 0.9596412556053812, "Specificity": 0.9019607843137255, "AUC": 0.9751165040007035}, "Label_3": {"Optimal Threshold": 0.5451169610023499, "Accuracy": 0.9331514324693042, "Sensitivity": 0.9259259259259259, "Specificity": 0.9361702127659575, "AUC": 0.9751325309835949}, "Label_4": {"Optimal Threshold": 0.04635268449783325, "Accuracy": 0.9440654843110505, "Sensitivity": 1.0, "Specificity": 0.9434482758620689, "AUC": 0.9805172413793103}, "Label_5": {"Optimal Threshold": 0.002660463796928525, "Accuracy": 0.819918144611187, "Sensitivity": 1.0, "Specificity": 0.8189300411522634, "AUC": 0.9046639231824418}, "Label_6": {"Optimal Threshold": 0.025532957166433334, "Accuracy": 0.9549795361527967, "Sensitivity": 1.0, "Specificity": 0.9547325102880658, "AUC": 0.9879972565157751}, "Label_7": {"Optimal Threshold": 0.13581572473049164, "Accuracy": 0.9604365620736699, "Sensitivity": 0.9807692307692307, "Specificity": 0.9588839941262849, "AUC": 0.993307353439512}, "Label_8": {"Optimal Threshold": 0.014325780794024467, "Accuracy": 0.927694406548431, "Sensitivity": 1.0, "Specificity": 0.9273972602739726, "AUC": 0.9707762557077626}, "Label_9": {"Optimal Threshold": 0.03131920471787453, "Accuracy": 0.9181446111869032, "Sensitivity": 1.0, "Specificity": 0.9153737658674189, "AUC": 0.9859543958627175}, "Label_10": {"Optimal Threshold": 0.024558044970035553, "Accuracy": 0.8663028649386084, "Sensitivity": 1.0, "Specificity": 0.8640776699029126, "AUC": 0.9546925566343042}, "Label_11": {"Optimal Threshold": 0.01347381342202425, "Accuracy": 0.8922237380627558, "Sensitivity": 0.9473684210526315, "Specificity": 0.8907563025210085, "AUC": 0.9717676544301931}, "Label_12": {"Optimal Threshold": 0.09466778486967087, "Accuracy": 0.8635743519781719, "Sensitivity": 0.8064516129032258, "Specificity": 0.8688524590163934, "AUC": 0.9234652180183646}, "Overall": {"Accuracy": 0.9085948158253753, "Sensitivity": 0.958171913663765, "Specificity": 0.9068133274578762, "AUC": 0.9666946014867392}}, "label_names": [[0, 12, 10, 2, 6, 5, 9, 1, 4, 11, 3], [0, 12, 10, 2, 6, 5, 9, 1, 4, 7, 8]]}