{"shared_labels": 12, "perf": [0.09432576596736908, 0.9728301763534546], "metrics": {"Label_0": {"Optimal Threshold": 0.08951476216316223, "Accuracy": 0.878581173260573, "Sensitivity": 0.8507462686567164, "Specificity": 0.8813813813813813, "AUC": 0.9431222267043162}, "Label_1": {"Optimal Threshold": 0.09840776771306992, "Accuracy": 0.9440654843110505, "Sensitivity": 0.9285714285714286, "Specificity": 0.9453471196454948, "AUC": 0.9819582190335514}, "Label_2": {"Optimal Threshold": 0.363583505153656, "Accuracy": 0.9263301500682128, "Sensitivity": 0.8803418803418803, "Specificity": 0.9478957915831663, "AUC": 0.9652381686449824}, "Label_3": {"Optimal Threshold": 0.19560040533542633, "Accuracy": 0.9140518417462483, "Sensitivity": 0.9230769230769231, "Specificity": 0.91015625, "AUC": 0.9659484587104072}, "Label_4": {"Optimal Threshold": 0.00019248941680416465, "Accuracy": 0.592087312414734, "Sensitivity": 1.0, "Specificity": 0.5904109589041096, "AUC": 0.8022831050228311}, "Label_5": {"Optimal Threshold": 0.05468708649277687, "Accuracy": 0.9809004092769441, "Sensitivity": 0.9, "Specificity": 0.9820193637621023, "AUC": 0.9753803596127247}, "Label_6": {"Optimal Threshold": 0.03691019490361214, "Accuracy": 0.9590723055934516, "Sensitivity": 1.0, "Specificity": 0.9582753824756607, "AUC": 0.9846016292469699}, "Label_7": {"Optimal Threshold": 0.02487339824438095, "Accuracy": 0.9495225102319236, "Sensitivity": 0.9848484848484849, "Specificity": 0.9460269865067467, "AUC": 0.9926173276997866}, "Label_8": {"Optimal Threshold": 0.017294565215706825, "Accuracy": 0.9386084583901774, "Sensitivity": 1.0, "Specificity": 0.938101788170564, "AUC": 0.9805135259055479}, "Label_9": {"Optimal Threshold": 0.06745389848947525, "Accuracy": 0.9358799454297408, "Sensitivity": 0.90625, "Specificity": 0.9372325249643366, "AUC": 0.9503388017118404}, "Label_10": {"Optimal Threshold": 0.045719631016254425, "Accuracy": 0.8867667121418826, "Sensitivity": 0.9166666666666666, "Specificity": 0.8862690707350902, "AUC": 0.9431345353675451}, "Label_11": {"Optimal Threshold": 0.04343763366341591, "Accuracy": 0.9358799454297408, "Sensitivity": 1.0, "Specificity": 0.9344490934449093, "AUC": 0.985878661087866}, "Label_12": {"Optimal Threshold": 0.056285541504621506, "Accuracy": 0.8663028649386084, "Sensitivity": 0.8888888888888888, "Specificity": 0.8645066273932254, "AUC": 0.929389625265914}, "Overall": {"Accuracy": 0.900619162556407, "Sensitivity": 0.9368761954654606, "Specificity": 0.9016978722282144, "AUC": 0.953877280308791}}, "label_names": [[11, 7, 2, 1, 6, 10, 5, 8, 0, 4, 12, 9, 3], [11, 7, 2, 1, 6, 10, 5, 8, 0, 4, 12, 9]]}