{"shared_labels": 12, "perf": [0.08810479193925858, 0.9781787991523743], "metrics": {"Label_0": {"Optimal Threshold": 0.051201075315475464, "Accuracy": 0.9085948158253752, "Sensitivity": 0.8985507246376812, "Specificity": 0.9096385542168675, "AUC": 0.9670420813689541}, "Label_1": {"Optimal Threshold": 0.03578665107488632, "Accuracy": 0.9386084583901774, "Sensitivity": 0.9482758620689655, "Specificity": 0.9377777777777778, "AUC": 0.9863601532567049}, "Label_2": {"Optimal Threshold": 0.5416728854179382, "Accuracy": 0.9236016371077762, "Sensitivity": 0.9166666666666666, "Specificity": 0.9267326732673268, "AUC": 0.9732760118117075}, "Label_3": {"Optimal Threshold": 0.6491481065750122, "Accuracy": 0.9358799454297408, "Sensitivity": 0.9049773755656109, "Specificity": 0.94921875, "AUC": 0.9760410774886878}, "Label_4": {"Optimal Threshold": 0.0020167178008705378, "Accuracy": 0.8130968622100955, "Sensitivity": 1.0, "Specificity": 0.8112947658402204, "AUC": 0.9645808736717828}, "Label_5": {"Optimal Threshold": 0.0048762415535748005, "Accuracy": 0.7830832196452933, "Sensitivity": 1.0, "Specificity": 0.7815934065934066, "AUC": 0.945054945054945}, "Label_6": {"Optimal Threshold": 0.010488602332770824, "Accuracy": 0.8635743519781719, "Sensitivity": 1.0, "Specificity": 0.8614958448753463, "AUC": 0.9731805590531353}, "Label_7": {"Optimal Threshold": 0.17386764287948608, "Accuracy": 0.9672578444747613, "Sensitivity": 1.0, "Specificity": 0.9642324888226528, "AUC": 0.9930532185952599}, "Label_8": {"Optimal Threshold": 0.0014994515804573894, "Accuracy": 0.7025920873124147, "Sensitivity": 1.0, "Specificity": 0.7017783857729138, "AUC": 0.7647058823529411}, "Label_9": {"Optimal Threshold": 0.022355927154421806, "Accuracy": 0.8963165075034106, "Sensitivity": 0.9375, "Specificity": 0.8944365192582026, "AUC": 0.9490014265335235}, "Label_10": {"Optimal Threshold": 0.014770835638046265, "Accuracy": 0.7708049113233287, "Sensitivity": 0.8888888888888888, "Specificity": 0.7678321678321678, "AUC": 0.8886557886557886}, "Label_11": {"Optimal Threshold": 0.0629085898399353, "Accuracy": 0.9686221009549796, "Sensitivity": 0.9444444444444444, "Specificity": 0.9692307692307692, "AUC": 0.9816627816627816}, "Label_12": {"Optimal Threshold": 0.03965708240866661, "Accuracy": 0.7694406548431105, "Sensitivity": 0.9607843137254902, "Specificity": 0.7551319648093842, "AUC": 0.9359438790178829}, "Overall": {"Accuracy": 0.8647287228460487, "Sensitivity": 0.953852944307519, "Specificity": 0.8638764667920797, "AUC": 0.9460429752710842}}, "label_names": [[12, 0, 2, 7, 4, 10, 6, 3, 1, 9, 5, 11, 8], [12, 0, 2, 7, 4, 10, 6, 3, 1, 9, 5, 11]]}