{"shared_labels": 5, "perf": [0.09010713547468185, 0.9759300351142883], "metrics": {"Label_0": {"Optimal Threshold": 0.04729730263352394, "Accuracy": 0.9140518417462483, "Sensitivity": 0.8505747126436781, "Specificity": 0.9226006191950464, "AUC": 0.9522614853563931}, "Label_1": {"Optimal Threshold": 0.11658449470996857, "Accuracy": 0.9604365620736699, "Sensitivity": 0.9264705882352942, "Specificity": 0.9639097744360903, "AUC": 0.9744582043343654}, "Label_2": {"Optimal Threshold": 0.09381190687417984, "Accuracy": 0.9195088676671214, "Sensitivity": 0.944206008583691, "Specificity": 0.908, "AUC": 0.9758369098712447}, "Label_3": {"Optimal Threshold": 0.07803008705377579, "Accuracy": 0.9058663028649386, "Sensitivity": 0.9504504504504504, "Specificity": 0.8864970645792564, "AUC": 0.9748593995169337}, "Label_4": {"Optimal Threshold": 0.001299150986596942, "Accuracy": 0.8376534788540245, "Sensitivity": 1.0, "Specificity": 0.8363136176066025, "AUC": 0.9695093993580927}, "Label_5": {"Optimal Threshold": 0.008161546662449837, "Accuracy": 0.8799454297407913, "Sensitivity": 1.0, "Specificity": 0.879286694101509, "AUC": 0.9519890260631002}, "Label_6": {"Optimal Threshold": 0.016953332349658012, "Accuracy": 0.9536152796725784, "Sensitivity": 1.0, "Specificity": 0.953232462173315, "AUC": 0.9789087574507107}, "Label_7": {"Optimal Threshold": 0.044963765889406204, "Accuracy": 0.9590723055934516, "Sensitivity": 0.9701492537313433, "Specificity": 0.9579579579579579, "AUC": 0.991394379454081}, "Label_8": {"Optimal Threshold": 0.04301945120096207, "Accuracy": 0.9768076398362893, "Sensitivity": 1.0, "Specificity": 0.9765840220385675, "AUC": 0.9923258559622196}, "Label_9": {"Optimal Threshold": 0.04736647382378578, "Accuracy": 0.9154160982264665, "Sensitivity": 0.92, "Specificity": 0.9152542372881356, "AUC": 0.9610734463276837}, "Label_10": {"Optimal Threshold": 0.02964874543249607, "Accuracy": 0.8390177353342428, "Sensitivity": 0.8461538461538461, "Specificity": 0.8388888888888889, "AUC": 0.9073717948717949}, "Label_11": {"Optimal Threshold": 0.013782810419797897, "Accuracy": 0.91268758526603, "Sensitivity": 0.9375, "Specificity": 0.9121338912133892, "AUC": 0.9627789400278939}, "Label_12": {"Optimal Threshold": 0.0847153589129448, "Accuracy": 0.8622100954979536, "Sensitivity": 0.9245283018867925, "Specificity": 0.8573529411764705, "AUC": 0.9374861265260821}, "Overall": {"Accuracy": 0.9104837863364467, "Sensitivity": 0.9438487047450074, "Specificity": 0.9083086285119408, "AUC": 0.9638656711631227}}, "label_names": [[7, 2, 3, 5, 8, 1, 10, 9, 11], [7, 2, 3, 5, 8, 12, 0, 4, 6]]}