{"shared_labels": 5, "perf": [0.0923081785440445, 0.9731003642082214], "metrics": {"Label_0": {"Optimal Threshold": 0.12999120354652405, "Accuracy": 0.9413369713506139, "Sensitivity": 0.8695652173913043, "Specificity": 0.9487951807228916, "AUC": 0.9698795180722891}, "Label_1": {"Optimal Threshold": 0.1553744226694107, "Accuracy": 0.965893587994543, "Sensitivity": 0.9310344827586207, "Specificity": 0.9688888888888889, "AUC": 0.9881992337164751}, "Label_2": {"Optimal Threshold": 0.19465097784996033, "Accuracy": 0.9208731241473397, "Sensitivity": 0.8991228070175439, "Specificity": 0.9306930693069307, "AUC": 0.9627496960222338}, "Label_3": {"Optimal Threshold": 0.2677021324634552, "Accuracy": 0.9304229195088677, "Sensitivity": 0.9140271493212669, "Specificity": 0.9375, "AUC": 0.9661428874434389}, "Label_4": {"Optimal Threshold": 0.029572270810604095, "Accuracy": 0.9481582537517054, "Sensitivity": 0.8571428571428571, "Specificity": 0.9490358126721763, "AUC": 0.948642266824085}, "Label_5": {"Optimal Threshold": 0.08866424113512039, "Accuracy": 0.9740791268758526, "Sensitivity": 0.8, "Specificity": 0.9752747252747253, "AUC": 0.9258241758241758}, "Label_6": {"Optimal Threshold": 0.04252044856548309, "Accuracy": 0.931787175989086, "Sensitivity": 1.0, "Specificity": 0.9307479224376731, "AUC": 0.9821203727020902}, "Label_7": {"Optimal Threshold": 0.11080505698919296, "Accuracy": 0.9672578444747613, "Sensitivity": 1.0, "Specificity": 0.9642324888226528, "AUC": 0.9930051439834624}, "Label_8": {"Optimal Threshold": 0.004233167041093111, "Accuracy": 0.8390177353342428, "Sensitivity": 1.0, "Specificity": 0.8385772913816689, "AUC": 0.8454172366621067}, "Label_9": {"Optimal Threshold": 0.01453361939638853, "Accuracy": 0.8935879945429741, "Sensitivity": 0.96875, "Specificity": 0.8901569186875892, "AUC": 0.9570256776034237}, "Label_10": {"Optimal Threshold": 0.012298422865569592, "Accuracy": 0.8144611186903138, "Sensitivity": 0.9444444444444444, "Specificity": 0.8111888111888111, "AUC": 0.9379176379176378}, "Label_11": {"Optimal Threshold": 0.03772585839033127, "Accuracy": 0.931787175989086, "Sensitivity": 1.0, "Specificity": 0.9300699300699301, "AUC": 0.9771561771561772}, "Label_12": {"Optimal Threshold": 0.13766847550868988, "Accuracy": 0.8922237380627558, "Sensitivity": 0.8627450980392157, "Specificity": 0.8944281524926686, "AUC": 0.9526479213386234}, "Overall": {"Accuracy": 0.9192989820547802, "Sensitivity": 0.9266793889319426, "Specificity": 0.920737630149739, "AUC": 0.9543636880974015}}, "label_names": [[10, 8, 9, 12, 0, 7, 11, 2, 3], [10, 8, 9, 12, 0, 5, 6, 4, 1]]}