{"shared_labels": 2, "perf": [0.09281055629253387, 0.9752702116966248], "metrics": {"Label_0": {"Optimal Threshold": 0.020322363823652267, "Accuracy": 0.9099590723055935, "Sensitivity": 0.8941176470588236, "Specificity": 0.9120370370370371, "AUC": 0.9592229484386348}, "Label_1": {"Optimal Threshold": 0.1569870114326477, "Accuracy": 0.965893587994543, "Sensitivity": 0.88, "Specificity": 0.9756838905775076, "AUC": 0.9801418439716312}, "Label_2": {"Optimal Threshold": 0.09458524733781815, "Accuracy": 0.9058663028649386, "Sensitivity": 0.9551569506726457, "Specificity": 0.884313725490196, "AUC": 0.9703947946891761}, "Label_3": {"Optimal Threshold": 0.14722508192062378, "Accuracy": 0.9249658935879945, "Sensitivity": 0.9444444444444444, "Specificity": 0.9168278529980658, "AUC": 0.9722759509993552}, "Label_4": {"Optimal Threshold": 0.02219606563448906, "Accuracy": 0.9427012278308322, "Sensitivity": 1.0, "Specificity": 0.9420689655172414, "AUC": 0.9837931034482759}, "Label_5": {"Optimal Threshold": 0.0012101872125640512, "Accuracy": 0.8335607094133697, "Sensitivity": 1.0, "Specificity": 0.8326474622770919, "AUC": 0.9242112482853224}, "Label_6": {"Optimal Threshold": 0.05282702296972275, "Accuracy": 0.9768076398362893, "Sensitivity": 1.0, "Specificity": 0.9766803840877915, "AUC": 0.9924554183813443}, "Label_7": {"Optimal Threshold": 0.020338024944067, "Accuracy": 0.9413369713506139, "Sensitivity": 1.0, "Specificity": 0.9368575624082232, "AUC": 0.9929402462442111}, "Label_8": {"Optimal Threshold": 0.0011775464517995715, "Accuracy": 0.7107776261937244, "Sensitivity": 1.0, "Specificity": 0.7095890410958904, "AUC": 0.8963470319634703}, "Label_9": {"Optimal Threshold": 0.0677909329533577, "Accuracy": 0.9577080491132333, "Sensitivity": 0.9583333333333334, "Specificity": 0.9576868829337094, "AUC": 0.983368594264222}, "Label_10": {"Optimal Threshold": 0.0377354770898819, "Accuracy": 0.897680763983629, "Sensitivity": 0.9166666666666666, "Specificity": 0.897364771151179, "AUC": 0.949375866851595}, "Label_11": {"Optimal Threshold": 0.018214363604784012, "Accuracy": 0.9495225102319236, "Sensitivity": 1.0, "Specificity": 0.9481792717086834, "AUC": 0.98562582927908}, "Label_12": {"Optimal Threshold": 0.037028729915618896, "Accuracy": 0.8090040927694406, "Sensitivity": 0.9193548387096774, "Specificity": 0.7988077496274217, "AUC": 0.9253882024902649}, "Overall": {"Accuracy": 0.9019834190366249, "Sensitivity": 0.9590826062219686, "Specificity": 0.8991341997623105, "AUC": 0.9627339291774295}}, "label_names": [[11, 10, 0, 2, 5, 3, 12, 9], [11, 10, 7, 4, 6, 8, 1]]}