{"shared_labels": 2, "perf": [0.09338674694299698, 0.9732154011726379], "metrics": {"Label_0": {"Optimal Threshold": 0.06400615721940994, "Accuracy": 0.8854024556616644, "Sensitivity": 0.9420289855072463, "Specificity": 0.8795180722891566, "AUC": 0.9693993364763401}, "Label_1": {"Optimal Threshold": 0.11178291589021683, "Accuracy": 0.9522510231923602, "Sensitivity": 0.9310344827586207, "Specificity": 0.9540740740740741, "AUC": 0.9866411238825032}, "Label_2": {"Optimal Threshold": 0.1565634310245514, "Accuracy": 0.91268758526603, "Sensitivity": 0.9342105263157895, "Specificity": 0.902970297029703, "AUC": 0.9724075039082856}, "Label_3": {"Optimal Threshold": 0.11939872801303864, "Accuracy": 0.9181446111869032, "Sensitivity": 0.9502262443438914, "Specificity": 0.904296875, "AUC": 0.97498939479638}, "Label_4": {"Optimal Threshold": 0.0060088057070970535, "Accuracy": 0.8963165075034106, "Sensitivity": 0.8571428571428571, "Specificity": 0.8966942148760331, "AUC": 0.941361668634396}, "Label_5": {"Optimal Threshold": 0.002884853398427367, "Accuracy": 0.8281036834924966, "Sensitivity": 1.0, "Specificity": 0.8269230769230769, "AUC": 0.964010989010989}, "Label_6": {"Optimal Threshold": 0.007356839720159769, "Accuracy": 0.9345156889495225, "Sensitivity": 1.0, "Specificity": 0.9335180055401662, "AUC": 0.9816167212289095}, "Label_7": {"Optimal Threshold": 0.0483088418841362, "Accuracy": 0.9358799454297408, "Sensitivity": 1.0, "Specificity": 0.9299552906110283, "AUC": 0.9883659439450025}, "Label_8": {"Optimal Threshold": 0.00046970261610113084, "Accuracy": 0.6957708049113234, "Sensitivity": 1.0, "Specificity": 0.6949384404924761, "AUC": 0.7482900136798906}, "Label_9": {"Optimal Threshold": 0.018950672820210457, "Accuracy": 0.8894952251023193, "Sensitivity": 0.90625, "Specificity": 0.8887303851640513, "AUC": 0.9417350213980028}, "Label_10": {"Optimal Threshold": 0.0178584773093462, "Accuracy": 0.859481582537517, "Sensitivity": 0.8333333333333334, "Specificity": 0.8601398601398601, "AUC": 0.8754467754467755}, "Label_11": {"Optimal Threshold": 0.05073854699730873, "Accuracy": 0.9672578444747613, "Sensitivity": 0.8888888888888888, "Specificity": 0.9692307692307692, "AUC": 0.9728826728826728}, "Label_12": {"Optimal Threshold": 0.05041680112481117, "Accuracy": 0.7680763983628922, "Sensitivity": 0.8823529411764706, "Specificity": 0.7595307917888563, "AUC": 0.9056983497211201}, "Overall": {"Accuracy": 0.8802602581593031, "Sensitivity": 0.9327283276513154, "Specificity": 0.8769630887045577, "AUC": 0.9402188857700976}}, "label_names": [[6, 0, 7, 1, 2, 8, 5, 4], [6, 0, 11, 12, 10, 9, 3]]}