{"shared_labels": 2, "perf": [0.09781386703252792, 0.9741944074630737], "metrics": {"Label_0": {"Optimal Threshold": 0.22059622406959534, "Accuracy": 0.9304229195088677, "Sensitivity": 0.7971014492753623, "Specificity": 0.9442771084337349, "AUC": 0.945935917583377}, "Label_1": {"Optimal Threshold": 0.10992121696472168, "Accuracy": 0.9290586630286494, "Sensitivity": 0.9454545454545454, "Specificity": 0.9277286135693216, "AUC": 0.9788951461517834}, "Label_2": {"Optimal Threshold": 0.1498522311449051, "Accuracy": 0.9072305593451568, "Sensitivity": 0.9613899613899614, "Specificity": 0.8776371308016878, "AUC": 0.9714660410862942}, "Label_3": {"Optimal Threshold": 0.41568198800086975, "Accuracy": 0.9236016371077762, "Sensitivity": 0.9251968503937008, "Specificity": 0.9227557411273486, "AUC": 0.9708957309355121}, "Label_4": {"Optimal Threshold": 0.00988847017288208, "Accuracy": 0.8744884038199181, "Sensitivity": 0.8888888888888888, "Specificity": 0.8743093922651933, "AUC": 0.9458256599140576}, "Label_5": {"Optimal Threshold": 0.03557410091161728, "Accuracy": 0.9549795361527967, "Sensitivity": 0.8571428571428571, "Specificity": 0.9559228650137741, "AUC": 0.9222746950019677}, "Label_6": {"Optimal Threshold": 0.02033081091940403, "Accuracy": 0.8949522510231923, "Sensitivity": 1.0, "Specificity": 0.8939393939393939, "AUC": 0.9693034238488785}, "Label_7": {"Optimal Threshold": 0.23350104689598083, "Accuracy": 0.9740791268758526, "Sensitivity": 0.984375, "Specificity": 0.9730941704035875, "AUC": 0.9896767563527654}, "Label_8": {"Optimal Threshold": 0.03606170415878296, "Accuracy": 0.9686221009549796, "Sensitivity": 1.0, "Specificity": 0.9681881051175657, "AUC": 0.9921161825726141}, "Label_9": {"Optimal Threshold": 0.13393190503120422, "Accuracy": 0.9263301500682128, "Sensitivity": 0.8888888888888888, "Specificity": 0.9282639885222381, "AUC": 0.948509485094851}, "Label_10": {"Optimal Threshold": 0.022482695057988167, "Accuracy": 0.82537517053206, "Sensitivity": 0.9285714285714286, "Specificity": 0.8233657858136301, "AUC": 0.9049274786409697}, "Label_11": {"Optimal Threshold": 0.03970258682966232, "Accuracy": 0.9727148703956344, "Sensitivity": 1.0, "Specificity": 0.972183588317107, "AUC": 0.9882773693622093}, "Label_12": {"Optimal Threshold": 0.0601605586707592, "Accuracy": 0.8472032742155525, "Sensitivity": 0.8947368421052632, "Specificity": 0.8431952662721893, "AUC": 0.91946953181771}, "Overall": {"Accuracy": 0.9176198971560499, "Sensitivity": 0.9285959009316075, "Specificity": 0.9157585499689824, "AUC": 0.9575056475663837}}, "label_names": [[11, 12, 2, 3, 5, 1, 10, 4], [11, 12, 9, 8, 0, 7, 6]]}