{"shared_labels": 2, "perf": [0.08859580010175705, 0.9771177172660828], "metrics": {"Label_0": {"Optimal Threshold": 0.08494380861520767, "Accuracy": 0.9208731241473397, "Sensitivity": 0.8695652173913043, "Specificity": 0.9262048192771084, "AUC": 0.9618473895582329}, "Label_1": {"Optimal Threshold": 0.07085065543651581, "Accuracy": 0.937244201909959, "Sensitivity": 0.9482758620689655, "Specificity": 0.9362962962962963, "AUC": 0.9871519795657726}, "Label_2": {"Optimal Threshold": 0.24240773916244507, "Accuracy": 0.9263301500682128, "Sensitivity": 0.9166666666666666, "Specificity": 0.9306930693069307, "AUC": 0.9708876150772972}, "Label_3": {"Optimal Threshold": 0.24605095386505127, "Accuracy": 0.9290586630286494, "Sensitivity": 0.9321266968325792, "Specificity": 0.927734375, "AUC": 0.9736018806561086}, "Label_4": {"Optimal Threshold": 0.10499414056539536, "Accuracy": 0.9795361527967258, "Sensitivity": 0.8571428571428571, "Specificity": 0.9807162534435262, "AUC": 0.9622195985832349}, "Label_5": {"Optimal Threshold": 0.16776463389396667, "Accuracy": 0.990450204638472, "Sensitivity": 0.8, "Specificity": 0.9917582417582418, "AUC": 0.9326923076923077}, "Label_6": {"Optimal Threshold": 0.04281177744269371, "Accuracy": 0.9577080491132333, "Sensitivity": 1.0, "Specificity": 0.9570637119113573, "AUC": 0.9848904558045832}, "Label_7": {"Optimal Threshold": 0.1224222481250763, "Accuracy": 0.9495225102319236, "Sensitivity": 1.0, "Specificity": 0.9448584202682563, "AUC": 0.992452285947791}, "Label_8": {"Optimal Threshold": 0.005901216994971037, "Accuracy": 0.8635743519781719, "Sensitivity": 1.0, "Specificity": 0.8632010943912448, "AUC": 0.8905608755129959}, "Label_9": {"Optimal Threshold": 0.04166214168071747, "Accuracy": 0.8935879945429741, "Sensitivity": 0.875, "Specificity": 0.8944365192582026, "AUC": 0.9433398716119828}, "Label_10": {"Optimal Threshold": 0.014629218727350235, "Accuracy": 0.8226466575716235, "Sensitivity": 0.8888888888888888, "Specificity": 0.820979020979021, "AUC": 0.9172494172494171}, "Label_11": {"Optimal Threshold": 0.09511224925518036, "Accuracy": 0.9740791268758526, "Sensitivity": 0.8888888888888888, "Specificity": 0.9762237762237762, "AUC": 0.966122766122766}, "Label_12": {"Optimal Threshold": 0.025317851454019547, "Accuracy": 0.7776261937244202, "Sensitivity": 0.9607843137254902, "Specificity": 0.7639296187683284, "AUC": 0.9303087804036572}, "Overall": {"Accuracy": 0.9170951831251967, "Sensitivity": 0.9182568762773571, "Specificity": 0.9164688628370992, "AUC": 0.9548711710604727}}, "label_names": [[4, 6, 8, 7, 3, 2, 9, 1], [4, 6, 12, 5, 11, 10, 0]]}