{"shared_labels": 10, "perf": [0.08631348609924316, 0.9781351089477539], "metrics": {"Label_0": {"Optimal Threshold": 0.025775885209441185, "Accuracy": 0.8663028649386084, "Sensitivity": 0.9130434782608695, "Specificity": 0.8614457831325302, "AUC": 0.9590754321634364}, "Label_1": {"Optimal Threshold": 0.03533181920647621, "Accuracy": 0.9236016371077762, "Sensitivity": 0.9827586206896551, "Specificity": 0.9185185185185185, "AUC": 0.9866411238825032}, "Label_2": {"Optimal Threshold": 0.4398122727870941, "Accuracy": 0.927694406548431, "Sensitivity": 0.9166666666666666, "Specificity": 0.9326732673267327, "AUC": 0.9743703317700191}, "Label_3": {"Optimal Threshold": 0.4431096613407135, "Accuracy": 0.9331514324693042, "Sensitivity": 0.9095022624434389, "Specificity": 0.943359375, "AUC": 0.9760675904977375}, "Label_4": {"Optimal Threshold": 0.01794622093439102, "Accuracy": 0.9427012278308322, "Sensitivity": 0.8571428571428571, "Specificity": 0.9435261707988981, "AUC": 0.9569067296340024}, "Label_5": {"Optimal Threshold": 0.06459887325763702, "Accuracy": 0.9740791268758526, "Sensitivity": 0.8, "Specificity": 0.9752747252747253, "AUC": 0.9370879120879121}, "Label_6": {"Optimal Threshold": 0.011563719250261784, "Accuracy": 0.9017735334242838, "Sensitivity": 1.0, "Specificity": 0.9002770083102493, "AUC": 0.9789725509947117}, "Label_7": {"Optimal Threshold": 0.14817099273204803, "Accuracy": 0.9686221009549796, "Sensitivity": 1.0, "Specificity": 0.9657228017883756, "AUC": 0.9934137781837411}, "Label_8": {"Optimal Threshold": 0.002600119449198246, "Accuracy": 0.7312414733969986, "Sensitivity": 1.0, "Specificity": 0.7305061559507524, "AUC": 0.8153214774281805}, "Label_9": {"Optimal Threshold": 0.01810312271118164, "Accuracy": 0.8240109140518418, "Sensitivity": 0.96875, "Specificity": 0.8174037089871612, "AUC": 0.9423591298145506}, "Label_10": {"Optimal Threshold": 0.01177624985575676, "Accuracy": 0.7789904502046384, "Sensitivity": 0.9444444444444444, "Specificity": 0.7748251748251749, "AUC": 0.9162393162393162}, "Label_11": {"Optimal Threshold": 0.018605250865221024, "Accuracy": 0.9263301500682128, "Sensitivity": 1.0, "Specificity": 0.9244755244755245, "AUC": 0.9837606837606838}, "Label_12": {"Optimal Threshold": 0.04194697365164757, "Accuracy": 0.8553888130968622, "Sensitivity": 0.9019607843137255, "Specificity": 0.8519061583577713, "AUC": 0.9472140762463342}, "Overall": {"Accuracy": 0.8887606254591247, "Sensitivity": 0.9380207010739737, "Specificity": 0.8876857209804933, "AUC": 0.9513407794387022}}, "label_names": [[12, 11, 10, 6, 2, 7, 4, 8, 5, 3, 1, 9], [12, 11, 10, 6, 2, 7, 4, 8, 5, 3, 0]]}