{"shared_labels": 10, "perf": [0.09011239558458328, 0.976397693157196], "metrics": {"Label_0": {"Optimal Threshold": 0.23283685743808746, "Accuracy": 0.946793997271487, "Sensitivity": 0.8170731707317073, "Specificity": 0.9631336405529954, "AUC": 0.9586190101532351}, "Label_1": {"Optimal Threshold": 0.12947484850883484, "Accuracy": 0.9495225102319236, "Sensitivity": 0.9375, "Specificity": 0.9506726457399103, "AUC": 0.984421711509716}, "Label_2": {"Optimal Threshold": 0.22008122503757477, "Accuracy": 0.9154160982264665, "Sensitivity": 0.8861788617886179, "Specificity": 0.9301848049281314, "AUC": 0.9679137243117811}, "Label_3": {"Optimal Threshold": 0.19928795099258423, "Accuracy": 0.9167803547066848, "Sensitivity": 0.9163179916317992, "Specificity": 0.917004048582996, "AUC": 0.9708891636881066}, "Label_4": {"Optimal Threshold": 0.022723274305462837, "Accuracy": 0.9358799454297408, "Sensitivity": 1.0, "Specificity": 0.9353507565337001, "AUC": 0.9715726730857405}, "Label_5": {"Optimal Threshold": 0.045306332409381866, "Accuracy": 0.9768076398362893, "Sensitivity": 1.0, "Specificity": 0.9766483516483516, "AUC": 0.9879120879120878}, "Label_6": {"Optimal Threshold": 0.10222942382097244, "Accuracy": 0.9863574351978172, "Sensitivity": 1.0, "Specificity": 0.9862637362637363, "AUC": 0.9923076923076923}, "Label_7": {"Optimal Threshold": 0.23711851239204407, "Accuracy": 0.9795361527967258, "Sensitivity": 0.9411764705882353, "Specificity": 0.9824046920821115, "AUC": 0.9912023460410557}, "Label_8": {"Optimal Threshold": 0.05187920853495598, "Accuracy": 0.9781718963165075, "Sensitivity": 1.0, "Specificity": 0.9780521262002744, "AUC": 0.9938271604938271}, "Label_9": {"Optimal Threshold": 0.052234064787626266, "Accuracy": 0.9236016371077762, "Sensitivity": 0.9310344827586207, "Specificity": 0.9232954545454546, "AUC": 0.9668887147335423}, "Label_10": {"Optimal Threshold": 0.030368955805897713, "Accuracy": 0.8799454297407913, "Sensitivity": 0.9444444444444444, "Specificity": 0.8783216783216783, "AUC": 0.9571872571872572}, "Label_11": {"Optimal Threshold": 0.05365947261452675, "Accuracy": 0.965893587994543, "Sensitivity": 1.0, "Specificity": 0.9652777777777778, "AUC": 0.9878205128205128}, "Label_12": {"Optimal Threshold": 0.07648562639951706, "Accuracy": 0.8799454297407913, "Sensitivity": 0.8235294117647058, "Specificity": 0.8841642228739003, "AUC": 0.9144672531769306}, "Overall": {"Accuracy": 0.9411270857382726, "Sensitivity": 0.9382503718237025, "Specificity": 0.94390568738854, "AUC": 0.972694562109345}}, "label_names": [[5, 9, 12, 11, 0, 10, 4, 8, 7, 1, 3, 6], [5, 9, 12, 11, 0, 10, 4, 8, 7, 1, 2]]}