{"shared_labels": 1, "perf": [0.09255627542734146, 0.9733253717422485], "metrics": {"Label_0": {"Optimal Threshold": 0.12777164578437805, "Accuracy": 0.9399727148703957, "Sensitivity": 0.855072463768116, "Specificity": 0.9487951807228916, "AUC": 0.9621311332285665}, "Label_1": {"Optimal Threshold": 0.19307932257652283, "Accuracy": 0.9440654843110505, "Sensitivity": 0.9655172413793104, "Specificity": 0.9422222222222222, "AUC": 0.9895785440613027}, "Label_2": {"Optimal Threshold": 0.4309498965740204, "Accuracy": 0.9290586630286494, "Sensitivity": 0.9078947368421053, "Specificity": 0.9386138613861386, "AUC": 0.9744745527184298}, "Label_3": {"Optimal Threshold": 0.3536683917045593, "Accuracy": 0.927694406548431, "Sensitivity": 0.918552036199095, "Specificity": 0.931640625, "AUC": 0.9762266685520362}, "Label_4": {"Optimal Threshold": 0.052064139395952225, "Accuracy": 0.9522510231923602, "Sensitivity": 0.8571428571428571, "Specificity": 0.953168044077135, "AUC": 0.9490358126721763}, "Label_5": {"Optimal Threshold": 0.0013082531513646245, "Accuracy": 0.7557980900409277, "Sensitivity": 1.0, "Specificity": 0.7541208791208791, "AUC": 0.9115384615384615}, "Label_6": {"Optimal Threshold": 0.02164318971335888, "Accuracy": 0.9236016371077762, "Sensitivity": 1.0, "Specificity": 0.9224376731301939, "AUC": 0.9782170737849408}, "Label_7": {"Optimal Threshold": 0.14352484047412872, "Accuracy": 0.9686221009549796, "Sensitivity": 1.0, "Specificity": 0.9657228017883756, "AUC": 0.9926205470890823}, "Label_8": {"Optimal Threshold": 0.0018293251050636172, "Accuracy": 0.713506139154161, "Sensitivity": 1.0, "Specificity": 0.7127222982216143, "AUC": 0.7879616963064295}, "Label_9": {"Optimal Threshold": 0.01408184040337801, "Accuracy": 0.8676671214188267, "Sensitivity": 0.9375, "Specificity": 0.8644793152639088, "AUC": 0.9397735378031383}, "Label_10": {"Optimal Threshold": 0.0053171440958976746, "Accuracy": 0.684856753069577, "Sensitivity": 0.9444444444444444, "Specificity": 0.6783216783216783, "AUC": 0.8758352758352759}, "Label_11": {"Optimal Threshold": 0.009437496773898602, "Accuracy": 0.8635743519781719, "Sensitivity": 1.0, "Specificity": 0.8601398601398601, "AUC": 0.9765345765345765}, "Label_12": {"Optimal Threshold": 0.11931338906288147, "Accuracy": 0.7926330150068213, "Sensitivity": 0.8823529411764706, "Specificity": 0.7859237536656891, "AUC": 0.8963831867057673}, "Overall": {"Accuracy": 0.866407807744779, "Sensitivity": 0.9437289785348, "Specificity": 0.8660237071585066, "AUC": 0.9392546974484755}}, "label_names": [[2, 10, 12, 3, 9, 5, 0], [2, 8, 11, 1, 4, 7, 6]]}