{"shared_labels": 1, "perf": [0.09084007889032364, 0.9772698879241943], "metrics": {"Label_0": {"Optimal Threshold": 0.039644207805395126, "Accuracy": 0.8649386084583902, "Sensitivity": 0.9710144927536232, "Specificity": 0.8539156626506024, "AUC": 0.9689191548803912}, "Label_1": {"Optimal Threshold": 0.03765233978629112, "Accuracy": 0.922237380627558, "Sensitivity": 0.9655172413793104, "Specificity": 0.9185185185185185, "AUC": 0.9850319284802043}, "Label_2": {"Optimal Threshold": 0.3189745545387268, "Accuracy": 0.9290586630286494, "Sensitivity": 0.9122807017543859, "Specificity": 0.9366336633663367, "AUC": 0.9701841236755254}, "Label_3": {"Optimal Threshold": 0.27616405487060547, "Accuracy": 0.9263301500682128, "Sensitivity": 0.9230769230769231, "Specificity": 0.927734375, "AUC": 0.971251060520362}, "Label_4": {"Optimal Threshold": 0.054885175079107285, "Accuracy": 0.965893587994543, "Sensitivity": 0.8571428571428571, "Specificity": 0.9669421487603306, "AUC": 0.9569067296340024}, "Label_5": {"Optimal Threshold": 0.005667062010616064, "Accuracy": 0.8294679399727148, "Sensitivity": 1.0, "Specificity": 0.8282967032967034, "AUC": 0.9598901098901098}, "Label_6": {"Optimal Threshold": 0.023707730695605278, "Accuracy": 0.9085948158253752, "Sensitivity": 1.0, "Specificity": 0.907202216066482, "AUC": 0.9762024678922187}, "Label_7": {"Optimal Threshold": 0.0877574235200882, "Accuracy": 0.9631650750341064, "Sensitivity": 1.0, "Specificity": 0.9597615499254843, "AUC": 0.9917071294649296}, "Label_8": {"Optimal Threshold": 0.0037619899958372116, "Accuracy": 0.7980900409276944, "Sensitivity": 1.0, "Specificity": 0.7975376196990424, "AUC": 0.8461012311901505}, "Label_9": {"Optimal Threshold": 0.057048384100198746, "Accuracy": 0.9099590723055935, "Sensitivity": 0.875, "Specificity": 0.9115549215406562, "AUC": 0.9402193295292439}, "Label_10": {"Optimal Threshold": 0.019257212057709694, "Accuracy": 0.772169167803547, "Sensitivity": 0.8888888888888888, "Specificity": 0.7692307692307693, "AUC": 0.8979020979020979}, "Label_11": {"Optimal Threshold": 0.029828891158103943, "Accuracy": 0.946793997271487, "Sensitivity": 0.9444444444444444, "Specificity": 0.9468531468531468, "AUC": 0.9747474747474747}, "Label_12": {"Optimal Threshold": 0.0894753634929657, "Accuracy": 0.8472032742155525, "Sensitivity": 0.8235294117647058, "Specificity": 0.8489736070381232, "AUC": 0.9203611063193606}, "Overall": {"Accuracy": 0.8910693671948787, "Sensitivity": 0.9354534585542414, "Specificity": 0.890242684765092, "AUC": 0.9507249187789284}}, "label_names": [[0, 7, 1, 8, 4, 6, 12], [0, 11, 3, 5, 10, 9, 2]]}