{"shared_labels": 6, "perf": [0.08737687766551971, 0.9782608151435852], "label_names": [[7, 3, 9, 11, 10, 12, 4, 6, 0, 1], [7, 3, 9, 11, 10, 12, 5, 8, 2]], "metrics": {"Label_0": {"Optimal Threshold": 0.15135298669338226, "Accuracy": 0.9195088676671214, "Sensitivity": 0.855072463768116, "Specificity": 0.9262048192771084, "AUC": 0.9576567138117688}, "Label_1": {"Optimal Threshold": 0.06554350256919861, "Accuracy": 0.9113233287858117, "Sensitivity": 0.9655172413793104, "Specificity": 0.9066666666666666, "AUC": 0.9832694763729246}, "Label_2": {"Optimal Threshold": 0.3549962341785431, "Accuracy": 0.922237380627558, "Sensitivity": 0.9078947368421053, "Specificity": 0.9287128712871288, "AUC": 0.9709831509466736}, "Label_3": {"Optimal Threshold": 0.3818540573120117, "Accuracy": 0.9290586630286494, "Sensitivity": 0.9230769230769231, "Specificity": 0.931640625, "AUC": 0.975740596719457}, "Label_4": {"Optimal Threshold": 0.0035200316924601793, "Accuracy": 0.8390177353342428, "Sensitivity": 1.0, "Specificity": 0.837465564738292, "AUC": 0.9573002754820937}, "Label_5": {"Optimal Threshold": 0.007907676510512829, "Accuracy": 0.8076398362892224, "Sensitivity": 1.0, "Specificity": 0.8063186813186813, "AUC": 0.939010989010989}, "Label_6": {"Optimal Threshold": 0.00736419390887022, "Accuracy": 0.859481582537517, "Sensitivity": 1.0, "Specificity": 0.8573407202216067, "AUC": 0.9647443968773609}, "Label_7": {"Optimal Threshold": 0.15496575832366943, "Accuracy": 0.9686221009549796, "Sensitivity": 1.0, "Specificity": 0.9657228017883756, "AUC": 0.9934858901014374}, "Label_8": {"Optimal Threshold": 0.0053405556827783585, "Accuracy": 0.8635743519781719, "Sensitivity": 1.0, "Specificity": 0.8632010943912448, "AUC": 0.8864569083447333}, "Label_9": {"Optimal Threshold": 0.02696259878575802, "Accuracy": 0.8703956343792633, "Sensitivity": 0.96875, "Specificity": 0.8659058487874465, "AUC": 0.9539051355206848}, "Label_10": {"Optimal Threshold": 0.027341492474079132, "Accuracy": 0.849931787175989, "Sensitivity": 0.8333333333333334, "Specificity": 0.8503496503496504, "AUC": 0.9223776223776223}, "Label_11": {"Optimal Threshold": 0.01570988819003105, "Accuracy": 0.9249658935879945, "Sensitivity": 1.0, "Specificity": 0.9230769230769231, "AUC": 0.9833721833721835}, "Label_12": {"Optimal Threshold": 0.0548577643930912, "Accuracy": 0.7967257844474761, "Sensitivity": 0.9803921568627451, "Specificity": 0.782991202346041, "AUC": 0.9533954344201024}, "Overall": {"Accuracy": 0.8817294574456922, "Sensitivity": 0.9564643734817333, "Specificity": 0.8804305745576282, "AUC": 0.9570537517967718}}}