{"shared_labels": 3, "perf": [0.09134498983621597, 0.9748960137367249], "label_names": [[12, 4, 5, 3, 2, 8, 9, 6], [12, 4, 5, 11, 7, 0, 1, 10]], "metrics": {"Label_0": {"Optimal Threshold": 0.1353570818901062, "Accuracy": 0.9140518417462483, "Sensitivity": 0.8405797101449275, "Specificity": 0.9216867469879518, "AUC": 0.9474855945521216}, "Label_1": {"Optimal Threshold": 0.10691305994987488, "Accuracy": 0.9454297407912687, "Sensitivity": 0.9310344827586207, "Specificity": 0.9466666666666667, "AUC": 0.9789016602809706}, "Label_2": {"Optimal Threshold": 0.21316036581993103, "Accuracy": 0.9181446111869032, "Sensitivity": 0.9210526315789473, "Specificity": 0.9168316831683169, "AUC": 0.9695414278269933}, "Label_3": {"Optimal Threshold": 0.18400272727012634, "Accuracy": 0.9167803547066848, "Sensitivity": 0.9411764705882353, "Specificity": 0.90625, "AUC": 0.9741056278280543}, "Label_4": {"Optimal Threshold": 0.006478108931332827, "Accuracy": 0.888130968622101, "Sensitivity": 1.0, "Specificity": 0.8870523415977961, "AUC": 0.9818968909878001}, "Label_5": {"Optimal Threshold": 0.003806685097515583, "Accuracy": 0.8581173260572987, "Sensitivity": 1.0, "Specificity": 0.8571428571428571, "AUC": 0.964010989010989}, "Label_6": {"Optimal Threshold": 0.011085394769906998, "Accuracy": 0.937244201909959, "Sensitivity": 1.0, "Specificity": 0.9362880886426593, "AUC": 0.9817426340972046}, "Label_7": {"Optimal Threshold": 0.12311635911464691, "Accuracy": 0.965893587994543, "Sensitivity": 0.9838709677419355, "Specificity": 0.9642324888226528, "AUC": 0.991370607182347}, "Label_8": {"Optimal Threshold": 0.0036867265589535236, "Accuracy": 0.869031377899045, "Sensitivity": 1.0, "Specificity": 0.8686730506155951, "AUC": 0.9110807113543091}, "Label_9": {"Optimal Threshold": 0.020055707544088364, "Accuracy": 0.9004092769440655, "Sensitivity": 0.9375, "Specificity": 0.8987161198288159, "AUC": 0.9588534236804566}, "Label_10": {"Optimal Threshold": 0.01203588955104351, "Accuracy": 0.8376534788540245, "Sensitivity": 0.7777777777777778, "Specificity": 0.8391608391608392, "AUC": 0.8865578865578866}, "Label_11": {"Optimal Threshold": 0.0356958843767643, "Accuracy": 0.956343792633015, "Sensitivity": 0.8888888888888888, "Specificity": 0.958041958041958, "AUC": 0.9594405594405594}, "Label_12": {"Optimal Threshold": 0.029939310625195503, "Accuracy": 0.8403819918144612, "Sensitivity": 0.9411764705882353, "Specificity": 0.8328445747800587, "AUC": 0.9515841527226727}, "Overall": {"Accuracy": 0.9036625039353552, "Sensitivity": 0.9356198000051977, "Specificity": 0.902583647342782, "AUC": 0.9581978588863357}}}