{"shared_labels": 7, "perf": [0.08694237470626831, 0.9792045950889587], "label_names": [[12, 0, 9, 4, 3, 2, 11, 6, 8, 5], [12, 0, 9, 4, 3, 2, 11, 1, 10, 7]], "metrics": {"Label_0": {"Optimal Threshold": 0.0997411385178566, "Accuracy": 0.9181446111869032, "Sensitivity": 0.8985507246376812, "Specificity": 0.9201807228915663, "AUC": 0.9710799720621617}, "Label_1": {"Optimal Threshold": 0.05749521777033806, "Accuracy": 0.9304229195088677, "Sensitivity": 0.9655172413793104, "Specificity": 0.9274074074074075, "AUC": 0.9875351213282249}, "Label_2": {"Optimal Threshold": 0.5295010805130005, "Accuracy": 0.931787175989086, "Sensitivity": 0.9078947368421053, "Specificity": 0.9425742574257425, "AUC": 0.9742834809796769}, "Label_3": {"Optimal Threshold": 0.47134318947792053, "Accuracy": 0.9345156889495225, "Sensitivity": 0.918552036199095, "Specificity": 0.94140625, "AUC": 0.976907169117647}, "Label_4": {"Optimal Threshold": 0.004109751898795366, "Accuracy": 0.8581173260572987, "Sensitivity": 1.0, "Specificity": 0.8567493112947658, "AUC": 0.9724517906336088}, "Label_5": {"Optimal Threshold": 0.043132465332746506, "Accuracy": 0.9672578444747613, "Sensitivity": 0.8, "Specificity": 0.9684065934065934, "AUC": 0.9376373626373626}, "Label_6": {"Optimal Threshold": 0.010256179608404636, "Accuracy": 0.8649386084583902, "Sensitivity": 1.0, "Specificity": 0.8628808864265928, "AUC": 0.9675144799798538}, "Label_7": {"Optimal Threshold": 0.14435017108917236, "Accuracy": 0.9590723055934516, "Sensitivity": 1.0, "Specificity": 0.9552906110283159, "AUC": 0.9917792413826259}, "Label_8": {"Optimal Threshold": 0.004514075815677643, "Accuracy": 0.8321964529331515, "Sensitivity": 1.0, "Specificity": 0.8317373461012312, "AUC": 0.8440492476060193}, "Label_9": {"Optimal Threshold": 0.011200109496712685, "Accuracy": 0.897680763983629, "Sensitivity": 0.96875, "Specificity": 0.8944365192582026, "AUC": 0.9511412268188303}, "Label_10": {"Optimal Threshold": 0.006213066633790731, "Accuracy": 0.6152796725784447, "Sensitivity": 1.0, "Specificity": 0.6055944055944056, "AUC": 0.8701631701631701}, "Label_11": {"Optimal Threshold": 0.036243755370378494, "Accuracy": 0.9495225102319236, "Sensitivity": 0.9444444444444444, "Specificity": 0.9496503496503497, "AUC": 0.9798756798756798}, "Label_12": {"Optimal Threshold": 0.05167495459318161, "Accuracy": 0.8144611186903138, "Sensitivity": 0.9411764705882353, "Specificity": 0.8049853372434017, "AUC": 0.9462940601460526}, "Overall": {"Accuracy": 0.8825689998950573, "Sensitivity": 0.949606588776221, "Specificity": 0.8816384613637366, "AUC": 0.9515932309793009}}}