{"shared_labels": 9, "perf": [0.08825240284204483, 0.9763283133506775], "label_names": [[7, 1, 11, 5, 2, 3, 4, 6, 0, 12, 8], [7, 1, 11, 5, 2, 3, 4, 6, 0, 9, 10]], "metrics": {"Label_0": {"Optimal Threshold": 0.04742583632469177, "Accuracy": 0.8826739427012278, "Sensitivity": 0.927536231884058, "Specificity": 0.8780120481927711, "AUC": 0.9692028985507246}, "Label_1": {"Optimal Threshold": 0.04684043303132057, "Accuracy": 0.9304229195088677, "Sensitivity": 0.9655172413793104, "Specificity": 0.9274074074074075, "AUC": 0.9881736909323117}, "Label_2": {"Optimal Threshold": 0.4698052704334259, "Accuracy": 0.9331514324693042, "Sensitivity": 0.8991228070175439, "Specificity": 0.9485148514851485, "AUC": 0.9729199235713044}, "Label_3": {"Optimal Threshold": 0.33210617303848267, "Accuracy": 0.931787175989086, "Sensitivity": 0.9230769230769231, "Specificity": 0.935546875, "AUC": 0.9760587528280543}, "Label_4": {"Optimal Threshold": 0.03375370800495148, "Accuracy": 0.9522510231923602, "Sensitivity": 0.8571428571428571, "Specificity": 0.953168044077135, "AUC": 0.9651711924439197}, "Label_5": {"Optimal Threshold": 0.0038176588714122772, "Accuracy": 0.8049113233287858, "Sensitivity": 1.0, "Specificity": 0.8035714285714286, "AUC": 0.9521978021978023}, "Label_6": {"Optimal Threshold": 0.05122925341129303, "Accuracy": 0.9536152796725784, "Sensitivity": 0.9090909090909091, "Specificity": 0.9542936288088643, "AUC": 0.9730546461848402}, "Label_7": {"Optimal Threshold": 0.23208247125148773, "Accuracy": 0.9740791268758526, "Sensitivity": 0.9838709677419355, "Specificity": 0.9731743666169895, "AUC": 0.9938464496899189}, "Label_8": {"Optimal Threshold": 0.005069559905678034, "Accuracy": 0.8076398362892224, "Sensitivity": 1.0, "Specificity": 0.8071135430916553, "AUC": 0.8481532147742818}, "Label_9": {"Optimal Threshold": 0.034215644001960754, "Accuracy": 0.8854024556616644, "Sensitivity": 0.875, "Specificity": 0.8858773181169758, "AUC": 0.9366529957203994}, "Label_10": {"Optimal Threshold": 0.004791486542671919, "Accuracy": 0.6343792633015006, "Sensitivity": 1.0, "Specificity": 0.6251748251748251, "AUC": 0.8507381507381507}, "Label_11": {"Optimal Threshold": 0.06337793916463852, "Accuracy": 0.9590723055934516, "Sensitivity": 0.9444444444444444, "Specificity": 0.9594405594405594, "AUC": 0.9781662781662781}, "Label_12": {"Optimal Threshold": 0.08807540684938431, "Accuracy": 0.8417462482946794, "Sensitivity": 0.8431372549019608, "Specificity": 0.841642228739003, "AUC": 0.9159910298430223}, "Overall": {"Accuracy": 0.8839332563752755, "Sensitivity": 0.9329184335907648, "Specificity": 0.8840720865171355, "AUC": 0.9477174635108467}}}