{"shared_labels": 11, "perf": [0.08619632571935654, 0.9775696396827698], "label_names": [[10, 1, 6, 9, 12, 0, 2, 7, 5, 11, 3, 8], [10, 1, 6, 9, 12, 0, 2, 7, 5, 11, 3, 4]], "metrics": {"Label_0": {"Optimal Threshold": 0.19099821150302887, "Accuracy": 0.9413369713506139, "Sensitivity": 0.855072463768116, "Specificity": 0.9503012048192772, "AUC": 0.9684607997206216}, "Label_1": {"Optimal Threshold": 0.11097126454114914, "Accuracy": 0.9440654843110505, "Sensitivity": 0.9482758620689655, "Specificity": 0.9437037037037037, "AUC": 0.9885057471264367}, "Label_2": {"Optimal Threshold": 0.2514442503452301, "Accuracy": 0.9249658935879945, "Sensitivity": 0.9254385964912281, "Specificity": 0.9247524752475248, "AUC": 0.9734236581552892}, "Label_3": {"Optimal Threshold": 0.28769931197166443, "Accuracy": 0.9290586630286494, "Sensitivity": 0.9230769230769231, "Specificity": 0.931640625, "AUC": 0.9757847850678734}, "Label_4": {"Optimal Threshold": 0.0006809001206420362, "Accuracy": 0.7271487039563438, "Sensitivity": 1.0, "Specificity": 0.7245179063360881, "AUC": 0.9386068476977568}, "Label_5": {"Optimal Threshold": 0.003663205774500966, "Accuracy": 0.8185538881309686, "Sensitivity": 1.0, "Specificity": 0.8173076923076923, "AUC": 0.9527472527472528}, "Label_6": {"Optimal Threshold": 0.008643392473459244, "Accuracy": 0.8922237380627558, "Sensitivity": 1.0, "Specificity": 0.8905817174515236, "AUC": 0.9754469906824478}, "Label_7": {"Optimal Threshold": 0.1657303422689438, "Accuracy": 0.9699863574351978, "Sensitivity": 1.0, "Specificity": 0.9672131147540983, "AUC": 0.9937983750781213}, "Label_8": {"Optimal Threshold": 0.003643097123131156, "Accuracy": 0.8553888130968622, "Sensitivity": 1.0, "Specificity": 0.8549931600547196, "AUC": 0.8803009575923392}, "Label_9": {"Optimal Threshold": 0.020817972719669342, "Accuracy": 0.8922237380627558, "Sensitivity": 0.9375, "Specificity": 0.8901569186875892, "AUC": 0.9499375891583451}, "Label_10": {"Optimal Threshold": 0.007671205792576075, "Accuracy": 0.7680763983628922, "Sensitivity": 0.9444444444444444, "Specificity": 0.7636363636363637, "AUC": 0.9048174048174048}, "Label_11": {"Optimal Threshold": 0.014979247003793716, "Accuracy": 0.9140518417462483, "Sensitivity": 1.0, "Specificity": 0.9118881118881119, "AUC": 0.9818181818181819}, "Label_12": {"Optimal Threshold": 0.04077405110001564, "Accuracy": 0.791268758526603, "Sensitivity": 0.9411764705882353, "Specificity": 0.7800586510263929, "AUC": 0.9422114887010523}, "Overall": {"Accuracy": 0.8744884038199181, "Sensitivity": 0.9596142123413779, "Specificity": 0.8731347419163912, "AUC": 0.9558353906433171}}}