{"shared_labels": 10, "perf": [0.08539508283138275, 0.9792435765266418], "label_names": [[3, 5, 9, 6, 7, 11, 4, 12, 2, 1, 10, 0], [3, 5, 9, 6, 7, 11, 4, 12, 2, 1, 8]], "metrics": {"Label_0": {"Optimal Threshold": 0.04167512431740761, "Accuracy": 0.91268758526603, "Sensitivity": 0.9130434782608695, "Specificity": 0.9126506024096386, "AUC": 0.9680897503055701}, "Label_1": {"Optimal Threshold": 0.029164254665374756, "Accuracy": 0.9263301500682128, "Sensitivity": 0.9827586206896551, "Specificity": 0.9214814814814815, "AUC": 0.9888122605363985}, "Label_2": {"Optimal Threshold": 0.2742407023906708, "Accuracy": 0.927694406548431, "Sensitivity": 0.9254385964912281, "Specificity": 0.9287128712871288, "AUC": 0.9740142435296162}, "Label_3": {"Optimal Threshold": 0.2627928555011749, "Accuracy": 0.9249658935879945, "Sensitivity": 0.9366515837104072, "Specificity": 0.919921875, "AUC": 0.9769425197963801}, "Label_4": {"Optimal Threshold": 0.002131400164216757, "Accuracy": 0.819918144611187, "Sensitivity": 1.0, "Specificity": 0.8181818181818182, "AUC": 0.9657615112160567}, "Label_5": {"Optimal Threshold": 0.06005871668457985, "Accuracy": 0.9672578444747613, "Sensitivity": 0.8, "Specificity": 0.9684065934065934, "AUC": 0.9414835164835165}, "Label_6": {"Optimal Threshold": 0.013830491341650486, "Accuracy": 0.8867667121418826, "Sensitivity": 1.0, "Specificity": 0.8850415512465374, "AUC": 0.9758247292873331}, "Label_7": {"Optimal Threshold": 0.11994063854217529, "Accuracy": 0.9604365620736699, "Sensitivity": 1.0, "Specificity": 0.9567809239940388, "AUC": 0.9930051439834624}, "Label_8": {"Optimal Threshold": 0.005205478053539991, "Accuracy": 0.8158253751705321, "Sensitivity": 1.0, "Specificity": 0.8153214774281806, "AUC": 0.8734610123119014}, "Label_9": {"Optimal Threshold": 0.05929655581712723, "Accuracy": 0.9236016371077762, "Sensitivity": 0.90625, "Specificity": 0.9243937232524965, "AUC": 0.9493134807417974}, "Label_10": {"Optimal Threshold": 0.007690784055739641, "Accuracy": 0.6998635743519782, "Sensitivity": 1.0, "Specificity": 0.6923076923076923, "AUC": 0.8968142968142967}, "Label_11": {"Optimal Threshold": 0.038245923817157745, "Accuracy": 0.9604365620736699, "Sensitivity": 0.9444444444444444, "Specificity": 0.9608391608391609, "AUC": 0.9788655788655789}, "Label_12": {"Optimal Threshold": 0.08541718125343323, "Accuracy": 0.8744884038199181, "Sensitivity": 0.8627450980392157, "Specificity": 0.875366568914956, "AUC": 0.9494566154907711}, "Overall": {"Accuracy": 0.8923286808689265, "Sensitivity": 0.943948601664294, "Specificity": 0.8907235645961324, "AUC": 0.9562957430278983}}}