{"shared_labels": 1, "perf": [0.09460984170436859, 0.9738727807998657], "label_names": [[8, 11, 7, 5, 12, 3, 10], [8, 9, 2, 1, 6, 4, 0]], "metrics": {"Label_0": {"Optimal Threshold": 0.051911331713199615, "Accuracy": 0.8799454297407913, "Sensitivity": 0.8695652173913043, "Specificity": 0.8810240963855421, "AUC": 0.9515016588091496}, "Label_1": {"Optimal Threshold": 0.05509164184331894, "Accuracy": 0.9536152796725784, "Sensitivity": 0.8793103448275862, "Specificity": 0.96, "AUC": 0.9746871008939975}, "Label_2": {"Optimal Threshold": 0.48400360345840454, "Accuracy": 0.922237380627558, "Sensitivity": 0.9254385964912281, "Specificity": 0.9207920792079208, "AUC": 0.9720774709049853}, "Label_3": {"Optimal Threshold": 0.33127543330192566, "Accuracy": 0.9099590723055935, "Sensitivity": 0.9547511312217195, "Specificity": 0.890625, "AUC": 0.9748479920814479}, "Label_4": {"Optimal Threshold": 0.012018970213830471, "Accuracy": 0.9304229195088677, "Sensitivity": 0.8571428571428571, "Specificity": 0.931129476584022, "AUC": 0.9354584809130263}, "Label_5": {"Optimal Threshold": 0.050116050988435745, "Accuracy": 0.9768076398362893, "Sensitivity": 0.8, "Specificity": 0.978021978021978, "AUC": 0.8983516483516484}, "Label_6": {"Optimal Threshold": 0.024568326771259308, "Accuracy": 0.9331514324693042, "Sensitivity": 1.0, "Specificity": 0.9321329639889196, "AUC": 0.9814908083606144}, "Label_7": {"Optimal Threshold": 0.1530725061893463, "Accuracy": 0.9604365620736699, "Sensitivity": 0.9838709677419355, "Specificity": 0.9582712369597616, "AUC": 0.9912023460410557}, "Label_8": {"Optimal Threshold": 0.0027670455165207386, "Accuracy": 0.849931787175989, "Sensitivity": 1.0, "Specificity": 0.8495212038303693, "AUC": 0.8905608755129959}, "Label_9": {"Optimal Threshold": 0.04454761743545532, "Accuracy": 0.91268758526603, "Sensitivity": 0.875, "Specificity": 0.9144079885877318, "AUC": 0.9476640513552068}, "Label_10": {"Optimal Threshold": 0.006552104372531176, "Accuracy": 0.7762619372442019, "Sensitivity": 0.8888888888888888, "Specificity": 0.7734265734265734, "AUC": 0.8933954933954934}, "Label_11": {"Optimal Threshold": 0.04283037781715393, "Accuracy": 0.9167803547066848, "Sensitivity": 1.0, "Specificity": 0.9146853146853147, "AUC": 0.9828282828282828}, "Label_12": {"Optimal Threshold": 0.04353677108883858, "Accuracy": 0.7871759890859482, "Sensitivity": 0.9215686274509803, "Specificity": 0.7771260997067448, "AUC": 0.9259674544304525}, "Overall": {"Accuracy": 0.9007241053625774, "Sensitivity": 0.9196566639351155, "Specificity": 0.8985510777988368, "AUC": 0.9476948972214121}}}