{"shared_labels": 13, "perf": [0.0855317935347557, 0.9791289567947388], "label_names": [[12, 6, 2, 10, 11, 1, 7, 4, 3, 5, 9, 8, 0], [12, 6, 2, 10, 11, 1, 7, 4, 3, 5, 9, 8, 0]], "metrics": {"Label_0": {"Optimal Threshold": 0.23054000735282898, "Accuracy": 0.9522510231923602, "Sensitivity": 0.855072463768116, "Specificity": 0.9623493975903614, "AUC": 0.9683080146673652}, "Label_1": {"Optimal Threshold": 0.09089036285877228, "Accuracy": 0.9495225102319236, "Sensitivity": 0.9482758620689655, "Specificity": 0.9496296296296296, "AUC": 0.9888122605363985}, "Label_2": {"Optimal Threshold": 0.40179020166397095, "Accuracy": 0.927694406548431, "Sensitivity": 0.9166666666666666, "Specificity": 0.9326732673267327, "AUC": 0.9739621330554108}, "Label_3": {"Optimal Threshold": 0.3847086429595947, "Accuracy": 0.927694406548431, "Sensitivity": 0.9230769230769231, "Specificity": 0.9296875, "AUC": 0.976288532239819}, "Label_4": {"Optimal Threshold": 0.03791694715619087, "Accuracy": 0.9522510231923602, "Sensitivity": 0.8571428571428571, "Specificity": 0.953168044077135, "AUC": 0.9634002361275088}, "Label_5": {"Optimal Threshold": 0.0034839208237826824, "Accuracy": 0.7789904502046384, "Sensitivity": 1.0, "Specificity": 0.7774725274725275, "AUC": 0.9436813186813187}, "Label_6": {"Optimal Threshold": 0.006060164421796799, "Accuracy": 0.844474761255116, "Sensitivity": 1.0, "Specificity": 0.8421052631578947, "AUC": 0.971165953160413}, "Label_7": {"Optimal Threshold": 0.16045255959033966, "Accuracy": 0.9672578444747613, "Sensitivity": 1.0, "Specificity": 0.9642324888226528, "AUC": 0.993149367818855}, "Label_8": {"Optimal Threshold": 0.0032849821727722883, "Accuracy": 0.8403819918144612, "Sensitivity": 1.0, "Specificity": 0.8399452804377565, "AUC": 0.8673050615595075}, "Label_9": {"Optimal Threshold": 0.020675310865044594, "Accuracy": 0.8703956343792633, "Sensitivity": 0.96875, "Specificity": 0.8659058487874465, "AUC": 0.9492689015691869}, "Label_10": {"Optimal Threshold": 0.01795271225273609, "Accuracy": 0.7994542974079127, "Sensitivity": 0.8888888888888888, "Specificity": 0.7972027972027972, "AUC": 0.9045843045843045}, "Label_11": {"Optimal Threshold": 0.052926626056432724, "Accuracy": 0.9604365620736699, "Sensitivity": 0.9444444444444444, "Specificity": 0.9608391608391609, "AUC": 0.9818181818181817}, "Label_12": {"Optimal Threshold": 0.013207132928073406, "Accuracy": 0.747612551159618, "Sensitivity": 0.9607843137254902, "Specificity": 0.7316715542521994, "AUC": 0.9353688689552067}, "Overall": {"Accuracy": 0.8860321124986881, "Sensitivity": 0.9433155707524887, "Specificity": 0.8851448276612535, "AUC": 0.9551625488287291}}}