{"shared_labels": 2, "perf": [0.08861652761697769, 0.9780613780021667], "label_names": [[6, 4, 7, 5, 9, 0, 10, 3], [6, 4, 11, 2, 1, 8, 12]], "metrics": {"Label_0": {"Optimal Threshold": 0.06733798235654831, "Accuracy": 0.888130968622101, "Sensitivity": 0.927536231884058, "Specificity": 0.8840361445783133, "AUC": 0.9625894883883359}, "Label_1": {"Optimal Threshold": 0.052827246487140656, "Accuracy": 0.9454297407912687, "Sensitivity": 0.9655172413793104, "Specificity": 0.9437037037037037, "AUC": 0.9890932311621967}, "Label_2": {"Optimal Threshold": 0.4606422483921051, "Accuracy": 0.9304229195088677, "Sensitivity": 0.9166666666666666, "Specificity": 0.9366336633663367, "AUC": 0.9737363210005212}, "Label_3": {"Optimal Threshold": 0.345776230096817, "Accuracy": 0.9236016371077762, "Sensitivity": 0.9366515837104072, "Specificity": 0.91796875, "AUC": 0.9756257070135747}, "Label_4": {"Optimal Threshold": 0.0031154125463217497, "Accuracy": 0.8581173260572987, "Sensitivity": 1.0, "Specificity": 0.8567493112947658, "AUC": 0.9761904761904762}, "Label_5": {"Optimal Threshold": 0.03303854539990425, "Accuracy": 0.9740791268758526, "Sensitivity": 0.8, "Specificity": 0.9752747252747253, "AUC": 0.942032967032967}, "Label_6": {"Optimal Threshold": 0.020824450999498367, "Accuracy": 0.9345156889495225, "Sensitivity": 1.0, "Specificity": 0.9335180055401662, "AUC": 0.9836313271216318}, "Label_7": {"Optimal Threshold": 0.13586845993995667, "Accuracy": 0.9604365620736699, "Sensitivity": 1.0, "Specificity": 0.9567809239940388, "AUC": 0.9916830921590308}, "Label_8": {"Optimal Threshold": 0.0016707113245502114, "Accuracy": 0.7094133697135061, "Sensitivity": 1.0, "Specificity": 0.7086183310533516, "AUC": 0.8077975376196991}, "Label_9": {"Optimal Threshold": 0.03786396235227585, "Accuracy": 0.8649386084583902, "Sensitivity": 0.90625, "Specificity": 0.8630527817403709, "AUC": 0.9481098430813124}, "Label_10": {"Optimal Threshold": 0.01329636387526989, "Accuracy": 0.7803547066848567, "Sensitivity": 0.8888888888888888, "Specificity": 0.7776223776223776, "AUC": 0.9018648018648019}, "Label_11": {"Optimal Threshold": 0.014425680041313171, "Accuracy": 0.8949522510231923, "Sensitivity": 1.0, "Specificity": 0.8923076923076924, "AUC": 0.9754467754467755}, "Label_12": {"Optimal Threshold": 0.1093929260969162, "Accuracy": 0.834924965893588, "Sensitivity": 0.8627450980392157, "Specificity": 0.8328445747800587, "AUC": 0.9223448910355931}, "Overall": {"Accuracy": 0.8845629132122993, "Sensitivity": 0.9387889008129652, "Specificity": 0.8830085373273769, "AUC": 0.9500112660859166}}}