{"shared_labels": 4, "perf": [0.092565156519413, 0.9727795720100403], "label_names": [[3, 5, 8, 4, 6, 9, 12, 1, 10], [3, 5, 8, 4, 11, 0, 7, 2]], "metrics": {"Label_0": {"Optimal Threshold": 0.14722011983394623, "Accuracy": 0.9345156889495225, "Sensitivity": 0.8695652173913043, "Specificity": 0.9412650602409639, "AUC": 0.963855421686747}, "Label_1": {"Optimal Threshold": 0.08323020488023758, "Accuracy": 0.9454297407912687, "Sensitivity": 0.9482758620689655, "Specificity": 0.9451851851851852, "AUC": 0.9866922094508301}, "Label_2": {"Optimal Threshold": 0.2562517821788788, "Accuracy": 0.9208731241473397, "Sensitivity": 0.9035087719298246, "Specificity": 0.9287128712871288, "AUC": 0.9702188639916624}, "Label_3": {"Optimal Threshold": 0.38494768738746643, "Accuracy": 0.9358799454297408, "Sensitivity": 0.9095022624434389, "Specificity": 0.947265625, "AUC": 0.9743972709276019}, "Label_4": {"Optimal Threshold": 0.030176565051078796, "Accuracy": 0.9536152796725784, "Sensitivity": 0.8571428571428571, "Specificity": 0.9545454545454546, "AUC": 0.9569067296340024}, "Label_5": {"Optimal Threshold": 0.036922160536050797, "Accuracy": 0.9645293315143247, "Sensitivity": 0.8, "Specificity": 0.9656593406593407, "AUC": 0.9307692307692308}, "Label_6": {"Optimal Threshold": 0.00648912088945508, "Accuracy": 0.8540245566166439, "Sensitivity": 1.0, "Specificity": 0.8518005540166205, "AUC": 0.9647443968773609}, "Label_7": {"Optimal Threshold": 0.1487598866224289, "Accuracy": 0.9727148703956344, "Sensitivity": 0.967741935483871, "Specificity": 0.9731743666169895, "AUC": 0.991178308735157}, "Label_8": {"Optimal Threshold": 0.004257478751242161, "Accuracy": 0.8908594815825375, "Sensitivity": 1.0, "Specificity": 0.8905608755129959, "AUC": 0.9042407660738714}, "Label_9": {"Optimal Threshold": 0.007114674896001816, "Accuracy": 0.8567530695770805, "Sensitivity": 0.9375, "Specificity": 0.8530670470756063, "AUC": 0.946549572039943}, "Label_10": {"Optimal Threshold": 0.0073949662037193775, "Accuracy": 0.7216916780354706, "Sensitivity": 0.9444444444444444, "Specificity": 0.7160839160839161, "AUC": 0.8983682983682983}, "Label_11": {"Optimal Threshold": 0.01397402212023735, "Accuracy": 0.8922237380627558, "Sensitivity": 1.0, "Specificity": 0.8895104895104895, "AUC": 0.9724941724941725}, "Label_12": {"Optimal Threshold": 0.04447738453745842, "Accuracy": 0.819918144611187, "Sensitivity": 0.8627450980392157, "Specificity": 0.8167155425219942, "AUC": 0.9112184463228107}, "Overall": {"Accuracy": 0.8971560499527758, "Sensitivity": 0.9231097268418402, "Specificity": 0.897965102173591, "AUC": 0.9516641297978222}}}