{"shared_labels": 0, "perf": [0.09147819876670837, 0.9756599068641663], "label_names": [[8, 7, 2, 1, 9, 11, 10], [12, 4, 3, 0, 6, 5]], "metrics": {"Label_0": {"Optimal Threshold": 0.06118591129779816, "Accuracy": 0.9167803547066848, "Sensitivity": 0.8985507246376812, "Specificity": 0.9186746987951807, "AUC": 0.9634843722716955}, "Label_1": {"Optimal Threshold": 0.11619771271944046, "Accuracy": 0.9631650750341064, "Sensitivity": 0.9310344827586207, "Specificity": 0.965925925925926, "AUC": 0.9879693486590039}, "Label_2": {"Optimal Threshold": 0.4069487750530243, "Accuracy": 0.9195088676671214, "Sensitivity": 0.9298245614035088, "Specificity": 0.9148514851485149, "AUC": 0.9730675699148862}, "Label_3": {"Optimal Threshold": 0.416381299495697, "Accuracy": 0.9263301500682128, "Sensitivity": 0.918552036199095, "Specificity": 0.9296875, "AUC": 0.9751307975113123}, "Label_4": {"Optimal Threshold": 0.03768632560968399, "Accuracy": 0.9727148703956344, "Sensitivity": 0.8571428571428571, "Specificity": 0.9738292011019284, "AUC": 0.9533648170011806}, "Label_5": {"Optimal Threshold": 0.003088737837970257, "Accuracy": 0.7939972714870396, "Sensitivity": 1.0, "Specificity": 0.7925824175824175, "AUC": 0.9530219780219781}, "Label_6": {"Optimal Threshold": 0.03328550606966019, "Accuracy": 0.9290586630286494, "Sensitivity": 1.0, "Specificity": 0.9279778393351801, "AUC": 0.9816167212289096}, "Label_7": {"Optimal Threshold": 0.11159830540418625, "Accuracy": 0.9454297407912687, "Sensitivity": 1.0, "Specificity": 0.940387481371088, "AUC": 0.9914907937118408}, "Label_8": {"Optimal Threshold": 0.017544962465763092, "Accuracy": 0.922237380627558, "Sensitivity": 1.0, "Specificity": 0.9220246238030095, "AUC": 0.9302325581395349}, "Label_9": {"Optimal Threshold": 0.0368160717189312, "Accuracy": 0.897680763983629, "Sensitivity": 0.90625, "Specificity": 0.8972895863052782, "AUC": 0.9458808844507844}, "Label_10": {"Optimal Threshold": 0.028493594378232956, "Accuracy": 0.8703956343792633, "Sensitivity": 0.7777777777777778, "Specificity": 0.8727272727272727, "AUC": 0.8924630924630924}, "Label_11": {"Optimal Threshold": 0.06994052976369858, "Accuracy": 0.9536152796725784, "Sensitivity": 0.9444444444444444, "Specificity": 0.9538461538461539, "AUC": 0.9757575757575757}, "Label_12": {"Optimal Threshold": 0.036184169352054596, "Accuracy": 0.8171896316507503, "Sensitivity": 0.8431372549019608, "Specificity": 0.8152492668621701, "AUC": 0.8987407279627394}, "Overall": {"Accuracy": 0.9098541294994228, "Sensitivity": 0.9235933953281498, "Specificity": 0.9096194963695476, "AUC": 0.9555554797765026}}}