{"shared_labels": 12, "perf": [0.08602053672075272, 0.9773299098014832], "metrics": {"Label_0": {"Optimal Threshold": 0.028856024146080017, "Accuracy": 0.8867667121418826, "Sensitivity": 0.927536231884058, "Specificity": 0.8825301204819277, "AUC": 0.9603631918980269}, "Label_1": {"Optimal Threshold": 0.026116712018847466, "Accuracy": 0.9181446111869032, "Sensitivity": 0.9827586206896551, "Specificity": 0.9125925925925926, "AUC": 0.9884546615581098}, "Label_2": {"Optimal Threshold": 0.2518974542617798, "Accuracy": 0.9236016371077762, "Sensitivity": 0.9254385964912281, "Specificity": 0.9227722772277228, "AUC": 0.9738405419489318}, "Label_3": {"Optimal Threshold": 0.3805323839187622, "Accuracy": 0.9358799454297408, "Sensitivity": 0.9140271493212669, "Specificity": 0.9453125, "AUC": 0.9759968891402715}, "Label_4": {"Optimal Threshold": 0.0014104399597272277, "Accuracy": 0.8130968622100955, "Sensitivity": 1.0, "Specificity": 0.8112947658402204, "AUC": 0.9647776465958284}, "Label_5": {"Optimal Threshold": 0.00163846998475492, "Accuracy": 0.7598908594815825, "Sensitivity": 1.0, "Specificity": 0.7582417582417582, "AUC": 0.9370879120879121}, "Label_6": {"Optimal Threshold": 0.010801687836647034, "Accuracy": 0.8990450204638472, "Sensitivity": 1.0, "Specificity": 0.8975069252077562, "AUC": 0.9767061193653991}, "Label_7": {"Optimal Threshold": 0.11832354217767715, "Accuracy": 0.9699863574351978, "Sensitivity": 1.0, "Specificity": 0.9672131147540983, "AUC": 0.9936060766309313}, "Label_8": {"Optimal Threshold": 0.0027626780793070793, "Accuracy": 0.8226466575716235, "Sensitivity": 1.0, "Specificity": 0.8221614227086184, "AUC": 0.8652530779753762}, "Label_9": {"Optimal Threshold": 0.027902379631996155, "Accuracy": 0.9113233287858117, "Sensitivity": 0.9375, "Specificity": 0.9101283880171184, "AUC": 0.9516761768901569}, "Label_10": {"Optimal Threshold": 0.007521288003772497, "Accuracy": 0.6984993178717599, "Sensitivity": 1.0, "Specificity": 0.6909090909090909, "AUC": 0.9076146076146077}, "Label_11": {"Optimal Threshold": 0.0341857448220253, "Accuracy": 0.9399727148703957, "Sensitivity": 1.0, "Specificity": 0.9384615384615385, "AUC": 0.9838383838383838}, "Label_12": {"Optimal Threshold": 0.04776882752776146, "Accuracy": 0.8390177353342428, "Sensitivity": 0.9215686274509803, "Specificity": 0.8328445747800587, "AUC": 0.9468978207118623}, "Overall": {"Accuracy": 0.8706055199916045, "Sensitivity": 0.9699099404490146, "Specificity": 0.8686130053248078, "AUC": 0.955854854327369}}, "label_names": [[7, 11, 6, 5, 1, 3, 9, 4, 12, 2, 8, 10, 0], [7, 11, 6, 5, 1, 3, 9, 4, 12, 2, 8, 10]]}