{"shared_labels": 6, "perf": [0.0879373624920845, 0.9761795997619629], "metrics": {"Label_0": {"Optimal Threshold": 0.07399860769510269, "Accuracy": 0.8799454297407913, "Sensitivity": 0.9565217391304348, "Specificity": 0.8719879518072289, "AUC": 0.9729352191374192}, "Label_1": {"Optimal Threshold": 0.14904773235321045, "Accuracy": 0.9413369713506139, "Sensitivity": 0.9482758620689655, "Specificity": 0.9407407407407408, "AUC": 0.9871264367816092}, "Label_2": {"Optimal Threshold": 0.26737940311431885, "Accuracy": 0.922237380627558, "Sensitivity": 0.9342105263157895, "Specificity": 0.9168316831683169, "AUC": 0.974561403508772}, "Label_3": {"Optimal Threshold": 0.3818291127681732, "Accuracy": 0.9304229195088677, "Sensitivity": 0.918552036199095, "Specificity": 0.935546875, "AUC": 0.9754401159502263}, "Label_4": {"Optimal Threshold": 0.0007273618248291314, "Accuracy": 0.7503410641200545, "Sensitivity": 1.0, "Specificity": 0.7479338842975206, "AUC": 0.9449035812672176}, "Label_5": {"Optimal Threshold": 0.002478207927197218, "Accuracy": 0.7885402455661664, "Sensitivity": 1.0, "Specificity": 0.7870879120879121, "AUC": 0.9439560439560439}, "Label_6": {"Optimal Threshold": 0.005204105284065008, "Accuracy": 0.8267394270122783, "Sensitivity": 1.0, "Specificity": 0.8240997229916898, "AUC": 0.9564341475698817}, "Label_7": {"Optimal Threshold": 0.10181274265050888, "Accuracy": 0.9645293315143247, "Sensitivity": 1.0, "Specificity": 0.9612518628912071, "AUC": 0.9928128455362722}, "Label_8": {"Optimal Threshold": 0.0020232407841831446, "Accuracy": 0.7694406548431105, "Sensitivity": 1.0, "Specificity": 0.7688098495212038, "AUC": 0.7749658002735977}, "Label_9": {"Optimal Threshold": 0.009933074936270714, "Accuracy": 0.8117326057298773, "Sensitivity": 0.9375, "Specificity": 0.8059914407988588, "AUC": 0.9376337375178316}, "Label_10": {"Optimal Threshold": 0.0071393162943422794, "Accuracy": 0.7557980900409277, "Sensitivity": 0.9444444444444444, "Specificity": 0.7510489510489511, "AUC": 0.9216006216006216}, "Label_11": {"Optimal Threshold": 0.018048569560050964, "Accuracy": 0.937244201909959, "Sensitivity": 1.0, "Specificity": 0.9356643356643357, "AUC": 0.985003885003885}, "Label_12": {"Optimal Threshold": 0.05722559615969658, "Accuracy": 0.7994542974079127, "Sensitivity": 0.9803921568627451, "Specificity": 0.7859237536656891, "AUC": 0.9531941808981658}, "Overall": {"Accuracy": 0.8521355861055725, "Sensitivity": 0.9707612896170364, "Specificity": 0.8486860741295119, "AUC": 0.9477360014616572}}, "label_names": [[2, 0, 11, 7, 10, 12, 4, 1, 9, 3], [2, 0, 11, 7, 10, 12, 6, 5, 8]]}