{"shared_labels": 6, "perf": [0.09723004698753357, 0.9743463397026062], "metrics": {"Label_0": {"Optimal Threshold": 0.04383867233991623, "Accuracy": 0.8676671214188267, "Sensitivity": 0.927536231884058, "Specificity": 0.8614457831325302, "AUC": 0.9554085908852802}, "Label_1": {"Optimal Threshold": 0.03389148786664009, "Accuracy": 0.9085948158253752, "Sensitivity": 0.9818181818181818, "Specificity": 0.9026548672566371, "AUC": 0.9838294448913918}, "Label_2": {"Optimal Threshold": 0.22514565289020538, "Accuracy": 0.9304229195088677, "Sensitivity": 0.9305019305019305, "Specificity": 0.930379746835443, "AUC": 0.9758320707687796}, "Label_3": {"Optimal Threshold": 0.11555813997983932, "Accuracy": 0.9304229195088677, "Sensitivity": 0.9645669291338582, "Specificity": 0.9123173277661796, "AUC": 0.9763943912021437}, "Label_4": {"Optimal Threshold": 0.02021666429936886, "Accuracy": 0.9549795361527967, "Sensitivity": 0.8888888888888888, "Specificity": 0.9558011049723757, "AUC": 0.9439840392879066}, "Label_5": {"Optimal Threshold": 0.042065154761075974, "Accuracy": 0.9495225102319236, "Sensitivity": 0.8571428571428571, "Specificity": 0.9504132231404959, "AUC": 0.9439197166469894}, "Label_6": {"Optimal Threshold": 0.02654961682856083, "Accuracy": 0.9154160982264665, "Sensitivity": 1.0, "Specificity": 0.9146005509641874, "AUC": 0.9759937032664305}, "Label_7": {"Optimal Threshold": 0.1647777110338211, "Accuracy": 0.9686221009549796, "Sensitivity": 0.96875, "Specificity": 0.968609865470852, "AUC": 0.9880418535127056}, "Label_8": {"Optimal Threshold": 0.03500993177294731, "Accuracy": 0.9454297407912687, "Sensitivity": 1.0, "Specificity": 0.9446749654218534, "AUC": 0.9774550484094052}, "Label_9": {"Optimal Threshold": 0.045865338295698166, "Accuracy": 0.8854024556616644, "Sensitivity": 0.8611111111111112, "Specificity": 0.8866571018651362, "AUC": 0.9208911206759126}, "Label_10": {"Optimal Threshold": 0.04379269480705261, "Accuracy": 0.903137789904502, "Sensitivity": 0.8571428571428571, "Specificity": 0.9040333796940194, "AUC": 0.9288694615537453}, "Label_11": {"Optimal Threshold": 0.06402628123760223, "Accuracy": 0.956343792633015, "Sensitivity": 1.0, "Specificity": 0.9554937413073713, "AUC": 0.9823167097158751}, "Label_12": {"Optimal Threshold": 0.12154540419578552, "Accuracy": 0.8158253751705321, "Sensitivity": 0.7894736842105263, "Specificity": 0.8180473372781065, "AUC": 0.8778417938336966}, "Overall": {"Accuracy": 0.9178297827683912, "Sensitivity": 0.9251486670641745, "Specificity": 0.9157791534696298, "AUC": 0.9562136880500203}}, "label_names": [[4, 6, 2, 3, 11, 10, 9, 7, 12, 5], [4, 6, 2, 3, 11, 10, 0, 1, 8]]}