{"shared_labels": 3, "perf": [0.09714066982269287, 0.9752522110939026], "metrics": {"Label_0": {"Optimal Threshold": 0.16765670478343964, "Accuracy": 0.9181446111869032, "Sensitivity": 0.8780487804878049, "Specificity": 0.9231950844854071, "AUC": 0.9585440785283429}, "Label_1": {"Optimal Threshold": 0.3308021128177643, "Accuracy": 0.9645293315143247, "Sensitivity": 0.9384615384615385, "Specificity": 0.9670658682634731, "AUC": 0.9823122984799632}, "Label_2": {"Optimal Threshold": 0.05478980019688606, "Accuracy": 0.9113233287858117, "Sensitivity": 0.9659574468085106, "Specificity": 0.8855421686746988, "AUC": 0.9707767239169445}, "Label_3": {"Optimal Threshold": 0.1008976548910141, "Accuracy": 0.9167803547066848, "Sensitivity": 0.9437229437229437, "Specificity": 0.9043824701195219, "AUC": 0.9711112260913057}, "Label_4": {"Optimal Threshold": 0.1531466841697693, "Accuracy": 0.984993178717599, "Sensitivity": 1.0, "Specificity": 0.984869325997249, "AUC": 0.9933516735442457}, "Label_5": {"Optimal Threshold": 0.006439938675612211, "Accuracy": 0.8676671214188267, "Sensitivity": 1.0, "Specificity": 0.8667582417582418, "AUC": 0.9483516483516484}, "Label_6": {"Optimal Threshold": 0.006419784389436245, "Accuracy": 0.9099590723055935, "Sensitivity": 1.0, "Specificity": 0.9089655172413793, "AUC": 0.9565517241379311}, "Label_7": {"Optimal Threshold": 0.14285118877887726, "Accuracy": 0.9454297407912687, "Sensitivity": 0.984375, "Specificity": 0.9417040358744395, "AUC": 0.9872477578475336}, "Label_8": {"Optimal Threshold": 0.0008465329883620143, "Accuracy": 0.762619372442019, "Sensitivity": 1.0, "Specificity": 0.7613168724279835, "AUC": 0.9396433470507545}, "Label_9": {"Optimal Threshold": 0.15903382003307343, "Accuracy": 0.9549795361527967, "Sensitivity": 0.92, "Specificity": 0.9562146892655368, "AUC": 0.9711299435028248}, "Label_10": {"Optimal Threshold": 0.027665505185723305, "Accuracy": 0.869031377899045, "Sensitivity": 0.9333333333333333, "Specificity": 0.8676880222841226, "AUC": 0.9510677808727949}, "Label_11": {"Optimal Threshold": 0.04153670370578766, "Accuracy": 0.9768076398362893, "Sensitivity": 1.0, "Specificity": 0.9763888888888889, "AUC": 0.992094017094017}, "Label_12": {"Optimal Threshold": 0.036545541137456894, "Accuracy": 0.7803547066848567, "Sensitivity": 0.9137931034482759, "Specificity": 0.7688888888888888, "AUC": 0.894661558109834}, "Overall": {"Accuracy": 0.9048168748032323, "Sensitivity": 0.9598224727894158, "Specificity": 0.9009984672438331, "AUC": 0.9628341367329339}}, "label_names": [[8, 9, 5, 0, 12, 7, 11, 10], [8, 9, 5, 2, 4, 6, 3, 1]]}