{"shared_labels": 3, "perf": [0.0894990935921669, 0.9791224002838135], "metrics": {"Label_0": {"Optimal Threshold": 0.14134599268436432, "Accuracy": 0.859481582537517, "Sensitivity": 0.927536231884058, "Specificity": 0.8524096385542169, "AUC": 0.9594246551423083}, "Label_1": {"Optimal Threshold": 0.222908616065979, "Accuracy": 0.946793997271487, "Sensitivity": 0.9310344827586207, "Specificity": 0.9481481481481482, "AUC": 0.9799489144316731}, "Label_2": {"Optimal Threshold": 0.3140060305595398, "Accuracy": 0.9290586630286494, "Sensitivity": 0.9166666666666666, "Specificity": 0.9346534653465347, "AUC": 0.9752996352266806}, "Label_3": {"Optimal Threshold": 0.2683003842830658, "Accuracy": 0.9263301500682128, "Sensitivity": 0.9321266968325792, "Specificity": 0.923828125, "AUC": 0.9768983314479638}, "Label_4": {"Optimal Threshold": 0.008897580206394196, "Accuracy": 0.8717598908594816, "Sensitivity": 1.0, "Specificity": 0.8705234159779615, "AUC": 0.9722550177095631}, "Label_5": {"Optimal Threshold": 0.14880861341953278, "Accuracy": 0.9959072305593452, "Sensitivity": 0.8, "Specificity": 0.9972527472527473, "AUC": 0.8824175824175825}, "Label_6": {"Optimal Threshold": 0.024897707626223564, "Accuracy": 0.9304229195088677, "Sensitivity": 1.0, "Specificity": 0.9293628808864266, "AUC": 0.9841349785948125}, "Label_7": {"Optimal Threshold": 0.09919210523366928, "Accuracy": 0.965893587994543, "Sensitivity": 1.0, "Specificity": 0.96274217585693, "AUC": 0.9928368828421711}, "Label_8": {"Optimal Threshold": 0.011333463713526726, "Accuracy": 0.8894952251023193, "Sensitivity": 1.0, "Specificity": 0.8891928864569083, "AUC": 0.8974008207934338}, "Label_9": {"Optimal Threshold": 0.03519531711935997, "Accuracy": 0.9181446111869032, "Sensitivity": 0.90625, "Specificity": 0.9186875891583453, "AUC": 0.9535485021398002}, "Label_10": {"Optimal Threshold": 0.009873080998659134, "Accuracy": 0.7530695770804912, "Sensitivity": 1.0, "Specificity": 0.7468531468531469, "AUC": 0.932090132090132}, "Label_11": {"Optimal Threshold": 0.02467397041618824, "Accuracy": 0.9004092769440655, "Sensitivity": 0.9444444444444444, "Specificity": 0.8993006993006993, "AUC": 0.963092463092463}, "Label_12": {"Optimal Threshold": 0.10669352859258652, "Accuracy": 0.849931787175989, "Sensitivity": 0.8823529411764706, "Specificity": 0.8475073313782991, "AUC": 0.9377551607153126}, "Overall": {"Accuracy": 0.9028229614859904, "Sensitivity": 0.9415701125971415, "Specificity": 0.901574019243874, "AUC": 0.9543925443572228}}, "label_names": [[10, 2, 6, 12, 5, 8, 9, 11], [10, 2, 6, 4, 1, 7, 3, 0]]}